product_id,warehouse_id,forecast_date,predicted_demand
1,1,2026-01-01,97.46
1,1,2026-01-02,105.46
1,1,2026-01-03,88.64
1,1,2026-01-04,70.7
1,1,2026-01-05,91.78
1,1,2026-01-06,97.51
1,1,2026-01-07,98.44
1,1,2026-01-08,97.89
1,1,2026-01-09,98.47
1,1,2026-01-10,83.64
1,1,2026-01-11,78.76
1,1,2026-01-12,101.5
1,1,2026-01-13,98.18
1,1,2026-01-14,98.12
1,1,2026-01-15,102.28
1,1,2026-01-16,101.8
1,1,2026-01-17,79.26
1,1,2026-01-18,66.55
1,1,2026-01-19,97.31
1,1,2026-01-20,108.42
1,1,2026-01-21,96.99
1,1,2026-01-22,104.85
1,1,2026-01-23,99.06
1,1,2026-01-24,78.02
1,1,2026-01-25,73.75
1,1,2026-01-26,95.42
1,1,2026-01-27,109.83
1,1,2026-01-28,98.44
1,1,2026-01-29,108.85
1,1,2026-01-30,98.3
1,1,2026-01-31,80.89
1,1,2026-02-01,65.41
1,1,2026-02-02,96.19
1,1,2026-02-03,107.87
1,1,2026-02-04,100.99
1,1,2026-02-05,106.68
1,1,2026-02-06,102.22
1,1,2026-02-07,85.09
1,1,2026-02-08,74.35
1,1,2026-02-09,97.97
1,1,2026-02-10,112.59
1,1,2026-02-11,98.95
1,1,2026-02-12,109.38
1,1,2026-02-13,101.9
1,1,2026-02-14,80.54
1,1,2026-02-15,68.25
1,1,2026-02-16,103.0
1,1,2026-02-17,111.75
1,1,2026-02-18,100.4
1,1,2026-02-19,108.02
1,1,2026-02-20,106.16
1,1,2026-02-21,85.08
1,1,2026-02-22,71.2
1,1,2026-02-23,98.97
1,1,2026-02-24,109.97
1,1,2026-02-25,99.32
1,1,2026-02-26,109.74
1,1,2026-02-27,99.64
1,1,2026-02-28,80.38
1,1,2026-03-01,68.99
1,1,2026-03-02,99.01
1,1,2026-03-03,107.28
1,1,2026-03-04,107.59
1,1,2026-03-05,109.94
1,1,2026-03-06,101.95
1,1,2026-03-07,88.01
1,1,2026-03-08,79.11
1,1,2026-03-09,94.6
1,1,2026-03-10,103.17
1,1,2026-03-11,106.29
1,1,2026-03-12,107.81
1,1,2026-03-13,107.08
1,1,2026-03-14,80.79
1,1,2026-03-15,65.97
1,1,2026-03-16,94.57
1,1,2026-03-17,101.76
1,1,2026-03-18,107.86
1,1,2026-03-19,105.57
1,1,2026-03-20,102.52
1,1,2026-03-21,86.81
1,1,2026-03-22,66.72
1,1,2026-03-23,97.16
1,1,2026-03-24,106.34
1,1,2026-03-25,114.77
1,1,2026-03-26,100.9
1,1,2026-03-27,109.06
1,1,2026-03-28,79.76
1,1,2026-03-29,68.17
1,1,2026-03-30,103.23
1,1,2026-03-31,105.7
1,1,2026-04-01,111.95
1,1,2026-04-02,102.33
1,1,2026-04-03,111.86
1,1,2026-04-04,86.8
1,1,2026-04-05,78.92
1,1,2026-04-06,92.47
1,1,2026-04-07,100.89
1,1,2026-04-08,101.24
1,1,2026-04-09,110.63
1,1,2026-04-10,99.56
1,1,2026-04-11,81.21
1,1,2026-04-12,63.26
1,1,2026-04-13,90.78
1,1,2026-04-14,104.04
1,1,2026-04-15,110.35
1,1,2026-04-16,98.28
1,1,2026-04-17,106.35
1,1,2026-04-18,87.77
1,1,2026-04-19,62.76
1,1,2026-04-20,95.56
1,1,2026-04-21,105.43
1,1,2026-04-22,107.27
1,1,2026-04-23,108.1
1,1,2026-04-24,101.36
1,1,2026-04-25,82.8
1,1,2026-04-26,65.87
1,1,2026-04-27,96.24
1,1,2026-04-28,105.55
1,1,2026-04-29,111.26
1,1,2026-04-30,103.58
1,1,2026-05-01,108.11
1,1,2026-05-02,88.84
1,1,2026-05-03,78.11
1,1,2026-05-04,92.22
1,1,2026-05-05,106.48
1,1,2026-05-06,108.79
1,1,2026-05-07,101.64
1,1,2026-05-08,107.85
1,1,2026-05-09,80.95
1,1,2026-05-10,64.73
1,1,2026-05-11,93.55
1,1,2026-05-12,108.72
1,1,2026-05-13,108.82
1,1,2026-05-14,107.38
1,1,2026-05-15,112.02
1,1,2026-05-16,88.71
1,1,2026-05-17,67.2
1,1,2026-05-18,96.01
1,1,2026-05-19,103.8
1,1,2026-05-20,107.38
1,1,2026-05-21,106.58
1,1,2026-05-22,113.44
1,1,2026-05-23,82.63
1,1,2026-05-24,72.64
1,1,2026-05-25,101.28
1,1,2026-05-26,105.33
1,1,2026-05-27,108.03
1,1,2026-05-28,100.67
1,1,2026-05-29,110.33
1,1,2026-05-30,88.48
1,1,2026-05-31,79.37
1,1,2026-06-01,92.16
1,1,2026-06-02,103.56
1,1,2026-06-03,103.38
1,1,2026-06-04,102.64
1,1,2026-06-05,107.29
1,1,2026-06-06,79.29
1,1,2026-06-07,64.89
1,1,2026-06-08,89.2
1,1,2026-06-09,104.56
1,1,2026-06-10,102.82
1,1,2026-06-11,100.66
1,1,2026-06-12,102.0
1,1,2026-06-13,82.26
1,1,2026-06-14,65.09
1,1,2026-06-15,92.37
1,1,2026-06-16,104.86
1,1,2026-06-17,105.24
1,1,2026-06-18,101.56
1,1,2026-06-19,98.12
1,1,2026-06-20,85.27
1,1,2026-06-21,68.58
1,1,2026-06-22,95.24
1,1,2026-06-23,104.83
1,1,2026-06-24,105.7
1,1,2026-06-25,105.39
1,1,2026-06-26,97.89
1,1,2026-06-27,82.84
1,1,2026-06-28,72.96
1,1,2026-06-29,100.55
1,1,2026-06-30,109.04
1,2,2026-01-01,81.21
1,2,2026-01-02,70.68
1,2,2026-01-03,69.75
1,2,2026-01-04,55.72
1,2,2026-01-05,80.53
1,2,2026-01-06,68.71
1,2,2026-01-07,68.66
1,2,2026-01-08,82.53
1,2,2026-01-09,85.67
1,2,2026-01-10,67.04
1,2,2026-01-11,56.01
1,2,2026-01-12,68.47
1,2,2026-01-13,78.83
1,2,2026-01-14,78.68
1,2,2026-01-15,72.44
1,2,2026-01-16,74.72
1,2,2026-01-17,59.98
1,2,2026-01-18,49.07
1,2,2026-01-19,70.35
1,2,2026-01-20,71.05
1,2,2026-01-21,74.13
1,2,2026-01-22,73.6
1,2,2026-01-23,77.93
1,2,2026-01-24,61.03
1,2,2026-01-25,49.85
1,2,2026-01-26,69.83
1,2,2026-01-27,77.17
1,2,2026-01-28,74.77
1,2,2026-01-29,72.66
1,2,2026-01-30,75.79
1,2,2026-01-31,56.54
1,2,2026-02-01,46.63
1,2,2026-02-02,70.4
1,2,2026-02-03,73.97
1,2,2026-02-04,72.17
1,2,2026-02-05,74.4
1,2,2026-02-06,77.76
1,2,2026-02-07,59.99
1,2,2026-02-08,47.37
1,2,2026-02-09,73.33
1,2,2026-02-10,74.19
1,2,2026-02-11,73.49
1,2,2026-02-12,75.96
1,2,2026-02-13,78.88
1,2,2026-02-14,60.08
1,2,2026-02-15,51.78
1,2,2026-02-16,72.54
1,2,2026-02-17,74.06
1,2,2026-02-18,72.58
1,2,2026-02-19,79.04
1,2,2026-02-20,84.11
1,2,2026-02-21,62.58
1,2,2026-02-22,52.25
1,2,2026-02-23,72.51
1,2,2026-02-24,73.58
1,2,2026-02-25,73.46
1,2,2026-02-26,78.02
1,2,2026-02-27,83.19
1,2,2026-02-28,63.45
1,2,2026-03-01,51.63
1,2,2026-03-02,71.25
1,2,2026-03-03,73.8
1,2,2026-03-04,72.76
1,2,2026-03-05,78.79
1,2,2026-03-06,83.87
1,2,2026-03-07,66.27
1,2,2026-03-08,52.62
1,2,2026-03-09,68.1
1,2,2026-03-10,74.47
1,2,2026-03-11,72.7
1,2,2026-03-12,78.35
1,2,2026-03-13,82.44
1,2,2026-03-14,64.01
1,2,2026-03-15,48.47
1,2,2026-03-16,69.47
1,2,2026-03-17,74.18
1,2,2026-03-18,71.13
1,2,2026-03-19,79.52
1,2,2026-03-20,84.81
1,2,2026-03-21,62.73
1,2,2026-03-22,46.91
1,2,2026-03-23,69.52
1,2,2026-03-24,72.42
1,2,2026-03-25,71.25
1,2,2026-03-26,78.31
1,2,2026-03-27,81.68
1,2,2026-03-28,63.2
1,2,2026-03-29,49.96
1,2,2026-03-30,71.74
1,2,2026-03-31,72.81
1,2,2026-04-01,73.39
1,2,2026-04-02,80.73
1,2,2026-04-03,84.96
1,2,2026-04-04,63.49
1,2,2026-04-05,50.56
1,2,2026-04-06,71.2
1,2,2026-04-07,72.13
1,2,2026-04-08,72.57
1,2,2026-04-09,79.21
1,2,2026-04-10,82.02
1,2,2026-04-11,63.81
1,2,2026-04-12,47.88
1,2,2026-04-13,71.67
1,2,2026-04-14,73.12
1,2,2026-04-15,73.33
1,2,2026-04-16,76.66
1,2,2026-04-17,83.23
1,2,2026-04-18,65.2
1,2,2026-04-19,50.25
1,2,2026-04-20,71.28
1,2,2026-04-21,71.51
1,2,2026-04-22,72.74
1,2,2026-04-23,81.44
1,2,2026-04-24,85.07
1,2,2026-04-25,65.32
1,2,2026-04-26,50.1
1,2,2026-04-27,69.93
1,2,2026-04-28,71.98
1,2,2026-04-29,74.35
1,2,2026-04-30,78.77
1,2,2026-05-01,85.6
1,2,2026-05-02,64.52
1,2,2026-05-03,49.37
1,2,2026-05-04,69.39
1,2,2026-05-05,70.66
1,2,2026-05-06,71.7
1,2,2026-05-07,80.67
1,2,2026-05-08,85.33
1,2,2026-05-09,64.44
1,2,2026-05-10,50.93
1,2,2026-05-11,69.13
1,2,2026-05-12,72.16
1,2,2026-05-13,73.36
1,2,2026-05-14,78.34
1,2,2026-05-15,84.58
1,2,2026-05-16,65.33
1,2,2026-05-17,48.26
1,2,2026-05-18,68.33
1,2,2026-05-19,71.81
1,2,2026-05-20,70.09
1,2,2026-05-21,80.34
1,2,2026-05-22,83.5
1,2,2026-05-23,68.46
1,2,2026-05-24,48.58
1,2,2026-05-25,71.07
1,2,2026-05-26,69.53
1,2,2026-05-27,74.51
1,2,2026-05-28,78.8
1,2,2026-05-29,82.54
1,2,2026-05-30,62.46
1,2,2026-05-31,49.58
1,2,2026-06-01,72.08
1,2,2026-06-02,72.9
1,2,2026-06-03,72.39
1,2,2026-06-04,77.1
1,2,2026-06-05,82.94
1,2,2026-06-06,62.62
1,2,2026-06-07,46.62
1,2,2026-06-08,70.07
1,2,2026-06-09,70.5
1,2,2026-06-10,73.56
1,2,2026-06-11,79.56
1,2,2026-06-12,83.39
1,2,2026-06-13,61.83
1,2,2026-06-14,47.84
1,2,2026-06-15,70.1
1,2,2026-06-16,71.04
1,2,2026-06-17,71.88
1,2,2026-06-18,78.74
1,2,2026-06-19,84.57
1,2,2026-06-20,63.05
1,2,2026-06-21,51.68
1,2,2026-06-22,70.08
1,2,2026-06-23,70.45
1,2,2026-06-24,72.74
1,2,2026-06-25,79.63
1,2,2026-06-26,83.47
1,2,2026-06-27,61.33
1,2,2026-06-28,50.12
1,2,2026-06-29,70.43
1,2,2026-06-30,69.68
1,3,2026-01-01,63.92
1,3,2026-01-02,63.0
1,3,2026-01-03,47.32
1,3,2026-01-04,39.23
1,3,2026-01-05,58.71
1,3,2026-01-06,57.02
1,3,2026-01-07,62.25
1,3,2026-01-08,64.63
1,3,2026-01-09,64.94
1,3,2026-01-10,47.58
1,3,2026-01-11,35.73
1,3,2026-01-12,57.54
1,3,2026-01-13,61.12
1,3,2026-01-14,57.22
1,3,2026-01-15,63.26
1,3,2026-01-16,66.18
1,3,2026-01-17,52.59
1,3,2026-01-18,39.22
1,3,2026-01-19,53.81
1,3,2026-01-20,55.58
1,3,2026-01-21,60.33
1,3,2026-01-22,62.85
1,3,2026-01-23,62.26
1,3,2026-01-24,53.74
1,3,2026-01-25,38.6
1,3,2026-01-26,55.86
1,3,2026-01-27,58.72
1,3,2026-01-28,59.02
1,3,2026-01-29,61.37
1,3,2026-01-30,62.6
1,3,2026-01-31,48.9
1,3,2026-02-01,40.68
1,3,2026-02-02,61.92
1,3,2026-02-03,58.48
1,3,2026-02-04,60.7
1,3,2026-02-05,63.94
1,3,2026-02-06,63.97
1,3,2026-02-07,51.56
1,3,2026-02-08,39.98
1,3,2026-02-09,55.41
1,3,2026-02-10,57.41
1,3,2026-02-11,60.25
1,3,2026-02-12,64.85
1,3,2026-02-13,68.04
1,3,2026-02-14,51.89
1,3,2026-02-15,41.96
1,3,2026-02-16,55.31
1,3,2026-02-17,56.85
1,3,2026-02-18,57.41
1,3,2026-02-19,61.51
1,3,2026-02-20,63.9
1,3,2026-02-21,51.89
1,3,2026-02-22,39.64
1,3,2026-02-23,59.35
1,3,2026-02-24,61.85
1,3,2026-02-25,59.35
1,3,2026-02-26,62.51
1,3,2026-02-27,62.37
1,3,2026-02-28,51.19
1,3,2026-03-01,42.16
1,3,2026-03-02,60.08
1,3,2026-03-03,60.04
1,3,2026-03-04,63.94
1,3,2026-03-05,64.82
1,3,2026-03-06,67.18
1,3,2026-03-07,52.28
1,3,2026-03-08,43.59
1,3,2026-03-09,56.36
1,3,2026-03-10,57.11
1,3,2026-03-11,61.12
1,3,2026-03-12,63.1
1,3,2026-03-13,64.42
1,3,2026-03-14,53.17
1,3,2026-03-15,42.67
1,3,2026-03-16,58.77
1,3,2026-03-17,58.85
1,3,2026-03-18,60.27
1,3,2026-03-19,62.44
1,3,2026-03-20,62.77
1,3,2026-03-21,50.04
1,3,2026-03-22,41.13
1,3,2026-03-23,58.29
1,3,2026-03-24,59.02
1,3,2026-03-25,61.43
1,3,2026-03-26,60.78
1,3,2026-03-27,65.98
1,3,2026-03-28,49.82
1,3,2026-03-29,41.46
1,3,2026-03-30,57.51
1,3,2026-03-31,58.36
1,3,2026-04-01,62.43
1,3,2026-04-02,61.34
1,3,2026-04-03,66.41
1,3,2026-04-04,49.86
1,3,2026-04-05,42.01
1,3,2026-04-06,57.47
1,3,2026-04-07,57.79
1,3,2026-04-08,60.72
1,3,2026-04-09,62.9
1,3,2026-04-10,64.64
1,3,2026-04-11,51.37
1,3,2026-04-12,42.84
1,3,2026-04-13,58.33
1,3,2026-04-14,58.61
1,3,2026-04-15,60.44
1,3,2026-04-16,62.13
1,3,2026-04-17,64.68
1,3,2026-04-18,50.3
1,3,2026-04-19,41.92
1,3,2026-04-20,58.79
1,3,2026-04-21,60.68
1,3,2026-04-22,60.81
1,3,2026-04-23,61.77
1,3,2026-04-24,64.97
1,3,2026-04-25,48.93
1,3,2026-04-26,41.91
1,3,2026-04-27,57.75
1,3,2026-04-28,58.8
1,3,2026-04-29,62.57
1,3,2026-04-30,61.74
1,3,2026-05-01,67.88
1,3,2026-05-02,50.28
1,3,2026-05-03,42.93
1,3,2026-05-04,57.87
1,3,2026-05-05,59.19
1,3,2026-05-06,61.53
1,3,2026-05-07,63.54
1,3,2026-05-08,63.85
1,3,2026-05-09,51.33
1,3,2026-05-10,42.96
1,3,2026-05-11,58.5
1,3,2026-05-12,59.78
1,3,2026-05-13,61.29
1,3,2026-05-14,62.64
1,3,2026-05-15,63.22
1,3,2026-05-16,50.1
1,3,2026-05-17,41.49
1,3,2026-05-18,58.37
1,3,2026-05-19,60.03
1,3,2026-05-20,61.14
1,3,2026-05-21,61.36
1,3,2026-05-22,64.53
1,3,2026-05-23,50.07
1,3,2026-05-24,40.88
1,3,2026-05-25,56.68
1,3,2026-05-26,56.91
1,3,2026-05-27,61.63
1,3,2026-05-28,63.38
1,3,2026-05-29,65.46
1,3,2026-05-30,49.03
1,3,2026-05-31,40.86
1,3,2026-06-01,56.29
1,3,2026-06-02,57.11
1,3,2026-06-03,60.52
1,3,2026-06-04,60.69
1,3,2026-06-05,63.83
1,3,2026-06-06,46.98
1,3,2026-06-07,38.82
1,3,2026-06-08,58.58
1,3,2026-06-09,59.07
1,3,2026-06-10,60.33
1,3,2026-06-11,58.25
1,3,2026-06-12,61.53
1,3,2026-06-13,49.07
1,3,2026-06-14,40.17
1,3,2026-06-15,54.68
1,3,2026-06-16,59.19
1,3,2026-06-17,60.1
1,3,2026-06-18,60.66
1,3,2026-06-19,59.91
1,3,2026-06-20,48.41
1,3,2026-06-21,40.38
1,3,2026-06-22,56.9
1,3,2026-06-23,54.3
1,3,2026-06-24,60.04
1,3,2026-06-25,60.18
1,3,2026-06-26,60.83
1,3,2026-06-27,48.52
1,3,2026-06-28,39.54
1,3,2026-06-29,58.11
1,3,2026-06-30,58.88
2,1,2026-01-01,144.73
2,1,2026-01-02,121.64
2,1,2026-01-03,111.29
2,1,2026-01-04,84.42
2,1,2026-01-05,138.9
2,1,2026-01-06,107.96
2,1,2026-01-07,130.7
2,1,2026-01-08,123.07
2,1,2026-01-09,106.01
2,1,2026-01-10,82.96
2,1,2026-01-11,85.12
2,1,2026-01-12,122.02
2,1,2026-01-13,107.84
2,1,2026-01-14,107.7
2,1,2026-01-15,109.72
2,1,2026-01-16,117.94
2,1,2026-01-17,94.71
2,1,2026-01-18,73.32
2,1,2026-01-19,109.49
2,1,2026-01-20,114.17
2,1,2026-01-21,109.97
2,1,2026-01-22,116.62
2,1,2026-01-23,109.32
2,1,2026-01-24,77.11
2,1,2026-01-25,76.09
2,1,2026-01-26,104.96
2,1,2026-01-27,124.93
2,1,2026-01-28,115.27
2,1,2026-01-29,114.25
2,1,2026-01-30,117.58
2,1,2026-01-31,94.02
2,1,2026-02-01,78.79
2,1,2026-02-02,108.01
2,1,2026-02-03,106.34
2,1,2026-02-04,120.09
2,1,2026-02-05,118.02
2,1,2026-02-06,118.65
2,1,2026-02-07,89.61
2,1,2026-02-08,78.82
2,1,2026-02-09,107.32
2,1,2026-02-10,111.74
2,1,2026-02-11,111.53
2,1,2026-02-12,118.73
2,1,2026-02-13,127.6
2,1,2026-02-14,96.19
2,1,2026-02-15,77.15
2,1,2026-02-16,104.23
2,1,2026-02-17,114.22
2,1,2026-02-18,117.13
2,1,2026-02-19,121.07
2,1,2026-02-20,114.88
2,1,2026-02-21,91.97
2,1,2026-02-22,79.1
2,1,2026-02-23,105.62
2,1,2026-02-24,116.02
2,1,2026-02-25,118.68
2,1,2026-02-26,114.72
2,1,2026-02-27,131.49
2,1,2026-02-28,99.95
2,1,2026-03-01,84.15
2,1,2026-03-02,111.86
2,1,2026-03-03,113.45
2,1,2026-03-04,114.95
2,1,2026-03-05,133.41
2,1,2026-03-06,118.34
2,1,2026-03-07,106.33
2,1,2026-03-08,89.74
2,1,2026-03-09,102.37
2,1,2026-03-10,117.88
2,1,2026-03-11,121.46
2,1,2026-03-12,114.94
2,1,2026-03-13,121.86
2,1,2026-03-14,107.24
2,1,2026-03-15,82.73
2,1,2026-03-16,109.0
2,1,2026-03-17,115.05
2,1,2026-03-18,116.45
2,1,2026-03-19,116.06
2,1,2026-03-20,119.34
2,1,2026-03-21,101.52
2,1,2026-03-22,82.16
2,1,2026-03-23,110.68
2,1,2026-03-24,114.93
2,1,2026-03-25,113.93
2,1,2026-03-26,118.36
2,1,2026-03-27,123.25
2,1,2026-03-28,105.86
2,1,2026-03-29,81.78
2,1,2026-03-30,112.82
2,1,2026-03-31,121.88
2,1,2026-04-01,123.61
2,1,2026-04-02,120.66
2,1,2026-04-03,119.22
2,1,2026-04-04,102.63
2,1,2026-04-05,81.0
2,1,2026-04-06,102.8
2,1,2026-04-07,113.06
2,1,2026-04-08,106.84
2,1,2026-04-09,119.43
2,1,2026-04-10,118.92
2,1,2026-04-11,100.24
2,1,2026-04-12,74.6
2,1,2026-04-13,103.51
2,1,2026-04-14,117.61
2,1,2026-04-15,117.61
2,1,2026-04-16,121.23
2,1,2026-04-17,123.33
2,1,2026-04-18,105.02
2,1,2026-04-19,77.84
2,1,2026-04-20,109.6
2,1,2026-04-21,114.5
2,1,2026-04-22,119.71
2,1,2026-04-23,116.7
2,1,2026-04-24,118.21
2,1,2026-04-25,102.63
2,1,2026-04-26,80.43
2,1,2026-04-27,107.8
2,1,2026-04-28,112.22
2,1,2026-04-29,111.3
2,1,2026-04-30,115.01
2,1,2026-05-01,123.99
2,1,2026-05-02,106.62
2,1,2026-05-03,78.86
2,1,2026-05-04,102.96
2,1,2026-05-05,120.66
2,1,2026-05-06,112.22
2,1,2026-05-07,117.55
2,1,2026-05-08,121.95
2,1,2026-05-09,107.94
2,1,2026-05-10,80.74
2,1,2026-05-11,107.45
2,1,2026-05-12,119.79
2,1,2026-05-13,125.28
2,1,2026-05-14,115.35
2,1,2026-05-15,115.81
2,1,2026-05-16,108.02
2,1,2026-05-17,82.98
2,1,2026-05-18,111.91
2,1,2026-05-19,113.54
2,1,2026-05-20,109.26
2,1,2026-05-21,120.48
2,1,2026-05-22,128.93
2,1,2026-05-23,105.0
2,1,2026-05-24,82.97
2,1,2026-05-25,101.66
2,1,2026-05-26,119.15
2,1,2026-05-27,120.63
2,1,2026-05-28,121.1
2,1,2026-05-29,119.68
2,1,2026-05-30,104.31
2,1,2026-05-31,82.18
2,1,2026-06-01,107.86
2,1,2026-06-02,111.41
2,1,2026-06-03,116.38
2,1,2026-06-04,113.47
2,1,2026-06-05,120.93
2,1,2026-06-06,100.29
2,1,2026-06-07,73.58
2,1,2026-06-08,108.99
2,1,2026-06-09,102.65
2,1,2026-06-10,107.64
2,1,2026-06-11,126.15
2,1,2026-06-12,122.61
2,1,2026-06-13,98.27
2,1,2026-06-14,77.64
2,1,2026-06-15,98.31
2,1,2026-06-16,113.68
2,1,2026-06-17,118.08
2,1,2026-06-18,112.24
2,1,2026-06-19,122.76
2,1,2026-06-20,96.44
2,1,2026-06-21,85.93
2,1,2026-06-22,104.86
2,1,2026-06-23,117.48
2,1,2026-06-24,111.22
2,1,2026-06-25,118.36
2,1,2026-06-26,119.52
2,1,2026-06-27,103.78
2,1,2026-06-28,72.54
2,1,2026-06-29,114.69
2,1,2026-06-30,115.87
2,2,2026-01-01,83.31
2,2,2026-01-02,84.27
2,2,2026-01-03,77.57
2,2,2026-01-04,60.88
2,2,2026-01-05,82.03
2,2,2026-01-06,69.66
2,2,2026-01-07,85.34
2,2,2026-01-08,88.05
2,2,2026-01-09,91.21
2,2,2026-01-10,77.79
2,2,2026-01-11,59.99
2,2,2026-01-12,75.31
2,2,2026-01-13,81.51
2,2,2026-01-14,76.48
2,2,2026-01-15,80.54
2,2,2026-01-16,79.13
2,2,2026-01-17,69.16
2,2,2026-01-18,53.13
2,2,2026-01-19,73.1
2,2,2026-01-20,89.03
2,2,2026-01-21,83.76
2,2,2026-01-22,85.49
2,2,2026-01-23,89.07
2,2,2026-01-24,70.61
2,2,2026-01-25,52.89
2,2,2026-01-26,76.15
2,2,2026-01-27,81.04
2,2,2026-01-28,76.39
2,2,2026-01-29,77.15
2,2,2026-01-30,80.3
2,2,2026-01-31,68.37
2,2,2026-02-01,52.39
2,2,2026-02-02,74.88
2,2,2026-02-03,80.01
2,2,2026-02-04,77.17
2,2,2026-02-05,81.62
2,2,2026-02-06,87.12
2,2,2026-02-07,70.48
2,2,2026-02-08,49.63
2,2,2026-02-09,77.92
2,2,2026-02-10,74.24
2,2,2026-02-11,76.1
2,2,2026-02-12,82.15
2,2,2026-02-13,86.48
2,2,2026-02-14,72.12
2,2,2026-02-15,49.86
2,2,2026-02-16,79.16
2,2,2026-02-17,71.66
2,2,2026-02-18,78.55
2,2,2026-02-19,79.02
2,2,2026-02-20,84.91
2,2,2026-02-21,70.2
2,2,2026-02-22,52.77
2,2,2026-02-23,74.71
2,2,2026-02-24,77.27
2,2,2026-02-25,79.12
2,2,2026-02-26,80.37
2,2,2026-02-27,84.08
2,2,2026-02-28,69.26
2,2,2026-03-01,53.38
2,2,2026-03-02,77.75
2,2,2026-03-03,77.11
2,2,2026-03-04,78.28
2,2,2026-03-05,82.13
2,2,2026-03-06,90.35
2,2,2026-03-07,71.88
2,2,2026-03-08,54.2
2,2,2026-03-09,74.67
2,2,2026-03-10,75.77
2,2,2026-03-11,77.08
2,2,2026-03-12,77.25
2,2,2026-03-13,82.5
2,2,2026-03-14,66.28
2,2,2026-03-15,52.97
2,2,2026-03-16,72.8
2,2,2026-03-17,77.93
2,2,2026-03-18,77.51
2,2,2026-03-19,77.41
2,2,2026-03-20,83.13
2,2,2026-03-21,67.31
2,2,2026-03-22,50.59
2,2,2026-03-23,73.93
2,2,2026-03-24,73.52
2,2,2026-03-25,72.78
2,2,2026-03-26,76.31
2,2,2026-03-27,79.18
2,2,2026-03-28,59.75
2,2,2026-03-29,48.79
2,2,2026-03-30,73.19
2,2,2026-03-31,77.33
2,2,2026-04-01,81.39
2,2,2026-04-02,79.23
2,2,2026-04-03,80.79
2,2,2026-04-04,64.22
2,2,2026-04-05,49.09
2,2,2026-04-06,75.26
2,2,2026-04-07,74.98
2,2,2026-04-08,73.78
2,2,2026-04-09,77.13
2,2,2026-04-10,81.66
2,2,2026-04-11,62.71
2,2,2026-04-12,48.71
2,2,2026-04-13,72.14
2,2,2026-04-14,74.11
2,2,2026-04-15,72.95
2,2,2026-04-16,82.45
2,2,2026-04-17,83.84
2,2,2026-04-18,65.73
2,2,2026-04-19,48.48
2,2,2026-04-20,74.41
2,2,2026-04-21,72.7
2,2,2026-04-22,75.59
2,2,2026-04-23,79.19
2,2,2026-04-24,82.26
2,2,2026-04-25,63.98
2,2,2026-04-26,50.84
2,2,2026-04-27,74.55
2,2,2026-04-28,74.54
2,2,2026-04-29,74.04
2,2,2026-04-30,77.94
2,2,2026-05-01,82.46
2,2,2026-05-02,65.02
2,2,2026-05-03,50.36
2,2,2026-05-04,73.84
2,2,2026-05-05,73.36
2,2,2026-05-06,74.88
2,2,2026-05-07,77.49
2,2,2026-05-08,80.71
2,2,2026-05-09,66.01
2,2,2026-05-10,50.8
2,2,2026-05-11,71.73
2,2,2026-05-12,72.67
2,2,2026-05-13,74.85
2,2,2026-05-14,76.57
2,2,2026-05-15,83.66
2,2,2026-05-16,64.83
2,2,2026-05-17,49.93
2,2,2026-05-18,72.06
2,2,2026-05-19,73.62
2,2,2026-05-20,75.08
2,2,2026-05-21,78.4
2,2,2026-05-22,84.19
2,2,2026-05-23,64.69
2,2,2026-05-24,49.13
2,2,2026-05-25,72.23
2,2,2026-05-26,73.01
2,2,2026-05-27,73.79
2,2,2026-05-28,79.22
2,2,2026-05-29,81.6
2,2,2026-05-30,65.87
2,2,2026-05-31,48.65
2,2,2026-06-01,70.74
2,2,2026-06-02,72.68
2,2,2026-06-03,74.61
2,2,2026-06-04,77.56
2,2,2026-06-05,82.25
2,2,2026-06-06,64.59
2,2,2026-06-07,46.57
2,2,2026-06-08,71.05
2,2,2026-06-09,73.46
2,2,2026-06-10,75.99
2,2,2026-06-11,78.18
2,2,2026-06-12,83.49
2,2,2026-06-13,62.04
2,2,2026-06-14,49.53
2,2,2026-06-15,73.83
2,2,2026-06-16,72.34
2,2,2026-06-17,74.96
2,2,2026-06-18,78.24
2,2,2026-06-19,84.69
2,2,2026-06-20,64.71
2,2,2026-06-21,50.18
2,2,2026-06-22,70.11
2,2,2026-06-23,73.64
2,2,2026-06-24,74.74
2,2,2026-06-25,78.53
2,2,2026-06-26,84.09
2,2,2026-06-27,62.98
2,2,2026-06-28,48.21
2,2,2026-06-29,71.73
2,2,2026-06-30,70.41
2,3,2026-01-01,69.18
2,3,2026-01-02,73.62
2,3,2026-01-03,64.85
2,3,2026-01-04,54.55
2,3,2026-01-05,63.47
2,3,2026-01-06,66.0
2,3,2026-01-07,67.77
2,3,2026-01-08,67.21
2,3,2026-01-09,64.95
2,3,2026-01-10,52.07
2,3,2026-01-11,44.4
2,3,2026-01-12,59.03
2,3,2026-01-13,61.65
2,3,2026-01-14,62.21
2,3,2026-01-15,68.96
2,3,2026-01-16,60.54
2,3,2026-01-17,54.94
2,3,2026-01-18,40.96
2,3,2026-01-19,56.48
2,3,2026-01-20,61.34
2,3,2026-01-21,63.81
2,3,2026-01-22,64.87
2,3,2026-01-23,70.34
2,3,2026-01-24,55.35
2,3,2026-01-25,42.25
2,3,2026-01-26,59.86
2,3,2026-01-27,64.95
2,3,2026-01-28,65.33
2,3,2026-01-29,65.25
2,3,2026-01-30,66.91
2,3,2026-01-31,55.58
2,3,2026-02-01,44.76
2,3,2026-02-02,62.81
2,3,2026-02-03,62.32
2,3,2026-02-04,67.13
2,3,2026-02-05,69.89
2,3,2026-02-06,71.17
2,3,2026-02-07,55.09
2,3,2026-02-08,43.9
2,3,2026-02-09,60.22
2,3,2026-02-10,63.57
2,3,2026-02-11,66.11
2,3,2026-02-12,68.49
2,3,2026-02-13,67.35
2,3,2026-02-14,57.4
2,3,2026-02-15,43.22
2,3,2026-02-16,63.9
2,3,2026-02-17,62.89
2,3,2026-02-18,69.91
2,3,2026-02-19,68.22
2,3,2026-02-20,70.87
2,3,2026-02-21,57.6
2,3,2026-02-22,45.43
2,3,2026-02-23,65.74
2,3,2026-02-24,66.87
2,3,2026-02-25,70.61
2,3,2026-02-26,71.28
2,3,2026-02-27,74.53
2,3,2026-02-28,51.62
2,3,2026-03-01,48.04
2,3,2026-03-02,68.27
2,3,2026-03-03,65.63
2,3,2026-03-04,71.0
2,3,2026-03-05,69.65
2,3,2026-03-06,75.56
2,3,2026-03-07,53.63
2,3,2026-03-08,49.69
2,3,2026-03-09,67.3
2,3,2026-03-10,66.76
2,3,2026-03-11,69.36
2,3,2026-03-12,67.99
2,3,2026-03-13,74.78
2,3,2026-03-14,52.49
2,3,2026-03-15,47.91
2,3,2026-03-16,67.98
2,3,2026-03-17,67.17
2,3,2026-03-18,68.98
2,3,2026-03-19,70.01
2,3,2026-03-20,73.86
2,3,2026-03-21,53.75
2,3,2026-03-22,49.19
2,3,2026-03-23,66.14
2,3,2026-03-24,67.58
2,3,2026-03-25,68.1
2,3,2026-03-26,71.5
2,3,2026-03-27,72.59
2,3,2026-03-28,53.31
2,3,2026-03-29,48.2
2,3,2026-03-30,67.08
2,3,2026-03-31,66.2
2,3,2026-04-01,72.7
2,3,2026-04-02,68.92
2,3,2026-04-03,75.63
2,3,2026-04-04,54.44
2,3,2026-04-05,48.85
2,3,2026-04-06,65.53
2,3,2026-04-07,67.73
2,3,2026-04-08,69.96
2,3,2026-04-09,68.76
2,3,2026-04-10,73.89
2,3,2026-04-11,53.63
2,3,2026-04-12,47.38
2,3,2026-04-13,65.25
2,3,2026-04-14,68.34
2,3,2026-04-15,68.17
2,3,2026-04-16,70.44
2,3,2026-04-17,74.61
2,3,2026-04-18,53.29
2,3,2026-04-19,49.11
2,3,2026-04-20,68.52
2,3,2026-04-21,66.67
2,3,2026-04-22,70.84
2,3,2026-04-23,69.07
2,3,2026-04-24,73.31
2,3,2026-04-25,54.94
2,3,2026-04-26,49.38
2,3,2026-04-27,67.04
2,3,2026-04-28,69.21
2,3,2026-04-29,67.56
2,3,2026-04-30,70.27
2,3,2026-05-01,75.6
2,3,2026-05-02,56.99
2,3,2026-05-03,47.35
2,3,2026-05-04,67.94
2,3,2026-05-05,67.06
2,3,2026-05-06,69.55
2,3,2026-05-07,68.4
2,3,2026-05-08,75.01
2,3,2026-05-09,56.32
2,3,2026-05-10,49.08
2,3,2026-05-11,65.9
2,3,2026-05-12,68.04
2,3,2026-05-13,68.34
2,3,2026-05-14,69.17
2,3,2026-05-15,75.51
2,3,2026-05-16,56.6
2,3,2026-05-17,47.91
2,3,2026-05-18,65.96
2,3,2026-05-19,66.98
2,3,2026-05-20,70.02
2,3,2026-05-21,69.88
2,3,2026-05-22,74.71
2,3,2026-05-23,57.27
2,3,2026-05-24,48.56
2,3,2026-05-25,66.48
2,3,2026-05-26,70.33
2,3,2026-05-27,68.91
2,3,2026-05-28,68.2
2,3,2026-05-29,74.22
2,3,2026-05-30,57.31
2,3,2026-05-31,47.54
2,3,2026-06-01,64.91
2,3,2026-06-02,65.75
2,3,2026-06-03,68.68
2,3,2026-06-04,68.09
2,3,2026-06-05,74.37
2,3,2026-06-06,55.89
2,3,2026-06-07,47.43
2,3,2026-06-08,65.47
2,3,2026-06-09,67.27
2,3,2026-06-10,70.58
2,3,2026-06-11,70.34
2,3,2026-06-12,73.87
2,3,2026-06-13,53.97
2,3,2026-06-14,49.4
2,3,2026-06-15,66.89
2,3,2026-06-16,67.11
2,3,2026-06-17,67.11
2,3,2026-06-18,69.64
2,3,2026-06-19,75.76
2,3,2026-06-20,55.85
2,3,2026-06-21,46.14
2,3,2026-06-22,67.17
2,3,2026-06-23,65.38
2,3,2026-06-24,69.35
2,3,2026-06-25,67.69
2,3,2026-06-26,75.27
2,3,2026-06-27,55.82
2,3,2026-06-28,47.69
2,3,2026-06-29,67.05
2,3,2026-06-30,66.24
3,1,2026-01-01,69.77
3,1,2026-01-02,67.35
3,1,2026-01-03,63.24
3,1,2026-01-04,53.77
3,1,2026-01-05,65.65
3,1,2026-01-06,67.57
3,1,2026-01-07,61.55
3,1,2026-01-08,71.9
3,1,2026-01-09,71.01
3,1,2026-01-10,50.39
3,1,2026-01-11,42.08
3,1,2026-01-12,55.27
3,1,2026-01-13,59.51
3,1,2026-01-14,62.46
3,1,2026-01-15,68.06
3,1,2026-01-16,63.75
3,1,2026-01-17,53.45
3,1,2026-01-18,40.94
3,1,2026-01-19,57.71
3,1,2026-01-20,63.87
3,1,2026-01-21,63.9
3,1,2026-01-22,64.25
3,1,2026-01-23,67.47
3,1,2026-01-24,53.77
3,1,2026-01-25,45.46
3,1,2026-01-26,59.38
3,1,2026-01-27,60.28
3,1,2026-01-28,64.63
3,1,2026-01-29,65.12
3,1,2026-01-30,65.78
3,1,2026-01-31,54.94
3,1,2026-02-01,44.67
3,1,2026-02-02,63.47
3,1,2026-02-03,64.55
3,1,2026-02-04,66.28
3,1,2026-02-05,69.67
3,1,2026-02-06,71.67
3,1,2026-02-07,52.93
3,1,2026-02-08,41.3
3,1,2026-02-09,59.72
3,1,2026-02-10,63.53
3,1,2026-02-11,68.17
3,1,2026-02-12,68.09
3,1,2026-02-13,70.51
3,1,2026-02-14,53.76
3,1,2026-02-15,44.48
3,1,2026-02-16,65.03
3,1,2026-02-17,65.36
3,1,2026-02-18,70.06
3,1,2026-02-19,69.99
3,1,2026-02-20,73.57
3,1,2026-02-21,51.03
3,1,2026-02-22,44.25
3,1,2026-02-23,64.17
3,1,2026-02-24,68.25
3,1,2026-02-25,69.28
3,1,2026-02-26,70.65
3,1,2026-02-27,76.21
3,1,2026-02-28,52.86
3,1,2026-03-01,46.35
3,1,2026-03-02,65.76
3,1,2026-03-03,70.38
3,1,2026-03-04,69.19
3,1,2026-03-05,70.65
3,1,2026-03-06,71.56
3,1,2026-03-07,53.44
3,1,2026-03-08,48.65
3,1,2026-03-09,65.8
3,1,2026-03-10,68.17
3,1,2026-03-11,68.92
3,1,2026-03-12,69.46
3,1,2026-03-13,70.29
3,1,2026-03-14,56.24
3,1,2026-03-15,48.32
3,1,2026-03-16,63.98
3,1,2026-03-17,68.01
3,1,2026-03-18,68.5
3,1,2026-03-19,69.1
3,1,2026-03-20,72.16
3,1,2026-03-21,54.68
3,1,2026-03-22,46.43
3,1,2026-03-23,61.85
3,1,2026-03-24,70.17
3,1,2026-03-25,69.35
3,1,2026-03-26,66.8
3,1,2026-03-27,75.89
3,1,2026-03-28,55.82
3,1,2026-03-29,48.84
3,1,2026-03-30,63.03
3,1,2026-03-31,67.95
3,1,2026-04-01,68.93
3,1,2026-04-02,68.9
3,1,2026-04-03,71.37
3,1,2026-04-04,56.5
3,1,2026-04-05,48.87
3,1,2026-04-06,62.33
3,1,2026-04-07,69.5
3,1,2026-04-08,69.74
3,1,2026-04-09,71.03
3,1,2026-04-10,68.02
3,1,2026-04-11,57.03
3,1,2026-04-12,45.97
3,1,2026-04-13,63.31
3,1,2026-04-14,67.39
3,1,2026-04-15,68.11
3,1,2026-04-16,69.89
3,1,2026-04-17,74.31
3,1,2026-04-18,55.91
3,1,2026-04-19,47.21
3,1,2026-04-20,64.06
3,1,2026-04-21,68.82
3,1,2026-04-22,69.2
3,1,2026-04-23,69.52
3,1,2026-04-24,75.21
3,1,2026-04-25,56.94
3,1,2026-04-26,48.69
3,1,2026-04-27,64.19
3,1,2026-04-28,68.73
3,1,2026-04-29,69.15
3,1,2026-04-30,69.27
3,1,2026-05-01,71.77
3,1,2026-05-02,57.42
3,1,2026-05-03,46.33
3,1,2026-05-04,63.71
3,1,2026-05-05,70.99
3,1,2026-05-06,68.93
3,1,2026-05-07,68.32
3,1,2026-05-08,71.05
3,1,2026-05-09,59.09
3,1,2026-05-10,50.13
3,1,2026-05-11,64.09
3,1,2026-05-12,70.44
3,1,2026-05-13,69.27
3,1,2026-05-14,69.88
3,1,2026-05-15,73.95
3,1,2026-05-16,56.64
3,1,2026-05-17,47.16
3,1,2026-05-18,64.16
3,1,2026-05-19,69.42
3,1,2026-05-20,69.67
3,1,2026-05-21,70.22
3,1,2026-05-22,74.68
3,1,2026-05-23,55.98
3,1,2026-05-24,48.39
3,1,2026-05-25,63.67
3,1,2026-05-26,69.29
3,1,2026-05-27,68.79
3,1,2026-05-28,69.01
3,1,2026-05-29,73.07
3,1,2026-05-30,56.2
3,1,2026-05-31,47.1
3,1,2026-06-01,60.91
3,1,2026-06-02,66.89
3,1,2026-06-03,71.3
3,1,2026-06-04,66.91
3,1,2026-06-05,76.57
3,1,2026-06-06,55.43
3,1,2026-06-07,46.53
3,1,2026-06-08,61.84
3,1,2026-06-09,68.0
3,1,2026-06-10,67.14
3,1,2026-06-11,68.85
3,1,2026-06-12,71.02
3,1,2026-06-13,52.46
3,1,2026-06-14,46.22
3,1,2026-06-15,59.07
3,1,2026-06-16,66.27
3,1,2026-06-17,66.06
3,1,2026-06-18,67.34
3,1,2026-06-19,70.27
3,1,2026-06-20,53.78
3,1,2026-06-21,46.87
3,1,2026-06-22,60.04
3,1,2026-06-23,65.15
3,1,2026-06-24,65.67
3,1,2026-06-25,67.58
3,1,2026-06-26,69.73
3,1,2026-06-27,51.35
3,1,2026-06-28,45.25
3,1,2026-06-29,60.69
3,1,2026-06-30,66.63
3,2,2026-01-01,57.45
3,2,2026-01-02,50.98
3,2,2026-01-03,42.62
3,2,2026-01-04,34.43
3,2,2026-01-05,55.5
3,2,2026-01-06,58.12
3,2,2026-01-07,62.31
3,2,2026-01-08,61.76
3,2,2026-01-09,57.09
3,2,2026-01-10,44.76
3,2,2026-01-11,32.71
3,2,2026-01-12,54.29
3,2,2026-01-13,58.47
3,2,2026-01-14,57.06
3,2,2026-01-15,55.74
3,2,2026-01-16,57.54
3,2,2026-01-17,47.79
3,2,2026-01-18,34.32
3,2,2026-01-19,52.62
3,2,2026-01-20,54.51
3,2,2026-01-21,54.2
3,2,2026-01-22,53.13
3,2,2026-01-23,57.5
3,2,2026-01-24,45.32
3,2,2026-01-25,34.5
3,2,2026-01-26,48.11
3,2,2026-01-27,50.96
3,2,2026-01-28,52.69
3,2,2026-01-29,52.46
3,2,2026-01-30,53.68
3,2,2026-01-31,43.88
3,2,2026-02-01,35.86
3,2,2026-02-02,51.45
3,2,2026-02-03,51.95
3,2,2026-02-04,53.37
3,2,2026-02-05,55.35
3,2,2026-02-06,56.69
3,2,2026-02-07,45.94
3,2,2026-02-08,36.08
3,2,2026-02-09,51.1
3,2,2026-02-10,53.93
3,2,2026-02-11,53.14
3,2,2026-02-12,55.0
3,2,2026-02-13,56.24
3,2,2026-02-14,46.43
3,2,2026-02-15,35.82
3,2,2026-02-16,50.04
3,2,2026-02-17,52.15
3,2,2026-02-18,53.79
3,2,2026-02-19,55.76
3,2,2026-02-20,56.02
3,2,2026-02-21,46.66
3,2,2026-02-22,36.91
3,2,2026-02-23,49.4
3,2,2026-02-24,51.83
3,2,2026-02-25,53.11
3,2,2026-02-26,55.47
3,2,2026-02-27,56.19
3,2,2026-02-28,47.43
3,2,2026-03-01,37.53
3,2,2026-03-02,52.69
3,2,2026-03-03,53.6
3,2,2026-03-04,54.5
3,2,2026-03-05,56.98
3,2,2026-03-06,56.94
3,2,2026-03-07,47.28
3,2,2026-03-08,38.77
3,2,2026-03-09,51.12
3,2,2026-03-10,51.34
3,2,2026-03-11,53.79
3,2,2026-03-12,55.49
3,2,2026-03-13,56.98
3,2,2026-03-14,45.65
3,2,2026-03-15,36.47
3,2,2026-03-16,49.16
3,2,2026-03-17,50.53
3,2,2026-03-18,52.5
3,2,2026-03-19,54.02
3,2,2026-03-20,55.96
3,2,2026-03-21,45.26
3,2,2026-03-22,35.16
3,2,2026-03-23,48.41
3,2,2026-03-24,50.84
3,2,2026-03-25,52.47
3,2,2026-03-26,53.66
3,2,2026-03-27,55.64
3,2,2026-03-28,44.97
3,2,2026-03-29,35.87
3,2,2026-03-30,50.6
3,2,2026-03-31,51.97
3,2,2026-04-01,52.78
3,2,2026-04-02,53.21
3,2,2026-04-03,54.95
3,2,2026-04-04,45.92
3,2,2026-04-05,36.0
3,2,2026-04-06,49.17
3,2,2026-04-07,51.29
3,2,2026-04-08,52.52
3,2,2026-04-09,52.97
3,2,2026-04-10,54.41
3,2,2026-04-11,45.06
3,2,2026-04-12,34.57
3,2,2026-04-13,49.5
3,2,2026-04-14,50.52
3,2,2026-04-15,52.37
3,2,2026-04-16,53.48
3,2,2026-04-17,53.96
3,2,2026-04-18,44.1
3,2,2026-04-19,34.52
3,2,2026-04-20,50.58
3,2,2026-04-21,50.14
3,2,2026-04-22,52.4
3,2,2026-04-23,53.67
3,2,2026-04-24,54.85
3,2,2026-04-25,44.87
3,2,2026-04-26,34.76
3,2,2026-04-27,50.05
3,2,2026-04-28,51.44
3,2,2026-04-29,52.57
3,2,2026-04-30,52.64
3,2,2026-05-01,55.27
3,2,2026-05-02,45.4
3,2,2026-05-03,34.66
3,2,2026-05-04,49.79
3,2,2026-05-05,51.17
3,2,2026-05-06,52.57
3,2,2026-05-07,52.75
3,2,2026-05-08,55.37
3,2,2026-05-09,45.05
3,2,2026-05-10,33.97
3,2,2026-05-11,49.98
3,2,2026-05-12,50.11
3,2,2026-05-13,52.01
3,2,2026-05-14,53.47
3,2,2026-05-15,54.53
3,2,2026-05-16,44.33
3,2,2026-05-17,34.08
3,2,2026-05-18,50.17
3,2,2026-05-19,50.49
3,2,2026-05-20,51.89
3,2,2026-05-21,53.47
3,2,2026-05-22,54.02
3,2,2026-05-23,44.25
3,2,2026-05-24,33.01
3,2,2026-05-25,50.54
3,2,2026-05-26,51.34
3,2,2026-05-27,52.0
3,2,2026-05-28,52.43
3,2,2026-05-29,54.04
3,2,2026-05-30,44.65
3,2,2026-05-31,34.0
3,2,2026-06-01,47.72
3,2,2026-06-02,50.31
3,2,2026-06-03,50.5
3,2,2026-06-04,50.11
3,2,2026-06-05,51.49
3,2,2026-06-06,40.61
3,2,2026-06-07,32.05
3,2,2026-06-08,47.26
3,2,2026-06-09,47.44
3,2,2026-06-10,48.58
3,2,2026-06-11,49.48
3,2,2026-06-12,49.67
3,2,2026-06-13,40.84
3,2,2026-06-14,31.99
3,2,2026-06-15,47.07
3,2,2026-06-16,50.46
3,2,2026-06-17,49.04
3,2,2026-06-18,49.5
3,2,2026-06-19,51.1
3,2,2026-06-20,39.96
3,2,2026-06-21,33.1
3,2,2026-06-22,46.63
3,2,2026-06-23,47.21
3,2,2026-06-24,48.08
3,2,2026-06-25,49.41
3,2,2026-06-26,50.29
3,2,2026-06-27,41.17
3,2,2026-06-28,32.64
3,2,2026-06-29,47.21
3,2,2026-06-30,51.04
3,3,2026-01-01,43.06
3,3,2026-01-02,42.38
3,3,2026-01-03,32.4
3,3,2026-01-04,27.18
3,3,2026-01-05,38.48
3,3,2026-01-06,40.68
3,3,2026-01-07,43.44
3,3,2026-01-08,42.3
3,3,2026-01-09,44.0
3,3,2026-01-10,33.06
3,3,2026-01-11,26.8
3,3,2026-01-12,35.67
3,3,2026-01-13,38.26
3,3,2026-01-14,36.43
3,3,2026-01-15,37.61
3,3,2026-01-16,42.01
3,3,2026-01-17,29.56
3,3,2026-01-18,24.81
3,3,2026-01-19,34.17
3,3,2026-01-20,36.35
3,3,2026-01-21,36.65
3,3,2026-01-22,38.22
3,3,2026-01-23,40.04
3,3,2026-01-24,32.08
3,3,2026-01-25,26.33
3,3,2026-01-26,36.61
3,3,2026-01-27,36.62
3,3,2026-01-28,38.07
3,3,2026-01-29,38.63
3,3,2026-01-30,39.96
3,3,2026-01-31,30.69
3,3,2026-02-01,24.19
3,3,2026-02-02,36.76
3,3,2026-02-03,38.15
3,3,2026-02-04,37.62
3,3,2026-02-05,39.09
3,3,2026-02-06,39.63
3,3,2026-02-07,32.14
3,3,2026-02-08,25.42
3,3,2026-02-09,36.68
3,3,2026-02-10,37.93
3,3,2026-02-11,38.09
3,3,2026-02-12,39.3
3,3,2026-02-13,41.14
3,3,2026-02-14,30.65
3,3,2026-02-15,25.52
3,3,2026-02-16,36.67
3,3,2026-02-17,37.23
3,3,2026-02-18,37.66
3,3,2026-02-19,39.24
3,3,2026-02-20,40.79
3,3,2026-02-21,31.58
3,3,2026-02-22,25.66
3,3,2026-02-23,36.95
3,3,2026-02-24,37.29
3,3,2026-02-25,37.28
3,3,2026-02-26,39.23
3,3,2026-02-27,39.98
3,3,2026-02-28,30.67
3,3,2026-03-01,27.55
3,3,2026-03-02,37.89
3,3,2026-03-03,37.93
3,3,2026-03-04,38.43
3,3,2026-03-05,40.12
3,3,2026-03-06,41.05
3,3,2026-03-07,31.9
3,3,2026-03-08,27.81
3,3,2026-03-09,37.91
3,3,2026-03-10,37.43
3,3,2026-03-11,37.85
3,3,2026-03-12,39.45
3,3,2026-03-13,40.76
3,3,2026-03-14,31.78
3,3,2026-03-15,27.05
3,3,2026-03-16,37.01
3,3,2026-03-17,36.85
3,3,2026-03-18,37.12
3,3,2026-03-19,38.87
3,3,2026-03-20,39.22
3,3,2026-03-21,30.78
3,3,2026-03-22,26.22
3,3,2026-03-23,36.53
3,3,2026-03-24,37.06
3,3,2026-03-25,37.49
3,3,2026-03-26,39.04
3,3,2026-03-27,38.99
3,3,2026-03-28,30.97
3,3,2026-03-29,25.17
3,3,2026-03-30,36.58
3,3,2026-03-31,37.73
3,3,2026-04-01,38.4
3,3,2026-04-02,39.21
3,3,2026-04-03,40.59
3,3,2026-04-04,31.56
3,3,2026-04-05,25.4
3,3,2026-04-06,36.89
3,3,2026-04-07,37.81
3,3,2026-04-08,38.11
3,3,2026-04-09,39.23
3,3,2026-04-10,39.52
3,3,2026-04-11,30.87
3,3,2026-04-12,25.32
3,3,2026-04-13,36.85
3,3,2026-04-14,37.71
3,3,2026-04-15,38.02
3,3,2026-04-16,39.23
3,3,2026-04-17,39.98
3,3,2026-04-18,31.7
3,3,2026-04-19,26.1
3,3,2026-04-20,37.15
3,3,2026-04-21,37.38
3,3,2026-04-22,37.64
3,3,2026-04-23,39.22
3,3,2026-04-24,39.72
3,3,2026-04-25,31.05
3,3,2026-04-26,26.5
3,3,2026-04-27,37.1
3,3,2026-04-28,37.48
3,3,2026-04-29,37.58
3,3,2026-04-30,39.46
3,3,2026-05-01,40.21
3,3,2026-05-02,31.42
3,3,2026-05-03,26.76
3,3,2026-05-04,36.83
3,3,2026-05-05,37.23
3,3,2026-05-06,37.37
3,3,2026-05-07,39.06
3,3,2026-05-08,40.34
3,3,2026-05-09,31.02
3,3,2026-05-10,26.41
3,3,2026-05-11,36.8
3,3,2026-05-12,37.64
3,3,2026-05-13,37.61
3,3,2026-05-14,39.18
3,3,2026-05-15,40.24
3,3,2026-05-16,31.36
3,3,2026-05-17,26.37
3,3,2026-05-18,36.91
3,3,2026-05-19,37.41
3,3,2026-05-20,37.8
3,3,2026-05-21,39.0
3,3,2026-05-22,39.76
3,3,2026-05-23,31.21
3,3,2026-05-24,26.17
3,3,2026-05-25,37.01
3,3,2026-05-26,37.98
3,3,2026-05-27,38.19
3,3,2026-05-28,39.07
3,3,2026-05-29,39.94
3,3,2026-05-30,31.21
3,3,2026-05-31,26.54
3,3,2026-06-01,34.95
3,3,2026-06-02,35.87
3,3,2026-06-03,36.92
3,3,2026-06-04,38.37
3,3,2026-06-05,39.52
3,3,2026-06-06,30.45
3,3,2026-06-07,25.93
3,3,2026-06-08,35.17
3,3,2026-06-09,37.21
3,3,2026-06-10,37.49
3,3,2026-06-11,38.69
3,3,2026-06-12,39.55
3,3,2026-06-13,30.99
3,3,2026-06-14,26.09
3,3,2026-06-15,36.46
3,3,2026-06-16,37.12
3,3,2026-06-17,37.47
3,3,2026-06-18,38.35
3,3,2026-06-19,39.48
3,3,2026-06-20,30.81
3,3,2026-06-21,26.43
3,3,2026-06-22,36.4
3,3,2026-06-23,37.17
3,3,2026-06-24,37.26
3,3,2026-06-25,38.43
3,3,2026-06-26,39.97
3,3,2026-06-27,30.39
3,3,2026-06-28,26.14
3,3,2026-06-29,36.48
3,3,2026-06-30,38.17
4,1,2026-01-01,55.99
4,1,2026-01-02,52.34
4,1,2026-01-03,41.49
4,1,2026-01-04,32.7
4,1,2026-01-05,48.3
4,1,2026-01-06,46.67
4,1,2026-01-07,45.72
4,1,2026-01-08,43.87
4,1,2026-01-09,49.41
4,1,2026-01-10,38.16
4,1,2026-01-11,31.85
4,1,2026-01-12,44.83
4,1,2026-01-13,44.05
4,1,2026-01-14,47.03
4,1,2026-01-15,49.24
4,1,2026-01-16,49.93
4,1,2026-01-17,37.4
4,1,2026-01-18,31.24
4,1,2026-01-19,44.31
4,1,2026-01-20,47.3
4,1,2026-01-21,47.21
4,1,2026-01-22,48.83
4,1,2026-01-23,48.63
4,1,2026-01-24,39.34
4,1,2026-01-25,31.98
4,1,2026-01-26,44.9
4,1,2026-01-27,48.84
4,1,2026-01-28,46.6
4,1,2026-01-29,48.66
4,1,2026-01-30,49.41
4,1,2026-01-31,39.7
4,1,2026-02-01,32.15
4,1,2026-02-02,44.82
4,1,2026-02-03,47.54
4,1,2026-02-04,46.75
4,1,2026-02-05,48.62
4,1,2026-02-06,50.16
4,1,2026-02-07,39.79
4,1,2026-02-08,33.69
4,1,2026-02-09,44.96
4,1,2026-02-10,47.19
4,1,2026-02-11,47.44
4,1,2026-02-12,49.13
4,1,2026-02-13,50.08
4,1,2026-02-14,39.37
4,1,2026-02-15,33.95
4,1,2026-02-16,44.95
4,1,2026-02-17,47.72
4,1,2026-02-18,47.68
4,1,2026-02-19,47.97
4,1,2026-02-20,50.25
4,1,2026-02-21,39.14
4,1,2026-02-22,34.6
4,1,2026-02-23,44.25
4,1,2026-02-24,47.75
4,1,2026-02-25,47.83
4,1,2026-02-26,49.53
4,1,2026-02-27,50.0
4,1,2026-02-28,39.2
4,1,2026-03-01,34.7
4,1,2026-03-02,45.16
4,1,2026-03-03,47.79
4,1,2026-03-04,48.39
4,1,2026-03-05,48.36
4,1,2026-03-06,50.64
4,1,2026-03-07,39.9
4,1,2026-03-08,33.87
4,1,2026-03-09,44.16
4,1,2026-03-10,47.45
4,1,2026-03-11,47.45
4,1,2026-03-12,49.26
4,1,2026-03-13,50.32
4,1,2026-03-14,39.3
4,1,2026-03-15,33.51
4,1,2026-03-16,43.49
4,1,2026-03-17,46.76
4,1,2026-03-18,46.88
4,1,2026-03-19,47.2
4,1,2026-03-20,50.07
4,1,2026-03-21,38.64
4,1,2026-03-22,32.29
4,1,2026-03-23,43.9
4,1,2026-03-24,46.56
4,1,2026-03-25,46.68
4,1,2026-03-26,48.43
4,1,2026-03-27,49.39
4,1,2026-03-28,38.2
4,1,2026-03-29,32.04
4,1,2026-03-30,43.91
4,1,2026-03-31,46.39
4,1,2026-04-01,47.4
4,1,2026-04-02,48.59
4,1,2026-04-03,49.68
4,1,2026-04-04,39.06
4,1,2026-04-05,33.2
4,1,2026-04-06,44.93
4,1,2026-04-07,46.31
4,1,2026-04-08,46.44
4,1,2026-04-09,47.69
4,1,2026-04-10,48.67
4,1,2026-04-11,38.71
4,1,2026-04-12,32.95
4,1,2026-04-13,45.43
4,1,2026-04-14,46.08
4,1,2026-04-15,46.34
4,1,2026-04-16,47.43
4,1,2026-04-17,49.52
4,1,2026-04-18,39.07
4,1,2026-04-19,32.91
4,1,2026-04-20,45.14
4,1,2026-04-21,46.77
4,1,2026-04-22,47.35
4,1,2026-04-23,48.24
4,1,2026-04-24,49.05
4,1,2026-04-25,39.03
4,1,2026-04-26,32.42
4,1,2026-04-27,44.64
4,1,2026-04-28,47.27
4,1,2026-04-29,47.34
4,1,2026-04-30,48.25
4,1,2026-05-01,49.21
4,1,2026-05-02,38.99
4,1,2026-05-03,32.67
4,1,2026-05-04,44.78
4,1,2026-05-05,47.15
4,1,2026-05-06,47.18
4,1,2026-05-07,48.23
4,1,2026-05-08,49.5
4,1,2026-05-09,39.0
4,1,2026-05-10,33.03
4,1,2026-05-11,44.13
4,1,2026-05-12,47.15
4,1,2026-05-13,46.94
4,1,2026-05-14,48.16
4,1,2026-05-15,49.24
4,1,2026-05-16,38.6
4,1,2026-05-17,33.36
4,1,2026-05-18,44.1
4,1,2026-05-19,47.18
4,1,2026-05-20,46.99
4,1,2026-05-21,48.36
4,1,2026-05-22,49.6
4,1,2026-05-23,38.95
4,1,2026-05-24,33.53
4,1,2026-05-25,44.85
4,1,2026-05-26,46.91
4,1,2026-05-27,47.06
4,1,2026-05-28,48.28
4,1,2026-05-29,49.73
4,1,2026-05-30,38.99
4,1,2026-05-31,33.7
4,1,2026-06-01,41.84
4,1,2026-06-02,44.47
4,1,2026-06-03,44.49
4,1,2026-06-04,45.91
4,1,2026-06-05,46.24
4,1,2026-06-06,35.24
4,1,2026-06-07,30.87
4,1,2026-06-08,41.45
4,1,2026-06-09,44.51
4,1,2026-06-10,45.55
4,1,2026-06-11,46.36
4,1,2026-06-12,48.13
4,1,2026-06-13,37.28
4,1,2026-06-14,31.65
4,1,2026-06-15,42.37
4,1,2026-06-16,45.41
4,1,2026-06-17,45.13
4,1,2026-06-18,45.54
4,1,2026-06-19,48.22
4,1,2026-06-20,35.52
4,1,2026-06-21,31.62
4,1,2026-06-22,41.72
4,1,2026-06-23,43.96
4,1,2026-06-24,44.29
4,1,2026-06-25,46.24
4,1,2026-06-26,47.1
4,1,2026-06-27,37.8
4,1,2026-06-28,31.89
4,1,2026-06-29,44.93
4,1,2026-06-30,45.08
4,2,2026-01-01,38.26
4,2,2026-01-02,39.79
4,2,2026-01-03,29.6
4,2,2026-01-04,25.89
4,2,2026-01-05,34.61
4,2,2026-01-06,37.25
4,2,2026-01-07,38.85
4,2,2026-01-08,38.23
4,2,2026-01-09,39.59
4,2,2026-01-10,29.32
4,2,2026-01-11,24.77
4,2,2026-01-12,30.98
4,2,2026-01-13,34.96
4,2,2026-01-14,35.9
4,2,2026-01-15,35.2
4,2,2026-01-16,34.68
4,2,2026-01-17,28.52
4,2,2026-01-18,23.59
4,2,2026-01-19,32.38
4,2,2026-01-20,33.43
4,2,2026-01-21,34.82
4,2,2026-01-22,35.28
4,2,2026-01-23,38.5
4,2,2026-01-24,31.07
4,2,2026-01-25,24.25
4,2,2026-01-26,32.75
4,2,2026-01-27,34.04
4,2,2026-01-28,34.99
4,2,2026-01-29,35.13
4,2,2026-01-30,36.35
4,2,2026-01-31,29.01
4,2,2026-02-01,24.39
4,2,2026-02-02,34.0
4,2,2026-02-03,34.67
4,2,2026-02-04,34.64
4,2,2026-02-05,35.23
4,2,2026-02-06,36.77
4,2,2026-02-07,29.16
4,2,2026-02-08,24.07
4,2,2026-02-09,33.9
4,2,2026-02-10,34.44
4,2,2026-02-11,35.18
4,2,2026-02-12,35.89
4,2,2026-02-13,37.3
4,2,2026-02-14,30.55
4,2,2026-02-15,24.68
4,2,2026-02-16,34.73
4,2,2026-02-17,35.11
4,2,2026-02-18,35.88
4,2,2026-02-19,36.53
4,2,2026-02-20,38.38
4,2,2026-02-21,31.38
4,2,2026-02-22,24.33
4,2,2026-02-23,33.89
4,2,2026-02-24,35.06
4,2,2026-02-25,35.79
4,2,2026-02-26,36.71
4,2,2026-02-27,38.28
4,2,2026-02-28,30.33
4,2,2026-03-01,25.18
4,2,2026-03-02,34.04
4,2,2026-03-03,34.93
4,2,2026-03-04,35.31
4,2,2026-03-05,37.01
4,2,2026-03-06,38.14
4,2,2026-03-07,31.3
4,2,2026-03-08,25.0
4,2,2026-03-09,34.1
4,2,2026-03-10,35.13
4,2,2026-03-11,35.74
4,2,2026-03-12,36.62
4,2,2026-03-13,37.75
4,2,2026-03-14,29.76
4,2,2026-03-15,24.62
4,2,2026-03-16,33.87
4,2,2026-03-17,34.3
4,2,2026-03-18,35.11
4,2,2026-03-19,36.16
4,2,2026-03-20,36.79
4,2,2026-03-21,28.69
4,2,2026-03-22,24.35
4,2,2026-03-23,33.7
4,2,2026-03-24,34.38
4,2,2026-03-25,34.87
4,2,2026-03-26,35.66
4,2,2026-03-27,37.0
4,2,2026-03-28,29.82
4,2,2026-03-29,23.98
4,2,2026-03-30,34.25
4,2,2026-03-31,34.28
4,2,2026-04-01,35.25
4,2,2026-04-02,37.06
4,2,2026-04-03,38.48
4,2,2026-04-04,30.82
4,2,2026-04-05,24.54
4,2,2026-04-06,34.48
4,2,2026-04-07,35.22
4,2,2026-04-08,35.87
4,2,2026-04-09,36.61
4,2,2026-04-10,38.31
4,2,2026-04-11,30.89
4,2,2026-04-12,24.99
4,2,2026-04-13,34.3
4,2,2026-04-14,34.8
4,2,2026-04-15,35.71
4,2,2026-04-16,37.16
4,2,2026-04-17,38.11
4,2,2026-04-18,30.55
4,2,2026-04-19,24.52
4,2,2026-04-20,34.29
4,2,2026-04-21,35.25
4,2,2026-04-22,35.84
4,2,2026-04-23,37.33
4,2,2026-04-24,38.33
4,2,2026-04-25,29.86
4,2,2026-04-26,24.36
4,2,2026-04-27,34.65
4,2,2026-04-28,35.27
4,2,2026-04-29,35.98
4,2,2026-04-30,37.16
4,2,2026-05-01,37.72
4,2,2026-05-02,30.03
4,2,2026-05-03,24.58
4,2,2026-05-04,34.67
4,2,2026-05-05,35.46
4,2,2026-05-06,36.04
4,2,2026-05-07,37.22
4,2,2026-05-08,37.87
4,2,2026-05-09,30.76
4,2,2026-05-10,24.51
4,2,2026-05-11,34.45
4,2,2026-05-12,35.07
4,2,2026-05-13,35.97
4,2,2026-05-14,37.24
4,2,2026-05-15,38.06
4,2,2026-05-16,29.88
4,2,2026-05-17,24.49
4,2,2026-05-18,34.66
4,2,2026-05-19,35.45
4,2,2026-05-20,36.53
4,2,2026-05-21,37.11
4,2,2026-05-22,38.02
4,2,2026-05-23,29.45
4,2,2026-05-24,24.46
4,2,2026-05-25,34.81
4,2,2026-05-26,35.61
4,2,2026-05-27,36.1
4,2,2026-05-28,37.55
4,2,2026-05-29,38.67
4,2,2026-05-30,30.76
4,2,2026-05-31,24.87
4,2,2026-06-01,33.01
4,2,2026-06-02,33.84
4,2,2026-06-03,34.81
4,2,2026-06-04,35.53
4,2,2026-06-05,37.2
4,2,2026-06-06,29.37
4,2,2026-06-07,24.06
4,2,2026-06-08,32.86
4,2,2026-06-09,33.52
4,2,2026-06-10,34.8
4,2,2026-06-11,35.58
4,2,2026-06-12,36.44
4,2,2026-06-13,28.05
4,2,2026-06-14,24.63
4,2,2026-06-15,34.57
4,2,2026-06-16,34.36
4,2,2026-06-17,34.58
4,2,2026-06-18,35.29
4,2,2026-06-19,37.68
4,2,2026-06-20,29.56
4,2,2026-06-21,24.32
4,2,2026-06-22,33.5
4,2,2026-06-23,33.76
4,2,2026-06-24,34.48
4,2,2026-06-25,34.98
4,2,2026-06-26,36.36
4,2,2026-06-27,29.18
4,2,2026-06-28,24.99
4,2,2026-06-29,35.29
4,2,2026-06-30,35.23
4,3,2026-01-01,29.04
4,3,2026-01-02,30.16
4,3,2026-01-03,21.88
4,3,2026-01-04,21.24
4,3,2026-01-05,28.62
4,3,2026-01-06,30.82
4,3,2026-01-07,27.78
4,3,2026-01-08,28.32
4,3,2026-01-09,30.16
4,3,2026-01-10,22.28
4,3,2026-01-11,21.62
4,3,2026-01-12,25.69
4,3,2026-01-13,27.61
4,3,2026-01-14,28.59
4,3,2026-01-15,28.91
4,3,2026-01-16,30.25
4,3,2026-01-17,20.98
4,3,2026-01-18,18.81
4,3,2026-01-19,24.93
4,3,2026-01-20,25.88
4,3,2026-01-21,27.15
4,3,2026-01-22,28.13
4,3,2026-01-23,30.3
4,3,2026-01-24,21.55
4,3,2026-01-25,19.23
4,3,2026-01-26,25.11
4,3,2026-01-27,27.16
4,3,2026-01-28,27.09
4,3,2026-01-29,27.6
4,3,2026-01-30,30.1
4,3,2026-01-31,22.92
4,3,2026-02-01,19.55
4,3,2026-02-02,26.36
4,3,2026-02-03,26.76
4,3,2026-02-04,26.9
4,3,2026-02-05,27.47
4,3,2026-02-06,29.78
4,3,2026-02-07,22.24
4,3,2026-02-08,19.07
4,3,2026-02-09,26.18
4,3,2026-02-10,26.73
4,3,2026-02-11,27.3
4,3,2026-02-12,28.2
4,3,2026-02-13,30.12
4,3,2026-02-14,22.66
4,3,2026-02-15,18.84
4,3,2026-02-16,26.79
4,3,2026-02-17,26.53
4,3,2026-02-18,26.73
4,3,2026-02-19,28.34
4,3,2026-02-20,29.79
4,3,2026-02-21,22.59
4,3,2026-02-22,18.82
4,3,2026-02-23,26.61
4,3,2026-02-24,26.66
4,3,2026-02-25,27.1
4,3,2026-02-26,27.5
4,3,2026-02-27,29.66
4,3,2026-02-28,22.71
4,3,2026-03-01,19.47
4,3,2026-03-02,26.34
4,3,2026-03-03,26.6
4,3,2026-03-04,26.65
4,3,2026-03-05,27.44
4,3,2026-03-06,29.29
4,3,2026-03-07,23.03
4,3,2026-03-08,19.55
4,3,2026-03-09,26.19
4,3,2026-03-10,26.49
4,3,2026-03-11,27.19
4,3,2026-03-12,28.34
4,3,2026-03-13,29.76
4,3,2026-03-14,22.68
4,3,2026-03-15,19.17
4,3,2026-03-16,26.08
4,3,2026-03-17,26.35
4,3,2026-03-18,26.53
4,3,2026-03-19,28.3
4,3,2026-03-20,29.53
4,3,2026-03-21,22.47
4,3,2026-03-22,19.05
4,3,2026-03-23,25.84
4,3,2026-03-24,25.89
4,3,2026-03-25,26.64
4,3,2026-03-26,27.6
4,3,2026-03-27,29.5
4,3,2026-03-28,22.54
4,3,2026-03-29,18.89
4,3,2026-03-30,26.29
4,3,2026-03-31,26.32
4,3,2026-04-01,27.24
4,3,2026-04-02,28.08
4,3,2026-04-03,30.15
4,3,2026-04-04,23.33
4,3,2026-04-05,19.05
4,3,2026-04-06,26.42
4,3,2026-04-07,26.62
4,3,2026-04-08,27.09
4,3,2026-04-09,28.76
4,3,2026-04-10,30.14
4,3,2026-04-11,22.82
4,3,2026-04-12,19.14
4,3,2026-04-13,26.47
4,3,2026-04-14,26.7
4,3,2026-04-15,27.14
4,3,2026-04-16,27.97
4,3,2026-04-17,30.11
4,3,2026-04-18,22.88
4,3,2026-04-19,19.26
4,3,2026-04-20,26.72
4,3,2026-04-21,27.0
4,3,2026-04-22,27.0
4,3,2026-04-23,27.95
4,3,2026-04-24,30.1
4,3,2026-04-25,23.46
4,3,2026-04-26,19.52
4,3,2026-04-27,26.26
4,3,2026-04-28,26.75
4,3,2026-04-29,27.67
4,3,2026-04-30,28.64
4,3,2026-05-01,30.4
4,3,2026-05-02,23.64
4,3,2026-05-03,19.62
4,3,2026-05-04,26.47
4,3,2026-05-05,27.21
4,3,2026-05-06,27.18
4,3,2026-05-07,28.7
4,3,2026-05-08,30.83
4,3,2026-05-09,23.01
4,3,2026-05-10,19.65
4,3,2026-05-11,26.63
4,3,2026-05-12,26.83
4,3,2026-05-13,27.64
4,3,2026-05-14,28.11
4,3,2026-05-15,30.55
4,3,2026-05-16,22.89
4,3,2026-05-17,19.61
4,3,2026-05-18,26.65
4,3,2026-05-19,27.51
4,3,2026-05-20,27.16
4,3,2026-05-21,28.12
4,3,2026-05-22,30.61
4,3,2026-05-23,23.41
4,3,2026-05-24,19.55
4,3,2026-05-25,26.71
4,3,2026-05-26,26.91
4,3,2026-05-27,27.72
4,3,2026-05-28,28.36
4,3,2026-05-29,30.96
4,3,2026-05-30,23.64
4,3,2026-05-31,19.64
4,3,2026-06-01,25.34
4,3,2026-06-02,26.43
4,3,2026-06-03,26.74
4,3,2026-06-04,27.29
4,3,2026-06-05,29.65
4,3,2026-06-06,22.5
4,3,2026-06-07,18.92
4,3,2026-06-08,25.27
4,3,2026-06-09,25.72
4,3,2026-06-10,26.34
4,3,2026-06-11,27.0
4,3,2026-06-12,29.72
4,3,2026-06-13,22.61
4,3,2026-06-14,19.82
4,3,2026-06-15,25.66
4,3,2026-06-16,26.11
4,3,2026-06-17,26.62
4,3,2026-06-18,28.36
4,3,2026-06-19,29.51
4,3,2026-06-20,23.1
4,3,2026-06-21,19.45
4,3,2026-06-22,25.71
4,3,2026-06-23,25.87
4,3,2026-06-24,26.39
4,3,2026-06-25,27.93
4,3,2026-06-26,29.9
4,3,2026-06-27,22.76
4,3,2026-06-28,19.36
4,3,2026-06-29,26.51
4,3,2026-06-30,26.62
5,1,2026-01-01,43.05
5,1,2026-01-02,44.52
5,1,2026-01-03,34.31
5,1,2026-01-04,30.45
5,1,2026-01-05,41.07
5,1,2026-01-06,39.33
5,1,2026-01-07,40.61
5,1,2026-01-08,42.35
5,1,2026-01-09,44.78
5,1,2026-01-10,33.95
5,1,2026-01-11,27.17
5,1,2026-01-12,37.75
5,1,2026-01-13,38.68
5,1,2026-01-14,38.8
5,1,2026-01-15,39.19
5,1,2026-01-16,41.56
5,1,2026-01-17,32.61
5,1,2026-01-18,27.17
5,1,2026-01-19,37.63
5,1,2026-01-20,38.02
5,1,2026-01-21,38.24
5,1,2026-01-22,39.54
5,1,2026-01-23,43.23
5,1,2026-01-24,33.72
5,1,2026-01-25,27.64
5,1,2026-01-26,36.75
5,1,2026-01-27,39.24
5,1,2026-01-28,39.61
5,1,2026-01-29,40.35
5,1,2026-01-30,41.76
5,1,2026-01-31,33.1
5,1,2026-02-01,27.87
5,1,2026-02-02,37.32
5,1,2026-02-03,38.73
5,1,2026-02-04,39.89
5,1,2026-02-05,40.93
5,1,2026-02-06,42.34
5,1,2026-02-07,33.1
5,1,2026-02-08,26.97
5,1,2026-02-09,38.14
5,1,2026-02-10,39.48
5,1,2026-02-11,39.72
5,1,2026-02-12,40.85
5,1,2026-02-13,43.07
5,1,2026-02-14,33.17
5,1,2026-02-15,27.55
5,1,2026-02-16,38.68
5,1,2026-02-17,39.29
5,1,2026-02-18,39.74
5,1,2026-02-19,40.72
5,1,2026-02-20,42.29
5,1,2026-02-21,32.48
5,1,2026-02-22,26.63
5,1,2026-02-23,38.75
5,1,2026-02-24,39.18
5,1,2026-02-25,39.44
5,1,2026-02-26,40.98
5,1,2026-02-27,42.85
5,1,2026-02-28,32.66
5,1,2026-03-01,29.06
5,1,2026-03-02,39.79
5,1,2026-03-03,39.99
5,1,2026-03-04,40.16
5,1,2026-03-05,41.64
5,1,2026-03-06,43.16
5,1,2026-03-07,33.59
5,1,2026-03-08,28.56
5,1,2026-03-09,39.38
5,1,2026-03-10,40.46
5,1,2026-03-11,40.69
5,1,2026-03-12,41.38
5,1,2026-03-13,43.16
5,1,2026-03-14,34.17
5,1,2026-03-15,27.98
5,1,2026-03-16,39.34
5,1,2026-03-17,39.44
5,1,2026-03-18,39.15
5,1,2026-03-19,39.82
5,1,2026-03-20,41.4
5,1,2026-03-21,32.4
5,1,2026-03-22,26.79
5,1,2026-03-23,38.78
5,1,2026-03-24,38.29
5,1,2026-03-25,38.7
5,1,2026-03-26,40.74
5,1,2026-03-27,40.97
5,1,2026-03-28,32.35
5,1,2026-03-29,27.44
5,1,2026-03-30,38.33
5,1,2026-03-31,38.82
5,1,2026-04-01,40.2
5,1,2026-04-02,41.1
5,1,2026-04-03,42.48
5,1,2026-04-04,33.03
5,1,2026-04-05,27.55
5,1,2026-04-06,38.72
5,1,2026-04-07,39.89
5,1,2026-04-08,39.45
5,1,2026-04-09,40.42
5,1,2026-04-10,42.51
5,1,2026-04-11,32.9
5,1,2026-04-12,27.23
5,1,2026-04-13,38.83
5,1,2026-04-14,39.18
5,1,2026-04-15,38.81
5,1,2026-04-16,40.65
5,1,2026-04-17,42.39
5,1,2026-04-18,32.11
5,1,2026-04-19,27.47
5,1,2026-04-20,38.67
5,1,2026-04-21,39.71
5,1,2026-04-22,40.04
5,1,2026-04-23,41.39
5,1,2026-04-24,42.78
5,1,2026-04-25,32.5
5,1,2026-04-26,27.56
5,1,2026-04-27,38.68
5,1,2026-04-28,39.64
5,1,2026-04-29,39.55
5,1,2026-04-30,40.62
5,1,2026-05-01,42.92
5,1,2026-05-02,33.0
5,1,2026-05-03,27.5
5,1,2026-05-04,38.82
5,1,2026-05-05,39.89
5,1,2026-05-06,39.41
5,1,2026-05-07,40.92
5,1,2026-05-08,43.09
5,1,2026-05-09,33.0
5,1,2026-05-10,27.42
5,1,2026-05-11,38.73
5,1,2026-05-12,40.0
5,1,2026-05-13,40.39
5,1,2026-05-14,41.52
5,1,2026-05-15,43.03
5,1,2026-05-16,32.63
5,1,2026-05-17,27.13
5,1,2026-05-18,39.13
5,1,2026-05-19,39.52
5,1,2026-05-20,39.63
5,1,2026-05-21,40.85
5,1,2026-05-22,43.32
5,1,2026-05-23,32.9
5,1,2026-05-24,27.22
5,1,2026-05-25,39.04
5,1,2026-05-26,39.66
5,1,2026-05-27,39.67
5,1,2026-05-28,41.42
5,1,2026-05-29,43.22
5,1,2026-05-30,33.47
5,1,2026-05-31,27.23
5,1,2026-06-01,37.65
5,1,2026-06-02,38.57
5,1,2026-06-03,38.24
5,1,2026-06-04,38.76
5,1,2026-06-05,40.91
5,1,2026-06-06,31.8
5,1,2026-06-07,25.79
5,1,2026-06-08,37.06
5,1,2026-06-09,39.18
5,1,2026-06-10,39.05
5,1,2026-06-11,40.21
5,1,2026-06-12,40.06
5,1,2026-06-13,30.07
5,1,2026-06-14,25.28
5,1,2026-06-15,36.31
5,1,2026-06-16,37.98
5,1,2026-06-17,38.17
5,1,2026-06-18,39.13
5,1,2026-06-19,39.72
5,1,2026-06-20,30.17
5,1,2026-06-21,24.39
5,1,2026-06-22,35.12
5,1,2026-06-23,37.07
5,1,2026-06-24,36.91
5,1,2026-06-25,38.66
5,1,2026-06-26,39.68
5,1,2026-06-27,30.98
5,1,2026-06-28,25.62
5,1,2026-06-29,36.67
5,1,2026-06-30,38.42
5,2,2026-01-01,30.6
5,2,2026-01-02,32.59
5,2,2026-01-03,25.7
5,2,2026-01-04,20.75
5,2,2026-01-05,30.1
5,2,2026-01-06,31.32
5,2,2026-01-07,31.36
5,2,2026-01-08,32.28
5,2,2026-01-09,34.58
5,2,2026-01-10,26.14
5,2,2026-01-11,22.24
5,2,2026-01-12,31.84
5,2,2026-01-13,32.62
5,2,2026-01-14,32.78
5,2,2026-01-15,32.94
5,2,2026-01-16,34.08
5,2,2026-01-17,26.29
5,2,2026-01-18,21.25
5,2,2026-01-19,31.54
5,2,2026-01-20,32.21
5,2,2026-01-21,32.78
5,2,2026-01-22,33.45
5,2,2026-01-23,34.65
5,2,2026-01-24,27.07
5,2,2026-01-25,21.86
5,2,2026-01-26,31.22
5,2,2026-01-27,31.57
5,2,2026-01-28,32.11
5,2,2026-01-29,32.04
5,2,2026-01-30,33.95
5,2,2026-01-31,26.17
5,2,2026-02-01,20.22
5,2,2026-02-02,29.78
5,2,2026-02-03,31.42
5,2,2026-02-04,31.95
5,2,2026-02-05,32.94
5,2,2026-02-06,35.05
5,2,2026-02-07,26.48
5,2,2026-02-08,20.61
5,2,2026-02-09,29.79
5,2,2026-02-10,31.04
5,2,2026-02-11,31.52
5,2,2026-02-12,32.57
5,2,2026-02-13,34.94
5,2,2026-02-14,26.08
5,2,2026-02-15,20.83
5,2,2026-02-16,30.23
5,2,2026-02-17,31.69
5,2,2026-02-18,32.08
5,2,2026-02-19,32.52
5,2,2026-02-20,33.82
5,2,2026-02-21,26.43
5,2,2026-02-22,20.77
5,2,2026-02-23,30.05
5,2,2026-02-24,31.51
5,2,2026-02-25,32.06
5,2,2026-02-26,32.47
5,2,2026-02-27,34.52
5,2,2026-02-28,25.85
5,2,2026-03-01,21.22
5,2,2026-03-02,30.16
5,2,2026-03-03,31.73
5,2,2026-03-04,31.61
5,2,2026-03-05,32.09
5,2,2026-03-06,34.61
5,2,2026-03-07,26.41
5,2,2026-03-08,21.01
5,2,2026-03-09,30.02
5,2,2026-03-10,31.68
5,2,2026-03-11,31.59
5,2,2026-03-12,32.34
5,2,2026-03-13,34.47
5,2,2026-03-14,26.02
5,2,2026-03-15,20.52
5,2,2026-03-16,30.2
5,2,2026-03-17,31.24
5,2,2026-03-18,31.35
5,2,2026-03-19,31.72
5,2,2026-03-20,33.85
5,2,2026-03-21,25.41
5,2,2026-03-22,19.82
5,2,2026-03-23,29.46
5,2,2026-03-24,30.28
5,2,2026-03-25,30.78
5,2,2026-03-26,31.47
5,2,2026-03-27,33.6
5,2,2026-03-28,24.96
5,2,2026-03-29,20.48
5,2,2026-03-30,29.68
5,2,2026-03-31,30.59
5,2,2026-04-01,31.52
5,2,2026-04-02,31.83
5,2,2026-04-03,33.02
5,2,2026-04-04,25.2
5,2,2026-04-05,20.46
5,2,2026-04-06,30.15
5,2,2026-04-07,31.03
5,2,2026-04-08,31.33
5,2,2026-04-09,32.07
5,2,2026-04-10,33.16
5,2,2026-04-11,25.68
5,2,2026-04-12,20.76
5,2,2026-04-13,30.27
5,2,2026-04-14,31.25
5,2,2026-04-15,31.5
5,2,2026-04-16,32.07
5,2,2026-04-17,33.43
5,2,2026-04-18,25.42
5,2,2026-04-19,20.68
5,2,2026-04-20,29.71
5,2,2026-04-21,30.83
5,2,2026-04-22,31.41
5,2,2026-04-23,31.87
5,2,2026-04-24,33.75
5,2,2026-04-25,25.71
5,2,2026-04-26,20.97
5,2,2026-04-27,29.6
5,2,2026-04-28,31.01
5,2,2026-04-29,31.53
5,2,2026-04-30,31.97
5,2,2026-05-01,33.71
5,2,2026-05-02,25.76
5,2,2026-05-03,21.01
5,2,2026-05-04,30.27
5,2,2026-05-05,31.43
5,2,2026-05-06,32.0
5,2,2026-05-07,32.44
5,2,2026-05-08,35.2
5,2,2026-05-09,25.82
5,2,2026-05-10,20.77
5,2,2026-05-11,30.36
5,2,2026-05-12,31.3
5,2,2026-05-13,32.09
5,2,2026-05-14,32.74
5,2,2026-05-15,34.51
5,2,2026-05-16,25.75
5,2,2026-05-17,20.45
5,2,2026-05-18,29.86
5,2,2026-05-19,31.21
5,2,2026-05-20,31.81
5,2,2026-05-21,32.36
5,2,2026-05-22,34.76
5,2,2026-05-23,25.86
5,2,2026-05-24,21.18
5,2,2026-05-25,29.52
5,2,2026-05-26,31.59
5,2,2026-05-27,31.55
5,2,2026-05-28,32.36
5,2,2026-05-29,34.88
5,2,2026-05-30,25.93
5,2,2026-05-31,21.5
5,2,2026-06-01,28.81
5,2,2026-06-02,30.31
5,2,2026-06-03,30.87
5,2,2026-06-04,31.48
5,2,2026-06-05,33.48
5,2,2026-06-06,25.01
5,2,2026-06-07,19.68
5,2,2026-06-08,28.76
5,2,2026-06-09,29.84
5,2,2026-06-10,30.24
5,2,2026-06-11,30.76
5,2,2026-06-12,32.12
5,2,2026-06-13,24.8
5,2,2026-06-14,19.87
5,2,2026-06-15,27.87
5,2,2026-06-16,29.67
5,2,2026-06-17,29.96
5,2,2026-06-18,30.91
5,2,2026-06-19,32.59
5,2,2026-06-20,24.67
5,2,2026-06-21,20.57
5,2,2026-06-22,27.37
5,2,2026-06-23,29.58
5,2,2026-06-24,30.08
5,2,2026-06-25,30.76
5,2,2026-06-26,32.46
5,2,2026-06-27,25.02
5,2,2026-06-28,20.16
5,2,2026-06-29,28.97
5,2,2026-06-30,31.16
5,3,2026-01-01,25.18
5,3,2026-01-02,25.55
5,3,2026-01-03,18.09
5,3,2026-01-04,15.49
5,3,2026-01-05,21.35
5,3,2026-01-06,22.71
5,3,2026-01-07,23.8
5,3,2026-01-08,23.78
5,3,2026-01-09,25.27
5,3,2026-01-10,19.48
5,3,2026-01-11,15.67
5,3,2026-01-12,21.86
5,3,2026-01-13,22.6
5,3,2026-01-14,23.27
5,3,2026-01-15,23.2
5,3,2026-01-16,24.63
5,3,2026-01-17,19.88
5,3,2026-01-18,15.15
5,3,2026-01-19,22.72
5,3,2026-01-20,22.74
5,3,2026-01-21,22.72
5,3,2026-01-22,22.81
5,3,2026-01-23,23.56
5,3,2026-01-24,19.2
5,3,2026-01-25,15.17
5,3,2026-01-26,22.45
5,3,2026-01-27,22.99
5,3,2026-01-28,23.47
5,3,2026-01-29,23.47
5,3,2026-01-30,24.13
5,3,2026-01-31,18.79
5,3,2026-02-01,15.27
5,3,2026-02-02,21.69
5,3,2026-02-03,22.35
5,3,2026-02-04,22.88
5,3,2026-02-05,23.36
5,3,2026-02-06,24.19
5,3,2026-02-07,18.94
5,3,2026-02-08,15.38
5,3,2026-02-09,21.96
5,3,2026-02-10,22.53
5,3,2026-02-11,23.28
5,3,2026-02-12,23.67
5,3,2026-02-13,24.15
5,3,2026-02-14,19.62
5,3,2026-02-15,15.37
5,3,2026-02-16,22.17
5,3,2026-02-17,22.71
5,3,2026-02-18,22.79
5,3,2026-02-19,23.28
5,3,2026-02-20,24.12
5,3,2026-02-21,19.91
5,3,2026-02-22,15.37
5,3,2026-02-23,21.98
5,3,2026-02-24,22.55
5,3,2026-02-25,23.32
5,3,2026-02-26,23.65
5,3,2026-02-27,24.17
5,3,2026-02-28,19.72
5,3,2026-03-01,15.7
5,3,2026-03-02,22.21
5,3,2026-03-03,22.86
5,3,2026-03-04,22.94
5,3,2026-03-05,23.81
5,3,2026-03-06,24.51
5,3,2026-03-07,19.95
5,3,2026-03-08,15.57
5,3,2026-03-09,21.87
5,3,2026-03-10,22.72
5,3,2026-03-11,23.49
5,3,2026-03-12,23.88
5,3,2026-03-13,24.44
5,3,2026-03-14,19.78
5,3,2026-03-15,15.36
5,3,2026-03-16,21.97
5,3,2026-03-17,22.3
5,3,2026-03-18,22.45
5,3,2026-03-19,23.41
5,3,2026-03-20,24.01
5,3,2026-03-21,19.51
5,3,2026-03-22,15.33
5,3,2026-03-23,21.52
5,3,2026-03-24,22.25
5,3,2026-03-25,23.02
5,3,2026-03-26,23.37
5,3,2026-03-27,24.05
5,3,2026-03-28,19.48
5,3,2026-03-29,15.29
5,3,2026-03-30,21.94
5,3,2026-03-31,22.43
5,3,2026-04-01,22.97
5,3,2026-04-02,23.9
5,3,2026-04-03,24.62
5,3,2026-04-04,19.96
5,3,2026-04-05,15.46
5,3,2026-04-06,21.98
5,3,2026-04-07,22.63
5,3,2026-04-08,23.41
5,3,2026-04-09,23.84
5,3,2026-04-10,24.49
5,3,2026-04-11,19.84
5,3,2026-04-12,15.39
5,3,2026-04-13,21.98
5,3,2026-04-14,22.63
5,3,2026-04-15,22.8
5,3,2026-04-16,23.71
5,3,2026-04-17,24.62
5,3,2026-04-18,19.85
5,3,2026-04-19,15.4
5,3,2026-04-20,22.1
5,3,2026-04-21,22.82
5,3,2026-04-22,23.53
5,3,2026-04-23,24.26
5,3,2026-04-24,25.17
5,3,2026-04-25,19.89
5,3,2026-04-26,15.37
5,3,2026-04-27,21.8
5,3,2026-04-28,22.89
5,3,2026-04-29,23.06
5,3,2026-04-30,23.85
5,3,2026-05-01,25.1
5,3,2026-05-02,19.79
5,3,2026-05-03,15.03
5,3,2026-05-04,22.34
5,3,2026-05-05,23.1
5,3,2026-05-06,23.65
5,3,2026-05-07,24.47
5,3,2026-05-08,25.02
5,3,2026-05-09,19.75
5,3,2026-05-10,15.01
5,3,2026-05-11,22.04
5,3,2026-05-12,22.83
5,3,2026-05-13,23.21
5,3,2026-05-14,23.68
5,3,2026-05-15,24.68
5,3,2026-05-16,20.04
5,3,2026-05-17,15.27
5,3,2026-05-18,22.35
5,3,2026-05-19,23.19
5,3,2026-05-20,23.66
5,3,2026-05-21,24.47
5,3,2026-05-22,24.88
5,3,2026-05-23,19.63
5,3,2026-05-24,15.13
5,3,2026-05-25,22.45
5,3,2026-05-26,22.89
5,3,2026-05-27,23.61
5,3,2026-05-28,23.74
5,3,2026-05-29,24.85
5,3,2026-05-30,19.6
5,3,2026-05-31,15.0
5,3,2026-06-01,21.42
5,3,2026-06-02,22.39
5,3,2026-06-03,22.52
5,3,2026-06-04,23.4
5,3,2026-06-05,24.06
5,3,2026-06-06,19.21
5,3,2026-06-07,14.69
5,3,2026-06-08,21.4
5,3,2026-06-09,21.94
5,3,2026-06-10,22.82
5,3,2026-06-11,23.09
5,3,2026-06-12,23.91
5,3,2026-06-13,18.8
5,3,2026-06-14,14.85
5,3,2026-06-15,21.25
5,3,2026-06-16,22.43
5,3,2026-06-17,22.85
5,3,2026-06-18,23.23
5,3,2026-06-19,24.39
5,3,2026-06-20,19.17
5,3,2026-06-21,15.03
5,3,2026-06-22,21.75
5,3,2026-06-23,21.99
5,3,2026-06-24,22.97
5,3,2026-06-25,23.36
5,3,2026-06-26,23.88
5,3,2026-06-27,19.07
5,3,2026-06-28,15.01
5,3,2026-06-29,21.66
5,3,2026-06-30,22.85
6,1,2026-01-01,55.86
6,1,2026-01-02,53.47
6,1,2026-01-03,39.1
6,1,2026-01-04,35.74
6,1,2026-01-05,47.35
6,1,2026-01-06,51.2
6,1,2026-01-07,47.71
6,1,2026-01-08,41.72
6,1,2026-01-09,46.16
6,1,2026-01-10,39.57
6,1,2026-01-11,31.51
6,1,2026-01-12,44.02
6,1,2026-01-13,44.87
6,1,2026-01-14,45.17
6,1,2026-01-15,47.33
6,1,2026-01-16,50.81
6,1,2026-01-17,40.22
6,1,2026-01-18,31.53
6,1,2026-01-19,45.07
6,1,2026-01-20,43.86
6,1,2026-01-21,45.65
6,1,2026-01-22,49.02
6,1,2026-01-23,47.79
6,1,2026-01-24,39.5
6,1,2026-01-25,32.51
6,1,2026-01-26,45.75
6,1,2026-01-27,45.36
6,1,2026-01-28,47.86
6,1,2026-01-29,47.53
6,1,2026-01-30,49.44
6,1,2026-01-31,38.56
6,1,2026-02-01,31.23
6,1,2026-02-02,45.21
6,1,2026-02-03,48.8
6,1,2026-02-04,47.85
6,1,2026-02-05,47.38
6,1,2026-02-06,48.93
6,1,2026-02-07,37.97
6,1,2026-02-08,30.9
6,1,2026-02-09,45.64
6,1,2026-02-10,48.17
6,1,2026-02-11,46.91
6,1,2026-02-12,49.15
6,1,2026-02-13,50.59
6,1,2026-02-14,39.38
6,1,2026-02-15,32.94
6,1,2026-02-16,45.31
6,1,2026-02-17,47.53
6,1,2026-02-18,47.2
6,1,2026-02-19,47.96
6,1,2026-02-20,49.39
6,1,2026-02-21,38.77
6,1,2026-02-22,32.08
6,1,2026-02-23,45.32
6,1,2026-02-24,46.59
6,1,2026-02-25,47.68
6,1,2026-02-26,48.71
6,1,2026-02-27,50.05
6,1,2026-02-28,38.65
6,1,2026-03-01,35.23
6,1,2026-03-02,46.84
6,1,2026-03-03,48.88
6,1,2026-03-04,49.65
6,1,2026-03-05,50.96
6,1,2026-03-06,51.16
6,1,2026-03-07,40.62
6,1,2026-03-08,33.51
6,1,2026-03-09,45.91
6,1,2026-03-10,49.06
6,1,2026-03-11,48.77
6,1,2026-03-12,49.36
6,1,2026-03-13,52.03
6,1,2026-03-14,40.84
6,1,2026-03-15,34.59
6,1,2026-03-16,44.57
6,1,2026-03-17,47.06
6,1,2026-03-18,48.97
6,1,2026-03-19,49.62
6,1,2026-03-20,51.48
6,1,2026-03-21,39.62
6,1,2026-03-22,33.05
6,1,2026-03-23,43.84
6,1,2026-03-24,48.45
6,1,2026-03-25,48.15
6,1,2026-03-26,48.58
6,1,2026-03-27,50.9
6,1,2026-03-28,39.79
6,1,2026-03-29,32.76
6,1,2026-03-30,43.96
6,1,2026-03-31,46.97
6,1,2026-04-01,48.57
6,1,2026-04-02,49.76
6,1,2026-04-03,49.92
6,1,2026-04-04,40.49
6,1,2026-04-05,33.38
6,1,2026-04-06,45.02
6,1,2026-04-07,48.21
6,1,2026-04-08,46.92
6,1,2026-04-09,47.55
6,1,2026-04-10,50.03
6,1,2026-04-11,39.15
6,1,2026-04-12,33.36
6,1,2026-04-13,45.35
6,1,2026-04-14,47.63
6,1,2026-04-15,47.52
6,1,2026-04-16,48.73
6,1,2026-04-17,49.3
6,1,2026-04-18,39.49
6,1,2026-04-19,33.75
6,1,2026-04-20,44.81
6,1,2026-04-21,47.53
6,1,2026-04-22,48.06
6,1,2026-04-23,48.85
6,1,2026-04-24,50.27
6,1,2026-04-25,38.9
6,1,2026-04-26,33.77
6,1,2026-04-27,44.55
6,1,2026-04-28,48.74
6,1,2026-04-29,48.03
6,1,2026-04-30,48.6
6,1,2026-05-01,49.89
6,1,2026-05-02,39.64
6,1,2026-05-03,34.0
6,1,2026-05-04,44.94
6,1,2026-05-05,48.13
6,1,2026-05-06,47.54
6,1,2026-05-07,48.67
6,1,2026-05-08,50.61
6,1,2026-05-09,38.8
6,1,2026-05-10,33.71
6,1,2026-05-11,44.8
6,1,2026-05-12,47.68
6,1,2026-05-13,47.94
6,1,2026-05-14,48.87
6,1,2026-05-15,50.09
6,1,2026-05-16,39.15
6,1,2026-05-17,33.69
6,1,2026-05-18,45.05
6,1,2026-05-19,47.52
6,1,2026-05-20,48.3
6,1,2026-05-21,48.77
6,1,2026-05-22,49.82
6,1,2026-05-23,39.33
6,1,2026-05-24,33.54
6,1,2026-05-25,45.34
6,1,2026-05-26,47.76
6,1,2026-05-27,47.79
6,1,2026-05-28,48.87
6,1,2026-05-29,50.23
6,1,2026-05-30,39.14
6,1,2026-05-31,33.74
6,1,2026-06-01,42.63
6,1,2026-06-02,46.61
6,1,2026-06-03,45.49
6,1,2026-06-04,45.59
6,1,2026-06-05,47.09
6,1,2026-06-06,36.75
6,1,2026-06-07,31.16
6,1,2026-06-08,42.51
6,1,2026-06-09,44.71
6,1,2026-06-10,45.22
6,1,2026-06-11,45.22
6,1,2026-06-12,47.26
6,1,2026-06-13,36.24
6,1,2026-06-14,31.35
6,1,2026-06-15,42.11
6,1,2026-06-16,45.11
6,1,2026-06-17,44.69
6,1,2026-06-18,46.01
6,1,2026-06-19,47.63
6,1,2026-06-20,36.39
6,1,2026-06-21,32.0
6,1,2026-06-22,42.22
6,1,2026-06-23,44.96
6,1,2026-06-24,44.25
6,1,2026-06-25,45.5
6,1,2026-06-26,47.11
6,1,2026-06-27,37.15
6,1,2026-06-28,32.0
6,1,2026-06-29,44.63
6,1,2026-06-30,44.91
6,2,2026-01-01,38.13
6,2,2026-01-02,41.5
6,2,2026-01-03,32.63
6,2,2026-01-04,26.08
6,2,2026-01-05,33.39
6,2,2026-01-06,35.44
6,2,2026-01-07,36.99
6,2,2026-01-08,38.67
6,2,2026-01-09,39.96
6,2,2026-01-10,31.75
6,2,2026-01-11,25.14
6,2,2026-01-12,31.89
6,2,2026-01-13,35.23
6,2,2026-01-14,35.83
6,2,2026-01-15,36.88
6,2,2026-01-16,37.79
6,2,2026-01-17,28.9
6,2,2026-01-18,23.93
6,2,2026-01-19,31.77
6,2,2026-01-20,33.56
6,2,2026-01-21,35.39
6,2,2026-01-22,36.7
6,2,2026-01-23,37.71
6,2,2026-01-24,32.27
6,2,2026-01-25,25.39
6,2,2026-01-26,35.14
6,2,2026-01-27,34.71
6,2,2026-01-28,37.13
6,2,2026-01-29,35.96
6,2,2026-01-30,37.19
6,2,2026-01-31,29.47
6,2,2026-02-01,23.04
6,2,2026-02-02,34.54
6,2,2026-02-03,34.7
6,2,2026-02-04,34.99
6,2,2026-02-05,35.28
6,2,2026-02-06,36.93
6,2,2026-02-07,29.46
6,2,2026-02-08,23.35
6,2,2026-02-09,33.82
6,2,2026-02-10,34.46
6,2,2026-02-11,35.07
6,2,2026-02-12,35.94
6,2,2026-02-13,37.2
6,2,2026-02-14,30.65
6,2,2026-02-15,24.13
6,2,2026-02-16,34.32
6,2,2026-02-17,34.85
6,2,2026-02-18,35.56
6,2,2026-02-19,36.32
6,2,2026-02-20,37.98
6,2,2026-02-21,30.64
6,2,2026-02-22,24.02
6,2,2026-02-23,34.35
6,2,2026-02-24,34.79
6,2,2026-02-25,35.21
6,2,2026-02-26,36.44
6,2,2026-02-27,38.1
6,2,2026-02-28,30.49
6,2,2026-03-01,24.35
6,2,2026-03-02,33.99
6,2,2026-03-03,34.51
6,2,2026-03-04,35.2
6,2,2026-03-05,36.87
6,2,2026-03-06,37.81
6,2,2026-03-07,30.45
6,2,2026-03-08,23.99
6,2,2026-03-09,34.5
6,2,2026-03-10,34.96
6,2,2026-03-11,35.52
6,2,2026-03-12,37.22
6,2,2026-03-13,37.97
6,2,2026-03-14,30.33
6,2,2026-03-15,24.24
6,2,2026-03-16,33.71
6,2,2026-03-17,34.1
6,2,2026-03-18,35.03
6,2,2026-03-19,36.34
6,2,2026-03-20,37.12
6,2,2026-03-21,29.26
6,2,2026-03-22,23.91
6,2,2026-03-23,33.24
6,2,2026-03-24,33.59
6,2,2026-03-25,34.42
6,2,2026-03-26,35.14
6,2,2026-03-27,36.42
6,2,2026-03-28,29.4
6,2,2026-03-29,24.06
6,2,2026-03-30,34.47
6,2,2026-03-31,34.14
6,2,2026-04-01,35.07
6,2,2026-04-02,36.85
6,2,2026-04-03,37.78
6,2,2026-04-04,30.68
6,2,2026-04-05,24.67
6,2,2026-04-06,34.71
6,2,2026-04-07,34.71
6,2,2026-04-08,35.38
6,2,2026-04-09,36.51
6,2,2026-04-10,38.08
6,2,2026-04-11,30.89
6,2,2026-04-12,24.01
6,2,2026-04-13,34.23
6,2,2026-04-14,34.67
6,2,2026-04-15,35.29
6,2,2026-04-16,36.94
6,2,2026-04-17,38.1
6,2,2026-04-18,29.95
6,2,2026-04-19,23.71
6,2,2026-04-20,34.31
6,2,2026-04-21,34.73
6,2,2026-04-22,35.23
6,2,2026-04-23,36.94
6,2,2026-04-24,38.21
6,2,2026-04-25,29.7
6,2,2026-04-26,23.98
6,2,2026-04-27,34.48
6,2,2026-04-28,34.95
6,2,2026-04-29,35.37
6,2,2026-04-30,36.97
6,2,2026-05-01,38.07
6,2,2026-05-02,30.7
6,2,2026-05-03,24.1
6,2,2026-05-04,34.18
6,2,2026-05-05,34.9
6,2,2026-05-06,35.51
6,2,2026-05-07,37.07
6,2,2026-05-08,37.87
6,2,2026-05-09,30.54
6,2,2026-05-10,24.29
6,2,2026-05-11,34.14
6,2,2026-05-12,34.88
6,2,2026-05-13,35.49
6,2,2026-05-14,37.08
6,2,2026-05-15,37.91
6,2,2026-05-16,29.76
6,2,2026-05-17,23.95
6,2,2026-05-18,34.5
6,2,2026-05-19,34.88
6,2,2026-05-20,35.48
6,2,2026-05-21,36.96
6,2,2026-05-22,38.04
6,2,2026-05-23,29.75
6,2,2026-05-24,24.04
6,2,2026-05-25,34.34
6,2,2026-05-26,35.08
6,2,2026-05-27,35.84
6,2,2026-05-28,37.27
6,2,2026-05-29,38.37
6,2,2026-05-30,30.87
6,2,2026-05-31,24.53
6,2,2026-06-01,32.49
6,2,2026-06-02,33.57
6,2,2026-06-03,34.05
6,2,2026-06-04,35.37
6,2,2026-06-05,36.25
6,2,2026-06-06,28.6
6,2,2026-06-07,24.04
6,2,2026-06-08,33.78
6,2,2026-06-09,34.23
6,2,2026-06-10,34.22
6,2,2026-06-11,35.27
6,2,2026-06-12,36.54
6,2,2026-06-13,27.6
6,2,2026-06-14,23.89
6,2,2026-06-15,34.21
6,2,2026-06-16,34.34
6,2,2026-06-17,34.51
6,2,2026-06-18,35.01
6,2,2026-06-19,36.2
6,2,2026-06-20,28.01
6,2,2026-06-21,24.54
6,2,2026-06-22,33.7
6,2,2026-06-23,33.61
6,2,2026-06-24,34.58
6,2,2026-06-25,34.79
6,2,2026-06-26,35.74
6,2,2026-06-27,28.71
6,2,2026-06-28,24.42
6,2,2026-06-29,34.63
6,2,2026-06-30,34.61
6,3,2026-01-01,26.86
6,3,2026-01-02,27.73
6,3,2026-01-03,19.87
6,3,2026-01-04,19.0
6,3,2026-01-05,26.06
6,3,2026-01-06,27.06
6,3,2026-01-07,27.8
6,3,2026-01-08,29.71
6,3,2026-01-09,30.55
6,3,2026-01-10,23.14
6,3,2026-01-11,19.21
6,3,2026-01-12,22.49
6,3,2026-01-13,24.22
6,3,2026-01-14,25.0
6,3,2026-01-15,26.87
6,3,2026-01-16,30.65
6,3,2026-01-17,20.85
6,3,2026-01-18,18.84
6,3,2026-01-19,23.37
6,3,2026-01-20,25.62
6,3,2026-01-21,26.97
6,3,2026-01-22,27.39
6,3,2026-01-23,29.87
6,3,2026-01-24,22.86
6,3,2026-01-25,18.24
6,3,2026-01-26,24.74
6,3,2026-01-27,26.81
6,3,2026-01-28,26.78
6,3,2026-01-29,27.19
6,3,2026-01-30,28.88
6,3,2026-01-31,21.05
6,3,2026-02-01,19.08
6,3,2026-02-02,25.43
6,3,2026-02-03,26.39
6,3,2026-02-04,27.02
6,3,2026-02-05,27.95
6,3,2026-02-06,29.24
6,3,2026-02-07,22.67
6,3,2026-02-08,18.33
6,3,2026-02-09,25.77
6,3,2026-02-10,26.39
6,3,2026-02-11,26.81
6,3,2026-02-12,27.41
6,3,2026-02-13,29.23
6,3,2026-02-14,22.08
6,3,2026-02-15,18.99
6,3,2026-02-16,26.12
6,3,2026-02-17,26.56
6,3,2026-02-18,26.79
6,3,2026-02-19,27.8
6,3,2026-02-20,28.98
6,3,2026-02-21,22.73
6,3,2026-02-22,19.42
6,3,2026-02-23,26.29
6,3,2026-02-24,26.23
6,3,2026-02-25,26.43
6,3,2026-02-26,27.62
6,3,2026-02-27,29.22
6,3,2026-02-28,22.57
6,3,2026-03-01,19.5
6,3,2026-03-02,26.58
6,3,2026-03-03,26.43
6,3,2026-03-04,26.92
6,3,2026-03-05,27.84
6,3,2026-03-06,29.13
6,3,2026-03-07,23.07
6,3,2026-03-08,19.8
6,3,2026-03-09,26.67
6,3,2026-03-10,26.54
6,3,2026-03-11,26.84
6,3,2026-03-12,27.98
6,3,2026-03-13,29.49
6,3,2026-03-14,22.77
6,3,2026-03-15,19.27
6,3,2026-03-16,26.17
6,3,2026-03-17,26.24
6,3,2026-03-18,26.46
6,3,2026-03-19,27.72
6,3,2026-03-20,29.56
6,3,2026-03-21,22.4
6,3,2026-03-22,18.77
6,3,2026-03-23,26.17
6,3,2026-03-24,25.97
6,3,2026-03-25,26.14
6,3,2026-03-26,27.46
6,3,2026-03-27,29.1
6,3,2026-03-28,22.56
6,3,2026-03-29,19.19
6,3,2026-03-30,26.42
6,3,2026-03-31,26.36
6,3,2026-04-01,27.14
6,3,2026-04-02,28.23
6,3,2026-04-03,29.92
6,3,2026-04-04,23.29
6,3,2026-04-05,19.21
6,3,2026-04-06,26.52
6,3,2026-04-07,26.52
6,3,2026-04-08,26.78
6,3,2026-04-09,28.29
6,3,2026-04-10,29.83
6,3,2026-04-11,22.71
6,3,2026-04-12,19.28
6,3,2026-04-13,26.6
6,3,2026-04-14,26.62
6,3,2026-04-15,27.16
6,3,2026-04-16,27.87
6,3,2026-04-17,29.87
6,3,2026-04-18,22.86
6,3,2026-04-19,19.32
6,3,2026-04-20,26.62
6,3,2026-04-21,26.9
6,3,2026-04-22,26.94
6,3,2026-04-23,27.57
6,3,2026-04-24,29.65
6,3,2026-04-25,22.99
6,3,2026-04-26,19.53
6,3,2026-04-27,26.58
6,3,2026-04-28,26.69
6,3,2026-04-29,27.39
6,3,2026-04-30,28.4
6,3,2026-05-01,29.47
6,3,2026-05-02,23.4
6,3,2026-05-03,19.33
6,3,2026-05-04,26.23
6,3,2026-05-05,26.48
6,3,2026-05-06,26.58
6,3,2026-05-07,28.35
6,3,2026-05-08,29.69
6,3,2026-05-09,22.81
6,3,2026-05-10,19.56
6,3,2026-05-11,26.7
6,3,2026-05-12,26.48
6,3,2026-05-13,27.16
6,3,2026-05-14,27.36
6,3,2026-05-15,29.64
6,3,2026-05-16,22.93
6,3,2026-05-17,19.56
6,3,2026-05-18,26.72
6,3,2026-05-19,26.52
6,3,2026-05-20,26.63
6,3,2026-05-21,27.26
6,3,2026-05-22,29.66
6,3,2026-05-23,22.93
6,3,2026-05-24,19.57
6,3,2026-05-25,26.78
6,3,2026-05-26,26.59
6,3,2026-05-27,27.26
6,3,2026-05-28,28.33
6,3,2026-05-29,29.49
6,3,2026-05-30,23.37
6,3,2026-05-31,19.42
6,3,2026-06-01,25.09
6,3,2026-06-02,25.53
6,3,2026-06-03,25.6
6,3,2026-06-04,27.46
6,3,2026-06-05,28.75
6,3,2026-06-06,21.9
6,3,2026-06-07,19.06
6,3,2026-06-08,25.43
6,3,2026-06-09,25.4
6,3,2026-06-10,25.99
6,3,2026-06-11,26.6
6,3,2026-06-12,28.34
6,3,2026-06-13,22.4
6,3,2026-06-14,19.19
6,3,2026-06-15,25.54
6,3,2026-06-16,25.69
6,3,2026-06-17,26.01
6,3,2026-06-18,27.64
6,3,2026-06-19,28.64
6,3,2026-06-20,21.95
6,3,2026-06-21,18.36
6,3,2026-06-22,25.89
6,3,2026-06-23,25.53
6,3,2026-06-24,26.12
6,3,2026-06-25,27.5
6,3,2026-06-26,28.61
6,3,2026-06-27,22.25
6,3,2026-06-28,18.53
6,3,2026-06-29,26.6
6,3,2026-06-30,26.6
7,1,2026-01-01,26.87
7,1,2026-01-02,25.61
7,1,2026-01-03,17.55
7,1,2026-01-04,14.62
7,1,2026-01-05,21.11
7,1,2026-01-06,21.3
7,1,2026-01-07,22.97
7,1,2026-01-08,23.06
7,1,2026-01-09,25.85
7,1,2026-01-10,20.16
7,1,2026-01-11,15.78
7,1,2026-01-12,20.68
7,1,2026-01-13,22.82
7,1,2026-01-14,24.01
7,1,2026-01-15,24.94
7,1,2026-01-16,27.56
7,1,2026-01-17,20.48
7,1,2026-01-18,16.09
7,1,2026-01-19,21.9
7,1,2026-01-20,22.27
7,1,2026-01-21,23.45
7,1,2026-01-22,24.16
7,1,2026-01-23,24.91
7,1,2026-01-24,19.06
7,1,2026-01-25,15.93
7,1,2026-01-26,21.84
7,1,2026-01-27,23.04
7,1,2026-01-28,23.68
7,1,2026-01-29,24.25
7,1,2026-01-30,25.16
7,1,2026-01-31,18.75
7,1,2026-02-01,15.11
7,1,2026-02-02,21.6
7,1,2026-02-03,22.05
7,1,2026-02-04,23.22
7,1,2026-02-05,23.96
7,1,2026-02-06,25.8
7,1,2026-02-07,19.42
7,1,2026-02-08,15.14
7,1,2026-02-09,21.38
7,1,2026-02-10,22.83
7,1,2026-02-11,23.63
7,1,2026-02-12,24.65
7,1,2026-02-13,26.07
7,1,2026-02-14,20.37
7,1,2026-02-15,15.51
7,1,2026-02-16,21.24
7,1,2026-02-17,22.72
7,1,2026-02-18,23.79
7,1,2026-02-19,23.82
7,1,2026-02-20,25.04
7,1,2026-02-21,19.66
7,1,2026-02-22,15.05
7,1,2026-02-23,21.43
7,1,2026-02-24,22.72
7,1,2026-02-25,23.37
7,1,2026-02-26,24.06
7,1,2026-02-27,25.49
7,1,2026-02-28,19.88
7,1,2026-03-01,15.87
7,1,2026-03-02,22.01
7,1,2026-03-03,23.52
7,1,2026-03-04,24.39
7,1,2026-03-05,24.86
7,1,2026-03-06,25.64
7,1,2026-03-07,19.67
7,1,2026-03-08,15.59
7,1,2026-03-09,21.42
7,1,2026-03-10,22.83
7,1,2026-03-11,23.72
7,1,2026-03-12,24.48
7,1,2026-03-13,25.7
7,1,2026-03-14,19.57
7,1,2026-03-15,15.36
7,1,2026-03-16,21.69
7,1,2026-03-17,22.69
7,1,2026-03-18,23.67
7,1,2026-03-19,24.12
7,1,2026-03-20,25.29
7,1,2026-03-21,19.53
7,1,2026-03-22,15.27
7,1,2026-03-23,21.03
7,1,2026-03-24,22.34
7,1,2026-03-25,23.37
7,1,2026-03-26,23.98
7,1,2026-03-27,25.04
7,1,2026-03-28,19.8
7,1,2026-03-29,15.5
7,1,2026-03-30,21.74
7,1,2026-03-31,22.9
7,1,2026-04-01,24.59
7,1,2026-04-02,25.69
7,1,2026-04-03,25.64
7,1,2026-04-04,19.92
7,1,2026-04-05,15.41
7,1,2026-04-06,21.76
7,1,2026-04-07,23.05
7,1,2026-04-08,23.77
7,1,2026-04-09,24.45
7,1,2026-04-10,25.58
7,1,2026-04-11,19.77
7,1,2026-04-12,15.3
7,1,2026-04-13,21.94
7,1,2026-04-14,23.28
7,1,2026-04-15,24.53
7,1,2026-04-16,24.77
7,1,2026-04-17,25.77
7,1,2026-04-18,19.83
7,1,2026-04-19,15.45
7,1,2026-04-20,22.14
7,1,2026-04-21,23.7
7,1,2026-04-22,24.04
7,1,2026-04-23,25.18
7,1,2026-04-24,26.32
7,1,2026-04-25,20.49
7,1,2026-04-26,16.21
7,1,2026-04-27,22.46
7,1,2026-04-28,24.02
7,1,2026-04-29,25.41
7,1,2026-04-30,26.11
7,1,2026-05-01,26.73
7,1,2026-05-02,20.49
7,1,2026-05-03,16.07
7,1,2026-05-04,23.51
7,1,2026-05-05,25.0
7,1,2026-05-06,25.31
7,1,2026-05-07,25.82
7,1,2026-05-08,26.24
7,1,2026-05-09,20.27
7,1,2026-05-10,16.49
7,1,2026-05-11,23.32
7,1,2026-05-12,24.94
7,1,2026-05-13,25.26
7,1,2026-05-14,25.96
7,1,2026-05-15,26.34
7,1,2026-05-16,20.4
7,1,2026-05-17,16.59
7,1,2026-05-18,23.81
7,1,2026-05-19,25.0
7,1,2026-05-20,25.33
7,1,2026-05-21,25.66
7,1,2026-05-22,25.72
7,1,2026-05-23,20.45
7,1,2026-05-24,16.66
7,1,2026-05-25,23.99
7,1,2026-05-26,24.87
7,1,2026-05-27,25.22
7,1,2026-05-28,25.5
7,1,2026-05-29,25.97
7,1,2026-05-30,20.43
7,1,2026-05-31,16.65
7,1,2026-06-01,23.08
7,1,2026-06-02,23.85
7,1,2026-06-03,23.93
7,1,2026-06-04,24.4
7,1,2026-06-05,24.8
7,1,2026-06-06,19.47
7,1,2026-06-07,15.2
7,1,2026-06-08,22.31
7,1,2026-06-09,23.44
7,1,2026-06-10,23.78
7,1,2026-06-11,24.49
7,1,2026-06-12,25.03
7,1,2026-06-13,19.28
7,1,2026-06-14,14.93
7,1,2026-06-15,22.58
7,1,2026-06-16,23.52
7,1,2026-06-17,24.19
7,1,2026-06-18,24.82
7,1,2026-06-19,25.57
7,1,2026-06-20,19.33
7,1,2026-06-21,15.21
7,1,2026-06-22,22.66
7,1,2026-06-23,23.56
7,1,2026-06-24,23.73
7,1,2026-06-25,24.53
7,1,2026-06-26,25.54
7,1,2026-06-27,19.56
7,1,2026-06-28,15.27
7,1,2026-06-29,23.23
7,1,2026-06-30,24.19
7,2,2026-01-01,28.55
7,2,2026-01-02,29.75
7,2,2026-01-03,22.13
7,2,2026-01-04,19.72
7,2,2026-01-05,28.0
7,2,2026-01-06,27.3
7,2,2026-01-07,30.07
7,2,2026-01-08,27.91
7,2,2026-01-09,29.34
7,2,2026-01-10,21.41
7,2,2026-01-11,18.53
7,2,2026-01-12,23.77
7,2,2026-01-13,26.41
7,2,2026-01-14,29.31
7,2,2026-01-15,26.33
7,2,2026-01-16,28.48
7,2,2026-01-17,21.0
7,2,2026-01-18,18.75
7,2,2026-01-19,23.8
7,2,2026-01-20,25.11
7,2,2026-01-21,25.58
7,2,2026-01-22,26.12
7,2,2026-01-23,27.15
7,2,2026-01-24,20.93
7,2,2026-01-25,18.27
7,2,2026-01-26,24.59
7,2,2026-01-27,26.41
7,2,2026-01-28,26.76
7,2,2026-01-29,26.55
7,2,2026-01-30,26.84
7,2,2026-01-31,19.91
7,2,2026-02-01,18.24
7,2,2026-02-02,25.03
7,2,2026-02-03,25.08
7,2,2026-02-04,25.71
7,2,2026-02-05,26.21
7,2,2026-02-06,27.4
7,2,2026-02-07,20.01
7,2,2026-02-08,17.63
7,2,2026-02-09,24.48
7,2,2026-02-10,25.21
7,2,2026-02-11,25.65
7,2,2026-02-12,26.24
7,2,2026-02-13,27.09
7,2,2026-02-14,20.62
7,2,2026-02-15,17.51
7,2,2026-02-16,24.6
7,2,2026-02-17,25.59
7,2,2026-02-18,25.99
7,2,2026-02-19,26.36
7,2,2026-02-20,26.86
7,2,2026-02-21,20.41
7,2,2026-02-22,17.62
7,2,2026-02-23,24.95
7,2,2026-02-24,25.36
7,2,2026-02-25,25.7
7,2,2026-02-26,26.33
7,2,2026-02-27,27.23
7,2,2026-02-28,20.38
7,2,2026-03-01,18.07
7,2,2026-03-02,25.34
7,2,2026-03-03,25.61
7,2,2026-03-04,26.02
7,2,2026-03-05,25.91
7,2,2026-03-06,26.07
7,2,2026-03-07,20.58
7,2,2026-03-08,17.95
7,2,2026-03-09,24.9
7,2,2026-03-10,25.44
7,2,2026-03-11,25.7
7,2,2026-03-12,25.84
7,2,2026-03-13,26.34
7,2,2026-03-14,20.55
7,2,2026-03-15,17.57
7,2,2026-03-16,24.46
7,2,2026-03-17,25.07
7,2,2026-03-18,25.49
7,2,2026-03-19,25.76
7,2,2026-03-20,26.43
7,2,2026-03-21,19.98
7,2,2026-03-22,17.11
7,2,2026-03-23,24.13
7,2,2026-03-24,23.94
7,2,2026-03-25,23.97
7,2,2026-03-26,24.37
7,2,2026-03-27,25.45
7,2,2026-03-28,18.74
7,2,2026-03-29,16.84
7,2,2026-03-30,23.08
7,2,2026-03-31,23.47
7,2,2026-04-01,23.79
7,2,2026-04-02,24.83
7,2,2026-04-03,25.83
7,2,2026-04-04,19.23
7,2,2026-04-05,15.96
7,2,2026-04-06,22.62
7,2,2026-04-07,23.27
7,2,2026-04-08,23.83
7,2,2026-04-09,24.68
7,2,2026-04-10,25.64
7,2,2026-04-11,19.48
7,2,2026-04-12,15.45
7,2,2026-04-13,22.6
7,2,2026-04-14,23.17
7,2,2026-04-15,23.81
7,2,2026-04-16,24.63
7,2,2026-04-17,25.72
7,2,2026-04-18,19.24
7,2,2026-04-19,15.23
7,2,2026-04-20,22.59
7,2,2026-04-21,23.14
7,2,2026-04-22,23.77
7,2,2026-04-23,24.4
7,2,2026-04-24,25.53
7,2,2026-04-25,19.39
7,2,2026-04-26,15.29
7,2,2026-04-27,22.25
7,2,2026-04-28,22.79
7,2,2026-04-29,22.99
7,2,2026-04-30,23.72
7,2,2026-05-01,24.67
7,2,2026-05-02,18.86
7,2,2026-05-03,15.01
7,2,2026-05-04,21.67
7,2,2026-05-05,22.85
7,2,2026-05-06,23.25
7,2,2026-05-07,24.25
7,2,2026-05-08,24.63
7,2,2026-05-09,19.05
7,2,2026-05-10,14.89
7,2,2026-05-11,21.35
7,2,2026-05-12,22.69
7,2,2026-05-13,22.88
7,2,2026-05-14,23.18
7,2,2026-05-15,24.37
7,2,2026-05-16,19.49
7,2,2026-05-17,14.93
7,2,2026-05-18,21.37
7,2,2026-05-19,22.74
7,2,2026-05-20,23.09
7,2,2026-05-21,24.14
7,2,2026-05-22,24.59
7,2,2026-05-23,19.4
7,2,2026-05-24,14.7
7,2,2026-05-25,21.37
7,2,2026-05-26,22.48
7,2,2026-05-27,22.67
7,2,2026-05-28,23.06
7,2,2026-05-29,24.32
7,2,2026-05-30,19.44
7,2,2026-05-31,14.74
7,2,2026-06-01,20.22
7,2,2026-06-02,21.23
7,2,2026-06-03,21.59
7,2,2026-06-04,22.34
7,2,2026-06-05,21.65
7,2,2026-06-06,17.32
7,2,2026-06-07,13.38
7,2,2026-06-08,19.48
7,2,2026-06-09,19.84
7,2,2026-06-10,20.05
7,2,2026-06-11,20.83
7,2,2026-06-12,20.55
7,2,2026-06-13,16.73
7,2,2026-06-14,12.91
7,2,2026-06-15,18.93
7,2,2026-06-16,19.57
7,2,2026-06-17,19.69
7,2,2026-06-18,20.12
7,2,2026-06-19,20.23
7,2,2026-06-20,16.27
7,2,2026-06-21,12.44
7,2,2026-06-22,19.29
7,2,2026-06-23,19.31
7,2,2026-06-24,19.41
7,2,2026-06-25,19.63
7,2,2026-06-26,19.66
7,2,2026-06-27,15.89
7,2,2026-06-28,11.79
7,2,2026-06-29,18.38
7,2,2026-06-30,19.34
7,3,2026-01-01,14.11
7,3,2026-01-02,15.0
7,3,2026-01-03,13.06
7,3,2026-01-04,9.9
7,3,2026-01-05,11.98
7,3,2026-01-06,15.16
7,3,2026-01-07,14.23
7,3,2026-01-08,13.87
7,3,2026-01-09,14.63
7,3,2026-01-10,10.97
7,3,2026-01-11,8.8
7,3,2026-01-12,12.87
7,3,2026-01-13,14.87
7,3,2026-01-14,14.94
7,3,2026-01-15,14.18
7,3,2026-01-16,15.03
7,3,2026-01-17,10.55
7,3,2026-01-18,8.4
7,3,2026-01-19,12.03
7,3,2026-01-20,14.21
7,3,2026-01-21,14.51
7,3,2026-01-22,14.54
7,3,2026-01-23,14.83
7,3,2026-01-24,11.64
7,3,2026-01-25,9.14
7,3,2026-01-26,11.95
7,3,2026-01-27,14.31
7,3,2026-01-28,14.67
7,3,2026-01-29,14.5
7,3,2026-01-30,14.95
7,3,2026-01-31,10.75
7,3,2026-02-01,8.93
7,3,2026-02-02,12.25
7,3,2026-02-03,14.2
7,3,2026-02-04,14.36
7,3,2026-02-05,14.59
7,3,2026-02-06,14.74
7,3,2026-02-07,10.58
7,3,2026-02-08,9.1
7,3,2026-02-09,12.42
7,3,2026-02-10,14.14
7,3,2026-02-11,14.38
7,3,2026-02-12,14.46
7,3,2026-02-13,14.84
7,3,2026-02-14,10.37
7,3,2026-02-15,9.17
7,3,2026-02-16,12.46
7,3,2026-02-17,14.08
7,3,2026-02-18,14.31
7,3,2026-02-19,14.4
7,3,2026-02-20,14.58
7,3,2026-02-21,10.34
7,3,2026-02-22,8.43
7,3,2026-02-23,11.54
7,3,2026-02-24,13.94
7,3,2026-02-25,14.13
7,3,2026-02-26,14.21
7,3,2026-02-27,14.4
7,3,2026-02-28,10.18
7,3,2026-03-01,9.25
7,3,2026-03-02,11.94
7,3,2026-03-03,13.81
7,3,2026-03-04,14.48
7,3,2026-03-05,14.68
7,3,2026-03-06,15.01
7,3,2026-03-07,11.04
7,3,2026-03-08,9.22
7,3,2026-03-09,13.03
7,3,2026-03-10,13.82
7,3,2026-03-11,14.68
7,3,2026-03-12,14.84
7,3,2026-03-13,15.11
7,3,2026-03-14,11.53
7,3,2026-03-15,9.27
7,3,2026-03-16,13.06
7,3,2026-03-17,13.64
7,3,2026-03-18,14.57
7,3,2026-03-19,14.63
7,3,2026-03-20,14.86
7,3,2026-03-21,10.95
7,3,2026-03-22,9.17
7,3,2026-03-23,12.51
7,3,2026-03-24,13.57
7,3,2026-03-25,14.09
7,3,2026-03-26,14.21
7,3,2026-03-27,14.6
7,3,2026-03-28,10.48
7,3,2026-03-29,8.86
7,3,2026-03-30,11.56
7,3,2026-03-31,13.06
7,3,2026-04-01,14.7
7,3,2026-04-02,14.88
7,3,2026-04-03,15.34
7,3,2026-04-04,11.52
7,3,2026-04-05,9.97
7,3,2026-04-06,13.06
7,3,2026-04-07,14.1
7,3,2026-04-08,14.71
7,3,2026-04-09,14.9
7,3,2026-04-10,15.35
7,3,2026-04-11,11.91
7,3,2026-04-12,9.82
7,3,2026-04-13,13.62
7,3,2026-04-14,14.61
7,3,2026-04-15,14.7
7,3,2026-04-16,14.88
7,3,2026-04-17,15.38
7,3,2026-04-18,11.78
7,3,2026-04-19,9.71
7,3,2026-04-20,13.25
7,3,2026-04-21,14.71
7,3,2026-04-22,14.78
7,3,2026-04-23,14.97
7,3,2026-04-24,15.43
7,3,2026-04-25,11.91
7,3,2026-04-26,9.91
7,3,2026-04-27,13.13
7,3,2026-04-28,14.65
7,3,2026-04-29,14.78
7,3,2026-04-30,14.97
7,3,2026-05-01,15.63
7,3,2026-05-02,11.88
7,3,2026-05-03,9.8
7,3,2026-05-04,13.58
7,3,2026-05-05,14.57
7,3,2026-05-06,14.9
7,3,2026-05-07,15.08
7,3,2026-05-08,15.76
7,3,2026-05-09,11.87
7,3,2026-05-10,9.79
7,3,2026-05-11,13.59
7,3,2026-05-12,14.58
7,3,2026-05-13,14.9
7,3,2026-05-14,15.07
7,3,2026-05-15,15.76
7,3,2026-05-16,11.41
7,3,2026-05-17,9.75
7,3,2026-05-18,13.56
7,3,2026-05-19,14.55
7,3,2026-05-20,14.88
7,3,2026-05-21,15.14
7,3,2026-05-22,15.75
7,3,2026-05-23,11.85
7,3,2026-05-24,9.77
7,3,2026-05-25,13.62
7,3,2026-05-26,14.65
7,3,2026-05-27,14.97
7,3,2026-05-28,15.23
7,3,2026-05-29,15.85
7,3,2026-05-30,11.91
7,3,2026-05-31,9.45
7,3,2026-06-01,12.48
7,3,2026-06-02,13.8
7,3,2026-06-03,14.1
7,3,2026-06-04,14.36
7,3,2026-06-05,14.7
7,3,2026-06-06,10.73
7,3,2026-06-07,8.98
7,3,2026-06-08,12.35
7,3,2026-06-09,13.08
7,3,2026-06-10,14.03
7,3,2026-06-11,14.34
7,3,2026-06-12,14.56
7,3,2026-06-13,10.17
7,3,2026-06-14,9.11
7,3,2026-06-15,11.72
7,3,2026-06-16,13.4
7,3,2026-06-17,14.31
7,3,2026-06-18,14.66
7,3,2026-06-19,14.8
7,3,2026-06-20,10.47
7,3,2026-06-21,9.39
7,3,2026-06-22,11.81
7,3,2026-06-23,13.52
7,3,2026-06-24,14.22
7,3,2026-06-25,14.61
7,3,2026-06-26,14.83
7,3,2026-06-27,10.47
7,3,2026-06-28,9.11
7,3,2026-06-29,12.35
7,3,2026-06-30,14.11
8,1,2026-01-01,31.43
8,1,2026-01-02,33.96
8,1,2026-01-03,26.19
8,1,2026-01-04,21.52
8,1,2026-01-05,30.69
8,1,2026-01-06,35.21
8,1,2026-01-07,33.96
8,1,2026-01-08,32.76
8,1,2026-01-09,34.19
8,1,2026-01-10,26.54
8,1,2026-01-11,22.33
8,1,2026-01-12,31.51
8,1,2026-01-13,34.33
8,1,2026-01-14,33.32
8,1,2026-01-15,33.24
8,1,2026-01-16,35.81
8,1,2026-01-17,27.74
8,1,2026-01-18,21.86
8,1,2026-01-19,31.14
8,1,2026-01-20,32.61
8,1,2026-01-21,33.08
8,1,2026-01-22,33.55
8,1,2026-01-23,33.98
8,1,2026-01-24,27.37
8,1,2026-01-25,21.74
8,1,2026-01-26,30.92
8,1,2026-01-27,34.16
8,1,2026-01-28,33.36
8,1,2026-01-29,33.22
8,1,2026-01-30,34.78
8,1,2026-01-31,27.29
8,1,2026-02-01,21.32
8,1,2026-02-02,30.64
8,1,2026-02-03,32.45
8,1,2026-02-04,33.51
8,1,2026-02-05,33.42
8,1,2026-02-06,35.28
8,1,2026-02-07,27.29
8,1,2026-02-08,21.33
8,1,2026-02-09,30.54
8,1,2026-02-10,34.02
8,1,2026-02-11,33.93
8,1,2026-02-12,34.11
8,1,2026-02-13,36.22
8,1,2026-02-14,28.17
8,1,2026-02-15,22.17
8,1,2026-02-16,31.14
8,1,2026-02-17,31.87
8,1,2026-02-18,33.66
8,1,2026-02-19,34.28
8,1,2026-02-20,35.41
8,1,2026-02-21,28.03
8,1,2026-02-22,22.36
8,1,2026-02-23,31.93
8,1,2026-02-24,34.38
8,1,2026-02-25,34.44
8,1,2026-02-26,34.68
8,1,2026-02-27,35.76
8,1,2026-02-28,28.69
8,1,2026-03-01,23.66
8,1,2026-03-02,34.33
8,1,2026-03-03,34.38
8,1,2026-03-04,34.99
8,1,2026-03-05,35.42
8,1,2026-03-06,37.03
8,1,2026-03-07,30.3
8,1,2026-03-08,24.44
8,1,2026-03-09,33.28
8,1,2026-03-10,34.14
8,1,2026-03-11,34.61
8,1,2026-03-12,35.08
8,1,2026-03-13,36.38
8,1,2026-03-14,29.58
8,1,2026-03-15,24.78
8,1,2026-03-16,33.29
8,1,2026-03-17,32.99
8,1,2026-03-18,34.23
8,1,2026-03-19,34.75
8,1,2026-03-20,36.36
8,1,2026-03-21,28.77
8,1,2026-03-22,24.35
8,1,2026-03-23,33.74
8,1,2026-03-24,34.27
8,1,2026-03-25,34.1
8,1,2026-03-26,34.54
8,1,2026-03-27,35.82
8,1,2026-03-28,28.97
8,1,2026-03-29,24.42
8,1,2026-03-30,34.74
8,1,2026-03-31,33.63
8,1,2026-04-01,34.55
8,1,2026-04-02,35.33
8,1,2026-04-03,37.44
8,1,2026-04-04,29.78
8,1,2026-04-05,24.52
8,1,2026-04-06,34.26
8,1,2026-04-07,34.02
8,1,2026-04-08,34.52
8,1,2026-04-09,35.15
8,1,2026-04-10,36.42
8,1,2026-04-11,28.88
8,1,2026-04-12,24.62
8,1,2026-04-13,34.24
8,1,2026-04-14,33.58
8,1,2026-04-15,34.84
8,1,2026-04-16,35.25
8,1,2026-04-17,37.38
8,1,2026-04-18,29.6
8,1,2026-04-19,24.54
8,1,2026-04-20,34.35
8,1,2026-04-21,34.01
8,1,2026-04-22,34.51
8,1,2026-04-23,35.16
8,1,2026-04-24,36.96
8,1,2026-04-25,29.13
8,1,2026-04-26,24.54
8,1,2026-04-27,34.55
8,1,2026-04-28,34.02
8,1,2026-04-29,34.85
8,1,2026-04-30,35.35
8,1,2026-05-01,37.22
8,1,2026-05-02,29.56
8,1,2026-05-03,24.5
8,1,2026-05-04,34.41
8,1,2026-05-05,34.07
8,1,2026-05-06,34.64
8,1,2026-05-07,35.29
8,1,2026-05-08,37.01
8,1,2026-05-09,29.88
8,1,2026-05-10,24.48
8,1,2026-05-11,34.47
8,1,2026-05-12,34.09
8,1,2026-05-13,34.75
8,1,2026-05-14,35.46
8,1,2026-05-15,37.32
8,1,2026-05-16,29.72
8,1,2026-05-17,24.41
8,1,2026-05-18,34.34
8,1,2026-05-19,34.14
8,1,2026-05-20,34.76
8,1,2026-05-21,35.39
8,1,2026-05-22,37.23
8,1,2026-05-23,29.82
8,1,2026-05-24,24.41
8,1,2026-05-25,34.49
8,1,2026-05-26,34.26
8,1,2026-05-27,34.92
8,1,2026-05-28,35.61
8,1,2026-05-29,37.41
8,1,2026-05-30,29.93
8,1,2026-05-31,24.53
8,1,2026-06-01,32.93
8,1,2026-06-02,32.66
8,1,2026-06-03,33.89
8,1,2026-06-04,33.91
8,1,2026-06-05,36.43
8,1,2026-06-06,27.71
8,1,2026-06-07,24.29
8,1,2026-06-08,33.49
8,1,2026-06-09,33.72
8,1,2026-06-10,34.14
8,1,2026-06-11,34.89
8,1,2026-06-12,36.07
8,1,2026-06-13,27.72
8,1,2026-06-14,23.81
8,1,2026-06-15,33.32
8,1,2026-06-16,33.68
8,1,2026-06-17,34.1
8,1,2026-06-18,34.76
8,1,2026-06-19,36.06
8,1,2026-06-20,27.82
8,1,2026-06-21,24.2
8,1,2026-06-22,33.7
8,1,2026-06-23,33.89
8,1,2026-06-24,34.41
8,1,2026-06-25,35.28
8,1,2026-06-26,37.04
8,1,2026-06-27,28.96
8,1,2026-06-28,24.16
8,1,2026-06-29,33.69
8,1,2026-06-30,34.14
8,2,2026-01-01,27.0
8,2,2026-01-02,27.03
8,2,2026-01-03,20.59
8,2,2026-01-04,18.52
8,2,2026-01-05,24.98
8,2,2026-01-06,25.68
8,2,2026-01-07,26.12
8,2,2026-01-08,28.83
8,2,2026-01-09,29.54
8,2,2026-01-10,22.61
8,2,2026-01-11,18.91
8,2,2026-01-12,24.57
8,2,2026-01-13,26.94
8,2,2026-01-14,26.81
8,2,2026-01-15,27.9
8,2,2026-01-16,31.22
8,2,2026-01-17,21.55
8,2,2026-01-18,18.11
8,2,2026-01-19,24.87
8,2,2026-01-20,26.38
8,2,2026-01-21,27.49
8,2,2026-01-22,27.88
8,2,2026-01-23,30.04
8,2,2026-01-24,22.82
8,2,2026-01-25,17.24
8,2,2026-01-26,25.82
8,2,2026-01-27,26.49
8,2,2026-01-28,26.56
8,2,2026-01-29,27.09
8,2,2026-01-30,28.8
8,2,2026-01-31,21.56
8,2,2026-02-01,18.9
8,2,2026-02-02,27.01
8,2,2026-02-03,26.88
8,2,2026-02-04,26.98
8,2,2026-02-05,28.02
8,2,2026-02-06,28.94
8,2,2026-02-07,22.4
8,2,2026-02-08,19.33
8,2,2026-02-09,26.31
8,2,2026-02-10,26.48
8,2,2026-02-11,26.71
8,2,2026-02-12,27.61
8,2,2026-02-13,28.61
8,2,2026-02-14,21.57
8,2,2026-02-15,18.85
8,2,2026-02-16,26.85
8,2,2026-02-17,26.57
8,2,2026-02-18,27.01
8,2,2026-02-19,27.03
8,2,2026-02-20,28.84
8,2,2026-02-21,22.68
8,2,2026-02-22,19.07
8,2,2026-02-23,26.72
8,2,2026-02-24,26.79
8,2,2026-02-25,26.57
8,2,2026-02-26,27.75
8,2,2026-02-27,28.92
8,2,2026-02-28,21.77
8,2,2026-03-01,19.33
8,2,2026-03-02,26.84
8,2,2026-03-03,26.83
8,2,2026-03-04,27.21
8,2,2026-03-05,28.07
8,2,2026-03-06,28.98
8,2,2026-03-07,22.76
8,2,2026-03-08,19.29
8,2,2026-03-09,26.67
8,2,2026-03-10,26.92
8,2,2026-03-11,26.79
8,2,2026-03-12,28.0
8,2,2026-03-13,29.34
8,2,2026-03-14,22.16
8,2,2026-03-15,18.98
8,2,2026-03-16,26.33
8,2,2026-03-17,26.39
8,2,2026-03-18,26.96
8,2,2026-03-19,27.33
8,2,2026-03-20,29.02
8,2,2026-03-21,22.26
8,2,2026-03-22,18.39
8,2,2026-03-23,26.07
8,2,2026-03-24,26.23
8,2,2026-03-25,26.39
8,2,2026-03-26,26.61
8,2,2026-03-27,28.54
8,2,2026-03-28,22.09
8,2,2026-03-29,19.15
8,2,2026-03-30,26.32
8,2,2026-03-31,26.47
8,2,2026-04-01,27.38
8,2,2026-04-02,28.63
8,2,2026-04-03,29.12
8,2,2026-04-04,22.69
8,2,2026-04-05,18.87
8,2,2026-04-06,26.76
8,2,2026-04-07,26.83
8,2,2026-04-08,26.57
8,2,2026-04-09,27.81
8,2,2026-04-10,28.75
8,2,2026-04-11,22.61
8,2,2026-04-12,18.91
8,2,2026-04-13,26.7
8,2,2026-04-14,26.75
8,2,2026-04-15,27.14
8,2,2026-04-16,27.23
8,2,2026-04-17,28.68
8,2,2026-04-18,22.61
8,2,2026-04-19,18.96
8,2,2026-04-20,26.69
8,2,2026-04-21,26.75
8,2,2026-04-22,26.69
8,2,2026-04-23,27.71
8,2,2026-04-24,29.35
8,2,2026-04-25,22.83
8,2,2026-04-26,18.93
8,2,2026-04-27,26.74
8,2,2026-04-28,26.86
8,2,2026-04-29,27.45
8,2,2026-04-30,28.1
8,2,2026-05-01,29.1
8,2,2026-05-02,22.84
8,2,2026-05-03,19.01
8,2,2026-05-04,26.73
8,2,2026-05-05,26.65
8,2,2026-05-06,26.41
8,2,2026-05-07,27.65
8,2,2026-05-08,29.26
8,2,2026-05-09,22.74
8,2,2026-05-10,18.97
8,2,2026-05-11,26.86
8,2,2026-05-12,26.6
8,2,2026-05-13,27.19
8,2,2026-05-14,26.95
8,2,2026-05-15,29.46
8,2,2026-05-16,22.69
8,2,2026-05-17,18.89
8,2,2026-05-18,26.88
8,2,2026-05-19,26.61
8,2,2026-05-20,26.38
8,2,2026-05-21,28.21
8,2,2026-05-22,29.16
8,2,2026-05-23,22.7
8,2,2026-05-24,18.95
8,2,2026-05-25,26.94
8,2,2026-05-26,26.68
8,2,2026-05-27,27.34
8,2,2026-05-28,27.69
8,2,2026-05-29,29.11
8,2,2026-05-30,22.85
8,2,2026-05-31,19.06
8,2,2026-06-01,25.46
8,2,2026-06-02,25.5
8,2,2026-06-03,25.32
8,2,2026-06-04,26.12
8,2,2026-06-05,27.71
8,2,2026-06-06,21.83
8,2,2026-06-07,18.46
8,2,2026-06-08,25.24
8,2,2026-06-09,25.57
8,2,2026-06-10,26.06
8,2,2026-06-11,26.69
8,2,2026-06-12,27.19
8,2,2026-06-13,21.41
8,2,2026-06-14,17.95
8,2,2026-06-15,25.31
8,2,2026-06-16,25.98
8,2,2026-06-17,26.2
8,2,2026-06-18,27.64
8,2,2026-06-19,27.86
8,2,2026-06-20,21.26
8,2,2026-06-21,17.85
8,2,2026-06-22,25.44
8,2,2026-06-23,25.99
8,2,2026-06-24,26.5
8,2,2026-06-25,27.14
8,2,2026-06-26,28.09
8,2,2026-06-27,21.49
8,2,2026-06-28,17.39
8,2,2026-06-29,26.23
8,2,2026-06-30,26.71
8,3,2026-01-01,21.65
8,3,2026-01-02,20.66
8,3,2026-01-03,14.83
8,3,2026-01-04,12.46
8,3,2026-01-05,19.31
8,3,2026-01-06,20.77
8,3,2026-01-07,21.14
8,3,2026-01-08,20.09
8,3,2026-01-09,19.95
8,3,2026-01-10,14.89
8,3,2026-01-11,12.58
8,3,2026-01-12,19.51
8,3,2026-01-13,18.8
8,3,2026-01-14,18.77
8,3,2026-01-15,20.31
8,3,2026-01-16,20.44
8,3,2026-01-17,14.72
8,3,2026-01-18,11.54
8,3,2026-01-19,18.97
8,3,2026-01-20,19.24
8,3,2026-01-21,19.66
8,3,2026-01-22,18.64
8,3,2026-01-23,19.73
8,3,2026-01-24,16.71
8,3,2026-01-25,12.6
8,3,2026-01-26,18.58
8,3,2026-01-27,17.88
8,3,2026-01-28,18.97
8,3,2026-01-29,19.91
8,3,2026-01-30,19.94
8,3,2026-01-31,15.23
8,3,2026-02-01,12.65
8,3,2026-02-02,18.5
8,3,2026-02-03,18.48
8,3,2026-02-04,19.46
8,3,2026-02-05,19.66
8,3,2026-02-06,20.2
8,3,2026-02-07,15.64
8,3,2026-02-08,12.28
8,3,2026-02-09,18.87
8,3,2026-02-10,18.74
8,3,2026-02-11,19.12
8,3,2026-02-12,20.12
8,3,2026-02-13,20.41
8,3,2026-02-14,15.45
8,3,2026-02-15,12.28
8,3,2026-02-16,18.86
8,3,2026-02-17,19.24
8,3,2026-02-18,19.58
8,3,2026-02-19,20.26
8,3,2026-02-20,20.52
8,3,2026-02-21,15.99
8,3,2026-02-22,12.29
8,3,2026-02-23,18.58
8,3,2026-02-24,19.01
8,3,2026-02-25,19.5
8,3,2026-02-26,20.16
8,3,2026-02-27,20.4
8,3,2026-02-28,15.56
8,3,2026-03-01,12.49
8,3,2026-03-02,18.77
8,3,2026-03-03,19.49
8,3,2026-03-04,19.62
8,3,2026-03-05,20.33
8,3,2026-03-06,20.58
8,3,2026-03-07,15.76
8,3,2026-03-08,12.39
8,3,2026-03-09,18.42
8,3,2026-03-10,19.22
8,3,2026-03-11,19.5
8,3,2026-03-12,20.23
8,3,2026-03-13,20.53
8,3,2026-03-14,15.61
8,3,2026-03-15,12.06
8,3,2026-03-16,18.28
8,3,2026-03-17,19.04
8,3,2026-03-18,19.33
8,3,2026-03-19,20.1
8,3,2026-03-20,20.58
8,3,2026-03-21,15.28
8,3,2026-03-22,12.11
8,3,2026-03-23,18.19
8,3,2026-03-24,18.94
8,3,2026-03-25,19.25
8,3,2026-03-26,20.09
8,3,2026-03-27,20.4
8,3,2026-03-28,15.4
8,3,2026-03-29,12.16
8,3,2026-03-30,18.87
8,3,2026-03-31,19.28
8,3,2026-04-01,19.74
8,3,2026-04-02,20.5
8,3,2026-04-03,20.72
8,3,2026-04-04,15.49
8,3,2026-04-05,12.41
8,3,2026-04-06,18.55
8,3,2026-04-07,18.81
8,3,2026-04-08,19.38
8,3,2026-04-09,20.4
8,3,2026-04-10,20.69
8,3,2026-04-11,15.37
8,3,2026-04-12,12.02
8,3,2026-04-13,18.66
8,3,2026-04-14,19.52
8,3,2026-04-15,19.41
8,3,2026-04-16,20.17
8,3,2026-04-17,20.71
8,3,2026-04-18,15.37
8,3,2026-04-19,12.02
8,3,2026-04-20,18.75
8,3,2026-04-21,18.88
8,3,2026-04-22,19.64
8,3,2026-04-23,20.49
8,3,2026-04-24,20.76
8,3,2026-04-25,15.43
8,3,2026-04-26,12.09
8,3,2026-04-27,18.78
8,3,2026-04-28,19.49
8,3,2026-04-29,19.5
8,3,2026-04-30,20.26
8,3,2026-05-01,20.72
8,3,2026-05-02,15.68
8,3,2026-05-03,12.2
8,3,2026-05-04,18.92
8,3,2026-05-05,19.01
8,3,2026-05-06,19.63
8,3,2026-05-07,20.43
8,3,2026-05-08,20.76
8,3,2026-05-09,15.68
8,3,2026-05-10,12.2
8,3,2026-05-11,18.92
8,3,2026-05-12,19.36
8,3,2026-05-13,19.64
8,3,2026-05-14,20.43
8,3,2026-05-15,20.77
8,3,2026-05-16,15.68
8,3,2026-05-17,12.15
8,3,2026-05-18,18.9
8,3,2026-05-19,19.33
8,3,2026-05-20,19.61
8,3,2026-05-21,20.41
8,3,2026-05-22,20.76
8,3,2026-05-23,15.65
8,3,2026-05-24,12.11
8,3,2026-05-25,18.96
8,3,2026-05-26,19.89
8,3,2026-05-27,20.09
8,3,2026-05-28,20.86
8,3,2026-05-29,21.59
8,3,2026-05-30,16.03
8,3,2026-05-31,12.51
8,3,2026-06-01,19.35
8,3,2026-06-02,19.48
8,3,2026-06-03,19.53
8,3,2026-06-04,20.25
8,3,2026-06-05,20.57
8,3,2026-06-06,15.13
8,3,2026-06-07,11.82
8,3,2026-06-08,19.36
8,3,2026-06-09,19.49
8,3,2026-06-10,19.86
8,3,2026-06-11,20.34
8,3,2026-06-12,20.65
8,3,2026-06-13,15.37
8,3,2026-06-14,12.14
8,3,2026-06-15,19.4
8,3,2026-06-16,19.37
8,3,2026-06-17,19.53
8,3,2026-06-18,20.31
8,3,2026-06-19,20.56
8,3,2026-06-20,15.48
8,3,2026-06-21,12.45
8,3,2026-06-22,19.41
8,3,2026-06-23,19.38
8,3,2026-06-24,19.56
8,3,2026-06-25,20.33
8,3,2026-06-26,20.71
8,3,2026-06-27,15.88
8,3,2026-06-28,12.15
8,3,2026-06-29,19.81
8,3,2026-06-30,19.8
9,1,2026-01-01,51.81
9,1,2026-01-02,53.56
9,1,2026-01-03,42.39
9,1,2026-01-04,33.94
9,1,2026-01-05,46.87
9,1,2026-01-06,47.05
9,1,2026-01-07,45.16
9,1,2026-01-08,48.04
9,1,2026-01-09,49.71
9,1,2026-01-10,38.83
9,1,2026-01-11,32.36
9,1,2026-01-12,44.03
9,1,2026-01-13,42.24
9,1,2026-01-14,45.38
9,1,2026-01-15,49.2
9,1,2026-01-16,50.85
9,1,2026-01-17,40.75
9,1,2026-01-18,32.91
9,1,2026-01-19,46.66
9,1,2026-01-20,48.05
9,1,2026-01-21,46.83
9,1,2026-01-22,46.1
9,1,2026-01-23,49.09
9,1,2026-01-24,39.84
9,1,2026-01-25,32.91
9,1,2026-01-26,45.79
9,1,2026-01-27,48.81
9,1,2026-01-28,47.0
9,1,2026-01-29,47.32
9,1,2026-01-30,48.87
9,1,2026-01-31,39.66
9,1,2026-02-01,33.52
9,1,2026-02-02,46.06
9,1,2026-02-03,46.47
9,1,2026-02-04,47.1
9,1,2026-02-05,49.12
9,1,2026-02-06,50.13
9,1,2026-02-07,39.32
9,1,2026-02-08,33.92
9,1,2026-02-09,46.46
9,1,2026-02-10,46.41
9,1,2026-02-11,47.59
9,1,2026-02-12,47.54
9,1,2026-02-13,50.0
9,1,2026-02-14,39.43
9,1,2026-02-15,34.01
9,1,2026-02-16,46.61
9,1,2026-02-17,48.42
9,1,2026-02-18,47.49
9,1,2026-02-19,48.18
9,1,2026-02-20,49.72
9,1,2026-02-21,38.83
9,1,2026-02-22,33.78
9,1,2026-02-23,45.98
9,1,2026-02-24,48.59
9,1,2026-02-25,47.39
9,1,2026-02-26,48.72
9,1,2026-02-27,49.81
9,1,2026-02-28,38.9
9,1,2026-03-01,35.91
9,1,2026-03-02,47.36
9,1,2026-03-03,48.31
9,1,2026-03-04,48.91
9,1,2026-03-05,49.87
9,1,2026-03-06,51.73
9,1,2026-03-07,40.69
9,1,2026-03-08,34.53
9,1,2026-03-09,46.9
9,1,2026-03-10,49.78
9,1,2026-03-11,50.34
9,1,2026-03-12,50.16
9,1,2026-03-13,52.1
9,1,2026-03-14,40.64
9,1,2026-03-15,34.8
9,1,2026-03-16,45.51
9,1,2026-03-17,47.24
9,1,2026-03-18,48.44
9,1,2026-03-19,48.36
9,1,2026-03-20,51.9
9,1,2026-03-21,41.31
9,1,2026-03-22,34.32
9,1,2026-03-23,45.26
9,1,2026-03-24,48.8
9,1,2026-03-25,48.63
9,1,2026-03-26,49.64
9,1,2026-03-27,51.36
9,1,2026-03-28,39.72
9,1,2026-03-29,33.46
9,1,2026-03-30,45.66
9,1,2026-03-31,48.03
9,1,2026-04-01,48.37
9,1,2026-04-02,48.56
9,1,2026-04-03,50.11
9,1,2026-04-04,41.38
9,1,2026-04-05,34.16
9,1,2026-04-06,46.32
9,1,2026-04-07,48.62
9,1,2026-04-08,49.11
9,1,2026-04-09,49.97
9,1,2026-04-10,50.91
9,1,2026-04-11,40.43
9,1,2026-04-12,34.17
9,1,2026-04-13,46.75
9,1,2026-04-14,49.3
9,1,2026-04-15,48.29
9,1,2026-04-16,49.42
9,1,2026-04-17,50.52
9,1,2026-04-18,40.96
9,1,2026-04-19,35.03
9,1,2026-04-20,47.52
9,1,2026-04-21,48.4
9,1,2026-04-22,49.74
9,1,2026-04-23,49.83
9,1,2026-04-24,51.13
9,1,2026-04-25,41.15
9,1,2026-04-26,34.87
9,1,2026-04-27,47.41
9,1,2026-04-28,50.66
9,1,2026-04-29,49.95
9,1,2026-04-30,49.58
9,1,2026-05-01,52.8
9,1,2026-05-02,40.76
9,1,2026-05-03,34.23
9,1,2026-05-04,47.14
9,1,2026-05-05,48.48
9,1,2026-05-06,50.37
9,1,2026-05-07,51.15
9,1,2026-05-08,53.7
9,1,2026-05-09,40.43
9,1,2026-05-10,34.73
9,1,2026-05-11,47.74
9,1,2026-05-12,51.47
9,1,2026-05-13,52.02
9,1,2026-05-14,52.56
9,1,2026-05-15,54.92
9,1,2026-05-16,41.5
9,1,2026-05-17,35.24
9,1,2026-05-18,48.58
9,1,2026-05-19,50.83
9,1,2026-05-20,52.06
9,1,2026-05-21,53.66
9,1,2026-05-22,55.91
9,1,2026-05-23,42.89
9,1,2026-05-24,35.37
9,1,2026-05-25,49.78
9,1,2026-05-26,51.15
9,1,2026-05-27,52.58
9,1,2026-05-28,54.3
9,1,2026-05-29,56.08
9,1,2026-05-30,42.71
9,1,2026-05-31,34.65
9,1,2026-06-01,46.16
9,1,2026-06-02,51.58
9,1,2026-06-03,51.74
9,1,2026-06-04,53.15
9,1,2026-06-05,56.04
9,1,2026-06-06,42.22
9,1,2026-06-07,34.24
9,1,2026-06-08,50.05
9,1,2026-06-09,50.05
9,1,2026-06-10,51.53
9,1,2026-06-11,53.56
9,1,2026-06-12,54.93
9,1,2026-06-13,42.6
9,1,2026-06-14,34.86
9,1,2026-06-15,50.76
9,1,2026-06-16,51.39
9,1,2026-06-17,52.46
9,1,2026-06-18,53.55
9,1,2026-06-19,55.5
9,1,2026-06-20,43.87
9,1,2026-06-21,34.06
9,1,2026-06-22,50.24
9,1,2026-06-23,50.84
9,1,2026-06-24,50.72
9,1,2026-06-25,52.2
9,1,2026-06-26,55.49
9,1,2026-06-27,44.45
9,1,2026-06-28,34.62
9,1,2026-06-29,51.79
9,1,2026-06-30,51.29
9,2,2026-01-01,36.31
9,2,2026-01-02,39.94
9,2,2026-01-03,33.22
9,2,2026-01-04,26.56
9,2,2026-01-05,35.98
9,2,2026-01-06,37.75
9,2,2026-01-07,38.29
9,2,2026-01-08,37.43
9,2,2026-01-09,39.46
9,2,2026-01-10,31.51
9,2,2026-01-11,25.87
9,2,2026-01-12,32.64
9,2,2026-01-13,34.54
9,2,2026-01-14,36.53
9,2,2026-01-15,37.04
9,2,2026-01-16,39.74
9,2,2026-01-17,29.85
9,2,2026-01-18,24.35
9,2,2026-01-19,32.98
9,2,2026-01-20,35.55
9,2,2026-01-21,37.01
9,2,2026-01-22,37.87
9,2,2026-01-23,37.74
9,2,2026-01-24,33.87
9,2,2026-01-25,25.13
9,2,2026-01-26,34.42
9,2,2026-01-27,35.44
9,2,2026-01-28,36.32
9,2,2026-01-29,36.96
9,2,2026-01-30,38.33
9,2,2026-01-31,30.05
9,2,2026-02-01,24.18
9,2,2026-02-02,36.62
9,2,2026-02-03,35.81
9,2,2026-02-04,36.23
9,2,2026-02-05,37.25
9,2,2026-02-06,38.4
9,2,2026-02-07,31.19
9,2,2026-02-08,24.12
9,2,2026-02-09,35.16
9,2,2026-02-10,35.74
9,2,2026-02-11,36.52
9,2,2026-02-12,37.34
9,2,2026-02-13,38.26
9,2,2026-02-14,31.17
9,2,2026-02-15,24.44
9,2,2026-02-16,34.77
9,2,2026-02-17,36.18
9,2,2026-02-18,36.6
9,2,2026-02-19,37.54
9,2,2026-02-20,38.57
9,2,2026-02-21,31.48
9,2,2026-02-22,24.21
9,2,2026-02-23,34.97
9,2,2026-02-24,36.16
9,2,2026-02-25,36.56
9,2,2026-02-26,37.5
9,2,2026-02-27,38.42
9,2,2026-02-28,31.62
9,2,2026-03-01,26.22
9,2,2026-03-02,36.54
9,2,2026-03-03,37.35
9,2,2026-03-04,37.35
9,2,2026-03-05,38.97
9,2,2026-03-06,39.87
9,2,2026-03-07,32.32
9,2,2026-03-08,26.16
9,2,2026-03-09,37.35
9,2,2026-03-10,37.54
9,2,2026-03-11,37.94
9,2,2026-03-12,39.2
9,2,2026-03-13,40.06
9,2,2026-03-14,32.08
9,2,2026-03-15,26.41
9,2,2026-03-16,36.2
9,2,2026-03-17,36.86
9,2,2026-03-18,37.03
9,2,2026-03-19,38.47
9,2,2026-03-20,39.28
9,2,2026-03-21,31.07
9,2,2026-03-22,25.34
9,2,2026-03-23,36.23
9,2,2026-03-24,37.13
9,2,2026-03-25,37.25
9,2,2026-03-26,38.85
9,2,2026-03-27,39.15
9,2,2026-03-28,30.77
9,2,2026-03-29,26.02
9,2,2026-03-30,36.41
9,2,2026-03-31,37.29
9,2,2026-04-01,38.47
9,2,2026-04-02,38.93
9,2,2026-04-03,39.89
9,2,2026-04-04,32.14
9,2,2026-04-05,25.87
9,2,2026-04-06,36.44
9,2,2026-04-07,37.57
9,2,2026-04-08,37.84
9,2,2026-04-09,38.72
9,2,2026-04-10,40.18
9,2,2026-04-11,31.34
9,2,2026-04-12,26.15
9,2,2026-04-13,36.61
9,2,2026-04-14,37.48
9,2,2026-04-15,37.76
9,2,2026-04-16,38.75
9,2,2026-04-17,39.94
9,2,2026-04-18,31.31
9,2,2026-04-19,25.78
9,2,2026-04-20,36.42
9,2,2026-04-21,37.62
9,2,2026-04-22,37.96
9,2,2026-04-23,38.8
9,2,2026-04-24,39.72
9,2,2026-04-25,31.65
9,2,2026-04-26,26.06
9,2,2026-04-27,36.63
9,2,2026-04-28,37.69
9,2,2026-04-29,37.58
9,2,2026-04-30,38.9
9,2,2026-05-01,40.23
9,2,2026-05-02,31.57
9,2,2026-05-03,25.29
9,2,2026-05-04,36.53
9,2,2026-05-05,37.6
9,2,2026-05-06,37.96
9,2,2026-05-07,38.9
9,2,2026-05-08,40.56
9,2,2026-05-09,31.56
9,2,2026-05-10,25.72
9,2,2026-05-11,36.55
9,2,2026-05-12,37.63
9,2,2026-05-13,37.98
9,2,2026-05-14,38.92
9,2,2026-05-15,40.19
9,2,2026-05-16,31.59
9,2,2026-05-17,25.64
9,2,2026-05-18,36.52
9,2,2026-05-19,37.75
9,2,2026-05-20,38.1
9,2,2026-05-21,38.72
9,2,2026-05-22,40.16
9,2,2026-05-23,31.66
9,2,2026-05-24,25.57
9,2,2026-05-25,36.33
9,2,2026-05-26,37.83
9,2,2026-05-27,38.12
9,2,2026-05-28,39.11
9,2,2026-05-29,40.37
9,2,2026-05-30,31.82
9,2,2026-05-31,25.7
9,2,2026-06-01,34.31
9,2,2026-06-02,36.4
9,2,2026-06-03,37.21
9,2,2026-06-04,37.91
9,2,2026-06-05,39.42
9,2,2026-06-06,30.81
9,2,2026-06-07,25.27
9,2,2026-06-08,35.57
9,2,2026-06-09,37.49
9,2,2026-06-10,37.63
9,2,2026-06-11,38.65
9,2,2026-06-12,39.36
9,2,2026-06-13,31.42
9,2,2026-06-14,25.43
9,2,2026-06-15,36.06
9,2,2026-06-16,37.08
9,2,2026-06-17,37.52
9,2,2026-06-18,38.63
9,2,2026-06-19,39.9
9,2,2026-06-20,30.68
9,2,2026-06-21,25.88
9,2,2026-06-22,36.17
9,2,2026-06-23,37.55
9,2,2026-06-24,37.41
9,2,2026-06-25,38.13
9,2,2026-06-26,39.87
9,2,2026-06-27,31.35
9,2,2026-06-28,25.86
9,2,2026-06-29,36.29
9,2,2026-06-30,38.58
9,3,2026-01-01,30.24
9,3,2026-01-02,33.21
9,3,2026-01-03,24.88
9,3,2026-01-04,22.14
9,3,2026-01-05,29.38
9,3,2026-01-06,31.28
9,3,2026-01-07,31.07
9,3,2026-01-08,29.94
9,3,2026-01-09,30.63
9,3,2026-01-10,25.51
9,3,2026-01-11,21.8
9,3,2026-01-12,30.07
9,3,2026-01-13,30.75
9,3,2026-01-14,31.07
9,3,2026-01-15,30.57
9,3,2026-01-16,32.94
9,3,2026-01-17,25.7
9,3,2026-01-18,22.05
9,3,2026-01-19,29.71
9,3,2026-01-20,31.23
9,3,2026-01-21,31.32
9,3,2026-01-22,31.7
9,3,2026-01-23,32.2
9,3,2026-01-24,26.37
9,3,2026-01-25,21.09
9,3,2026-01-26,29.86
9,3,2026-01-27,31.33
9,3,2026-01-28,31.7
9,3,2026-01-29,31.63
9,3,2026-01-30,33.84
9,3,2026-01-31,26.71
9,3,2026-02-01,21.45
9,3,2026-02-02,29.5
9,3,2026-02-03,31.64
9,3,2026-02-04,31.54
9,3,2026-02-05,31.59
9,3,2026-02-06,32.89
9,3,2026-02-07,26.03
9,3,2026-02-08,20.81
9,3,2026-02-09,30.52
9,3,2026-02-10,30.91
9,3,2026-02-11,31.56
9,3,2026-02-12,31.98
9,3,2026-02-13,34.76
9,3,2026-02-14,25.67
9,3,2026-02-15,21.07
9,3,2026-02-16,30.17
9,3,2026-02-17,31.15
9,3,2026-02-18,31.66
9,3,2026-02-19,32.19
9,3,2026-02-20,34.23
9,3,2026-02-21,25.77
9,3,2026-02-22,21.38
9,3,2026-02-23,30.21
9,3,2026-02-24,31.39
9,3,2026-02-25,31.81
9,3,2026-02-26,32.73
9,3,2026-02-27,34.86
9,3,2026-02-28,26.07
9,3,2026-03-01,21.28
9,3,2026-03-02,30.2
9,3,2026-03-03,31.36
9,3,2026-03-04,31.92
9,3,2026-03-05,32.61
9,3,2026-03-06,33.99
9,3,2026-03-07,26.73
9,3,2026-03-08,20.95
9,3,2026-03-09,30.96
9,3,2026-03-10,31.24
9,3,2026-03-11,31.98
9,3,2026-03-12,32.66
9,3,2026-03-13,34.56
9,3,2026-03-14,25.55
9,3,2026-03-15,21.15
9,3,2026-03-16,30.25
9,3,2026-03-17,31.22
9,3,2026-03-18,31.32
9,3,2026-03-19,32.05
9,3,2026-03-20,34.54
9,3,2026-03-21,25.35
9,3,2026-03-22,20.87
9,3,2026-03-23,29.94
9,3,2026-03-24,30.97
9,3,2026-03-25,31.05
9,3,2026-03-26,31.81
9,3,2026-03-27,34.4
9,3,2026-03-28,25.81
9,3,2026-03-29,20.33
9,3,2026-03-30,30.07
9,3,2026-03-31,30.67
9,3,2026-04-01,31.7
9,3,2026-04-02,32.39
9,3,2026-04-03,35.61
9,3,2026-04-04,26.14
9,3,2026-04-05,21.05
9,3,2026-04-06,30.51
9,3,2026-04-07,30.93
9,3,2026-04-08,31.55
9,3,2026-04-09,32.55
9,3,2026-04-10,35.27
9,3,2026-04-11,25.54
9,3,2026-04-12,21.24
9,3,2026-04-13,30.57
9,3,2026-04-14,31.26
9,3,2026-04-15,31.84
9,3,2026-04-16,32.58
9,3,2026-04-17,35.15
9,3,2026-04-18,25.2
9,3,2026-04-19,20.91
9,3,2026-04-20,30.14
9,3,2026-04-21,31.25
9,3,2026-04-22,31.89
9,3,2026-04-23,32.79
9,3,2026-04-24,35.48
9,3,2026-04-25,25.97
9,3,2026-04-26,20.71
9,3,2026-04-27,30.49
9,3,2026-04-28,30.91
9,3,2026-04-29,31.67
9,3,2026-04-30,32.53
9,3,2026-05-01,35.22
9,3,2026-05-02,25.92
9,3,2026-05-03,21.31
9,3,2026-05-04,30.42
9,3,2026-05-05,31.19
9,3,2026-05-06,31.72
9,3,2026-05-07,32.59
9,3,2026-05-08,34.89
9,3,2026-05-09,26.08
9,3,2026-05-10,21.14
9,3,2026-05-11,30.43
9,3,2026-05-12,31.16
9,3,2026-05-13,31.73
9,3,2026-05-14,32.59
9,3,2026-05-15,34.93
9,3,2026-05-16,25.9
9,3,2026-05-17,20.84
9,3,2026-05-18,30.58
9,3,2026-05-19,31.43
9,3,2026-05-20,31.9
9,3,2026-05-21,32.59
9,3,2026-05-22,34.97
9,3,2026-05-23,25.53
9,3,2026-05-24,20.76
9,3,2026-05-25,30.49
9,3,2026-05-26,31.0
9,3,2026-05-27,31.77
9,3,2026-05-28,32.67
9,3,2026-05-29,35.33
9,3,2026-05-30,25.97
9,3,2026-05-31,21.4
9,3,2026-06-01,29.09
9,3,2026-06-02,30.32
9,3,2026-06-03,30.59
9,3,2026-06-04,31.3
9,3,2026-06-05,33.75
9,3,2026-06-06,25.64
9,3,2026-06-07,20.44
9,3,2026-06-08,29.28
9,3,2026-06-09,30.18
9,3,2026-06-10,30.55
9,3,2026-06-11,31.15
9,3,2026-06-12,33.52
9,3,2026-06-13,25.73
9,3,2026-06-14,19.76
9,3,2026-06-15,30.35
9,3,2026-06-16,30.26
9,3,2026-06-17,30.37
9,3,2026-06-18,31.19
9,3,2026-06-19,32.51
9,3,2026-06-20,25.85
9,3,2026-06-21,20.42
9,3,2026-06-22,29.71
9,3,2026-06-23,30.76
9,3,2026-06-24,30.55
9,3,2026-06-25,31.36
9,3,2026-06-26,33.33
9,3,2026-06-27,25.84
9,3,2026-06-28,20.5
9,3,2026-06-29,29.34
9,3,2026-06-30,31.59
10,1,2026-01-01,76.57
10,1,2026-01-02,68.97
10,1,2026-01-03,66.61
10,1,2026-01-04,55.55
10,1,2026-01-05,70.27
10,1,2026-01-06,75.46
10,1,2026-01-07,67.86
10,1,2026-01-08,79.76
10,1,2026-01-09,82.57
10,1,2026-01-10,68.47
10,1,2026-01-11,51.92
10,1,2026-01-12,67.15
10,1,2026-01-13,72.09
10,1,2026-01-14,75.04
10,1,2026-01-15,72.38
10,1,2026-01-16,82.26
10,1,2026-01-17,65.41
10,1,2026-01-18,50.74
10,1,2026-01-19,69.41
10,1,2026-01-20,74.6
10,1,2026-01-21,77.01
10,1,2026-01-22,80.66
10,1,2026-01-23,76.37
10,1,2026-01-24,65.08
10,1,2026-01-25,48.83
10,1,2026-01-26,69.7
10,1,2026-01-27,72.17
10,1,2026-01-28,74.35
10,1,2026-01-29,73.69
10,1,2026-01-30,74.23
10,1,2026-01-31,59.73
10,1,2026-02-01,48.01
10,1,2026-02-02,67.16
10,1,2026-02-03,69.89
10,1,2026-02-04,73.61
10,1,2026-02-05,71.95
10,1,2026-02-06,76.89
10,1,2026-02-07,57.74
10,1,2026-02-08,46.49
10,1,2026-02-09,68.12
10,1,2026-02-10,70.73
10,1,2026-02-11,72.0
10,1,2026-02-12,71.98
10,1,2026-02-13,76.69
10,1,2026-02-14,56.34
10,1,2026-02-15,47.35
10,1,2026-02-16,69.01
10,1,2026-02-17,68.86
10,1,2026-02-18,69.16
10,1,2026-02-19,67.74
10,1,2026-02-20,72.03
10,1,2026-02-21,56.43
10,1,2026-02-22,50.39
10,1,2026-02-23,68.01
10,1,2026-02-24,69.51
10,1,2026-02-25,69.08
10,1,2026-02-26,71.63
10,1,2026-02-27,72.67
10,1,2026-02-28,55.71
10,1,2026-03-01,51.28
10,1,2026-03-02,66.79
10,1,2026-03-03,74.12
10,1,2026-03-04,67.78
10,1,2026-03-05,73.72
10,1,2026-03-06,75.37
10,1,2026-03-07,57.31
10,1,2026-03-08,52.12
10,1,2026-03-09,71.56
10,1,2026-03-10,67.17
10,1,2026-03-11,72.64
10,1,2026-03-12,71.46
10,1,2026-03-13,74.95
10,1,2026-03-14,57.07
10,1,2026-03-15,50.62
10,1,2026-03-16,66.58
10,1,2026-03-17,68.74
10,1,2026-03-18,69.91
10,1,2026-03-19,68.3
10,1,2026-03-20,71.95
10,1,2026-03-21,57.24
10,1,2026-03-22,46.02
10,1,2026-03-23,60.21
10,1,2026-03-24,68.14
10,1,2026-03-25,67.51
10,1,2026-03-26,69.16
10,1,2026-03-27,71.33
10,1,2026-03-28,56.16
10,1,2026-03-29,47.87
10,1,2026-03-30,63.91
10,1,2026-03-31,71.04
10,1,2026-04-01,69.62
10,1,2026-04-02,71.78
10,1,2026-04-03,75.71
10,1,2026-04-04,56.74
10,1,2026-04-05,52.53
10,1,2026-04-06,66.08
10,1,2026-04-07,70.95
10,1,2026-04-08,69.92
10,1,2026-04-09,70.58
10,1,2026-04-10,75.16
10,1,2026-04-11,56.07
10,1,2026-04-12,49.15
10,1,2026-04-13,65.67
10,1,2026-04-14,68.9
10,1,2026-04-15,68.75
10,1,2026-04-16,68.92
10,1,2026-04-17,72.27
10,1,2026-04-18,55.89
10,1,2026-04-19,48.55
10,1,2026-04-20,64.59
10,1,2026-04-21,71.03
10,1,2026-04-22,70.09
10,1,2026-04-23,71.15
10,1,2026-04-24,72.0
10,1,2026-04-25,55.55
10,1,2026-04-26,48.85
10,1,2026-04-27,65.27
10,1,2026-04-28,69.65
10,1,2026-04-29,69.86
10,1,2026-04-30,70.83
10,1,2026-05-01,75.57
10,1,2026-05-02,56.16
10,1,2026-05-03,48.24
10,1,2026-05-04,65.57
10,1,2026-05-05,69.97
10,1,2026-05-06,70.01
10,1,2026-05-07,69.19
10,1,2026-05-08,75.05
10,1,2026-05-09,56.4
10,1,2026-05-10,48.15
10,1,2026-05-11,64.33
10,1,2026-05-12,69.86
10,1,2026-05-13,69.31
10,1,2026-05-14,70.45
10,1,2026-05-15,73.15
10,1,2026-05-16,55.13
10,1,2026-05-17,47.96
10,1,2026-05-18,64.03
10,1,2026-05-19,70.74
10,1,2026-05-20,69.37
10,1,2026-05-21,69.51
10,1,2026-05-22,74.42
10,1,2026-05-23,56.49
10,1,2026-05-24,48.67
10,1,2026-05-25,64.36
10,1,2026-05-26,70.7
10,1,2026-05-27,69.81
10,1,2026-05-28,69.58
10,1,2026-05-29,75.54
10,1,2026-05-30,54.97
10,1,2026-05-31,48.28
10,1,2026-06-01,60.55
10,1,2026-06-02,68.65
10,1,2026-06-03,66.15
10,1,2026-06-04,69.32
10,1,2026-06-05,72.27
10,1,2026-06-06,52.32
10,1,2026-06-07,46.94
10,1,2026-06-08,62.23
10,1,2026-06-09,68.76
10,1,2026-06-10,67.65
10,1,2026-06-11,68.58
10,1,2026-06-12,73.05
10,1,2026-06-13,50.15
10,1,2026-06-14,46.29
10,1,2026-06-15,60.61
10,1,2026-06-16,67.78
10,1,2026-06-17,68.01
10,1,2026-06-18,67.65
10,1,2026-06-19,72.22
10,1,2026-06-20,51.18
10,1,2026-06-21,46.97
10,1,2026-06-22,61.53
10,1,2026-06-23,66.91
10,1,2026-06-24,68.14
10,1,2026-06-25,69.36
10,1,2026-06-26,73.58
10,1,2026-06-27,51.61
10,1,2026-06-28,46.68
10,1,2026-06-29,62.64
10,1,2026-06-30,68.9
10,2,2026-01-01,61.25
10,2,2026-01-02,60.44
10,2,2026-01-03,47.92
10,2,2026-01-04,36.46
10,2,2026-01-05,57.73
10,2,2026-01-06,56.15
10,2,2026-01-07,59.17
10,2,2026-01-08,61.76
10,2,2026-01-09,62.43
10,2,2026-01-10,45.53
10,2,2026-01-11,34.91
10,2,2026-01-12,56.74
10,2,2026-01-13,59.58
10,2,2026-01-14,60.8
10,2,2026-01-15,63.44
10,2,2026-01-16,62.1
10,2,2026-01-17,49.45
10,2,2026-01-18,36.9
10,2,2026-01-19,58.53
10,2,2026-01-20,62.0
10,2,2026-01-21,60.17
10,2,2026-01-22,64.16
10,2,2026-01-23,63.21
10,2,2026-01-24,54.88
10,2,2026-01-25,42.23
10,2,2026-01-26,54.85
10,2,2026-01-27,55.6
10,2,2026-01-28,57.77
10,2,2026-01-29,61.28
10,2,2026-01-30,63.9
10,2,2026-01-31,49.98
10,2,2026-02-01,38.37
10,2,2026-02-02,55.94
10,2,2026-02-03,57.5
10,2,2026-02-04,60.79
10,2,2026-02-05,61.96
10,2,2026-02-06,63.99
10,2,2026-02-07,49.33
10,2,2026-02-08,38.86
10,2,2026-02-09,58.45
10,2,2026-02-10,61.29
10,2,2026-02-11,60.97
10,2,2026-02-12,63.66
10,2,2026-02-13,64.85
10,2,2026-02-14,50.35
10,2,2026-02-15,39.92
10,2,2026-02-16,57.26
10,2,2026-02-17,61.0
10,2,2026-02-18,62.84
10,2,2026-02-19,65.04
10,2,2026-02-20,67.64
10,2,2026-02-21,49.74
10,2,2026-02-22,41.03
10,2,2026-02-23,56.07
10,2,2026-02-24,58.76
10,2,2026-02-25,62.14
10,2,2026-02-26,63.16
10,2,2026-02-27,65.81
10,2,2026-02-28,49.38
10,2,2026-03-01,41.41
10,2,2026-03-02,61.44
10,2,2026-03-03,62.7
10,2,2026-03-04,65.02
10,2,2026-03-05,67.14
10,2,2026-03-06,70.45
10,2,2026-03-07,52.21
10,2,2026-03-08,43.35
10,2,2026-03-09,62.62
10,2,2026-03-10,62.37
10,2,2026-03-11,65.82
10,2,2026-03-12,67.24
10,2,2026-03-13,68.34
10,2,2026-03-14,52.61
10,2,2026-03-15,42.65
10,2,2026-03-16,61.22
10,2,2026-03-17,61.48
10,2,2026-03-18,64.88
10,2,2026-03-19,66.31
10,2,2026-03-20,68.61
10,2,2026-03-21,51.2
10,2,2026-03-22,41.53
10,2,2026-03-23,60.16
10,2,2026-03-24,61.93
10,2,2026-03-25,64.84
10,2,2026-03-26,65.41
10,2,2026-03-27,67.09
10,2,2026-03-28,50.37
10,2,2026-03-29,41.52
10,2,2026-03-30,60.48
10,2,2026-03-31,64.31
10,2,2026-04-01,68.79
10,2,2026-04-02,68.37
10,2,2026-04-03,68.88
10,2,2026-04-04,52.49
10,2,2026-04-05,45.82
10,2,2026-04-06,63.31
10,2,2026-04-07,64.21
10,2,2026-04-08,68.51
10,2,2026-04-09,68.93
10,2,2026-04-10,70.19
10,2,2026-04-11,52.32
10,2,2026-04-12,44.17
10,2,2026-04-13,63.38
10,2,2026-04-14,66.78
10,2,2026-04-15,70.84
10,2,2026-04-16,71.87
10,2,2026-04-17,71.91
10,2,2026-04-18,53.18
10,2,2026-04-19,44.53
10,2,2026-04-20,65.27
10,2,2026-04-21,68.37
10,2,2026-04-22,68.03
10,2,2026-04-23,70.85
10,2,2026-04-24,76.19
10,2,2026-04-25,55.08
10,2,2026-04-26,45.16
10,2,2026-04-27,64.51
10,2,2026-04-28,69.31
10,2,2026-04-29,69.96
10,2,2026-04-30,69.88
10,2,2026-05-01,73.05
10,2,2026-05-02,56.35
10,2,2026-05-03,48.26
10,2,2026-05-04,64.46
10,2,2026-05-05,68.46
10,2,2026-05-06,70.34
10,2,2026-05-07,70.68
10,2,2026-05-08,73.47
10,2,2026-05-09,56.81
10,2,2026-05-10,47.48
10,2,2026-05-11,64.36
10,2,2026-05-12,69.99
10,2,2026-05-13,66.81
10,2,2026-05-14,71.27
10,2,2026-05-15,74.07
10,2,2026-05-16,55.11
10,2,2026-05-17,49.19
10,2,2026-05-18,63.72
10,2,2026-05-19,70.29
10,2,2026-05-20,68.66
10,2,2026-05-21,69.13
10,2,2026-05-22,74.15
10,2,2026-05-23,55.83
10,2,2026-05-24,46.99
10,2,2026-05-25,62.42
10,2,2026-05-26,69.25
10,2,2026-05-27,70.41
10,2,2026-05-28,70.24
10,2,2026-05-29,74.53
10,2,2026-05-30,54.94
10,2,2026-05-31,47.78
10,2,2026-06-01,60.18
10,2,2026-06-02,68.08
10,2,2026-06-03,65.49
10,2,2026-06-04,67.85
10,2,2026-06-05,72.83
10,2,2026-06-06,51.95
10,2,2026-06-07,46.0
10,2,2026-06-08,61.5
10,2,2026-06-09,66.76
10,2,2026-06-10,66.93
10,2,2026-06-11,67.42
10,2,2026-06-12,68.61
10,2,2026-06-13,51.88
10,2,2026-06-14,45.65
10,2,2026-06-15,60.33
10,2,2026-06-16,65.5
10,2,2026-06-17,67.18
10,2,2026-06-18,67.15
10,2,2026-06-19,69.78
10,2,2026-06-20,52.62
10,2,2026-06-21,44.23
10,2,2026-06-22,61.73
10,2,2026-06-23,66.49
10,2,2026-06-24,66.55
10,2,2026-06-25,65.87
10,2,2026-06-26,70.73
10,2,2026-06-27,52.44
10,2,2026-06-28,44.46
10,2,2026-06-29,62.97
10,2,2026-06-30,67.01
10,3,2026-01-01,47.44
10,3,2026-01-02,47.59
10,3,2026-01-03,35.52
10,3,2026-01-04,28.29
10,3,2026-01-05,40.4
10,3,2026-01-06,43.86
10,3,2026-01-07,42.79
10,3,2026-01-08,43.69
10,3,2026-01-09,49.01
10,3,2026-01-10,34.78
10,3,2026-01-11,29.31
10,3,2026-01-12,43.09
10,3,2026-01-13,43.51
10,3,2026-01-14,44.11
10,3,2026-01-15,42.48
10,3,2026-01-16,44.5
10,3,2026-01-17,32.6
10,3,2026-01-18,29.04
10,3,2026-01-19,40.3
10,3,2026-01-20,39.43
10,3,2026-01-21,38.32
10,3,2026-01-22,40.09
10,3,2026-01-23,42.11
10,3,2026-01-24,33.18
10,3,2026-01-25,28.51
10,3,2026-01-26,37.43
10,3,2026-01-27,37.89
10,3,2026-01-28,38.67
10,3,2026-01-29,39.98
10,3,2026-01-30,41.86
10,3,2026-01-31,34.31
10,3,2026-02-01,28.03
10,3,2026-02-02,39.65
10,3,2026-02-03,39.38
10,3,2026-02-04,40.29
10,3,2026-02-05,42.17
10,3,2026-02-06,42.98
10,3,2026-02-07,34.95
10,3,2026-02-08,27.48
10,3,2026-02-09,39.19
10,3,2026-02-10,39.2
10,3,2026-02-11,39.87
10,3,2026-02-12,41.89
10,3,2026-02-13,42.7
10,3,2026-02-14,34.83
10,3,2026-02-15,27.85
10,3,2026-02-16,40.06
10,3,2026-02-17,40.2
10,3,2026-02-18,40.3
10,3,2026-02-19,42.16
10,3,2026-02-20,43.25
10,3,2026-02-21,34.83
10,3,2026-02-22,26.8
10,3,2026-02-23,40.24
10,3,2026-02-24,40.86
10,3,2026-02-25,41.02
10,3,2026-02-26,41.83
10,3,2026-02-27,43.14
10,3,2026-02-28,34.45
10,3,2026-03-01,28.17
10,3,2026-03-02,40.83
10,3,2026-03-03,41.23
10,3,2026-03-04,41.2
10,3,2026-03-05,42.61
10,3,2026-03-06,43.96
10,3,2026-03-07,35.01
10,3,2026-03-08,26.5
10,3,2026-03-09,39.34
10,3,2026-03-10,40.34
10,3,2026-03-11,41.19
10,3,2026-03-12,42.79
10,3,2026-03-13,43.7
10,3,2026-03-14,34.59
10,3,2026-03-15,26.75
10,3,2026-03-16,39.77
10,3,2026-03-17,40.49
10,3,2026-03-18,40.8
10,3,2026-03-19,41.86
10,3,2026-03-20,43.09
10,3,2026-03-21,34.06
10,3,2026-03-22,25.45
10,3,2026-03-23,39.45
10,3,2026-03-24,40.07
10,3,2026-03-25,39.48
10,3,2026-03-26,40.36
10,3,2026-03-27,41.79
10,3,2026-03-28,33.96
10,3,2026-03-29,25.56
10,3,2026-03-30,39.85
10,3,2026-03-31,39.66
10,3,2026-04-01,40.13
10,3,2026-04-02,42.68
10,3,2026-04-03,43.28
10,3,2026-04-04,34.94
10,3,2026-04-05,26.53
10,3,2026-04-06,39.89
10,3,2026-04-07,40.52
10,3,2026-04-08,41.21
10,3,2026-04-09,42.09
10,3,2026-04-10,43.35
10,3,2026-04-11,34.84
10,3,2026-04-12,25.99
10,3,2026-04-13,39.84
10,3,2026-04-14,41.15
10,3,2026-04-15,40.74
10,3,2026-04-16,42.13
10,3,2026-04-17,43.41
10,3,2026-04-18,34.62
10,3,2026-04-19,25.68
10,3,2026-04-20,39.72
10,3,2026-04-21,40.36
10,3,2026-04-22,40.91
10,3,2026-04-23,42.86
10,3,2026-04-24,43.69
10,3,2026-04-25,34.68
10,3,2026-04-26,24.98
10,3,2026-04-27,40.71
10,3,2026-04-28,40.61
10,3,2026-04-29,41.23
10,3,2026-04-30,42.13
10,3,2026-05-01,43.78
10,3,2026-05-02,34.67
10,3,2026-05-03,25.43
10,3,2026-05-04,39.7
10,3,2026-05-05,40.62
10,3,2026-05-06,40.6
10,3,2026-05-07,42.46
10,3,2026-05-08,43.74
10,3,2026-05-09,34.49
10,3,2026-05-10,25.03
10,3,2026-05-11,39.56
10,3,2026-05-12,40.48
10,3,2026-05-13,41.8
10,3,2026-05-14,42.31
10,3,2026-05-15,43.77
10,3,2026-05-16,34.42
10,3,2026-05-17,24.9
10,3,2026-05-18,40.25
10,3,2026-05-19,41.24
10,3,2026-05-20,40.96
10,3,2026-05-21,42.66
10,3,2026-05-22,43.78
10,3,2026-05-23,34.47
10,3,2026-05-24,24.58
10,3,2026-05-25,40.89
10,3,2026-05-26,40.68
10,3,2026-05-27,40.91
10,3,2026-05-28,42.69
10,3,2026-05-29,43.77
10,3,2026-05-30,34.29
10,3,2026-05-31,24.77
10,3,2026-06-01,38.3
10,3,2026-06-02,39.24
10,3,2026-06-03,38.88
10,3,2026-06-04,40.16
10,3,2026-06-05,41.74
10,3,2026-06-06,33.66
10,3,2026-06-07,24.55
10,3,2026-06-08,38.44
10,3,2026-06-09,38.77
10,3,2026-06-10,39.68
10,3,2026-06-11,41.33
10,3,2026-06-12,42.1
10,3,2026-06-13,34.17
10,3,2026-06-14,25.56
10,3,2026-06-15,39.03
10,3,2026-06-16,39.61
10,3,2026-06-17,39.61
10,3,2026-06-18,41.24
10,3,2026-06-19,42.69
10,3,2026-06-20,33.46
10,3,2026-06-21,26.08
10,3,2026-06-22,38.13
10,3,2026-06-23,38.67
10,3,2026-06-24,39.82
10,3,2026-06-25,40.65
10,3,2026-06-26,42.31
10,3,2026-06-27,33.45
10,3,2026-06-28,26.35
10,3,2026-06-29,39.88
10,3,2026-06-30,40.01
