inventory_date,product_id,warehouse_id,stock_quantity
2024-01-01,1,1,3364
2024-01-02,1,1,3292
2024-01-03,1,1,3206
2024-01-04,1,1,3109
2024-01-05,1,1,3010
2024-01-06,1,1,2938
2024-01-07,1,1,2869
2024-01-08,1,1,2769
2024-01-09,1,1,2661
2024-01-10,1,1,2568
2024-01-11,1,1,2483
2024-01-12,1,1,2384
2024-01-13,1,1,2320
2024-01-14,1,1,2246
2024-01-15,1,1,2156
2024-01-16,1,1,2021
2024-01-17,1,1,1926
2024-01-18,1,1,1841
2024-01-19,1,1,1738
2024-01-20,1,1,1680
2024-01-21,1,1,1606
2024-01-22,1,1,1520
2024-01-23,1,1,1432
2024-01-24,1,1,1351
2024-01-25,1,1,1255
2024-01-26,1,1,1160
2024-01-27,1,1,1069
2024-01-28,1,1,996
2024-01-29,1,1,902
2024-01-30,1,1,813
2024-01-31,1,1,3986
2024-02-01,1,1,3901
2024-02-02,1,1,3811
2024-02-03,1,1,3732
2024-02-04,1,1,3666
2024-02-05,1,1,3588
2024-02-06,1,1,3500
2024-02-07,1,1,3411
2024-02-08,1,1,3302
2024-02-09,1,1,3206
2024-02-10,1,1,3126
2024-02-11,1,1,3061
2024-02-12,1,1,2971
2024-02-13,1,1,2879
2024-02-14,1,1,2782
2024-02-15,1,1,2661
2024-02-16,1,1,2587
2024-02-17,1,1,2482
2024-02-18,1,1,2407
2024-02-19,1,1,2329
2024-02-20,1,1,2232
2024-02-21,1,1,2129
2024-02-22,1,1,2044
2024-02-23,1,1,1958
2024-02-24,1,1,1878
2024-02-25,1,1,1805
2024-02-26,1,1,1715
2024-02-27,1,1,1619
2024-02-28,1,1,1526
2024-02-29,1,1,1430
2024-03-01,1,1,4102
2024-03-02,1,1,4035
2024-03-03,1,1,3946
2024-03-04,1,1,3834
2024-03-05,1,1,3745
2024-03-06,1,1,3620
2024-03-07,1,1,3522
2024-03-08,1,1,3425
2024-03-09,1,1,3355
2024-03-10,1,1,3289
2024-03-11,1,1,3187
2024-03-12,1,1,3080
2024-03-13,1,1,2946
2024-03-14,1,1,2847
2024-03-15,1,1,2747
2024-03-16,1,1,2677
2024-03-17,1,1,2576
2024-03-18,1,1,2485
2024-03-19,1,1,2398
2024-03-20,1,1,2305
2024-03-21,1,1,2208
2024-03-22,1,1,2089
2024-03-23,1,1,1999
2024-03-24,1,1,1925
2024-03-25,1,1,1837
2024-03-26,1,1,1735
2024-03-27,1,1,1619
2024-03-28,1,1,1527
2024-03-29,1,1,1428
2024-03-30,1,1,1331
2024-03-31,1,1,3559
2024-04-01,1,1,3456
2024-04-02,1,1,3354
2024-04-03,1,1,3252
2024-04-04,1,1,3144
2024-04-05,1,1,3050
2024-04-06,1,1,2975
2024-04-07,1,1,2896
2024-04-08,1,1,2799
2024-04-09,1,1,2704
2024-04-10,1,1,2588
2024-04-11,1,1,2492
2024-04-12,1,1,2396
2024-04-13,1,1,2305
2024-04-14,1,1,2214
2024-04-15,1,1,2118
2024-04-16,1,1,2009
2024-04-17,1,1,1912
2024-04-18,1,1,1795
2024-04-19,1,1,1696
2024-04-20,1,1,1607
2024-04-21,1,1,1537
2024-04-22,1,1,1444
2024-04-23,1,1,1333
2024-04-24,1,1,1231
2024-04-25,1,1,1116
2024-04-26,1,1,1011
2024-04-27,1,1,931
2024-04-28,1,1,847
2024-04-29,1,1,745
2024-04-30,1,1,3430
2024-05-01,1,1,3322
2024-05-02,1,1,3209
2024-05-03,1,1,3109
2024-05-04,1,1,3022
2024-05-05,1,1,2941
2024-05-06,1,1,2862
2024-05-07,1,1,2763
2024-05-08,1,1,2677
2024-05-09,1,1,2574
2024-05-10,1,1,2490
2024-05-11,1,1,2417
2024-05-12,1,1,2339
2024-05-13,1,1,2236
2024-05-14,1,1,2136
2024-05-15,1,1,2010
2024-05-16,1,1,1931
2024-05-17,1,1,1856
2024-05-18,1,1,1781
2024-05-19,1,1,1694
2024-05-20,1,1,1582
2024-05-21,1,1,1489
2024-05-22,1,1,1394
2024-05-23,1,1,1309
2024-05-24,1,1,1206
2024-05-25,1,1,1122
2024-05-26,1,1,1053
2024-05-27,1,1,956
2024-05-28,1,1,845
2024-05-29,1,1,736
2024-05-30,1,1,4160
2024-05-31,1,1,4042
2024-06-01,1,1,3966
2024-06-02,1,1,3889
2024-06-03,1,1,3802
2024-06-04,1,1,3717
2024-06-05,1,1,3603
2024-06-06,1,1,3504
2024-06-07,1,1,3407
2024-06-08,1,1,3325
2024-06-09,1,1,3231
2024-06-10,1,1,3135
2024-06-11,1,1,3041
2024-06-12,1,1,2954
2024-06-13,1,1,2852
2024-06-14,1,1,2759
2024-06-15,1,1,2638
2024-06-16,1,1,2575
2024-06-17,1,1,2487
2024-06-18,1,1,2397
2024-06-19,1,1,2307
2024-06-20,1,1,2189
2024-06-21,1,1,2090
2024-06-22,1,1,2009
2024-06-23,1,1,1941
2024-06-24,1,1,1832
2024-06-25,1,1,1735
2024-06-26,1,1,1643
2024-06-27,1,1,1543
2024-06-28,1,1,1453
2024-06-29,1,1,3724
2024-06-30,1,1,3648
2024-07-01,1,1,3559
2024-07-02,1,1,3462
2024-07-03,1,1,3366
2024-07-04,1,1,3276
2024-07-05,1,1,3194
2024-07-06,1,1,3127
2024-07-07,1,1,3054
2024-07-08,1,1,2903
2024-07-09,1,1,2807
2024-07-10,1,1,2717
2024-07-11,1,1,2624
2024-07-12,1,1,2522
2024-07-13,1,1,2468
2024-07-14,1,1,2405
2024-07-15,1,1,2325
2024-07-16,1,1,2219
2024-07-17,1,1,2111
2024-07-18,1,1,2035
2024-07-19,1,1,1949
2024-07-20,1,1,1890
2024-07-21,1,1,1810
2024-07-22,1,1,1682
2024-07-23,1,1,1586
2024-07-24,1,1,1508
2024-07-25,1,1,1406
2024-07-26,1,1,1262
2024-07-27,1,1,1195
2024-07-28,1,1,1127
2024-07-29,1,1,3622
2024-07-30,1,1,3534
2024-07-31,1,1,3445
2024-08-01,1,1,3353
2024-08-02,1,1,3260
2024-08-03,1,1,3195
2024-08-04,1,1,3139
2024-08-05,1,1,3036
2024-08-06,1,1,2931
2024-08-07,1,1,2843
2024-08-08,1,1,2771
2024-08-09,1,1,2687
2024-08-10,1,1,2630
2024-08-11,1,1,2580
2024-08-12,1,1,2499
2024-08-13,1,1,2409
2024-08-14,1,1,2319
2024-08-15,1,1,2225
2024-08-16,1,1,2143
2024-08-17,1,1,2078
2024-08-18,1,1,2000
2024-08-19,1,1,1862
2024-08-20,1,1,1782
2024-08-21,1,1,1704
2024-08-22,1,1,1607
2024-08-23,1,1,1521
2024-08-24,1,1,1459
2024-08-25,1,1,1357
2024-08-26,1,1,1270
2024-08-27,1,1,1197
2024-08-28,1,1,3429
2024-08-29,1,1,3362
2024-08-30,1,1,3262
2024-08-31,1,1,3202
2024-09-01,1,1,3136
2024-09-02,1,1,2981
2024-09-03,1,1,2916
2024-09-04,1,1,2803
2024-09-05,1,1,2704
2024-09-06,1,1,2628
2024-09-07,1,1,2569
2024-09-08,1,1,2496
2024-09-09,1,1,2407
2024-09-10,1,1,2318
2024-09-11,1,1,2209
2024-09-12,1,1,2136
2024-09-13,1,1,2041
2024-09-14,1,1,1976
2024-09-15,1,1,1908
2024-09-16,1,1,1750
2024-09-17,1,1,1666
2024-09-18,1,1,1584
2024-09-19,1,1,1506
2024-09-20,1,1,1383
2024-09-21,1,1,1311
2024-09-22,1,1,1251
2024-09-23,1,1,1164
2024-09-24,1,1,1081
2024-09-25,1,1,928
2024-09-26,1,1,848
2024-09-27,1,1,3553
2024-09-28,1,1,3495
2024-09-29,1,1,3437
2024-09-30,1,1,3353
2024-10-01,1,1,3260
2024-10-02,1,1,3164
2024-10-03,1,1,3088
2024-10-04,1,1,2942
2024-10-05,1,1,2877
2024-10-06,1,1,2812
2024-10-07,1,1,2722
2024-10-08,1,1,2642
2024-10-09,1,1,2559
2024-10-10,1,1,2473
2024-10-11,1,1,2385
2024-10-12,1,1,2321
2024-10-13,1,1,2251
2024-10-14,1,1,2144
2024-10-15,1,1,2055
2024-10-16,1,1,1988
2024-10-17,1,1,1906
2024-10-18,1,1,1815
2024-10-19,1,1,1757
2024-10-20,1,1,1695
2024-10-21,1,1,1619
2024-10-22,1,1,1536
2024-10-23,1,1,1459
2024-10-24,1,1,1389
2024-10-25,1,1,1307
2024-10-26,1,1,1229
2024-10-27,1,1,3462
2024-10-28,1,1,3376
2024-10-29,1,1,3285
2024-10-30,1,1,3210
2024-10-31,1,1,3143
2024-11-01,1,1,3058
2024-11-02,1,1,2980
2024-11-03,1,1,2916
2024-11-04,1,1,2828
2024-11-05,1,1,2741
2024-11-06,1,1,2658
2024-11-07,1,1,2572
2024-11-08,1,1,2478
2024-11-09,1,1,2410
2024-11-10,1,1,2368
2024-11-11,1,1,2280
2024-11-12,1,1,2184
2024-11-13,1,1,2100
2024-11-14,1,1,2015
2024-11-15,1,1,1931
2024-11-16,1,1,1870
2024-11-17,1,1,1806
2024-11-18,1,1,1716
2024-11-19,1,1,1622
2024-11-20,1,1,1534
2024-11-21,1,1,1448
2024-11-22,1,1,1358
2024-11-23,1,1,1294
2024-11-24,1,1,1218
2024-11-25,1,1,1135
2024-11-26,1,1,3989
2024-11-27,1,1,3905
2024-11-28,1,1,3815
2024-11-29,1,1,3725
2024-11-30,1,1,3657
2024-12-01,1,1,3592
2024-12-02,1,1,3513
2024-12-03,1,1,3428
2024-12-04,1,1,3337
2024-12-05,1,1,3268
2024-12-06,1,1,3180
2024-12-07,1,1,3103
2024-12-08,1,1,3031
2024-12-09,1,1,2934
2024-12-10,1,1,2840
2024-12-11,1,1,2746
2024-12-12,1,1,2666
2024-12-13,1,1,2586
2024-12-14,1,1,2519
2024-12-15,1,1,2460
2024-12-16,1,1,2368
2024-12-17,1,1,2281
2024-12-18,1,1,2152
2024-12-19,1,1,2060
2024-12-20,1,1,1974
2024-12-21,1,1,1916
2024-12-22,1,1,1838
2024-12-23,1,1,1737
2024-12-24,1,1,1645
2024-12-25,1,1,1561
2024-12-26,1,1,3523
2024-12-27,1,1,3435
2024-12-28,1,1,3371
2024-12-29,1,1,3291
2024-12-30,1,1,3192
2024-12-31,1,1,3099
2025-01-01,1,1,3000
2025-01-02,1,1,2895
2025-01-03,1,1,2805
2025-01-04,1,1,2732
2025-01-05,1,1,2662
2025-01-06,1,1,2508
2025-01-07,1,1,2417
2025-01-08,1,1,2325
2025-01-09,1,1,2240
2025-01-10,1,1,2134
2025-01-11,1,1,2061
2025-01-12,1,1,1988
2025-01-13,1,1,1914
2025-01-14,1,1,1815
2025-01-15,1,1,1713
2025-01-16,1,1,1611
2025-01-17,1,1,1512
2025-01-18,1,1,1429
2025-01-19,1,1,1365
2025-01-20,1,1,1286
2025-01-21,1,1,1145
2025-01-22,1,1,1063
2025-01-23,1,1,979
2025-01-24,1,1,893
2025-01-25,1,1,4055
2025-01-26,1,1,3970
2025-01-27,1,1,3880
2025-01-28,1,1,3788
2025-01-29,1,1,3697
2025-01-30,1,1,3586
2025-01-31,1,1,3479
2025-02-01,1,1,3406
2025-02-02,1,1,3335
2025-02-03,1,1,3246
2025-02-04,1,1,3140
2025-02-05,1,1,3049
2025-02-06,1,1,2969
2025-02-07,1,1,2858
2025-02-08,1,1,2751
2025-02-09,1,1,2669
2025-02-10,1,1,2566
2025-02-11,1,1,2480
2025-02-12,1,1,2381
2025-02-13,1,1,2283
2025-02-14,1,1,2170
2025-02-15,1,1,2081
2025-02-16,1,1,2004
2025-02-17,1,1,1908
2025-02-18,1,1,1795
2025-02-19,1,1,1704
2025-02-20,1,1,1606
2025-02-21,1,1,1498
2025-02-22,1,1,1425
2025-02-23,1,1,1355
2025-02-24,1,1,3972
2025-02-25,1,1,3878
2025-02-26,1,1,3780
2025-02-27,1,1,3678
2025-02-28,1,1,3601
2025-03-01,1,1,3521
2025-03-02,1,1,3442
2025-03-03,1,1,3339
2025-03-04,1,1,3259
2025-03-05,1,1,3174
2025-03-06,1,1,3082
2025-03-07,1,1,3006
2025-03-08,1,1,2929
2025-03-09,1,1,2840
2025-03-10,1,1,2750
2025-03-11,1,1,2644
2025-03-12,1,1,2545
2025-03-13,1,1,2431
2025-03-14,1,1,2293
2025-03-15,1,1,2211
2025-03-16,1,1,2126
2025-03-17,1,1,2016
2025-03-18,1,1,1896
2025-03-19,1,1,1767
2025-03-20,1,1,1661
2025-03-21,1,1,1529
2025-03-22,1,1,1397
2025-03-23,1,1,1328
2025-03-24,1,1,1207
2025-03-25,1,1,1111
2025-03-26,1,1,3434
2025-03-27,1,1,3324
2025-03-28,1,1,3234
2025-03-29,1,1,3147
2025-03-30,1,1,3064
2025-03-31,1,1,2959
2025-04-01,1,1,2853
2025-04-02,1,1,2780
2025-04-03,1,1,2695
2025-04-04,1,1,2603
2025-04-05,1,1,2509
2025-04-06,1,1,2444
2025-04-07,1,1,2343
2025-04-08,1,1,2228
2025-04-09,1,1,2130
2025-04-10,1,1,2024
2025-04-11,1,1,1916
2025-04-12,1,1,1848
2025-04-13,1,1,1774
2025-04-14,1,1,1661
2025-04-15,1,1,1560
2025-04-16,1,1,1455
2025-04-17,1,1,1342
2025-04-18,1,1,1242
2025-04-19,1,1,1175
2025-04-20,1,1,1098
2025-04-21,1,1,983
2025-04-22,1,1,894
2025-04-23,1,1,788
2025-04-24,1,1,688
2025-04-25,1,1,4308
2025-04-26,1,1,4216
2025-04-27,1,1,4135
2025-04-28,1,1,4022
2025-04-29,1,1,3914
2025-04-30,1,1,3824
2025-05-01,1,1,3740
2025-05-02,1,1,3638
2025-05-03,1,1,3560
2025-05-04,1,1,3483
2025-05-05,1,1,3375
2025-05-06,1,1,3265
2025-05-07,1,1,3177
2025-05-08,1,1,3081
2025-05-09,1,1,2990
2025-05-10,1,1,2908
2025-05-11,1,1,2838
2025-05-12,1,1,2722
2025-05-13,1,1,2615
2025-05-14,1,1,2492
2025-05-15,1,1,2384
2025-05-16,1,1,2299
2025-05-17,1,1,2209
2025-05-18,1,1,2139
2025-05-19,1,1,2039
2025-05-20,1,1,1854
2025-05-21,1,1,1746
2025-05-22,1,1,1656
2025-05-23,1,1,1546
2025-05-24,1,1,1454
2025-05-25,1,1,4181
2025-05-26,1,1,4081
2025-05-27,1,1,3973
2025-05-28,1,1,3878
2025-05-29,1,1,3790
2025-05-30,1,1,3680
2025-05-31,1,1,3603
2025-06-01,1,1,3535
2025-06-02,1,1,3448
2025-06-03,1,1,3365
2025-06-04,1,1,3263
2025-06-05,1,1,3119
2025-06-06,1,1,3017
2025-06-07,1,1,2935
2025-06-08,1,1,2870
2025-06-09,1,1,2781
2025-06-10,1,1,2696
2025-06-11,1,1,2593
2025-06-12,1,1,2492
2025-06-13,1,1,2394
2025-06-14,1,1,2328
2025-06-15,1,1,2247
2025-06-16,1,1,2152
2025-06-17,1,1,2053
2025-06-18,1,1,1949
2025-06-19,1,1,1847
2025-06-20,1,1,1747
2025-06-21,1,1,1668
2025-06-22,1,1,1578
2025-06-23,1,1,1491
2025-06-24,1,1,4155
2025-06-25,1,1,4073
2025-06-26,1,1,3976
2025-06-27,1,1,3901
2025-06-28,1,1,3823
2025-06-29,1,1,3747
2025-06-30,1,1,3635
2025-07-01,1,1,3543
2025-07-02,1,1,3465
2025-07-03,1,1,3348
2025-07-04,1,1,3236
2025-07-05,1,1,3161
2025-07-06,1,1,3092
2025-07-07,1,1,2996
2025-07-08,1,1,2917
2025-07-09,1,1,2788
2025-07-10,1,1,2698
2025-07-11,1,1,2563
2025-07-12,1,1,2483
2025-07-13,1,1,2410
2025-07-14,1,1,2314
2025-07-15,1,1,2224
2025-07-16,1,1,2127
2025-07-17,1,1,2031
2025-07-18,1,1,1918
2025-07-19,1,1,1836
2025-07-20,1,1,1779
2025-07-21,1,1,1694
2025-07-22,1,1,1604
2025-07-23,1,1,1499
2025-07-24,1,1,3642
2025-07-25,1,1,3556
2025-07-26,1,1,3482
2025-07-27,1,1,3410
2025-07-28,1,1,3307
2025-07-29,1,1,3220
2025-07-30,1,1,3111
2025-07-31,1,1,3010
2025-08-01,1,1,2917
2025-08-02,1,1,2852
2025-08-03,1,1,2786
2025-08-04,1,1,2681
2025-08-05,1,1,2590
2025-08-06,1,1,2506
2025-08-07,1,1,2417
2025-08-08,1,1,2335
2025-08-09,1,1,2267
2025-08-10,1,1,2206
2025-08-11,1,1,2113
2025-08-12,1,1,2033
2025-08-13,1,1,1942
2025-08-14,1,1,1846
2025-08-15,1,1,1770
2025-08-16,1,1,1677
2025-08-17,1,1,1620
2025-08-18,1,1,1531
2025-08-19,1,1,1441
2025-08-20,1,1,1354
2025-08-21,1,1,1259
2025-08-22,1,1,1160
2025-08-23,1,1,3966
2025-08-24,1,1,3899
2025-08-25,1,1,3804
2025-08-26,1,1,3707
2025-08-27,1,1,3625
2025-08-28,1,1,3521
2025-08-29,1,1,3424
2025-08-30,1,1,3351
2025-08-31,1,1,3279
2025-09-01,1,1,3200
2025-09-02,1,1,3105
2025-09-03,1,1,3036
2025-09-04,1,1,2952
2025-09-05,1,1,2863
2025-09-06,1,1,2757
2025-09-07,1,1,2686
2025-09-08,1,1,2608
2025-09-09,1,1,2478
2025-09-10,1,1,2394
2025-09-11,1,1,2312
2025-09-12,1,1,2234
2025-09-13,1,1,2154
2025-09-14,1,1,2081
2025-09-15,1,1,1993
2025-09-16,1,1,1915
2025-09-17,1,1,1823
2025-09-18,1,1,1724
2025-09-19,1,1,1650
2025-09-20,1,1,1589
2025-09-21,1,1,1455
2025-09-22,1,1,3790
2025-09-23,1,1,3699
2025-09-24,1,1,3607
2025-09-25,1,1,3546
2025-09-26,1,1,3462
2025-09-27,1,1,3387
2025-09-28,1,1,3319
2025-09-29,1,1,3241
2025-09-30,1,1,3169
2025-10-01,1,1,3072
2025-10-02,1,1,2986
2025-10-03,1,1,2907
2025-10-04,1,1,2848
2025-10-05,1,1,2793
2025-10-06,1,1,2715
2025-10-07,1,1,2627
2025-10-08,1,1,2539
2025-10-09,1,1,2463
2025-10-10,1,1,2376
2025-10-11,1,1,2291
2025-10-12,1,1,2224
2025-10-13,1,1,2105
2025-10-14,1,1,2031
2025-10-15,1,1,1943
2025-10-16,1,1,1856
2025-10-17,1,1,1740
2025-10-18,1,1,1678
2025-10-19,1,1,1580
2025-10-20,1,1,1493
2025-10-21,1,1,1408
2025-10-22,1,1,3703
2025-10-23,1,1,3615
2025-10-24,1,1,3530
2025-10-25,1,1,3459
2025-10-26,1,1,3387
2025-10-27,1,1,3287
2025-10-28,1,1,3207
2025-10-29,1,1,3121
2025-10-30,1,1,3035
2025-10-31,1,1,2944
2025-11-01,1,1,2879
2025-11-02,1,1,2806
2025-11-03,1,1,2712
2025-11-04,1,1,2633
2025-11-05,1,1,2540
2025-11-06,1,1,2465
2025-11-07,1,1,2373
2025-11-08,1,1,2299
2025-11-09,1,1,2211
2025-11-10,1,1,2118
2025-11-11,1,1,2036
2025-11-12,1,1,1933
2025-11-13,1,1,1848
2025-11-14,1,1,1761
2025-11-15,1,1,1695
2025-11-16,1,1,1628
2025-11-17,1,1,1552
2025-11-18,1,1,1483
2025-11-19,1,1,1392
2025-11-20,1,1,1295
2025-11-21,1,1,3769
2025-11-22,1,1,3699
2025-11-23,1,1,3625
2025-11-24,1,1,3530
2025-11-25,1,1,3429
2025-11-26,1,1,3348
2025-11-27,1,1,3265
2025-11-28,1,1,3184
2025-11-29,1,1,3112
2025-11-30,1,1,3040
2025-12-01,1,1,2948
2025-12-02,1,1,2852
2025-12-03,1,1,2760
2025-12-04,1,1,2649
2025-12-05,1,1,2548
2025-12-06,1,1,2479
2025-12-07,1,1,2410
2025-12-08,1,1,2316
2025-12-09,1,1,2228
2025-12-10,1,1,2143
2025-12-11,1,1,2043
2025-12-12,1,1,1952
2025-12-13,1,1,1888
2025-12-14,1,1,1814
2025-12-15,1,1,1729
2025-12-16,1,1,1626
2025-12-17,1,1,1523
2025-12-18,1,1,1438
2025-12-19,1,1,1356
2025-12-20,1,1,1282
2025-12-21,1,1,3982
2025-12-22,1,1,3871
2025-12-23,1,1,3789
2025-12-24,1,1,3699
2025-12-25,1,1,3603
2025-12-26,1,1,3521
2025-12-27,1,1,3463
2025-12-28,1,1,3393
2025-12-29,1,1,3303
2025-12-30,1,1,3202
2025-12-31,1,1,3107
2024-01-01,1,2,1757
2024-01-02,1,2,1691
2024-01-03,1,2,1619
2024-01-04,1,2,1546
2024-01-05,1,2,1453
2024-01-06,1,2,1393
2024-01-07,1,2,1334
2024-01-08,1,2,1250
2024-01-09,1,2,1178
2024-01-10,1,2,1108
2024-01-11,1,2,1045
2024-01-12,1,2,963
2024-01-13,1,2,900
2024-01-14,1,2,839
2024-01-15,1,2,775
2024-01-16,1,2,694
2024-01-17,1,2,627
2024-01-18,1,2,551
2024-01-19,1,2,480
2024-01-20,1,2,421
2024-01-21,1,2,359
2024-01-22,1,2,296
2024-01-23,1,2,857
2024-01-24,1,2,776
2024-01-25,1,2,701
2024-01-26,1,2,621
2024-01-27,1,2,558
2024-01-28,1,2,495
2024-01-29,1,2,413
2024-01-30,1,2,347
2024-01-31,1,2,1988
2024-02-01,1,2,1911
2024-02-02,1,2,1828
2024-02-03,1,2,1768
2024-02-04,1,2,1710
2024-02-05,1,2,1636
2024-02-06,1,2,1551
2024-02-07,1,2,1471
2024-02-08,1,2,1393
2024-02-09,1,2,1314
2024-02-10,1,2,1226
2024-02-11,1,2,1161
2024-02-12,1,2,1059
2024-02-13,1,2,984
2024-02-14,1,2,902
2024-02-15,1,2,826
2024-02-16,1,2,766
2024-02-17,1,2,699
2024-02-18,1,2,645
2024-02-19,1,2,549
2024-02-20,1,2,1081
2024-02-21,1,2,1013
2024-02-22,1,2,924
2024-02-23,1,2,843
2024-02-24,1,2,784
2024-02-25,1,2,733
2024-02-26,1,2,661
2024-02-27,1,2,576
2024-02-28,1,2,494
2024-02-29,1,2,400
2024-03-01,1,2,1953
2024-03-02,1,2,1885
2024-03-03,1,2,1828
2024-03-04,1,2,1751
2024-03-05,1,2,1679
2024-03-06,1,2,1611
2024-03-07,1,2,1537
2024-03-08,1,2,1476
2024-03-09,1,2,1404
2024-03-10,1,2,1335
2024-03-11,1,2,1256
2024-03-12,1,2,1168
2024-03-13,1,2,1090
2024-03-14,1,2,1024
2024-03-15,1,2,937
2024-03-16,1,2,871
2024-03-17,1,2,774
2024-03-18,1,2,688
2024-03-19,1,2,612
2024-03-20,1,2,536
2024-03-21,1,2,461
2024-03-22,1,2,391
2024-03-23,1,2,336
2024-03-24,1,2,277
2024-03-25,1,2,197
2024-03-26,1,2,115
2024-03-27,1,2,35
2024-03-28,1,2,0
2024-03-29,1,2,513
2024-03-30,1,2,450
2024-03-31,1,2,2235
2024-04-01,1,2,2148
2024-04-02,1,2,2050
2024-04-03,1,2,1952
2024-04-04,1,2,1863
2024-04-05,1,2,1775
2024-04-06,1,2,1690
2024-04-07,1,2,1600
2024-04-08,1,2,1519
2024-04-09,1,2,1452
2024-04-10,1,2,1373
2024-04-11,1,2,1235
2024-04-12,1,2,1159
2024-04-13,1,2,1094
2024-04-14,1,2,1024
2024-04-15,1,2,938
2024-04-16,1,2,854
2024-04-17,1,2,774
2024-04-18,1,2,677
2024-04-19,1,2,610
2024-04-20,1,2,560
2024-04-21,1,2,510
2024-04-22,1,2,417
2024-04-23,1,2,325
2024-04-24,1,2,252
2024-04-25,1,2,186
2024-04-26,1,2,100
2024-04-27,1,2,37
2024-04-28,1,2,0
2024-04-29,1,2,0
2024-04-30,1,2,2416
2024-05-01,1,2,2335
2024-05-02,1,2,2250
2024-05-03,1,2,2166
2024-05-04,1,2,2109
2024-05-05,1,2,2059
2024-05-06,1,2,1968
2024-05-07,1,2,1879
2024-05-08,1,2,1801
2024-05-09,1,2,1734
2024-05-10,1,2,1657
2024-05-11,1,2,1595
2024-05-12,1,2,1522
2024-05-13,1,2,1430
2024-05-14,1,2,1351
2024-05-15,1,2,1277
2024-05-16,1,2,1205
2024-05-17,1,2,1116
2024-05-18,1,2,1046
2024-05-19,1,2,979
2024-05-20,1,2,900
2024-05-21,1,2,808
2024-05-22,1,2,732
2024-05-23,1,2,660
2024-05-24,1,2,570
2024-05-25,1,2,472
2024-05-26,1,2,1016
2024-05-27,1,2,939
2024-05-28,1,2,858
2024-05-29,1,2,778
2024-05-30,1,2,2198
2024-05-31,1,2,2120
2024-06-01,1,2,2056
2024-06-02,1,2,1988
2024-06-03,1,2,1916
2024-06-04,1,2,1852
2024-06-05,1,2,1789
2024-06-06,1,2,1712
2024-06-07,1,2,1627
2024-06-08,1,2,1564
2024-06-09,1,2,1510
2024-06-10,1,2,1431
2024-06-11,1,2,1376
2024-06-12,1,2,1299
2024-06-13,1,2,1230
2024-06-14,1,2,1152
2024-06-15,1,2,1098
2024-06-16,1,2,1048
2024-06-17,1,2,973
2024-06-18,1,2,881
2024-06-19,1,2,813
2024-06-20,1,2,736
2024-06-21,1,2,660
2024-06-22,1,2,605
2024-06-23,1,2,555
2024-06-24,1,2,426
2024-06-25,1,2,329
2024-06-26,1,2,250
2024-06-27,1,2,167
2024-06-28,1,2,83
2024-06-29,1,2,2478
2024-06-30,1,2,2422
2024-07-01,1,2,2342
2024-07-02,1,2,2264
2024-07-03,1,2,2159
2024-07-04,1,2,2081
2024-07-05,1,2,2012
2024-07-06,1,2,1952
2024-07-07,1,2,1894
2024-07-08,1,2,1809
2024-07-09,1,2,1739
2024-07-10,1,2,1669
2024-07-11,1,2,1591
2024-07-12,1,2,1510
2024-07-13,1,2,1457
2024-07-14,1,2,1387
2024-07-15,1,2,1318
2024-07-16,1,2,1217
2024-07-17,1,2,1137
2024-07-18,1,2,1020
2024-07-19,1,2,946
2024-07-20,1,2,877
2024-07-21,1,2,824
2024-07-22,1,2,757
2024-07-23,1,2,679
2024-07-24,1,2,604
2024-07-25,1,2,525
2024-07-26,1,2,1226
2024-07-27,1,2,1163
2024-07-28,1,2,1067
2024-07-29,1,2,2322
2024-07-30,1,2,2254
2024-07-31,1,2,2186
2024-08-01,1,2,2124
2024-08-02,1,2,2053
2024-08-03,1,2,2002
2024-08-04,1,2,1946
2024-08-05,1,2,1879
2024-08-06,1,2,1806
2024-08-07,1,2,1727
2024-08-08,1,2,1653
2024-08-09,1,2,1585
2024-08-10,1,2,1530
2024-08-11,1,2,1478
2024-08-12,1,2,1400
2024-08-13,1,2,1324
2024-08-14,1,2,1246
2024-08-15,1,2,1175
2024-08-16,1,2,1113
2024-08-17,1,2,1047
2024-08-18,1,2,990
2024-08-19,1,2,906
2024-08-20,1,2,840
2024-08-21,1,2,774
2024-08-22,1,2,698
2024-08-23,1,2,629
2024-08-24,1,2,567
2024-08-25,1,2,527
2024-08-26,1,2,459
2024-08-27,1,2,1131
2024-08-28,1,2,2119
2024-08-29,1,2,2045
2024-08-30,1,2,1982
2024-08-31,1,2,1929
2024-09-01,1,2,1881
2024-09-02,1,2,1812
2024-09-03,1,2,1744
2024-09-04,1,2,1676
2024-09-05,1,2,1596
2024-09-06,1,2,1528
2024-09-07,1,2,1474
2024-09-08,1,2,1428
2024-09-09,1,2,1364
2024-09-10,1,2,1285
2024-09-11,1,2,1226
2024-09-12,1,2,1156
2024-09-13,1,2,1078
2024-09-14,1,2,1025
2024-09-15,1,2,976
2024-09-16,1,2,837
2024-09-17,1,2,755
2024-09-18,1,2,690
2024-09-19,1,2,624
2024-09-20,1,2,558
2024-09-21,1,2,499
2024-09-22,1,2,906
2024-09-23,1,2,841
2024-09-24,1,2,763
2024-09-25,1,2,696
2024-09-26,1,2,623
2024-09-27,1,2,2033
2024-09-28,1,2,1986
2024-09-29,1,2,1930
2024-09-30,1,2,1867
2024-10-01,1,2,1801
2024-10-02,1,2,1732
2024-10-03,1,2,1661
2024-10-04,1,2,1587
2024-10-05,1,2,1535
2024-10-06,1,2,1485
2024-10-07,1,2,1420
2024-10-08,1,2,1336
2024-10-09,1,2,1269
2024-10-10,1,2,1188
2024-10-11,1,2,1119
2024-10-12,1,2,1035
2024-10-13,1,2,989
2024-10-14,1,2,929
2024-10-15,1,2,865
2024-10-16,1,2,804
2024-10-17,1,2,728
2024-10-18,1,2,666
2024-10-19,1,2,606
2024-10-20,1,2,522
2024-10-21,1,2,401
2024-10-22,1,2,333
2024-10-23,1,2,264
2024-10-24,1,2,191
2024-10-25,1,2,128
2024-10-26,1,2,82
2024-10-27,1,2,2510
2024-10-28,1,2,2439
2024-10-29,1,2,2376
2024-10-30,1,2,2289
2024-10-31,1,2,2229
2024-11-01,1,2,2157
2024-11-02,1,2,2052
2024-11-03,1,2,1996
2024-11-04,1,2,1915
2024-11-05,1,2,1853
2024-11-06,1,2,1789
2024-11-07,1,2,1722
2024-11-08,1,2,1654
2024-11-09,1,2,1597
2024-11-10,1,2,1548
2024-11-11,1,2,1488
2024-11-12,1,2,1413
2024-11-13,1,2,1356
2024-11-14,1,2,1283
2024-11-15,1,2,1225
2024-11-16,1,2,1168
2024-11-17,1,2,1118
2024-11-18,1,2,1059
2024-11-19,1,2,998
2024-11-20,1,2,938
2024-11-21,1,2,872
2024-11-22,1,2,805
2024-11-23,1,2,753
2024-11-24,1,2,694
2024-11-25,1,2,626
2024-11-26,1,2,2394
2024-11-27,1,2,2317
2024-11-28,1,2,2238
2024-11-29,1,2,2182
2024-11-30,1,2,2133
2024-12-01,1,2,2084
2024-12-02,1,2,2016
2024-12-03,1,2,1938
2024-12-04,1,2,1859
2024-12-05,1,2,1796
2024-12-06,1,2,1679
2024-12-07,1,2,1628
2024-12-08,1,2,1571
2024-12-09,1,2,1509
2024-12-10,1,2,1435
2024-12-11,1,2,1370
2024-12-12,1,2,1306
2024-12-13,1,2,1238
2024-12-14,1,2,1182
2024-12-15,1,2,1120
2024-12-16,1,2,1029
2024-12-17,1,2,972
2024-12-18,1,2,888
2024-12-19,1,2,807
2024-12-20,1,2,745
2024-12-21,1,2,695
2024-12-22,1,2,615
2024-12-23,1,2,540
2024-12-24,1,2,467
2024-12-25,1,2,1003
2024-12-26,1,2,2166
2024-12-27,1,2,2102
2024-12-28,1,2,2042
2024-12-29,1,2,1951
2024-12-30,1,2,1871
2024-12-31,1,2,1802
2025-01-01,1,2,1720
2025-01-02,1,2,1644
2025-01-03,1,2,1568
2025-01-04,1,2,1511
2025-01-05,1,2,1453
2025-01-06,1,2,1390
2025-01-07,1,2,1302
2025-01-08,1,2,1228
2025-01-09,1,2,1148
2025-01-10,1,2,1069
2025-01-11,1,2,1012
2025-01-12,1,2,946
2025-01-13,1,2,817
2025-01-14,1,2,748
2025-01-15,1,2,672
2025-01-16,1,2,595
2025-01-17,1,2,517
2025-01-18,1,2,843
2025-01-19,1,2,740
2025-01-20,1,2,634
2025-01-21,1,2,562
2025-01-22,1,2,494
2025-01-23,1,2,426
2025-01-24,1,2,357
2025-01-25,1,2,2181
2025-01-26,1,2,2126
2025-01-27,1,2,2060
2025-01-28,1,2,1987
2025-01-29,1,2,1912
2025-01-30,1,2,1835
2025-01-31,1,2,1759
2025-02-01,1,2,1669
2025-02-02,1,2,1600
2025-02-03,1,2,1517
2025-02-04,1,2,1422
2025-02-05,1,2,1331
2025-02-06,1,2,1262
2025-02-07,1,2,1182
2025-02-08,1,2,1108
2025-02-09,1,2,1048
2025-02-10,1,2,956
2025-02-11,1,2,889
2025-02-12,1,2,804
2025-02-13,1,2,722
2025-02-14,1,2,636
2025-02-15,1,2,582
2025-02-16,1,2,507
2025-02-17,1,2,416
2025-02-18,1,2,339
2025-02-19,1,2,270
2025-02-20,1,2,192
2025-02-21,1,2,116
2025-02-22,1,2,46
2025-02-23,1,2,358
2025-02-24,1,2,2192
2025-02-25,1,2,2115
2025-02-26,1,2,2036
2025-02-27,1,2,1958
2025-02-28,1,2,1868
2025-03-01,1,2,1802
2025-03-02,1,2,1735
2025-03-03,1,2,1601
2025-03-04,1,2,1515
2025-03-05,1,2,1433
2025-03-06,1,2,1324
2025-03-07,1,2,1249
2025-03-08,1,2,1193
2025-03-09,1,2,1118
2025-03-10,1,2,1032
2025-03-11,1,2,942
2025-03-12,1,2,866
2025-03-13,1,2,785
2025-03-14,1,2,708
2025-03-15,1,2,648
2025-03-16,1,2,591
2025-03-17,1,2,501
2025-03-18,1,2,415
2025-03-19,1,2,1051
2025-03-20,1,2,970
2025-03-21,1,2,881
2025-03-22,1,2,811
2025-03-23,1,2,744
2025-03-24,1,2,666
2025-03-25,1,2,582
2025-03-26,1,2,1984
2025-03-27,1,2,1902
2025-03-28,1,2,1828
2025-03-29,1,2,1767
2025-03-30,1,2,1691
2025-03-31,1,2,1588
2025-04-01,1,2,1519
2025-04-02,1,2,1415
2025-04-03,1,2,1331
2025-04-04,1,2,1235
2025-04-05,1,2,1151
2025-04-06,1,2,1098
2025-04-07,1,2,1020
2025-04-08,1,2,933
2025-04-09,1,2,840
2025-04-10,1,2,756
2025-04-11,1,2,667
2025-04-12,1,2,606
2025-04-13,1,2,549
2025-04-14,1,2,463
2025-04-15,1,2,365
2025-04-16,1,2,283
2025-04-17,1,2,202
2025-04-18,1,2,709
2025-04-19,1,2,639
2025-04-20,1,2,575
2025-04-21,1,2,491
2025-04-22,1,2,411
2025-04-23,1,2,340
2025-04-24,1,2,912
2025-04-25,1,2,2355
2025-04-26,1,2,2298
2025-04-27,1,2,2228
2025-04-28,1,2,2149
2025-04-29,1,2,2069
2025-04-30,1,2,1995
2025-05-01,1,2,1901
2025-05-02,1,2,1834
2025-05-03,1,2,1774
2025-05-04,1,2,1716
2025-05-05,1,2,1640
2025-05-06,1,2,1515
2025-05-07,1,2,1433
2025-05-08,1,2,1320
2025-05-09,1,2,1225
2025-05-10,1,2,1158
2025-05-11,1,2,1087
2025-05-12,1,2,992
2025-05-13,1,2,906
2025-05-14,1,2,817
2025-05-15,1,2,695
2025-05-16,1,2,617
2025-05-17,1,2,557
2025-05-18,1,2,1171
2025-05-19,1,2,1080
2025-05-20,1,2,999
2025-05-21,1,2,909
2025-05-22,1,2,827
2025-05-23,1,2,759
2025-05-24,1,2,692
2025-05-25,1,2,2198
2025-05-26,1,2,2107
2025-05-27,1,2,2035
2025-05-28,1,2,1943
2025-05-29,1,2,1856
2025-05-30,1,2,1770
2025-05-31,1,2,1696
2025-06-01,1,2,1542
2025-06-02,1,2,1449
2025-06-03,1,2,1343
2025-06-04,1,2,1271
2025-06-05,1,2,1193
2025-06-06,1,2,1110
2025-06-07,1,2,1052
2025-06-08,1,2,987
2025-06-09,1,2,911
2025-06-10,1,2,834
2025-06-11,1,2,752
2025-06-12,1,2,664
2025-06-13,1,2,585
2025-06-14,1,2,517
2025-06-15,1,2,1042
2025-06-16,1,2,963
2025-06-17,1,2,880
2025-06-18,1,2,802
2025-06-19,1,2,722
2025-06-20,1,2,641
2025-06-21,1,2,561
2025-06-22,1,2,494
2025-06-23,1,2,416
2025-06-24,1,2,2463
2025-06-25,1,2,2379
2025-06-26,1,2,2308
2025-06-27,1,2,2236
2025-06-28,1,2,2171
2025-06-29,1,2,2114
2025-06-30,1,2,2044
2025-07-01,1,2,1976
2025-07-02,1,2,1897
2025-07-03,1,2,1818
2025-07-04,1,2,1741
2025-07-05,1,2,1682
2025-07-06,1,2,1630
2025-07-07,1,2,1548
2025-07-08,1,2,1457
2025-07-09,1,2,1375
2025-07-10,1,2,1300
2025-07-11,1,2,1235
2025-07-12,1,2,1184
2025-07-13,1,2,1127
2025-07-14,1,2,1052
2025-07-15,1,2,973
2025-07-16,1,2,898
2025-07-17,1,2,821
2025-07-18,1,2,755
2025-07-19,1,2,701
2025-07-20,1,2,634
2025-07-21,1,2,548
2025-07-22,1,2,459
2025-07-23,1,2,388
2025-07-24,1,2,2118
2025-07-25,1,2,2041
2025-07-26,1,2,1966
2025-07-27,1,2,1906
2025-07-28,1,2,1821
2025-07-29,1,2,1734
2025-07-30,1,2,1660
2025-07-31,1,2,1590
2025-08-01,1,2,1524
2025-08-02,1,2,1465
2025-08-03,1,2,1406
2025-08-04,1,2,1300
2025-08-05,1,2,1229
2025-08-06,1,2,1160
2025-08-07,1,2,1078
2025-08-08,1,2,1012
2025-08-09,1,2,951
2025-08-10,1,2,895
2025-08-11,1,2,820
2025-08-12,1,2,730
2025-08-13,1,2,659
2025-08-14,1,2,577
2025-08-15,1,2,499
2025-08-16,1,2,442
2025-08-17,1,2,386
2025-08-18,1,2,968
2025-08-19,1,2,901
2025-08-20,1,2,823
2025-08-21,1,2,759
2025-08-22,1,2,681
2025-08-23,1,2,2138
2025-08-24,1,2,2060
2025-08-25,1,2,1997
2025-08-26,1,2,1901
2025-08-27,1,2,1786
2025-08-28,1,2,1708
2025-08-29,1,2,1637
2025-08-30,1,2,1525
2025-08-31,1,2,1471
2025-09-01,1,2,1397
2025-09-02,1,2,1303
2025-09-03,1,2,1233
2025-09-04,1,2,1168
2025-09-05,1,2,1100
2025-09-06,1,2,1040
2025-09-07,1,2,979
2025-09-08,1,2,920
2025-09-09,1,2,833
2025-09-10,1,2,771
2025-09-11,1,2,696
2025-09-12,1,2,627
2025-09-13,1,2,576
2025-09-14,1,2,516
2025-09-15,1,2,435
2025-09-16,1,2,360
2025-09-17,1,2,295
2025-09-18,1,2,217
2025-09-19,1,2,151
2025-09-20,1,2,76
2025-09-21,1,2,22
2025-09-22,1,2,2243
2025-09-23,1,2,2140
2025-09-24,1,2,2068
2025-09-25,1,2,1998
2025-09-26,1,2,1925
2025-09-27,1,2,1880
2025-09-28,1,2,1811
2025-09-29,1,2,1737
2025-09-30,1,2,1670
2025-10-01,1,2,1593
2025-10-02,1,2,1532
2025-10-03,1,2,1464
2025-10-04,1,2,1415
2025-10-05,1,2,1355
2025-10-06,1,2,1290
2025-10-07,1,2,1217
2025-10-08,1,2,1132
2025-10-09,1,2,1046
2025-10-10,1,2,973
2025-10-11,1,2,907
2025-10-12,1,2,849
2025-10-13,1,2,785
2025-10-14,1,2,729
2025-10-15,1,2,673
2025-10-16,1,2,560
2025-10-17,1,2,482
2025-10-18,1,2,1040
2025-10-19,1,2,986
2025-10-20,1,2,913
2025-10-21,1,2,832
2025-10-22,1,2,2386
2025-10-23,1,2,2313
2025-10-24,1,2,2237
2025-10-25,1,2,2188
2025-10-26,1,2,2109
2025-10-27,1,2,2034
2025-10-28,1,2,1972
2025-10-29,1,2,1907
2025-10-30,1,2,1835
2025-10-31,1,2,1755
2025-11-01,1,2,1697
2025-11-02,1,2,1636
2025-11-03,1,2,1554
2025-11-04,1,2,1475
2025-11-05,1,2,1398
2025-11-06,1,2,1332
2025-11-07,1,2,1262
2025-11-08,1,2,1204
2025-11-09,1,2,1151
2025-11-10,1,2,1082
2025-11-11,1,2,1029
2025-11-12,1,2,961
2025-11-13,1,2,895
2025-11-14,1,2,827
2025-11-15,1,2,764
2025-11-16,1,2,710
2025-11-17,1,2,640
2025-11-18,1,2,574
2025-11-19,1,2,503
2025-11-20,1,2,429
2025-11-21,1,2,1972
2025-11-22,1,2,1879
2025-11-23,1,2,1826
2025-11-24,1,2,1760
2025-11-25,1,2,1666
2025-11-26,1,2,1591
2025-11-27,1,2,1507
2025-11-28,1,2,1428
2025-11-29,1,2,1371
2025-11-30,1,2,1317
2025-12-01,1,2,1243
2025-12-02,1,2,1166
2025-12-03,1,2,1089
2025-12-04,1,2,1023
2025-12-05,1,2,956
2025-12-06,1,2,900
2025-12-07,1,2,840
2025-12-08,1,2,770
2025-12-09,1,2,692
2025-12-10,1,2,612
2025-12-11,1,2,546
2025-12-12,1,2,488
2025-12-13,1,2,433
2025-12-14,1,2,373
2025-12-15,1,2,293
2025-12-16,1,2,214
2025-12-17,1,2,138
2025-12-18,1,2,70
2025-12-19,1,2,0
2025-12-20,1,2,0
2025-12-21,1,2,2478
2025-12-22,1,2,2394
2025-12-23,1,2,2320
2025-12-24,1,2,2247
2025-12-25,1,2,2174
2025-12-26,1,2,2097
2025-12-27,1,2,2032
2025-12-28,1,2,1978
2025-12-29,1,2,1902
2025-12-30,1,2,1839
2025-12-31,1,2,1761
2024-01-01,1,3,5605
2024-01-02,1,3,5540
2024-01-03,1,3,5481
2024-01-04,1,3,5405
2024-01-05,1,3,5330
2024-01-06,1,3,5276
2024-01-07,1,3,5215
2024-01-08,1,3,5145
2024-01-09,1,3,5068
2024-01-10,1,3,4985
2024-01-11,1,3,4906
2024-01-12,1,3,4813
2024-01-13,1,3,4759
2024-01-14,1,3,4704
2024-01-15,1,3,4633
2024-01-16,1,3,4556
2024-01-17,1,3,4479
2024-01-18,1,3,4391
2024-01-19,1,3,4318
2024-01-20,1,3,4264
2024-01-21,1,3,4213
2024-01-22,1,3,4136
2024-01-23,1,3,4053
2024-01-24,1,3,3983
2024-01-25,1,3,3915
2024-01-26,1,3,3842
2024-01-27,1,3,3788
2024-01-28,1,3,3724
2024-01-29,1,3,3662
2024-01-30,1,3,3595
2024-01-31,1,3,4856
2024-02-01,1,3,4779
2024-02-02,1,3,4689
2024-02-03,1,3,4589
2024-02-04,1,3,4533
2024-02-05,1,3,4448
2024-02-06,1,3,4383
2024-02-07,1,3,4304
2024-02-08,1,3,4215
2024-02-09,1,3,4128
2024-02-10,1,3,4064
2024-02-11,1,3,4000
2024-02-12,1,3,3931
2024-02-13,1,3,3821
2024-02-14,1,3,3738
2024-02-15,1,3,3657
2024-02-16,1,3,3585
2024-02-17,1,3,3513
2024-02-18,1,3,3449
2024-02-19,1,3,3367
2024-02-20,1,3,3291
2024-02-21,1,3,3205
2024-02-22,1,3,3128
2024-02-23,1,3,3037
2024-02-24,1,3,2976
2024-02-25,1,3,2913
2024-02-26,1,3,2831
2024-02-27,1,3,2754
2024-02-28,1,3,2660
2024-02-29,1,3,2581
2024-03-01,1,3,5113
2024-03-02,1,3,5056
2024-03-03,1,3,4979
2024-03-04,1,3,4901
2024-03-05,1,3,4827
2024-03-06,1,3,4754
2024-03-07,1,3,4665
2024-03-08,1,3,4560
2024-03-09,1,3,4507
2024-03-10,1,3,4450
2024-03-11,1,3,4394
2024-03-12,1,3,4317
2024-03-13,1,3,4227
2024-03-14,1,3,4152
2024-03-15,1,3,4068
2024-03-16,1,3,3997
2024-03-17,1,3,3869
2024-03-18,1,3,3794
2024-03-19,1,3,3707
2024-03-20,1,3,3617
2024-03-21,1,3,3519
2024-03-22,1,3,3438
2024-03-23,1,3,3373
2024-03-24,1,3,3306
2024-03-25,1,3,3233
2024-03-26,1,3,3128
2024-03-27,1,3,3056
2024-03-28,1,3,2978
2024-03-29,1,3,2893
2024-03-30,1,3,2807
2024-03-31,1,3,4978
2024-04-01,1,3,4910
2024-04-02,1,3,4822
2024-04-03,1,3,4745
2024-04-04,1,3,4666
2024-04-05,1,3,4587
2024-04-06,1,3,4509
2024-04-07,1,3,4450
2024-04-08,1,3,4364
2024-04-09,1,3,4289
2024-04-10,1,3,4207
2024-04-11,1,3,4142
2024-04-12,1,3,4065
2024-04-13,1,3,3967
2024-04-14,1,3,3902
2024-04-15,1,3,3812
2024-04-16,1,3,3743
2024-04-17,1,3,3655
2024-04-18,1,3,3576
2024-04-19,1,3,3501
2024-04-20,1,3,3417
2024-04-21,1,3,3344
2024-04-22,1,3,3252
2024-04-23,1,3,3167
2024-04-24,1,3,3086
2024-04-25,1,3,2996
2024-04-26,1,3,2913
2024-04-27,1,3,2840
2024-04-28,1,3,2774
2024-04-29,1,3,2690
2024-04-30,1,3,4859
2024-05-01,1,3,4777
2024-05-02,1,3,4691
2024-05-03,1,3,4612
2024-05-04,1,3,4545
2024-05-05,1,3,4474
2024-05-06,1,3,4375
2024-05-07,1,3,4293
2024-05-08,1,3,4210
2024-05-09,1,3,4147
2024-05-10,1,3,4059
2024-05-11,1,3,3999
2024-05-12,1,3,3929
2024-05-13,1,3,3848
2024-05-14,1,3,3776
2024-05-15,1,3,3700
2024-05-16,1,3,3634
2024-05-17,1,3,3548
2024-05-18,1,3,3475
2024-05-19,1,3,3404
2024-05-20,1,3,3321
2024-05-21,1,3,3221
2024-05-22,1,3,3128
2024-05-23,1,3,3049
2024-05-24,1,3,2961
2024-05-25,1,3,2902
2024-05-26,1,3,2808
2024-05-27,1,3,2724
2024-05-28,1,3,2650
2024-05-29,1,3,2562
2024-05-30,1,3,4899
2024-05-31,1,3,4818
2024-06-01,1,3,4754
2024-06-02,1,3,4684
2024-06-03,1,3,4613
2024-06-04,1,3,4534
2024-06-05,1,3,4451
2024-06-06,1,3,4370
2024-06-07,1,3,4273
2024-06-08,1,3,4188
2024-06-09,1,3,4122
2024-06-10,1,3,4032
2024-06-11,1,3,3952
2024-06-12,1,3,3874
2024-06-13,1,3,3804
2024-06-14,1,3,3714
2024-06-15,1,3,3645
2024-06-16,1,3,3571
2024-06-17,1,3,3496
2024-06-18,1,3,3410
2024-06-19,1,3,3334
2024-06-20,1,3,3255
2024-06-21,1,3,3172
2024-06-22,1,3,3102
2024-06-23,1,3,3051
2024-06-24,1,3,2970
2024-06-25,1,3,2897
2024-06-26,1,3,2815
2024-06-27,1,3,2734
2024-06-28,1,3,2656
2024-06-29,1,3,4924
2024-06-30,1,3,4864
2024-07-01,1,3,4783
2024-07-02,1,3,4646
2024-07-03,1,3,4580
2024-07-04,1,3,4501
2024-07-05,1,3,4436
2024-07-06,1,3,4380
2024-07-07,1,3,4322
2024-07-08,1,3,4252
2024-07-09,1,3,4155
2024-07-10,1,3,4091
2024-07-11,1,3,4012
2024-07-12,1,3,3946
2024-07-13,1,3,3884
2024-07-14,1,3,3827
2024-07-15,1,3,3756
2024-07-16,1,3,3687
2024-07-17,1,3,3611
2024-07-18,1,3,3549
2024-07-19,1,3,3417
2024-07-20,1,3,3353
2024-07-21,1,3,3300
2024-07-22,1,3,3220
2024-07-23,1,3,3133
2024-07-24,1,3,3064
2024-07-25,1,3,2963
2024-07-26,1,3,2886
2024-07-27,1,3,2803
2024-07-28,1,3,2713
2024-07-29,1,3,4706
2024-07-30,1,3,4634
2024-07-31,1,3,4558
2024-08-01,1,3,4476
2024-08-02,1,3,4402
2024-08-03,1,3,4339
2024-08-04,1,3,4278
2024-08-05,1,3,4210
2024-08-06,1,3,4135
2024-08-07,1,3,4062
2024-08-08,1,3,3981
2024-08-09,1,3,3915
2024-08-10,1,3,3835
2024-08-11,1,3,3773
2024-08-12,1,3,3695
2024-08-13,1,3,3622
2024-08-14,1,3,3545
2024-08-15,1,3,3477
2024-08-16,1,3,3414
2024-08-17,1,3,3360
2024-08-18,1,3,3295
2024-08-19,1,3,3229
2024-08-20,1,3,3166
2024-08-21,1,3,3090
2024-08-22,1,3,3013
2024-08-23,1,3,2943
2024-08-24,1,3,2885
2024-08-25,1,3,2828
2024-08-26,1,3,2755
2024-08-27,1,3,2677
2024-08-28,1,3,4653
2024-08-29,1,3,4580
2024-08-30,1,3,4505
2024-08-31,1,3,4459
2024-09-01,1,3,4392
2024-09-02,1,3,4325
2024-09-03,1,3,4256
2024-09-04,1,3,4198
2024-09-05,1,3,4128
2024-09-06,1,3,4055
2024-09-07,1,3,3997
2024-09-08,1,3,3941
2024-09-09,1,3,3867
2024-09-10,1,3,3787
2024-09-11,1,3,3725
2024-09-12,1,3,3653
2024-09-13,1,3,3591
2024-09-14,1,3,3544
2024-09-15,1,3,3496
2024-09-16,1,3,3429
2024-09-17,1,3,3363
2024-09-18,1,3,3286
2024-09-19,1,3,3229
2024-09-20,1,3,3151
2024-09-21,1,3,3097
2024-09-22,1,3,3037
2024-09-23,1,3,2952
2024-09-24,1,3,2888
2024-09-25,1,3,2819
2024-09-26,1,3,2743
2024-09-27,1,3,5084
2024-09-28,1,3,5027
2024-09-29,1,3,4964
2024-09-30,1,3,4888
2024-10-01,1,3,4827
2024-10-02,1,3,4754
2024-10-03,1,3,4681
2024-10-04,1,3,4622
2024-10-05,1,3,4572
2024-10-06,1,3,4521
2024-10-07,1,3,4464
2024-10-08,1,3,4397
2024-10-09,1,3,4325
2024-10-10,1,3,4253
2024-10-11,1,3,4189
2024-10-12,1,3,4132
2024-10-13,1,3,4064
2024-10-14,1,3,3944
2024-10-15,1,3,3880
2024-10-16,1,3,3802
2024-10-17,1,3,3731
2024-10-18,1,3,3656
2024-10-19,1,3,3599
2024-10-20,1,3,3539
2024-10-21,1,3,3483
2024-10-22,1,3,3424
2024-10-23,1,3,3354
2024-10-24,1,3,3290
2024-10-25,1,3,3217
2024-10-26,1,3,3153
2024-10-27,1,3,4668
2024-10-28,1,3,4590
2024-10-29,1,3,4519
2024-10-30,1,3,4454
2024-10-31,1,3,4381
2024-11-01,1,3,4308
2024-11-02,1,3,4224
2024-11-03,1,3,4169
2024-11-04,1,3,4102
2024-11-05,1,3,4033
2024-11-06,1,3,3966
2024-11-07,1,3,3858
2024-11-08,1,3,3791
2024-11-09,1,3,3736
2024-11-10,1,3,3682
2024-11-11,1,3,3602
2024-11-12,1,3,3528
2024-11-13,1,3,3466
2024-11-14,1,3,3397
2024-11-15,1,3,3337
2024-11-16,1,3,3278
2024-11-17,1,3,3219
2024-11-18,1,3,3140
2024-11-19,1,3,3078
2024-11-20,1,3,2956
2024-11-21,1,3,2881
2024-11-22,1,3,2814
2024-11-23,1,3,2768
2024-11-24,1,3,2714
2024-11-25,1,3,2651
2024-11-26,1,3,5022
2024-11-27,1,3,4950
2024-11-28,1,3,4890
2024-11-29,1,3,4812
2024-11-30,1,3,4760
2024-12-01,1,3,4699
2024-12-02,1,3,4620
2024-12-03,1,3,4551
2024-12-04,1,3,4467
2024-12-05,1,3,4399
2024-12-06,1,3,4330
2024-12-07,1,3,4265
2024-12-08,1,3,4163
2024-12-09,1,3,4096
2024-12-10,1,3,4011
2024-12-11,1,3,3939
2024-12-12,1,3,3868
2024-12-13,1,3,3770
2024-12-14,1,3,3708
2024-12-15,1,3,3642
2024-12-16,1,3,3554
2024-12-17,1,3,3485
2024-12-18,1,3,3412
2024-12-19,1,3,3335
2024-12-20,1,3,3256
2024-12-21,1,3,3211
2024-12-22,1,3,3130
2024-12-23,1,3,3055
2024-12-24,1,3,2981
2024-12-25,1,3,2918
2024-12-26,1,3,5123
2024-12-27,1,3,5043
2024-12-28,1,3,4981
2024-12-29,1,3,4924
2024-12-30,1,3,4848
2024-12-31,1,3,4779
2025-01-01,1,3,4700
2025-01-02,1,3,4629
2025-01-03,1,3,4560
2025-01-04,1,3,4495
2025-01-05,1,3,4424
2025-01-06,1,3,4343
2025-01-07,1,3,4266
2025-01-08,1,3,4189
2025-01-09,1,3,4107
2025-01-10,1,3,4016
2025-01-11,1,3,3963
2025-01-12,1,3,3894
2025-01-13,1,3,3814
2025-01-14,1,3,3748
2025-01-15,1,3,3670
2025-01-16,1,3,3598
2025-01-17,1,3,3516
2025-01-18,1,3,3458
2025-01-19,1,3,3392
2025-01-20,1,3,3313
2025-01-21,1,3,3232
2025-01-22,1,3,3155
2025-01-23,1,3,3079
2025-01-24,1,3,2996
2025-01-25,1,3,4854
2025-01-26,1,3,4791
2025-01-27,1,3,4718
2025-01-28,1,3,4634
2025-01-29,1,3,4556
2025-01-30,1,3,4458
2025-01-31,1,3,4393
2025-02-01,1,3,4326
2025-02-02,1,3,4273
2025-02-03,1,3,4207
2025-02-04,1,3,4117
2025-02-05,1,3,3992
2025-02-06,1,3,3913
2025-02-07,1,3,3816
2025-02-08,1,3,3761
2025-02-09,1,3,3696
2025-02-10,1,3,3607
2025-02-11,1,3,3526
2025-02-12,1,3,3444
2025-02-13,1,3,3360
2025-02-14,1,3,3269
2025-02-15,1,3,3206
2025-02-16,1,3,3145
2025-02-17,1,3,3065
2025-02-18,1,3,2996
2025-02-19,1,3,2907
2025-02-20,1,3,2828
2025-02-21,1,3,2760
2025-02-22,1,3,2692
2025-02-23,1,3,2630
2025-02-24,1,3,5085
2025-02-25,1,3,5006
2025-02-26,1,3,4926
2025-02-27,1,3,4843
2025-02-28,1,3,4752
2025-03-01,1,3,4691
2025-03-02,1,3,4622
2025-03-03,1,3,4498
2025-03-04,1,3,4409
2025-03-05,1,3,4287
2025-03-06,1,3,4216
2025-03-07,1,3,4142
2025-03-08,1,3,4066
2025-03-09,1,3,4012
2025-03-10,1,3,3942
2025-03-11,1,3,3847
2025-03-12,1,3,3757
2025-03-13,1,3,3684
2025-03-14,1,3,3595
2025-03-15,1,3,3521
2025-03-16,1,3,3460
2025-03-17,1,3,3404
2025-03-18,1,3,3304
2025-03-19,1,3,3223
2025-03-20,1,3,3136
2025-03-21,1,3,3051
2025-03-22,1,3,2982
2025-03-23,1,3,2906
2025-03-24,1,3,2834
2025-03-25,1,3,2749
2025-03-26,1,3,5134
2025-03-27,1,3,4987
2025-03-28,1,3,4910
2025-03-29,1,3,4845
2025-03-30,1,3,4775
2025-03-31,1,3,4683
2025-04-01,1,3,4600
2025-04-02,1,3,4518
2025-04-03,1,3,4427
2025-04-04,1,3,4334
2025-04-05,1,3,4268
2025-04-06,1,3,4186
2025-04-07,1,3,4116
2025-04-08,1,3,4007
2025-04-09,1,3,3930
2025-04-10,1,3,3850
2025-04-11,1,3,3755
2025-04-12,1,3,3697
2025-04-13,1,3,3629
2025-04-14,1,3,3536
2025-04-15,1,3,3444
2025-04-16,1,3,3348
2025-04-17,1,3,3268
2025-04-18,1,3,3181
2025-04-19,1,3,3105
2025-04-20,1,3,3034
2025-04-21,1,3,2950
2025-04-22,1,3,2846
2025-04-23,1,3,2758
2025-04-24,1,3,2661
2025-04-25,1,3,4740
2025-04-26,1,3,4675
2025-04-27,1,3,4602
2025-04-28,1,3,4498
2025-04-29,1,3,4404
2025-04-30,1,3,4319
2025-05-01,1,3,4235
2025-05-02,1,3,4103
2025-05-03,1,3,4037
2025-05-04,1,3,3971
2025-05-05,1,3,3879
2025-05-06,1,3,3791
2025-05-07,1,3,3700
2025-05-08,1,3,3613
2025-05-09,1,3,3529
2025-05-10,1,3,3470
2025-05-11,1,3,3403
2025-05-12,1,3,3315
2025-05-13,1,3,3231
2025-05-14,1,3,3155
2025-05-15,1,3,3067
2025-05-16,1,3,2994
2025-05-17,1,3,2919
2025-05-18,1,3,2858
2025-05-19,1,3,2791
2025-05-20,1,3,2710
2025-05-21,1,3,2623
2025-05-22,1,3,2549
2025-05-23,1,3,2475
2025-05-24,1,3,2395
2025-05-25,1,3,4699
2025-05-26,1,3,4609
2025-05-27,1,3,4504
2025-05-28,1,3,4423
2025-05-29,1,3,4343
2025-05-30,1,3,4257
2025-05-31,1,3,4186
2025-06-01,1,3,4120
2025-06-02,1,3,4029
2025-06-03,1,3,3954
2025-06-04,1,3,3857
2025-06-05,1,3,3772
2025-06-06,1,3,3684
2025-06-07,1,3,3625
2025-06-08,1,3,3557
2025-06-09,1,3,3390
2025-06-10,1,3,3298
2025-06-11,1,3,3216
2025-06-12,1,3,3134
2025-06-13,1,3,3046
2025-06-14,1,3,2975
2025-06-15,1,3,2899
2025-06-16,1,3,2818
2025-06-17,1,3,2730
2025-06-18,1,3,2629
2025-06-19,1,3,2557
2025-06-20,1,3,2435
2025-06-21,1,3,2375
2025-06-22,1,3,2297
2025-06-23,1,3,2208
2025-06-24,1,3,4917
2025-06-25,1,3,4801
2025-06-26,1,3,4717
2025-06-27,1,3,4630
2025-06-28,1,3,4572
2025-06-29,1,3,4515
2025-06-30,1,3,4431
2025-07-01,1,3,4359
2025-07-02,1,3,4286
2025-07-03,1,3,4215
2025-07-04,1,3,4129
2025-07-05,1,3,4071
2025-07-06,1,3,4011
2025-07-07,1,3,3923
2025-07-08,1,3,3835
2025-07-09,1,3,3761
2025-07-10,1,3,3679
2025-07-11,1,3,3580
2025-07-12,1,3,3519
2025-07-13,1,3,3461
2025-07-14,1,3,3377
2025-07-15,1,3,3281
2025-07-16,1,3,3203
2025-07-17,1,3,3117
2025-07-18,1,3,3034
2025-07-19,1,3,2971
2025-07-20,1,3,2904
2025-07-21,1,3,2841
2025-07-22,1,3,2748
2025-07-23,1,3,2669
2025-07-24,1,3,5172
2025-07-25,1,3,5082
2025-07-26,1,3,5024
2025-07-27,1,3,4963
2025-07-28,1,3,4896
2025-07-29,1,3,4808
2025-07-30,1,3,4728
2025-07-31,1,3,4644
2025-08-01,1,3,4569
2025-08-02,1,3,4521
2025-08-03,1,3,4452
2025-08-04,1,3,4374
2025-08-05,1,3,4318
2025-08-06,1,3,4236
2025-08-07,1,3,4152
2025-08-08,1,3,4076
2025-08-09,1,3,4018
2025-08-10,1,3,3960
2025-08-11,1,3,3878
2025-08-12,1,3,3810
2025-08-13,1,3,3723
2025-08-14,1,3,3648
2025-08-15,1,3,3561
2025-08-16,1,3,3505
2025-08-17,1,3,3449
2025-08-18,1,3,3371
2025-08-19,1,3,3295
2025-08-20,1,3,3224
2025-08-21,1,3,3148
2025-08-22,1,3,3074
2025-08-23,1,3,5000
2025-08-24,1,3,4935
2025-08-25,1,3,4860
2025-08-26,1,3,4794
2025-08-27,1,3,4655
2025-08-28,1,3,4567
2025-08-29,1,3,4461
2025-08-30,1,3,4397
2025-08-31,1,3,4336
2025-09-01,1,3,4263
2025-09-02,1,3,4194
2025-09-03,1,3,4097
2025-09-04,1,3,4016
2025-09-05,1,3,3940
2025-09-06,1,3,3865
2025-09-07,1,3,3804
2025-09-08,1,3,3747
2025-09-09,1,3,3669
2025-09-10,1,3,3605
2025-09-11,1,3,3531
2025-09-12,1,3,3447
2025-09-13,1,3,3396
2025-09-14,1,3,3338
2025-09-15,1,3,3253
2025-09-16,1,3,3188
2025-09-17,1,3,3127
2025-09-18,1,3,3056
2025-09-19,1,3,2942
2025-09-20,1,3,2882
2025-09-21,1,3,2825
2025-09-22,1,3,4687
2025-09-23,1,3,4572
2025-09-24,1,3,4500
2025-09-25,1,3,4398
2025-09-26,1,3,4338
2025-09-27,1,3,4279
2025-09-28,1,3,4191
2025-09-29,1,3,4124
2025-09-30,1,3,4048
2025-10-01,1,3,3976
2025-10-02,1,3,3889
2025-10-03,1,3,3818
2025-10-04,1,3,3755
2025-10-05,1,3,3688
2025-10-06,1,3,3619
2025-10-07,1,3,3554
2025-10-08,1,3,3477
2025-10-09,1,3,3404
2025-10-10,1,3,3344
2025-10-11,1,3,3266
2025-10-12,1,3,3216
2025-10-13,1,3,3133
2025-10-14,1,3,3058
2025-10-15,1,3,2983
2025-10-16,1,3,2912
2025-10-17,1,3,2847
2025-10-18,1,3,2796
2025-10-19,1,3,2740
2025-10-20,1,3,2669
2025-10-21,1,3,2584
2025-10-22,1,3,4820
2025-10-23,1,3,4738
2025-10-24,1,3,4603
2025-10-25,1,3,4545
2025-10-26,1,3,4483
2025-10-27,1,3,4422
2025-10-28,1,3,4340
2025-10-29,1,3,4265
2025-10-30,1,3,4185
2025-10-31,1,3,4051
2025-11-01,1,3,3993
2025-11-02,1,3,3936
2025-11-03,1,3,3856
2025-11-04,1,3,3673
2025-11-05,1,3,3602
2025-11-06,1,3,3521
2025-11-07,1,3,3447
2025-11-08,1,3,3389
2025-11-09,1,3,3297
2025-11-10,1,3,3236
2025-11-11,1,3,3147
2025-11-12,1,3,3078
2025-11-13,1,3,2999
2025-11-14,1,3,2925
2025-11-15,1,3,2862
2025-11-16,1,3,2805
2025-11-17,1,3,2732
2025-11-18,1,3,2642
2025-11-19,1,3,2548
2025-11-20,1,3,2467
2025-11-21,1,3,4951
2025-11-22,1,3,4891
2025-11-23,1,3,4842
2025-11-24,1,3,4765
2025-11-25,1,3,4686
2025-11-26,1,3,4611
2025-11-27,1,3,4534
2025-11-28,1,3,4462
2025-11-29,1,3,4395
2025-11-30,1,3,4344
2025-12-01,1,3,4270
2025-12-02,1,3,4188
2025-12-03,1,3,4111
2025-12-04,1,3,4056
2025-12-05,1,3,3987
2025-12-06,1,3,3931
2025-12-07,1,3,3872
2025-12-08,1,3,3795
2025-12-09,1,3,3722
2025-12-10,1,3,3601
2025-12-11,1,3,3530
2025-12-12,1,3,3446
2025-12-13,1,3,3397
2025-12-14,1,3,3334
2025-12-15,1,3,3258
2025-12-16,1,3,3179
2025-12-17,1,3,3067
2025-12-18,1,3,2995
2025-12-19,1,3,2919
2025-12-20,1,3,2854
2025-12-21,1,3,4810
2025-12-22,1,3,4734
2025-12-23,1,3,4662
2025-12-24,1,3,4585
2025-12-25,1,3,4503
2025-12-26,1,3,4417
2025-12-27,1,3,4363
2025-12-28,1,3,4300
2025-12-29,1,3,4219
2025-12-30,1,3,4147
2025-12-31,1,3,4073
2024-01-01,2,1,2814
2024-01-02,2,1,2696
2024-01-03,2,1,2592
2024-01-04,2,1,2481
2024-01-05,2,1,2381
2024-01-06,2,1,2299
2024-01-07,2,1,2209
2024-01-08,2,1,2101
2024-01-09,2,1,1969
2024-01-10,2,1,1859
2024-01-11,2,1,1753
2024-01-12,2,1,1652
2024-01-13,2,1,1576
2024-01-14,2,1,1495
2024-01-15,2,1,1389
2024-01-16,2,1,1272
2024-01-17,2,1,1166
2024-01-18,2,1,1046
2024-01-19,2,1,915
2024-01-20,2,1,839
2024-01-21,2,1,729
2024-01-22,2,1,607
2024-01-23,2,1,511
2024-01-24,2,1,1083
2024-01-25,2,1,963
2024-01-26,2,1,856
2024-01-27,2,1,1857
2024-01-28,2,1,1768
2024-01-29,2,1,1640
2024-01-30,2,1,1544
2024-01-31,2,1,1982
2024-02-01,2,1,1853
2024-02-02,2,1,1751
2024-02-03,2,1,1642
2024-02-04,2,1,1559
2024-02-05,2,1,1450
2024-02-06,2,1,1333
2024-02-07,2,1,1219
2024-02-08,2,1,1105
2024-02-09,2,1,996
2024-02-10,2,1,899
2024-02-11,2,1,791
2024-02-12,2,1,677
2024-02-13,2,1,563
2024-02-14,2,1,445
2024-02-15,2,1,321
2024-02-16,2,1,1298
2024-02-17,2,1,1213
2024-02-18,2,1,1106
2024-02-19,2,1,1001
2024-02-20,2,1,896
2024-02-21,2,1,795
2024-02-22,2,1,681
2024-02-23,2,1,562
2024-02-24,2,1,466
2024-02-25,2,1,1488
2024-02-26,2,1,1362
2024-02-27,2,1,1252
2024-02-28,2,1,1129
2024-02-29,2,1,1000
2024-03-01,2,1,2008
2024-03-02,2,1,1913
2024-03-03,2,1,1806
2024-03-04,2,1,1707
2024-03-05,2,1,1600
2024-03-06,2,1,1465
2024-03-07,2,1,1341
2024-03-08,2,1,1095
2024-03-09,2,1,969
2024-03-10,2,1,875
2024-03-11,2,1,735
2024-03-12,2,1,1548
2024-03-13,2,1,1410
2024-03-14,2,1,1266
2024-03-15,2,1,1142
2024-03-16,2,1,1044
2024-03-17,2,1,953
2024-03-18,2,1,847
2024-03-19,2,1,2026
2024-03-20,2,1,1917
2024-03-21,2,1,1799
2024-03-22,2,1,1696
2024-03-23,2,1,1575
2024-03-24,2,1,1488
2024-03-25,2,1,1377
2024-03-26,2,1,1241
2024-03-27,2,1,1116
2024-03-28,2,1,1010
2024-03-29,2,1,895
2024-03-30,2,1,791
2024-03-31,2,1,1900
2024-04-01,2,1,1781
2024-04-02,2,1,1675
2024-04-03,2,1,1554
2024-04-04,2,1,1364
2024-04-05,2,1,1238
2024-04-06,2,1,1142
2024-04-07,2,1,1057
2024-04-08,2,1,928
2024-04-09,2,1,811
2024-04-10,2,1,686
2024-04-11,2,1,503
2024-04-12,2,1,352
2024-04-13,2,1,246
2024-04-14,2,1,138
2024-04-15,2,1,12
2024-04-16,2,1,0
2024-04-17,2,1,0
2024-04-18,2,1,752
2024-04-19,2,1,641
2024-04-20,2,1,540
2024-04-21,2,1,444
2024-04-22,2,1,984
2024-04-23,2,1,877
2024-04-24,2,1,756
2024-04-25,2,1,624
2024-04-26,2,1,1243
2024-04-27,2,1,1076
2024-04-28,2,1,966
2024-04-29,2,1,838
2024-04-30,2,1,1907
2024-05-01,2,1,1791
2024-05-02,2,1,1686
2024-05-03,2,1,1579
2024-05-04,2,1,1485
2024-05-05,2,1,1373
2024-05-06,2,1,1247
2024-05-07,2,1,1129
2024-05-08,2,1,1003
2024-05-09,2,1,842
2024-05-10,2,1,696
2024-05-11,2,1,1461
2024-05-12,2,1,1371
2024-05-13,2,1,1244
2024-05-14,2,1,1093
2024-05-15,2,1,919
2024-05-16,2,1,787
2024-05-17,2,1,1946
2024-05-18,2,1,1822
2024-05-19,2,1,1724
2024-05-20,2,1,1591
2024-05-21,2,1,1460
2024-05-22,2,1,1335
2024-05-23,2,1,1197
2024-05-24,2,1,1057
2024-05-25,2,1,962
2024-05-26,2,1,852
2024-05-27,2,1,661
2024-05-28,2,1,1321
2024-05-29,2,1,1208
2024-05-30,2,1,1783
2024-05-31,2,1,1658
2024-06-01,2,1,1552
2024-06-02,2,1,1448
2024-06-03,2,1,1322
2024-06-04,2,1,1194
2024-06-05,2,1,1059
2024-06-06,2,1,939
2024-06-07,2,1,822
2024-06-08,2,1,726
2024-06-09,2,1,632
2024-06-10,2,1,521
2024-06-11,2,1,400
2024-06-12,2,1,1493
2024-06-13,2,1,1381
2024-06-14,2,1,1255
2024-06-15,2,1,1169
2024-06-16,2,1,1079
2024-06-17,2,1,946
2024-06-18,2,1,817
2024-06-19,2,1,674
2024-06-20,2,1,550
2024-06-21,2,1,430
2024-06-22,2,1,332
2024-06-23,2,1,231
2024-06-24,2,1,88
2024-06-25,2,1,718
2024-06-26,2,1,580
2024-06-27,2,1,1170
2024-06-28,2,1,1044
2024-06-29,2,1,1770
2024-06-30,2,1,1668
2024-07-01,2,1,1559
2024-07-02,2,1,1455
2024-07-03,2,1,1347
2024-07-04,2,1,1223
2024-07-05,2,1,1102
2024-07-06,2,1,1020
2024-07-07,2,1,913
2024-07-08,2,1,741
2024-07-09,2,1,644
2024-07-10,2,1,539
2024-07-11,2,1,1701
2024-07-12,2,1,1528
2024-07-13,2,1,1433
2024-07-14,2,1,1346
2024-07-15,2,1,1239
2024-07-16,2,1,1105
2024-07-17,2,1,993
2024-07-18,2,1,873
2024-07-19,2,1,753
2024-07-20,2,1,655
2024-07-21,2,1,569
2024-07-22,2,1,453
2024-07-23,2,1,346
2024-07-24,2,1,230
2024-07-25,2,1,120
2024-07-26,2,1,11
2024-07-27,2,1,0
2024-07-28,2,1,626
2024-07-29,2,1,1837
2024-07-30,2,1,1697
2024-07-31,2,1,1568
2024-08-01,2,1,1389
2024-08-02,2,1,1285
2024-08-03,2,1,1191
2024-08-04,2,1,1108
2024-08-05,2,1,997
2024-08-06,2,1,888
2024-08-07,2,1,778
2024-08-08,2,1,542
2024-08-09,2,1,441
2024-08-10,2,1,342
2024-08-11,2,1,261
2024-08-12,2,1,154
2024-08-13,2,1,73
2024-08-14,2,1,0
2024-08-15,2,1,0
2024-08-16,2,1,0
2024-08-17,2,1,0
2024-08-18,2,1,0
2024-08-19,2,1,837
2024-08-20,2,1,730
2024-08-21,2,1,641
2024-08-22,2,1,526
2024-08-23,2,1,418
2024-08-24,2,1,1241
2024-08-25,2,1,1159
2024-08-26,2,1,1056
2024-08-27,2,1,831
2024-08-28,2,1,2030
2024-08-29,2,1,1913
2024-08-30,2,1,1813
2024-08-31,2,1,1737
2024-09-01,2,1,1624
2024-09-02,2,1,1524
2024-09-03,2,1,1413
2024-09-04,2,1,1310
2024-09-05,2,1,1160
2024-09-06,2,1,1081
2024-09-07,2,1,1006
2024-09-08,2,1,912
2024-09-09,2,1,779
2024-09-10,2,1,681
2024-09-11,2,1,568
2024-09-12,2,1,1302
2024-09-13,2,1,1200
2024-09-14,2,1,1129
2024-09-15,2,1,1043
2024-09-16,2,1,954
2024-09-17,2,1,851
2024-09-18,2,1,733
2024-09-19,2,1,1862
2024-09-20,2,1,1756
2024-09-21,2,1,1645
2024-09-22,2,1,1564
2024-09-23,2,1,1403
2024-09-24,2,1,1310
2024-09-25,2,1,1209
2024-09-26,2,1,1110
2024-09-27,2,1,1884
2024-09-28,2,1,1809
2024-09-29,2,1,1724
2024-09-30,2,1,1618
2024-10-01,2,1,1511
2024-10-02,2,1,1396
2024-10-03,2,1,1291
2024-10-04,2,1,1178
2024-10-05,2,1,1122
2024-10-06,2,1,1038
2024-10-07,2,1,937
2024-10-08,2,1,847
2024-10-09,2,1,670
2024-10-10,2,1,585
2024-10-11,2,1,1394
2024-10-12,2,1,1312
2024-10-13,2,1,1238
2024-10-14,2,1,1125
2024-10-15,2,1,1020
2024-10-16,2,1,909
2024-10-17,2,1,821
2024-10-18,2,1,713
2024-10-19,2,1,1395
2024-10-20,2,1,1301
2024-10-21,2,1,1213
2024-10-22,2,1,1105
2024-10-23,2,1,1015
2024-10-24,2,1,916
2024-10-25,2,1,827
2024-10-26,2,1,748
2024-10-27,2,1,2070
2024-10-28,2,1,1960
2024-10-29,2,1,1859
2024-10-30,2,1,1752
2024-10-31,2,1,1657
2024-11-01,2,1,1567
2024-11-02,2,1,1474
2024-11-03,2,1,1386
2024-11-04,2,1,1281
2024-11-05,2,1,1176
2024-11-06,2,1,1059
2024-11-07,2,1,972
2024-11-08,2,1,859
2024-11-09,2,1,760
2024-11-10,2,1,677
2024-11-11,2,1,585
2024-11-12,2,1,1162
2024-11-13,2,1,1072
2024-11-14,2,1,972
2024-11-15,2,1,879
2024-11-16,2,1,797
2024-11-17,2,1,719
2024-11-18,2,1,599
2024-11-19,2,1,449
2024-11-20,2,1,1497
2024-11-21,2,1,1388
2024-11-22,2,1,1286
2024-11-23,2,1,1207
2024-11-24,2,1,1125
2024-11-25,2,1,1024
2024-11-26,2,1,1972
2024-11-27,2,1,1861
2024-11-28,2,1,1741
2024-11-29,2,1,1667
2024-11-30,2,1,1585
2024-12-01,2,1,1508
2024-12-02,2,1,1394
2024-12-03,2,1,1290
2024-12-04,2,1,1167
2024-12-05,2,1,1046
2024-12-06,2,1,891
2024-12-07,2,1,781
2024-12-08,2,1,677
2024-12-09,2,1,587
2024-12-10,2,1,473
2024-12-11,2,1,338
2024-12-12,2,1,218
2024-12-13,2,1,1288
2024-12-14,2,1,1195
2024-12-15,2,1,1129
2024-12-16,2,1,1022
2024-12-17,2,1,917
2024-12-18,2,1,794
2024-12-19,2,1,691
2024-12-20,2,1,567
2024-12-21,2,1,491
2024-12-22,2,1,1048
2024-12-23,2,1,939
2024-12-24,2,1,840
2024-12-25,2,1,739
2024-12-26,2,1,2026
2024-12-27,2,1,1915
2024-12-28,2,1,1823
2024-12-29,2,1,1757
2024-12-30,2,1,1638
2024-12-31,2,1,1534
2025-01-01,2,1,1413
2025-01-02,2,1,1290
2025-01-03,2,1,1168
2025-01-04,2,1,1074
2025-01-05,2,1,977
2025-01-06,2,1,851
2025-01-07,2,1,733
2025-01-08,2,1,617
2025-01-09,2,1,466
2025-01-10,2,1,285
2025-01-11,2,1,194
2025-01-12,2,1,103
2025-01-13,2,1,0
2025-01-14,2,1,0
2025-01-15,2,1,0
2025-01-16,2,1,688
2025-01-17,2,1,579
2025-01-18,2,1,487
2025-01-19,2,1,386
2025-01-20,2,1,265
2025-01-21,2,1,157
2025-01-22,2,1,45
2025-01-23,2,1,0
2025-01-24,2,1,0
2025-01-25,2,1,2173
2025-01-26,2,1,2073
2025-01-27,2,1,1959
2025-01-28,2,1,1836
2025-01-29,2,1,1731
2025-01-30,2,1,1546
2025-01-31,2,1,1429
2025-02-01,2,1,1320
2025-02-02,2,1,1236
2025-02-03,2,1,1093
2025-02-04,2,1,971
2025-02-05,2,1,844
2025-02-06,2,1,731
2025-02-07,2,1,609
2025-02-08,2,1,512
2025-02-09,2,1,413
2025-02-10,2,1,286
2025-02-11,2,1,941
2025-02-12,2,1,824
2025-02-13,2,1,620
2025-02-14,2,1,512
2025-02-15,2,1,1256
2025-02-16,2,1,1162
2025-02-17,2,1,1014
2025-02-18,2,1,877
2025-02-19,2,1,757
2025-02-20,2,1,1670
2025-02-21,2,1,1535
2025-02-22,2,1,1439
2025-02-23,2,1,1356
2025-02-24,2,1,1826
2025-02-25,2,1,1670
2025-02-26,2,1,1553
2025-02-27,2,1,1446
2025-02-28,2,1,1344
2025-03-01,2,1,1257
2025-03-02,2,1,1142
2025-03-03,2,1,1005
2025-03-04,2,1,873
2025-03-05,2,1,738
2025-03-06,2,1,597
2025-03-07,2,1,447
2025-03-08,2,1,1413
2025-03-09,2,1,1327
2025-03-10,2,1,1185
2025-03-11,2,1,1073
2025-03-12,2,1,921
2025-03-13,2,1,780
2025-03-14,2,1,646
2025-03-15,2,1,535
2025-03-16,2,1,413
2025-03-17,2,1,273
2025-03-18,2,1,1210
2025-03-19,2,1,1075
2025-03-20,2,1,943
2025-03-21,2,1,818
2025-03-22,2,1,1810
2025-03-23,2,1,1685
2025-03-24,2,1,1548
2025-03-25,2,1,1418
2025-03-26,2,1,1832
2025-03-27,2,1,1709
2025-03-28,2,1,1570
2025-03-29,2,1,1479
2025-03-30,2,1,1369
2025-03-31,2,1,1246
2025-04-01,2,1,1100
2025-04-02,2,1,956
2025-04-03,2,1,818
2025-04-04,2,1,1687
2025-04-05,2,1,1572
2025-04-06,2,1,1481
2025-04-07,2,1,1352
2025-04-08,2,1,1244
2025-04-09,2,1,1148
2025-04-10,2,1,999
2025-04-11,2,1,860
2025-04-12,2,1,753
2025-04-13,2,1,631
2025-04-14,2,1,508
2025-04-15,2,1,368
2025-04-16,2,1,247
2025-04-17,2,1,89
2025-04-18,2,1,0
2025-04-19,2,1,0
2025-04-20,2,1,0
2025-04-21,2,1,0
2025-04-22,2,1,0
2025-04-23,2,1,0
2025-04-24,2,1,0
2025-04-25,2,1,1715
2025-04-26,2,1,1609
2025-04-27,2,1,1504
2025-04-28,2,1,1369
2025-04-29,2,1,1219
2025-04-30,2,1,1043
2025-05-01,2,1,899
2025-05-02,2,1,780
2025-05-03,2,1,672
2025-05-04,2,1,1438
2025-05-05,2,1,1287
2025-05-06,2,1,1162
2025-05-07,2,1,1045
2025-05-08,2,1,902
2025-05-09,2,1,761
2025-05-10,2,1,645
2025-05-11,2,1,554
2025-05-12,2,1,373
2025-05-13,2,1,241
2025-05-14,2,1,102
2025-05-15,2,1,0
2025-05-16,2,1,0
2025-05-17,2,1,0
2025-05-18,2,1,0
2025-05-19,2,1,0
2025-05-20,2,1,0
2025-05-21,2,1,927
2025-05-22,2,1,794
2025-05-23,2,1,656
2025-05-24,2,1,545
2025-05-25,2,1,1995
2025-05-26,2,1,1857
2025-05-27,2,1,1715
2025-05-28,2,1,1589
2025-05-29,2,1,1468
2025-05-30,2,1,1356
2025-05-31,2,1,1237
2025-06-01,2,1,1135
2025-06-02,2,1,1005
2025-06-03,2,1,888
2025-06-04,2,1,1867
2025-06-05,2,1,1730
2025-06-06,2,1,1612
2025-06-07,2,1,1515
2025-06-08,2,1,1386
2025-06-09,2,1,1253
2025-06-10,2,1,1127
2025-06-11,2,1,992
2025-06-12,2,1,875
2025-06-13,2,1,743
2025-06-14,2,1,1451
2025-06-15,2,1,1356
2025-06-16,2,1,1209
2025-06-17,2,1,1072
2025-06-18,2,1,938
2025-06-19,2,1,809
2025-06-20,2,1,676
2025-06-21,2,1,549
2025-06-22,2,1,419
2025-06-23,2,1,260
2025-06-24,2,1,2176
2025-06-25,2,1,2051
2025-06-26,2,1,1910
2025-06-27,2,1,1788
2025-06-28,2,1,1670
2025-06-29,2,1,1540
2025-06-30,2,1,1416
2025-07-01,2,1,1300
2025-07-02,2,1,1194
2025-07-03,2,1,1063
2025-07-04,2,1,956
2025-07-05,2,1,868
2025-07-06,2,1,767
2025-07-07,2,1,1773
2025-07-08,2,1,1673
2025-07-09,2,1,1508
2025-07-10,2,1,1374
2025-07-11,2,1,1223
2025-07-12,2,1,1098
2025-07-13,2,1,987
2025-07-14,2,1,879
2025-07-15,2,1,744
2025-07-16,2,1,1690
2025-07-17,2,1,1571
2025-07-18,2,1,1457
2025-07-19,2,1,1382
2025-07-20,2,1,1285
2025-07-21,2,1,1151
2025-07-22,2,1,1028
2025-07-23,2,1,901
2025-07-24,2,1,1917
2025-07-25,2,1,1796
2025-07-26,2,1,1629
2025-07-27,2,1,1533
2025-07-28,2,1,1351
2025-07-29,2,1,1222
2025-07-30,2,1,1108
2025-07-31,2,1,978
2025-08-01,2,1,856
2025-08-02,2,1,770
2025-08-03,2,1,678
2025-08-04,2,1,553
2025-08-05,2,1,1666
2025-08-06,2,1,1542
2025-08-07,2,1,1418
2025-08-08,2,1,1269
2025-08-09,2,1,1181
2025-08-10,2,1,1052
2025-08-11,2,1,915
2025-08-12,2,1,760
2025-08-13,2,1,634
2025-08-14,2,1,506
2025-08-15,2,1,374
2025-08-16,2,1,277
2025-08-17,2,1,179
2025-08-18,2,1,50
2025-08-19,2,1,872
2025-08-20,2,1,1424
2025-08-21,2,1,1303
2025-08-22,2,1,1202
2025-08-23,2,1,1810
2025-08-24,2,1,1719
2025-08-25,2,1,1608
2025-08-26,2,1,1489
2025-08-27,2,1,1348
2025-08-28,2,1,1178
2025-08-29,2,1,1035
2025-08-30,2,1,950
2025-08-31,2,1,840
2025-09-01,2,1,733
2025-09-02,2,1,599
2025-09-03,2,1,1325
2025-09-04,2,1,1226
2025-09-05,2,1,1096
2025-09-06,2,1,972
2025-09-07,2,1,901
2025-09-08,2,1,788
2025-09-09,2,1,687
2025-09-10,2,1,558
2025-09-11,2,1,419
2025-09-12,2,1,300
2025-09-13,2,1,148
2025-09-14,2,1,43
2025-09-15,2,1,0
2025-09-16,2,1,0
2025-09-17,2,1,0
2025-09-18,2,1,0
2025-09-19,2,1,0
2025-09-20,2,1,0
2025-09-21,2,1,612
2025-09-22,2,1,1699
2025-09-23,2,1,1601
2025-09-24,2,1,1489
2025-09-25,2,1,1389
2025-09-26,2,1,1288
2025-09-27,2,1,1216
2025-09-28,2,1,1114
2025-09-29,2,1,1013
2025-09-30,2,1,887
2025-10-01,2,1,1425
2025-10-02,2,1,1324
2025-10-03,2,1,1215
2025-10-04,2,1,1124
2025-10-05,2,1,1035
2025-10-06,2,1,926
2025-10-07,2,1,796
2025-10-08,2,1,1576
2025-10-09,2,1,1471
2025-10-10,2,1,1364
2025-10-11,2,1,1277
2025-10-12,2,1,1180
2025-10-13,2,1,1082
2025-10-14,2,1,985
2025-10-15,2,1,873
2025-10-16,2,1,751
2025-10-17,2,1,638
2025-10-18,2,1,558
2025-10-19,2,1,477
2025-10-20,2,1,370
2025-10-21,2,1,265
2025-10-22,2,1,1811
2025-10-23,2,1,1714
2025-10-24,2,1,1621
2025-10-25,2,1,1538
2025-10-26,2,1,1446
2025-10-27,2,1,1303
2025-10-28,2,1,1192
2025-10-29,2,1,1096
2025-10-30,2,1,918
2025-10-31,2,1,811
2025-11-01,2,1,722
2025-11-02,2,1,634
2025-11-03,2,1,536
2025-11-04,2,1,1705
2025-11-05,2,1,1594
2025-11-06,2,1,1474
2025-11-07,2,1,1348
2025-11-08,2,1,1271
2025-11-09,2,1,1188
2025-11-10,2,1,1069
2025-11-11,2,1,971
2025-11-12,2,1,857
2025-11-13,2,1,751
2025-11-14,2,1,637
2025-11-15,2,1,545
2025-11-16,2,1,451
2025-11-17,2,1,334
2025-11-18,2,1,869
2025-11-19,2,1,759
2025-11-20,2,1,629
2025-11-21,2,1,2053
2025-11-22,2,1,1976
2025-11-23,2,1,1833
2025-11-24,2,1,1740
2025-11-25,2,1,1635
2025-11-26,2,1,1521
2025-11-27,2,1,1416
2025-11-28,2,1,1290
2025-11-29,2,1,1199
2025-11-30,2,1,1115
2025-12-01,2,1,985
2025-12-02,2,1,886
2025-12-03,2,1,781
2025-12-04,2,1,663
2025-12-05,2,1,1904
2025-12-06,2,1,1796
2025-12-07,2,1,1706
2025-12-08,2,1,1516
2025-12-09,2,1,1383
2025-12-10,2,1,1268
2025-12-11,2,1,1151
2025-12-12,2,1,1012
2025-12-13,2,1,916
2025-12-14,2,1,805
2025-12-15,2,1,1640
2025-12-16,2,1,1495
2025-12-17,2,1,1371
2025-12-18,2,1,1243
2025-12-19,2,1,1085
2025-12-20,2,1,993
2025-12-21,2,1,1978
2025-12-22,2,1,1864
2025-12-23,2,1,1768
2025-12-24,2,1,1639
2025-12-25,2,1,1464
2025-12-26,2,1,1330
2025-12-27,2,1,1242
2025-12-28,2,1,1159
2025-12-29,2,1,1054
2025-12-30,2,1,939
2025-12-31,2,1,820
2024-01-01,2,2,3154
2024-01-02,2,2,3077
2024-01-03,2,2,2998
2024-01-04,2,2,2927
2024-01-05,2,2,2849
2024-01-06,2,2,2786
2024-01-07,2,2,2729
2024-01-08,2,2,2653
2024-01-09,2,2,2571
2024-01-10,2,2,2487
2024-01-11,2,2,2417
2024-01-12,2,2,2351
2024-01-13,2,2,2290
2024-01-14,2,2,2233
2024-01-15,2,2,2168
2024-01-16,2,2,2083
2024-01-17,2,2,2002
2024-01-18,2,2,1921
2024-01-19,2,2,1841
2024-01-20,2,2,1781
2024-01-21,2,2,1725
2024-01-22,2,2,1656
2024-01-23,2,2,1571
2024-01-24,2,2,1483
2024-01-25,2,2,1406
2024-01-26,2,2,1336
2024-01-27,2,2,1278
2024-01-28,2,2,1210
2024-01-29,2,2,1126
2024-01-30,2,2,1065
2024-01-31,2,2,3218
2024-02-01,2,2,3149
2024-02-02,2,2,3070
2024-02-03,2,2,3013
2024-02-04,2,2,2949
2024-02-05,2,2,2853
2024-02-06,2,2,2787
2024-02-07,2,2,2703
2024-02-08,2,2,2618
2024-02-09,2,2,2554
2024-02-10,2,2,2451
2024-02-11,2,2,2387
2024-02-12,2,2,2318
2024-02-13,2,2,2197
2024-02-14,2,2,2105
2024-02-15,2,2,2028
2024-02-16,2,2,1887
2024-02-17,2,2,1813
2024-02-18,2,2,1748
2024-02-19,2,2,1662
2024-02-20,2,2,1576
2024-02-21,2,2,1489
2024-02-22,2,2,1401
2024-02-23,2,2,1299
2024-02-24,2,2,1230
2024-02-25,2,2,1157
2024-02-26,2,2,1070
2024-02-27,2,2,992
2024-02-28,2,2,903
2024-02-29,2,2,827
2024-03-01,2,2,3096
2024-03-02,2,2,3032
2024-03-03,2,2,2966
2024-03-04,2,2,2869
2024-03-05,2,2,2789
2024-03-06,2,2,2690
2024-03-07,2,2,2597
2024-03-08,2,2,2502
2024-03-09,2,2,2442
2024-03-10,2,2,2379
2024-03-11,2,2,2295
2024-03-12,2,2,2206
2024-03-13,2,2,2135
2024-03-14,2,2,2047
2024-03-15,2,2,1966
2024-03-16,2,2,1892
2024-03-17,2,2,1815
2024-03-18,2,2,1727
2024-03-19,2,2,1636
2024-03-20,2,2,1551
2024-03-21,2,2,1461
2024-03-22,2,2,1382
2024-03-23,2,2,1312
2024-03-24,2,2,1242
2024-03-25,2,2,1152
2024-03-26,2,2,1005
2024-03-27,2,2,918
2024-03-28,2,2,783
2024-03-29,2,2,698
2024-03-30,2,2,627
2024-03-31,2,2,3108
2024-04-01,2,2,3024
2024-04-02,2,2,2934
2024-04-03,2,2,2856
2024-04-04,2,2,2767
2024-04-05,2,2,2685
2024-04-06,2,2,2609
2024-04-07,2,2,2529
2024-04-08,2,2,2445
2024-04-09,2,2,2366
2024-04-10,2,2,2248
2024-04-11,2,2,2150
2024-04-12,2,2,2077
2024-04-13,2,2,1998
2024-04-14,2,2,1925
2024-04-15,2,2,1829
2024-04-16,2,2,1753
2024-04-17,2,2,1668
2024-04-18,2,2,1561
2024-04-19,2,2,1482
2024-04-20,2,2,1415
2024-04-21,2,2,1348
2024-04-22,2,2,1289
2024-04-23,2,2,1207
2024-04-24,2,2,1131
2024-04-25,2,2,1032
2024-04-26,2,2,948
2024-04-27,2,2,886
2024-04-28,2,2,826
2024-04-29,2,2,742
2024-04-30,2,2,3729
2024-05-01,2,2,3642
2024-05-02,2,2,3556
2024-05-03,2,2,3464
2024-05-04,2,2,3396
2024-05-05,2,2,3329
2024-05-06,2,2,3231
2024-05-07,2,2,3138
2024-05-08,2,2,3052
2024-05-09,2,2,2971
2024-05-10,2,2,2872
2024-05-11,2,2,2814
2024-05-12,2,2,2754
2024-05-13,2,2,2669
2024-05-14,2,2,2585
2024-05-15,2,2,2506
2024-05-16,2,2,2430
2024-05-17,2,2,2358
2024-05-18,2,2,2290
2024-05-19,2,2,2222
2024-05-20,2,2,2149
2024-05-21,2,2,2059
2024-05-22,2,2,1980
2024-05-23,2,2,1901
2024-05-24,2,2,1788
2024-05-25,2,2,1723
2024-05-26,2,2,1660
2024-05-27,2,2,1566
2024-05-28,2,2,1484
2024-05-29,2,2,1390
2024-05-30,2,2,3311
2024-05-31,2,2,3217
2024-06-01,2,2,3150
2024-06-02,2,2,3083
2024-06-03,2,2,3015
2024-06-04,2,2,2890
2024-06-05,2,2,2808
2024-06-06,2,2,2725
2024-06-07,2,2,2643
2024-06-08,2,2,2575
2024-06-09,2,2,2516
2024-06-10,2,2,2442
2024-06-11,2,2,2361
2024-06-12,2,2,2282
2024-06-13,2,2,2191
2024-06-14,2,2,2096
2024-06-15,2,2,2032
2024-06-16,2,2,1964
2024-06-17,2,2,1863
2024-06-18,2,2,1771
2024-06-19,2,2,1686
2024-06-20,2,2,1599
2024-06-21,2,2,1515
2024-06-22,2,2,1459
2024-06-23,2,2,1392
2024-06-24,2,2,1283
2024-06-25,2,2,1191
2024-06-26,2,2,1118
2024-06-27,2,2,1047
2024-06-28,2,2,971
2024-06-29,2,2,3022
2024-06-30,2,2,2914
2024-07-01,2,2,2829
2024-07-02,2,2,2752
2024-07-03,2,2,2682
2024-07-04,2,2,2602
2024-07-05,2,2,2529
2024-07-06,2,2,2443
2024-07-07,2,2,2383
2024-07-08,2,2,2304
2024-07-09,2,2,2234
2024-07-10,2,2,2152
2024-07-11,2,2,2079
2024-07-12,2,2,2001
2024-07-13,2,2,1930
2024-07-14,2,2,1864
2024-07-15,2,2,1739
2024-07-16,2,2,1671
2024-07-17,2,2,1602
2024-07-18,2,2,1517
2024-07-19,2,2,1428
2024-07-20,2,2,1374
2024-07-21,2,2,1307
2024-07-22,2,2,1227
2024-07-23,2,2,1143
2024-07-24,2,2,1060
2024-07-25,2,2,980
2024-07-26,2,2,883
2024-07-27,2,2,814
2024-07-28,2,2,756
2024-07-29,2,2,3277
2024-07-30,2,2,3198
2024-07-31,2,2,3115
2024-08-01,2,2,3042
2024-08-02,2,2,2962
2024-08-03,2,2,2905
2024-08-04,2,2,2843
2024-08-05,2,2,2760
2024-08-06,2,2,2651
2024-08-07,2,2,2583
2024-08-08,2,2,2509
2024-08-09,2,2,2429
2024-08-10,2,2,2375
2024-08-11,2,2,2320
2024-08-12,2,2,2237
2024-08-13,2,2,2165
2024-08-14,2,2,2069
2024-08-15,2,2,1989
2024-08-16,2,2,1917
2024-08-17,2,2,1859
2024-08-18,2,2,1807
2024-08-19,2,2,1723
2024-08-20,2,2,1631
2024-08-21,2,2,1550
2024-08-22,2,2,1477
2024-08-23,2,2,1409
2024-08-24,2,2,1346
2024-08-25,2,2,1287
2024-08-26,2,2,1202
2024-08-27,2,2,1129
2024-08-28,2,2,3442
2024-08-29,2,2,3367
2024-08-30,2,2,3290
2024-08-31,2,2,3224
2024-09-01,2,2,3169
2024-09-02,2,2,3091
2024-09-03,2,2,3005
2024-09-04,2,2,2943
2024-09-05,2,2,2848
2024-09-06,2,2,2769
2024-09-07,2,2,2706
2024-09-08,2,2,2640
2024-09-09,2,2,2564
2024-09-10,2,2,2495
2024-09-11,2,2,2422
2024-09-12,2,2,2354
2024-09-13,2,2,2276
2024-09-14,2,2,2227
2024-09-15,2,2,2167
2024-09-16,2,2,2089
2024-09-17,2,2,2004
2024-09-18,2,2,1881
2024-09-19,2,2,1812
2024-09-20,2,2,1745
2024-09-21,2,2,1682
2024-09-22,2,2,1625
2024-09-23,2,2,1556
2024-09-24,2,2,1493
2024-09-25,2,2,1421
2024-09-26,2,2,1354
2024-09-27,2,2,3438
2024-09-28,2,2,3364
2024-09-29,2,2,3285
2024-09-30,2,2,3213
2024-10-01,2,2,3132
2024-10-02,2,2,3057
2024-10-03,2,2,2987
2024-10-04,2,2,2928
2024-10-05,2,2,2873
2024-10-06,2,2,2827
2024-10-07,2,2,2755
2024-10-08,2,2,2698
2024-10-09,2,2,2639
2024-10-10,2,2,2576
2024-10-11,2,2,2489
2024-10-12,2,2,2441
2024-10-13,2,2,2388
2024-10-14,2,2,2308
2024-10-15,2,2,2250
2024-10-16,2,2,2184
2024-10-17,2,2,2114
2024-10-18,2,2,2038
2024-10-19,2,2,1987
2024-10-20,2,2,1928
2024-10-21,2,2,1858
2024-10-22,2,2,1795
2024-10-23,2,2,1720
2024-10-24,2,2,1640
2024-10-25,2,2,1570
2024-10-26,2,2,1510
2024-10-27,2,2,3132
2024-10-28,2,2,3065
2024-10-29,2,2,2992
2024-10-30,2,2,2916
2024-10-31,2,2,2857
2024-11-01,2,2,2785
2024-11-02,2,2,2725
2024-11-03,2,2,2676
2024-11-04,2,2,2596
2024-11-05,2,2,2499
2024-11-06,2,2,2437
2024-11-07,2,2,2360
2024-11-08,2,2,2233
2024-11-09,2,2,2167
2024-11-10,2,2,2092
2024-11-11,2,2,2029
2024-11-12,2,2,1949
2024-11-13,2,2,1879
2024-11-14,2,2,1808
2024-11-15,2,2,1736
2024-11-16,2,2,1676
2024-11-17,2,2,1611
2024-11-18,2,2,1538
2024-11-19,2,2,1469
2024-11-20,2,2,1398
2024-11-21,2,2,1330
2024-11-22,2,2,1238
2024-11-23,2,2,1180
2024-11-24,2,2,1120
2024-11-25,2,2,1045
2024-11-26,2,2,3193
2024-11-27,2,2,3135
2024-11-28,2,2,2994
2024-11-29,2,2,2917
2024-11-30,2,2,2851
2024-12-01,2,2,2791
2024-12-02,2,2,2713
2024-12-03,2,2,2637
2024-12-04,2,2,2564
2024-12-05,2,2,2478
2024-12-06,2,2,2331
2024-12-07,2,2,2278
2024-12-08,2,2,2200
2024-12-09,2,2,2130
2024-12-10,2,2,2057
2024-12-11,2,2,1964
2024-12-12,2,2,1880
2024-12-13,2,2,1793
2024-12-14,2,2,1742
2024-12-15,2,2,1679
2024-12-16,2,2,1602
2024-12-17,2,2,1536
2024-12-18,2,2,1469
2024-12-19,2,2,1392
2024-12-20,2,2,1285
2024-12-21,2,2,1220
2024-12-22,2,2,1149
2024-12-23,2,2,1040
2024-12-24,2,2,957
2024-12-25,2,2,881
2024-12-26,2,2,3545
2024-12-27,2,2,3459
2024-12-28,2,2,3379
2024-12-29,2,2,3319
2024-12-30,2,2,3213
2024-12-31,2,2,3128
2025-01-01,2,2,3039
2025-01-02,2,2,2972
2025-01-03,2,2,2895
2025-01-04,2,2,2830
2025-01-05,2,2,2764
2025-01-06,2,2,2674
2025-01-07,2,2,2541
2025-01-08,2,2,2449
2025-01-09,2,2,2363
2025-01-10,2,2,2286
2025-01-11,2,2,2229
2025-01-12,2,2,2162
2025-01-13,2,2,2069
2025-01-14,2,2,1999
2025-01-15,2,2,1914
2025-01-16,2,2,1814
2025-01-17,2,2,1740
2025-01-18,2,2,1675
2025-01-19,2,2,1607
2025-01-20,2,2,1538
2025-01-21,2,2,1461
2025-01-22,2,2,1380
2025-01-23,2,2,1289
2025-01-24,2,2,1216
2025-01-25,2,2,3688
2025-01-26,2,2,3620
2025-01-27,2,2,3543
2025-01-28,2,2,3440
2025-01-29,2,2,3354
2025-01-30,2,2,3292
2025-01-31,2,2,3206
2025-02-01,2,2,3139
2025-02-02,2,2,3074
2025-02-03,2,2,2987
2025-02-04,2,2,2910
2025-02-05,2,2,2804
2025-02-06,2,2,2719
2025-02-07,2,2,2639
2025-02-08,2,2,2532
2025-02-09,2,2,2472
2025-02-10,2,2,2363
2025-02-11,2,2,2281
2025-02-12,2,2,2185
2025-02-13,2,2,2093
2025-02-14,2,2,1996
2025-02-15,2,2,1922
2025-02-16,2,2,1857
2025-02-17,2,2,1732
2025-02-18,2,2,1654
2025-02-19,2,2,1575
2025-02-20,2,2,1484
2025-02-21,2,2,1394
2025-02-22,2,2,1329
2025-02-23,2,2,1259
2025-02-24,2,2,3373
2025-02-25,2,2,3283
2025-02-26,2,2,3192
2025-02-27,2,2,3111
2025-02-28,2,2,3038
2025-03-01,2,2,2970
2025-03-02,2,2,2882
2025-03-03,2,2,2790
2025-03-04,2,2,2641
2025-03-05,2,2,2545
2025-03-06,2,2,2454
2025-03-07,2,2,2373
2025-03-08,2,2,2265
2025-03-09,2,2,2173
2025-03-10,2,2,2099
2025-03-11,2,2,1999
2025-03-12,2,2,1915
2025-03-13,2,2,1828
2025-03-14,2,2,1743
2025-03-15,2,2,1672
2025-03-16,2,2,1612
2025-03-17,2,2,1517
2025-03-18,2,2,1408
2025-03-19,2,2,1315
2025-03-20,2,2,1225
2025-03-21,2,2,1144
2025-03-22,2,2,1062
2025-03-23,2,2,982
2025-03-24,2,2,888
2025-03-25,2,2,788
2025-03-26,2,2,3034
2025-03-27,2,2,2963
2025-03-28,2,2,2883
2025-03-29,2,2,2813
2025-03-30,2,2,2736
2025-03-31,2,2,2625
2025-04-01,2,2,2544
2025-04-02,2,2,2425
2025-04-03,2,2,2327
2025-04-04,2,2,2238
2025-04-05,2,2,2156
2025-04-06,2,2,2069
2025-04-07,2,2,1977
2025-04-08,2,2,1891
2025-04-09,2,2,1785
2025-04-10,2,2,1686
2025-04-11,2,2,1586
2025-04-12,2,2,1514
2025-04-13,2,2,1443
2025-04-14,2,2,1351
2025-04-15,2,2,1269
2025-04-16,2,2,1167
2025-04-17,2,2,1086
2025-04-18,2,2,998
2025-04-19,2,2,932
2025-04-20,2,2,858
2025-04-21,2,2,764
2025-04-22,2,2,659
2025-04-23,2,2,552
2025-04-24,2,2,459
2025-04-25,2,2,3575
2025-04-26,2,2,3505
2025-04-27,2,2,3432
2025-04-28,2,2,3342
2025-04-29,2,2,3249
2025-04-30,2,2,3159
2025-05-01,2,2,3073
2025-05-02,2,2,2985
2025-05-03,2,2,2929
2025-05-04,2,2,2859
2025-05-05,2,2,2783
2025-05-06,2,2,2688
2025-05-07,2,2,2594
2025-05-08,2,2,2501
2025-05-09,2,2,2420
2025-05-10,2,2,2342
2025-05-11,2,2,2262
2025-05-12,2,2,2174
2025-05-13,2,2,2085
2025-05-14,2,2,1991
2025-05-15,2,2,1889
2025-05-16,2,2,1802
2025-05-17,2,2,1726
2025-05-18,2,2,1647
2025-05-19,2,2,1556
2025-05-20,2,2,1466
2025-05-21,2,2,1363
2025-05-22,2,2,1268
2025-05-23,2,2,1176
2025-05-24,2,2,1105
2025-05-25,2,2,3186
2025-05-26,2,2,3083
2025-05-27,2,2,2996
2025-05-28,2,2,2891
2025-05-29,2,2,2788
2025-05-30,2,2,2701
2025-05-31,2,2,2635
2025-06-01,2,2,2553
2025-06-02,2,2,2470
2025-06-03,2,2,2386
2025-06-04,2,2,2296
2025-06-05,2,2,2208
2025-06-06,2,2,2109
2025-06-07,2,2,2029
2025-06-08,2,2,1951
2025-06-09,2,2,1858
2025-06-10,2,2,1733
2025-06-11,2,2,1606
2025-06-12,2,2,1528
2025-06-13,2,2,1429
2025-06-14,2,2,1359
2025-06-15,2,2,1276
2025-06-16,2,2,1173
2025-06-17,2,2,1082
2025-06-18,2,2,986
2025-06-19,2,2,897
2025-06-20,2,2,802
2025-06-21,2,2,733
2025-06-22,2,2,661
2025-06-23,2,2,563
2025-06-24,2,2,3689
2025-06-25,2,2,3617
2025-06-26,2,2,3537
2025-06-27,2,2,3434
2025-06-28,2,2,3360
2025-06-29,2,2,3299
2025-06-30,2,2,3198
2025-07-01,2,2,3131
2025-07-02,2,2,3036
2025-07-03,2,2,2952
2025-07-04,2,2,2864
2025-07-05,2,2,2794
2025-07-06,2,2,2720
2025-07-07,2,2,2646
2025-07-08,2,2,2572
2025-07-09,2,2,2480
2025-07-10,2,2,2387
2025-07-11,2,2,2315
2025-07-12,2,2,2253
2025-07-13,2,2,2190
2025-07-14,2,2,2114
2025-07-15,2,2,2034
2025-07-16,2,2,1961
2025-07-17,2,2,1843
2025-07-18,2,2,1751
2025-07-19,2,2,1675
2025-07-20,2,2,1615
2025-07-21,2,2,1544
2025-07-22,2,2,1453
2025-07-23,2,2,1365
2025-07-24,2,2,3219
2025-07-25,2,2,3131
2025-07-26,2,2,3058
2025-07-27,2,2,2988
2025-07-28,2,2,2917
2025-07-29,2,2,2827
2025-07-30,2,2,2749
2025-07-31,2,2,2668
2025-08-01,2,2,2580
2025-08-02,2,2,2511
2025-08-03,2,2,2441
2025-08-04,2,2,2362
2025-08-05,2,2,2287
2025-08-06,2,2,2199
2025-08-07,2,2,2108
2025-08-08,2,2,2025
2025-08-09,2,2,1966
2025-08-10,2,2,1917
2025-08-11,2,2,1838
2025-08-12,2,2,1753
2025-08-13,2,2,1670
2025-08-14,2,2,1581
2025-08-15,2,2,1500
2025-08-16,2,2,1425
2025-08-17,2,2,1365
2025-08-18,2,2,1286
2025-08-19,2,2,1201
2025-08-20,2,2,1123
2025-08-21,2,2,1026
2025-08-22,2,2,949
2025-08-23,2,2,3509
2025-08-24,2,2,3438
2025-08-25,2,2,3345
2025-08-26,2,2,3260
2025-08-27,2,2,3164
2025-08-28,2,2,3091
2025-08-29,2,2,3014
2025-08-30,2,2,2947
2025-08-31,2,2,2887
2025-09-01,2,2,2805
2025-09-02,2,2,2724
2025-09-03,2,2,2640
2025-09-04,2,2,2570
2025-09-05,2,2,2491
2025-09-06,2,2,2437
2025-09-07,2,2,2377
2025-09-08,2,2,2286
2025-09-09,2,2,2220
2025-09-10,2,2,2144
2025-09-11,2,2,2061
2025-09-12,2,2,1992
2025-09-13,2,2,1927
2025-09-14,2,2,1867
2025-09-15,2,2,1794
2025-09-16,2,2,1724
2025-09-17,2,2,1645
2025-09-18,2,2,1563
2025-09-19,2,2,1437
2025-09-20,2,2,1372
2025-09-21,2,2,1310
2025-09-22,2,2,3302
2025-09-23,2,2,3234
2025-09-24,2,2,3169
2025-09-25,2,2,3094
2025-09-26,2,2,3015
2025-09-27,2,2,2954
2025-09-28,2,2,2901
2025-09-29,2,2,2831
2025-09-30,2,2,2757
2025-10-01,2,2,2684
2025-10-02,2,2,2610
2025-10-03,2,2,2532
2025-10-04,2,2,2459
2025-10-05,2,2,2405
2025-10-06,2,2,2331
2025-10-07,2,2,2255
2025-10-08,2,2,2183
2025-10-09,2,2,2096
2025-10-10,2,2,2028
2025-10-11,2,2,1983
2025-10-12,2,2,1919
2025-10-13,2,2,1848
2025-10-14,2,2,1760
2025-10-15,2,2,1692
2025-10-16,2,2,1614
2025-10-17,2,2,1519
2025-10-18,2,2,1467
2025-10-19,2,2,1403
2025-10-20,2,2,1325
2025-10-21,2,2,1239
2025-10-22,2,2,3276
2025-10-23,2,2,3214
2025-10-24,2,2,3139
2025-10-25,2,2,3081
2025-10-26,2,2,3018
2025-10-27,2,2,2929
2025-10-28,2,2,2854
2025-10-29,2,2,2790
2025-10-30,2,2,2716
2025-10-31,2,2,2622
2025-11-01,2,2,2564
2025-11-02,2,2,2508
2025-11-03,2,2,2436
2025-11-04,2,2,2327
2025-11-05,2,2,2264
2025-11-06,2,2,2172
2025-11-07,2,2,2103
2025-11-08,2,2,2047
2025-11-09,2,2,1941
2025-11-10,2,2,1858
2025-11-11,2,2,1779
2025-11-12,2,2,1697
2025-11-13,2,2,1630
2025-11-14,2,2,1554
2025-11-15,2,2,1481
2025-11-16,2,2,1421
2025-11-17,2,2,1335
2025-11-18,2,2,1272
2025-11-19,2,2,1195
2025-11-20,2,2,1121
2025-11-21,2,2,3150
2025-11-22,2,2,3105
2025-11-23,2,2,3034
2025-11-24,2,2,2957
2025-11-25,2,2,2863
2025-11-26,2,2,2776
2025-11-27,2,2,2689
2025-11-28,2,2,2627
2025-11-29,2,2,2566
2025-11-30,2,2,2511
2025-12-01,2,2,2428
2025-12-02,2,2,2340
2025-12-03,2,2,2254
2025-12-04,2,2,2158
2025-12-05,2,2,2070
2025-12-06,2,2,2004
2025-12-07,2,2,1930
2025-12-08,2,2,1845
2025-12-09,2,2,1769
2025-12-10,2,2,1688
2025-12-11,2,2,1596
2025-12-12,2,2,1513
2025-12-13,2,2,1443
2025-12-14,2,2,1382
2025-12-15,2,2,1307
2025-12-16,2,2,1203
2025-12-17,2,2,1120
2025-12-18,2,2,1037
2025-12-19,2,2,946
2025-12-20,2,2,864
2025-12-21,2,2,3626
2025-12-22,2,2,3542
2025-12-23,2,2,3373
2025-12-24,2,2,3286
2025-12-25,2,2,3178
2025-12-26,2,2,3092
2025-12-27,2,2,3014
2025-12-28,2,2,2952
2025-12-29,2,2,2866
2025-12-30,2,2,2781
2025-12-31,2,2,2694
2024-01-01,2,3,5091
2024-01-02,2,3,5001
2024-01-03,2,3,4908
2024-01-04,2,3,4826
2024-01-05,2,3,4726
2024-01-06,2,3,4638
2024-01-07,2,3,4567
2024-01-08,2,3,4461
2024-01-09,2,3,4356
2024-01-10,2,3,4259
2024-01-11,2,3,4168
2024-01-12,2,3,4084
2024-01-13,2,3,4015
2024-01-14,2,3,3944
2024-01-15,2,3,3855
2024-01-16,2,3,3765
2024-01-17,2,3,3671
2024-01-18,2,3,3557
2024-01-19,2,3,3438
2024-01-20,2,3,3363
2024-01-21,2,3,3291
2024-01-22,2,3,3192
2024-01-23,2,3,3103
2024-01-24,2,3,3001
2024-01-25,2,3,2902
2024-01-26,2,3,2782
2024-01-27,2,3,2681
2024-01-28,2,3,2616
2024-01-29,2,3,2470
2024-01-30,2,3,2378
2024-01-31,2,3,5272
2024-02-01,2,3,5162
2024-02-02,2,3,5061
2024-02-03,2,3,4982
2024-02-04,2,3,4896
2024-02-05,2,3,4788
2024-02-06,2,3,4696
2024-02-07,2,3,4537
2024-02-08,2,3,4432
2024-02-09,2,3,4316
2024-02-10,2,3,4244
2024-02-11,2,3,4174
2024-02-12,2,3,4010
2024-02-13,2,3,3909
2024-02-14,2,3,3787
2024-02-15,2,3,3690
2024-02-16,2,3,3599
2024-02-17,2,3,3493
2024-02-18,2,3,3386
2024-02-19,2,3,3285
2024-02-20,2,3,3186
2024-02-21,2,3,3080
2024-02-22,2,3,2975
2024-02-23,2,3,2875
2024-02-24,2,3,2804
2024-02-25,2,3,2726
2024-02-26,2,3,2610
2024-02-27,2,3,2452
2024-02-28,2,3,2353
2024-02-29,2,3,2211
2024-03-01,2,3,4972
2024-03-02,2,3,4880
2024-03-03,2,3,4801
2024-03-04,2,3,4676
2024-03-05,2,3,4563
2024-03-06,2,3,4458
2024-03-07,2,3,4351
2024-03-08,2,3,4236
2024-03-09,2,3,4135
2024-03-10,2,3,4055
2024-03-11,2,3,3949
2024-03-12,2,3,3828
2024-03-13,2,3,3715
2024-03-14,2,3,3601
2024-03-15,2,3,3504
2024-03-16,2,3,3414
2024-03-17,2,3,3340
2024-03-18,2,3,3248
2024-03-19,2,3,3158
2024-03-20,2,3,3029
2024-03-21,2,3,2923
2024-03-22,2,3,2821
2024-03-23,2,3,2728
2024-03-24,2,3,2657
2024-03-25,2,3,2550
2024-03-26,2,3,2441
2024-03-27,2,3,2328
2024-03-28,2,3,2222
2024-03-29,2,3,2116
2024-03-30,2,3,2021
2024-03-31,2,3,4983
2024-04-01,2,3,4894
2024-04-02,2,3,4795
2024-04-03,2,3,4686
2024-04-04,2,3,4580
2024-04-05,2,3,4479
2024-04-06,2,3,4395
2024-04-07,2,3,4300
2024-04-08,2,3,4198
2024-04-09,2,3,4082
2024-04-10,2,3,3958
2024-04-11,2,3,3851
2024-04-12,2,3,3746
2024-04-13,2,3,3658
2024-04-14,2,3,3579
2024-04-15,2,3,3456
2024-04-16,2,3,3318
2024-04-17,2,3,3218
2024-04-18,2,3,3125
2024-04-19,2,3,3023
2024-04-20,2,3,2953
2024-04-21,2,3,2852
2024-04-22,2,3,2723
2024-04-23,2,3,2606
2024-04-24,2,3,2500
2024-04-25,2,3,2385
2024-04-26,2,3,2274
2024-04-27,2,3,2188
2024-04-28,2,3,2097
2024-04-29,2,3,1970
2024-04-30,2,3,5212
2024-05-01,2,3,5108
2024-05-02,2,3,5007
2024-05-03,2,3,4899
2024-05-04,2,3,4808
2024-05-05,2,3,4712
2024-05-06,2,3,4621
2024-05-07,2,3,4523
2024-05-08,2,3,4425
2024-05-09,2,3,4296
2024-05-10,2,3,4180
2024-05-11,2,3,4091
2024-05-12,2,3,3997
2024-05-13,2,3,3895
2024-05-14,2,3,3797
2024-05-15,2,3,3681
2024-05-16,2,3,3569
2024-05-17,2,3,3413
2024-05-18,2,3,3327
2024-05-19,2,3,3224
2024-05-20,2,3,3093
2024-05-21,2,3,2974
2024-05-22,2,3,2825
2024-05-23,2,3,2724
2024-05-24,2,3,2599
2024-05-25,2,3,2506
2024-05-26,2,3,2410
2024-05-27,2,3,2305
2024-05-28,2,3,2200
2024-05-29,2,3,2099
2024-05-30,2,3,4890
2024-05-31,2,3,4759
2024-06-01,2,3,4666
2024-06-02,2,3,4578
2024-06-03,2,3,4464
2024-06-04,2,3,4361
2024-06-05,2,3,4268
2024-06-06,2,3,4166
2024-06-07,2,3,4046
2024-06-08,2,3,3973
2024-06-09,2,3,3816
2024-06-10,2,3,3710
2024-06-11,2,3,3576
2024-06-12,2,3,3463
2024-06-13,2,3,3356
2024-06-14,2,3,3267
2024-06-15,2,3,3178
2024-06-16,2,3,3083
2024-06-17,2,3,2965
2024-06-18,2,3,2853
2024-06-19,2,3,2758
2024-06-20,2,3,2567
2024-06-21,2,3,2433
2024-06-22,2,3,2354
2024-06-23,2,3,2265
2024-06-24,2,3,2138
2024-06-25,2,3,2030
2024-06-26,2,3,1928
2024-06-27,2,3,1820
2024-06-28,2,3,1700
2024-06-29,2,3,5460
2024-06-30,2,3,5392
2024-07-01,2,3,5306
2024-07-02,2,3,5196
2024-07-03,2,3,5088
2024-07-04,2,3,4967
2024-07-05,2,3,4877
2024-07-06,2,3,4808
2024-07-07,2,3,4739
2024-07-08,2,3,4644
2024-07-09,2,3,4542
2024-07-10,2,3,4442
2024-07-11,2,3,4351
2024-07-12,2,3,4229
2024-07-13,2,3,4149
2024-07-14,2,3,4072
2024-07-15,2,3,3952
2024-07-16,2,3,3853
2024-07-17,2,3,3751
2024-07-18,2,3,3640
2024-07-19,2,3,3551
2024-07-20,2,3,3476
2024-07-21,2,3,3382
2024-07-22,2,3,3274
2024-07-23,2,3,3180
2024-07-24,2,3,3079
2024-07-25,2,3,2984
2024-07-26,2,3,2875
2024-07-27,2,3,2802
2024-07-28,2,3,2726
2024-07-29,2,3,5091
2024-07-30,2,3,4995
2024-07-31,2,3,4913
2024-08-01,2,3,4821
2024-08-02,2,3,4725
2024-08-03,2,3,4651
2024-08-04,2,3,4581
2024-08-05,2,3,4486
2024-08-06,2,3,4383
2024-08-07,2,3,4285
2024-08-08,2,3,4188
2024-08-09,2,3,4089
2024-08-10,2,3,4013
2024-08-11,2,3,3937
2024-08-12,2,3,3833
2024-08-13,2,3,3749
2024-08-14,2,3,3644
2024-08-15,2,3,3558
2024-08-16,2,3,3463
2024-08-17,2,3,3389
2024-08-18,2,3,3319
2024-08-19,2,3,3234
2024-08-20,2,3,3138
2024-08-21,2,3,3058
2024-08-22,2,3,2966
2024-08-23,2,3,2856
2024-08-24,2,3,2758
2024-08-25,2,3,2693
2024-08-26,2,3,2597
2024-08-27,2,3,2501
2024-08-28,2,3,5550
2024-08-29,2,3,5452
2024-08-30,2,3,5356
2024-08-31,2,3,5279
2024-09-01,2,3,5208
2024-09-02,2,3,5127
2024-09-03,2,3,5037
2024-09-04,2,3,4948
2024-09-05,2,3,4809
2024-09-06,2,3,4737
2024-09-07,2,3,4668
2024-09-08,2,3,4595
2024-09-09,2,3,4502
2024-09-10,2,3,4397
2024-09-11,2,3,4315
2024-09-12,2,3,4230
2024-09-13,2,3,4146
2024-09-14,2,3,4074
2024-09-15,2,3,4001
2024-09-16,2,3,3905
2024-09-17,2,3,3807
2024-09-18,2,3,3718
2024-09-19,2,3,3622
2024-09-20,2,3,3511
2024-09-21,2,3,3425
2024-09-22,2,3,3355
2024-09-23,2,3,3243
2024-09-24,2,3,3149
2024-09-25,2,3,3038
2024-09-26,2,3,2936
2024-09-27,2,3,5460
2024-09-28,2,3,5380
2024-09-29,2,3,5307
2024-09-30,2,3,5216
2024-10-01,2,3,5142
2024-10-02,2,3,5066
2024-10-03,2,3,4979
2024-10-04,2,3,4892
2024-10-05,2,3,4821
2024-10-06,2,3,4748
2024-10-07,2,3,4635
2024-10-08,2,3,4547
2024-10-09,2,3,4450
2024-10-10,2,3,4364
2024-10-11,2,3,4277
2024-10-12,2,3,4195
2024-10-13,2,3,4058
2024-10-14,2,3,3953
2024-10-15,2,3,3857
2024-10-16,2,3,3762
2024-10-17,2,3,3685
2024-10-18,2,3,3568
2024-10-19,2,3,3507
2024-10-20,2,3,3442
2024-10-21,2,3,3345
2024-10-22,2,3,3252
2024-10-23,2,3,3099
2024-10-24,2,3,3001
2024-10-25,2,3,2902
2024-10-26,2,3,2812
2024-10-27,2,3,5327
2024-10-28,2,3,5237
2024-10-29,2,3,5150
2024-10-30,2,3,5060
2024-10-31,2,3,4982
2024-11-01,2,3,4901
2024-11-02,2,3,4834
2024-11-03,2,3,4766
2024-11-04,2,3,4670
2024-11-05,2,3,4574
2024-11-06,2,3,4478
2024-11-07,2,3,4396
2024-11-08,2,3,4296
2024-11-09,2,3,4217
2024-11-10,2,3,4141
2024-11-11,2,3,4040
2024-11-12,2,3,3941
2024-11-13,2,3,3850
2024-11-14,2,3,3755
2024-11-15,2,3,3659
2024-11-16,2,3,3587
2024-11-17,2,3,3507
2024-11-18,2,3,3426
2024-11-19,2,3,3318
2024-11-20,2,3,3253
2024-11-21,2,3,3162
2024-11-22,2,3,3064
2024-11-23,2,3,2992
2024-11-24,2,3,2930
2024-11-25,2,3,2817
2024-11-26,2,3,5115
2024-11-27,2,3,5001
2024-11-28,2,3,4916
2024-11-29,2,3,4829
2024-11-30,2,3,4728
2024-12-01,2,3,4661
2024-12-02,2,3,4562
2024-12-03,2,3,4460
2024-12-04,2,3,4361
2024-12-05,2,3,4263
2024-12-06,2,3,4163
2024-12-07,2,3,4096
2024-12-08,2,3,4004
2024-12-09,2,3,3902
2024-12-10,2,3,3812
2024-12-11,2,3,3707
2024-12-12,2,3,3607
2024-12-13,2,3,3512
2024-12-14,2,3,3380
2024-12-15,2,3,3307
2024-12-16,2,3,3169
2024-12-17,2,3,3073
2024-12-18,2,3,2974
2024-12-19,2,3,2890
2024-12-20,2,3,2765
2024-12-21,2,3,2694
2024-12-22,2,3,2632
2024-12-23,2,3,2541
2024-12-24,2,3,2455
2024-12-25,2,3,2362
2024-12-26,2,3,5603
2024-12-27,2,3,5512
2024-12-28,2,3,5448
2024-12-29,2,3,5379
2024-12-30,2,3,5293
2024-12-31,2,3,5214
2025-01-01,2,3,5112
2025-01-02,2,3,5004
2025-01-03,2,3,4913
2025-01-04,2,3,4838
2025-01-05,2,3,4758
2025-01-06,2,3,4622
2025-01-07,2,3,4498
2025-01-08,2,3,4380
2025-01-09,2,3,4284
2025-01-10,2,3,4186
2025-01-11,2,3,4111
2025-01-12,2,3,4029
2025-01-13,2,3,3923
2025-01-14,2,3,3824
2025-01-15,2,3,3720
2025-01-16,2,3,3623
2025-01-17,2,3,3506
2025-01-18,2,3,3394
2025-01-19,2,3,3308
2025-01-20,2,3,3203
2025-01-21,2,3,3085
2025-01-22,2,3,2986
2025-01-23,2,3,2890
2025-01-24,2,3,2794
2025-01-25,2,3,5739
2025-01-26,2,3,5652
2025-01-27,2,3,5548
2025-01-28,2,3,5446
2025-01-29,2,3,5340
2025-01-30,2,3,5254
2025-01-31,2,3,5146
2025-02-01,2,3,5047
2025-02-02,2,3,4957
2025-02-03,2,3,4869
2025-02-04,2,3,4784
2025-02-05,2,3,4680
2025-02-06,2,3,4568
2025-02-07,2,3,4464
2025-02-08,2,3,4373
2025-02-09,2,3,4289
2025-02-10,2,3,4158
2025-02-11,2,3,4051
2025-02-12,2,3,3935
2025-02-13,2,3,3832
2025-02-14,2,3,3722
2025-02-15,2,3,3638
2025-02-16,2,3,3545
2025-02-17,2,3,3429
2025-02-18,2,3,3307
2025-02-19,2,3,3193
2025-02-20,2,3,3096
2025-02-21,2,3,2988
2025-02-22,2,3,2913
2025-02-23,2,3,2809
2025-02-24,2,3,5517
2025-02-25,2,3,5408
2025-02-26,2,3,5301
2025-02-27,2,3,5184
2025-02-28,2,3,5070
2025-03-01,2,3,4973
2025-03-02,2,3,4893
2025-03-03,2,3,4767
2025-03-04,2,3,4644
2025-03-05,2,3,4516
2025-03-06,2,3,4389
2025-03-07,2,3,4280
2025-03-08,2,3,4193
2025-03-09,2,3,4098
2025-03-10,2,3,3979
2025-03-11,2,3,3883
2025-03-12,2,3,3771
2025-03-13,2,3,3639
2025-03-14,2,3,3515
2025-03-15,2,3,3416
2025-03-16,2,3,3331
2025-03-17,2,3,3222
2025-03-18,2,3,3118
2025-03-19,2,3,2984
2025-03-20,2,3,2892
2025-03-21,2,3,2782
2025-03-22,2,3,2700
2025-03-23,2,3,2562
2025-03-24,2,3,2459
2025-03-25,2,3,2335
2025-03-26,2,3,5561
2025-03-27,2,3,5460
2025-03-28,2,3,5334
2025-03-29,2,3,5249
2025-03-30,2,3,5169
2025-03-31,2,3,5054
2025-04-01,2,3,4946
2025-04-02,2,3,4827
2025-04-03,2,3,4717
2025-04-04,2,3,4591
2025-04-05,2,3,4510
2025-04-06,2,3,4421
2025-04-07,2,3,4292
2025-04-08,2,3,4174
2025-04-09,2,3,4044
2025-04-10,2,3,3899
2025-04-11,2,3,3782
2025-04-12,2,3,3699
2025-04-13,2,3,3612
2025-04-14,2,3,3499
2025-04-15,2,3,3353
2025-04-16,2,3,3185
2025-04-17,2,3,3066
2025-04-18,2,3,2964
2025-04-19,2,3,2854
2025-04-20,2,3,2774
2025-04-21,2,3,2657
2025-04-22,2,3,2529
2025-04-23,2,3,2423
2025-04-24,2,3,2305
2025-04-25,2,3,5060
2025-04-26,2,3,4963
2025-04-27,2,3,4833
2025-04-28,2,3,4707
2025-04-29,2,3,4577
2025-04-30,2,3,4437
2025-05-01,2,3,4332
2025-05-02,2,3,4177
2025-05-03,2,3,4077
2025-05-04,2,3,3984
2025-05-05,2,3,3871
2025-05-06,2,3,3752
2025-05-07,2,3,3651
2025-05-08,2,3,3536
2025-05-09,2,3,3357
2025-05-10,2,3,3250
2025-05-11,2,3,3149
2025-05-12,2,3,3016
2025-05-13,2,3,2870
2025-05-14,2,3,2742
2025-05-15,2,3,2613
2025-05-16,2,3,2496
2025-05-17,2,3,2394
2025-05-18,2,3,2303
2025-05-19,2,3,2201
2025-05-20,2,3,2086
2025-05-21,2,3,1944
2025-05-22,2,3,1834
2025-05-23,2,3,1719
2025-05-24,2,3,1611
2025-05-25,2,3,5238
2025-05-26,2,3,5096
2025-05-27,2,3,4976
2025-05-28,2,3,4847
2025-05-29,2,3,4706
2025-05-30,2,3,4583
2025-05-31,2,3,4492
2025-06-01,2,3,4405
2025-06-02,2,3,4293
2025-06-03,2,3,4175
2025-06-04,2,3,4059
2025-06-05,2,3,3948
2025-06-06,2,3,3836
2025-06-07,2,3,3755
2025-06-08,2,3,3664
2025-06-09,2,3,3553
2025-06-10,2,3,3450
2025-06-11,2,3,3321
2025-06-12,2,3,3212
2025-06-13,2,3,3104
2025-06-14,2,3,3025
2025-06-15,2,3,2939
2025-06-16,2,3,2810
2025-06-17,2,3,2698
2025-06-18,2,3,2583
2025-06-19,2,3,2483
2025-06-20,2,3,2377
2025-06-21,2,3,2291
2025-06-22,2,3,2202
2025-06-23,2,3,2069
2025-06-24,2,3,4921
2025-06-25,2,3,4814
2025-06-26,2,3,4702
2025-06-27,2,3,4574
2025-06-28,2,3,4501
2025-06-29,2,3,4353
2025-06-30,2,3,4155
2025-07-01,2,3,4063
2025-07-02,2,3,3943
2025-07-03,2,3,3843
2025-07-04,2,3,3752
2025-07-05,2,3,3675
2025-07-06,2,3,3591
2025-07-07,2,3,3502
2025-07-08,2,3,3396
2025-07-09,2,3,3294
2025-07-10,2,3,3087
2025-07-11,2,3,2982
2025-07-12,2,3,2894
2025-07-13,2,3,2807
2025-07-14,2,3,2701
2025-07-15,2,3,2598
2025-07-16,2,3,2489
2025-07-17,2,3,2371
2025-07-18,2,3,2266
2025-07-19,2,3,2169
2025-07-20,2,3,2089
2025-07-21,2,3,1946
2025-07-22,2,3,1842
2025-07-23,2,3,1700
2025-07-24,2,3,4879
2025-07-25,2,3,4784
2025-07-26,2,3,4692
2025-07-27,2,3,4601
2025-07-28,2,3,4488
2025-07-29,2,3,4386
2025-07-30,2,3,4294
2025-07-31,2,3,4200
2025-08-01,2,3,4116
2025-08-02,2,3,4032
2025-08-03,2,3,3958
2025-08-04,2,3,3856
2025-08-05,2,3,3759
2025-08-06,2,3,3651
2025-08-07,2,3,3538
2025-08-08,2,3,3428
2025-08-09,2,3,3350
2025-08-10,2,3,3227
2025-08-11,2,3,3129
2025-08-12,2,3,3034
2025-08-13,2,3,2947
2025-08-14,2,3,2825
2025-08-15,2,3,2738
2025-08-16,2,3,2645
2025-08-17,2,3,2572
2025-08-18,2,3,2452
2025-08-19,2,3,2333
2025-08-20,2,3,2225
2025-08-21,2,3,2130
2025-08-22,2,3,1972
2025-08-23,2,3,5293
2025-08-24,2,3,5209
2025-08-25,2,3,5108
2025-08-26,2,3,4997
2025-08-27,2,3,4893
2025-08-28,2,3,4797
2025-08-29,2,3,4697
2025-08-30,2,3,4612
2025-08-31,2,3,4522
2025-09-01,2,3,4430
2025-09-02,2,3,4321
2025-09-03,2,3,4246
2025-09-04,2,3,4142
2025-09-05,2,3,4044
2025-09-06,2,3,3968
2025-09-07,2,3,3885
2025-09-08,2,3,3757
2025-09-09,2,3,3663
2025-09-10,2,3,3560
2025-09-11,2,3,3469
2025-09-12,2,3,3381
2025-09-13,2,3,3305
2025-09-14,2,3,3232
2025-09-15,2,3,3131
2025-09-16,2,3,3027
2025-09-17,2,3,2876
2025-09-18,2,3,2793
2025-09-19,2,3,2698
2025-09-20,2,3,2620
2025-09-21,2,3,2544
2025-09-22,2,3,5132
2025-09-23,2,3,5038
2025-09-24,2,3,4938
2025-09-25,2,3,4829
2025-09-26,2,3,4732
2025-09-27,2,3,4654
2025-09-28,2,3,4570
2025-09-29,2,3,4470
2025-09-30,2,3,4369
2025-10-01,2,3,4267
2025-10-02,2,3,4170
2025-10-03,2,3,4072
2025-10-04,2,3,4002
2025-10-05,2,3,3935
2025-10-06,2,3,3842
2025-10-07,2,3,3749
2025-10-08,2,3,3649
2025-10-09,2,3,3560
2025-10-10,2,3,3445
2025-10-11,2,3,3374
2025-10-12,2,3,3260
2025-10-13,2,3,3179
2025-10-14,2,3,3085
2025-10-15,2,3,2986
2025-10-16,2,3,2885
2025-10-17,2,3,2790
2025-10-18,2,3,2716
2025-10-19,2,3,2620
2025-10-20,2,3,2529
2025-10-21,2,3,2418
2025-10-22,2,3,5482
2025-10-23,2,3,5387
2025-10-24,2,3,5304
2025-10-25,2,3,5240
2025-10-26,2,3,5176
2025-10-27,2,3,5059
2025-10-28,2,3,4948
2025-10-29,2,3,4862
2025-10-30,2,3,4763
2025-10-31,2,3,4665
2025-11-01,2,3,4586
2025-11-02,2,3,4503
2025-11-03,2,3,4390
2025-11-04,2,3,4278
2025-11-05,2,3,4187
2025-11-06,2,3,4084
2025-11-07,2,3,3977
2025-11-08,2,3,3896
2025-11-09,2,3,3818
2025-11-10,2,3,3712
2025-11-11,2,3,3616
2025-11-12,2,3,3515
2025-11-13,2,3,3398
2025-11-14,2,3,3289
2025-11-15,2,3,3203
2025-11-16,2,3,3130
2025-11-17,2,3,3015
2025-11-18,2,3,2907
2025-11-19,2,3,2812
2025-11-20,2,3,2719
2025-11-21,2,3,5703
2025-11-22,2,3,5627
2025-11-23,2,3,5537
2025-11-24,2,3,5445
2025-11-25,2,3,5355
2025-11-26,2,3,5258
2025-11-27,2,3,5164
2025-11-28,2,3,5064
2025-11-29,2,3,4981
2025-11-30,2,3,4913
2025-12-01,2,3,4809
2025-12-02,2,3,4722
2025-12-03,2,3,4627
2025-12-04,2,3,4526
2025-12-05,2,3,4410
2025-12-06,2,3,4341
2025-12-07,2,3,4263
2025-12-08,2,3,4142
2025-12-09,2,3,4041
2025-12-10,2,3,3952
2025-12-11,2,3,3851
2025-12-12,2,3,3765
2025-12-13,2,3,3685
2025-12-14,2,3,3596
2025-12-15,2,3,3499
2025-12-16,2,3,3350
2025-12-17,2,3,3253
2025-12-18,2,3,3136
2025-12-19,2,3,3032
2025-12-20,2,3,2959
2025-12-21,2,3,5296
2025-12-22,2,3,5200
2025-12-23,2,3,5107
2025-12-24,2,3,5000
2025-12-25,2,3,4909
2025-12-26,2,3,4803
2025-12-27,2,3,4719
2025-12-28,2,3,4616
2025-12-29,2,3,4516
2025-12-30,2,3,4402
2025-12-31,2,3,4259
2024-01-01,3,1,2991
2024-01-02,3,1,2949
2024-01-03,3,1,2896
2024-01-04,3,1,2844
2024-01-05,3,1,2786
2024-01-06,3,1,2747
2024-01-07,3,1,2710
2024-01-08,3,1,2658
2024-01-09,3,1,2602
2024-01-10,3,1,2549
2024-01-11,3,1,2495
2024-01-12,3,1,2443
2024-01-13,3,1,2400
2024-01-14,3,1,2366
2024-01-15,3,1,2314
2024-01-16,3,1,2255
2024-01-17,3,1,2192
2024-01-18,3,1,2148
2024-01-19,3,1,2097
2024-01-20,3,1,2062
2024-01-21,3,1,2015
2024-01-22,3,1,1973
2024-01-23,3,1,1926
2024-01-24,3,1,1878
2024-01-25,3,1,1824
2024-01-26,3,1,1780
2024-01-27,3,1,1743
2024-01-28,3,1,1701
2024-01-29,3,1,1652
2024-01-30,3,1,1596
2024-01-31,3,1,3555
2024-02-01,3,1,3483
2024-02-02,3,1,3424
2024-02-03,3,1,3377
2024-02-04,3,1,3328
2024-02-05,3,1,3268
2024-02-06,3,1,3211
2024-02-07,3,1,3152
2024-02-08,3,1,3105
2024-02-09,3,1,3049
2024-02-10,3,1,3007
2024-02-11,3,1,2959
2024-02-12,3,1,2912
2024-02-13,3,1,2859
2024-02-14,3,1,2788
2024-02-15,3,1,2738
2024-02-16,3,1,2676
2024-02-17,3,1,2633
2024-02-18,3,1,2598
2024-02-19,3,1,2536
2024-02-20,3,1,2477
2024-02-21,3,1,2416
2024-02-22,3,1,2359
2024-02-23,3,1,2296
2024-02-24,3,1,2250
2024-02-25,3,1,2209
2024-02-26,3,1,2160
2024-02-27,3,1,2050
2024-02-28,3,1,1986
2024-02-29,3,1,1929
2024-03-01,3,1,3726
2024-03-02,3,1,3678
2024-03-03,3,1,3629
2024-03-04,3,1,3571
2024-03-05,3,1,3493
2024-03-06,3,1,3439
2024-03-07,3,1,3384
2024-03-08,3,1,3325
2024-03-09,3,1,3275
2024-03-10,3,1,3238
2024-03-11,3,1,3173
2024-03-12,3,1,3107
2024-03-13,3,1,3027
2024-03-14,3,1,2974
2024-03-15,3,1,2917
2024-03-16,3,1,2870
2024-03-17,3,1,2821
2024-03-18,3,1,2751
2024-03-19,3,1,2691
2024-03-20,3,1,2645
2024-03-21,3,1,2581
2024-03-22,3,1,2515
2024-03-23,3,1,2470
2024-03-24,3,1,2426
2024-03-25,3,1,2373
2024-03-26,3,1,2311
2024-03-27,3,1,2249
2024-03-28,3,1,2191
2024-03-29,3,1,2133
2024-03-30,3,1,2090
2024-03-31,3,1,3731
2024-04-01,3,1,3671
2024-04-02,3,1,3607
2024-04-03,3,1,3539
2024-04-04,3,1,3477
2024-04-05,3,1,3419
2024-04-06,3,1,3373
2024-04-07,3,1,3323
2024-04-08,3,1,3258
2024-04-09,3,1,3195
2024-04-10,3,1,3137
2024-04-11,3,1,3081
2024-04-12,3,1,3024
2024-04-13,3,1,2975
2024-04-14,3,1,2921
2024-04-15,3,1,2853
2024-04-16,3,1,2792
2024-04-17,3,1,2725
2024-04-18,3,1,2664
2024-04-19,3,1,2605
2024-04-20,3,1,2527
2024-04-21,3,1,2482
2024-04-22,3,1,2415
2024-04-23,3,1,2364
2024-04-24,3,1,2301
2024-04-25,3,1,2239
2024-04-26,3,1,2166
2024-04-27,3,1,2123
2024-04-28,3,1,2045
2024-04-29,3,1,1988
2024-04-30,3,1,3775
2024-05-01,3,1,3715
2024-05-02,3,1,3660
2024-05-03,3,1,3611
2024-05-04,3,1,3542
2024-05-05,3,1,3494
2024-05-06,3,1,3436
2024-05-07,3,1,3382
2024-05-08,3,1,3327
2024-05-09,3,1,3257
2024-05-10,3,1,3196
2024-05-11,3,1,3145
2024-05-12,3,1,3098
2024-05-13,3,1,3030
2024-05-14,3,1,2970
2024-05-15,3,1,2910
2024-05-16,3,1,2849
2024-05-17,3,1,2794
2024-05-18,3,1,2740
2024-05-19,3,1,2683
2024-05-20,3,1,2616
2024-05-21,3,1,2560
2024-05-22,3,1,2487
2024-05-23,3,1,2422
2024-05-24,3,1,2360
2024-05-25,3,1,2313
2024-05-26,3,1,2265
2024-05-27,3,1,2204
2024-05-28,3,1,2136
2024-05-29,3,1,2083
2024-05-30,3,1,3960
2024-05-31,3,1,3898
2024-06-01,3,1,3855
2024-06-02,3,1,3814
2024-06-03,3,1,3733
2024-06-04,3,1,3668
2024-06-05,3,1,3607
2024-06-06,3,1,3548
2024-06-07,3,1,3488
2024-06-08,3,1,3436
2024-06-09,3,1,3388
2024-06-10,3,1,3330
2024-06-11,3,1,3261
2024-06-12,3,1,3189
2024-06-13,3,1,3111
2024-06-14,3,1,3054
2024-06-15,3,1,3010
2024-06-16,3,1,2963
2024-06-17,3,1,2903
2024-06-18,3,1,2842
2024-06-19,3,1,2768
2024-06-20,3,1,2723
2024-06-21,3,1,2665
2024-06-22,3,1,2623
2024-06-23,3,1,2574
2024-06-24,3,1,2512
2024-06-25,3,1,2459
2024-06-26,3,1,2398
2024-06-27,3,1,2328
2024-06-28,3,1,2284
2024-06-29,3,1,3937
2024-06-30,3,1,3895
2024-07-01,3,1,3841
2024-07-02,3,1,3778
2024-07-03,3,1,3726
2024-07-04,3,1,3683
2024-07-05,3,1,3623
2024-07-06,3,1,3583
2024-07-07,3,1,3544
2024-07-08,3,1,3487
2024-07-09,3,1,3432
2024-07-10,3,1,3374
2024-07-11,3,1,3316
2024-07-12,3,1,3262
2024-07-13,3,1,3224
2024-07-14,3,1,3180
2024-07-15,3,1,3124
2024-07-16,3,1,3069
2024-07-17,3,1,3013
2024-07-18,3,1,2951
2024-07-19,3,1,2879
2024-07-20,3,1,2851
2024-07-21,3,1,2810
2024-07-22,3,1,2759
2024-07-23,3,1,2684
2024-07-24,3,1,2622
2024-07-25,3,1,2577
2024-07-26,3,1,2522
2024-07-27,3,1,2448
2024-07-28,3,1,2373
2024-07-29,3,1,3810
2024-07-30,3,1,3751
2024-07-31,3,1,3689
2024-08-01,3,1,3638
2024-08-02,3,1,3590
2024-08-03,3,1,3548
2024-08-04,3,1,3506
2024-08-05,3,1,3451
2024-08-06,3,1,3401
2024-08-07,3,1,3356
2024-08-08,3,1,3306
2024-08-09,3,1,3254
2024-08-10,3,1,3206
2024-08-11,3,1,3164
2024-08-12,3,1,3117
2024-08-13,3,1,3062
2024-08-14,3,1,3008
2024-08-15,3,1,2962
2024-08-16,3,1,2924
2024-08-17,3,1,2883
2024-08-18,3,1,2851
2024-08-19,3,1,2801
2024-08-20,3,1,2743
2024-08-21,3,1,2666
2024-08-22,3,1,2620
2024-08-23,3,1,2562
2024-08-24,3,1,2520
2024-08-25,3,1,2458
2024-08-26,3,1,2375
2024-08-27,3,1,2323
2024-08-28,3,1,3597
2024-08-29,3,1,3546
2024-08-30,3,1,3494
2024-08-31,3,1,3455
2024-09-01,3,1,3416
2024-09-02,3,1,3368
2024-09-03,3,1,3308
2024-09-04,3,1,3259
2024-09-05,3,1,3218
2024-09-06,3,1,3161
2024-09-07,3,1,3126
2024-09-08,3,1,3086
2024-09-09,3,1,3036
2024-09-10,3,1,2997
2024-09-11,3,1,2951
2024-09-12,3,1,2900
2024-09-13,3,1,2848
2024-09-14,3,1,2810
2024-09-15,3,1,2762
2024-09-16,3,1,2715
2024-09-17,3,1,2657
2024-09-18,3,1,2607
2024-09-19,3,1,2563
2024-09-20,3,1,2522
2024-09-21,3,1,2480
2024-09-22,3,1,2419
2024-09-23,3,1,2373
2024-09-24,3,1,2318
2024-09-25,3,1,2270
2024-09-26,3,1,2230
2024-09-27,3,1,3594
2024-09-28,3,1,3559
2024-09-29,3,1,3528
2024-09-30,3,1,3481
2024-10-01,3,1,3431
2024-10-02,3,1,3383
2024-10-03,3,1,3336
2024-10-04,3,1,3285
2024-10-05,3,1,3246
2024-10-06,3,1,3193
2024-10-07,3,1,3146
2024-10-08,3,1,3097
2024-10-09,3,1,3046
2024-10-10,3,1,2995
2024-10-11,3,1,2948
2024-10-12,3,1,2910
2024-10-13,3,1,2876
2024-10-14,3,1,2832
2024-10-15,3,1,2775
2024-10-16,3,1,2723
2024-10-17,3,1,2671
2024-10-18,3,1,2624
2024-10-19,3,1,2588
2024-10-20,3,1,2546
2024-10-21,3,1,2496
2024-10-22,3,1,2451
2024-10-23,3,1,2401
2024-10-24,3,1,2352
2024-10-25,3,1,2297
2024-10-26,3,1,2262
2024-10-27,3,1,3658
2024-10-28,3,1,3607
2024-10-29,3,1,3542
2024-10-30,3,1,3498
2024-10-31,3,1,3437
2024-11-01,3,1,3389
2024-11-02,3,1,3355
2024-11-03,3,1,3323
2024-11-04,3,1,3275
2024-11-05,3,1,3234
2024-11-06,3,1,3178
2024-11-07,3,1,3131
2024-11-08,3,1,3084
2024-11-09,3,1,3043
2024-11-10,3,1,3003
2024-11-11,3,1,2954
2024-11-12,3,1,2898
2024-11-13,3,1,2850
2024-11-14,3,1,2799
2024-11-15,3,1,2741
2024-11-16,3,1,2707
2024-11-17,3,1,2664
2024-11-18,3,1,2595
2024-11-19,3,1,2529
2024-11-20,3,1,2487
2024-11-21,3,1,2433
2024-11-22,3,1,2396
2024-11-23,3,1,2357
2024-11-24,3,1,2305
2024-11-25,3,1,2262
2024-11-26,3,1,3854
2024-11-27,3,1,3805
2024-11-28,3,1,3754
2024-11-29,3,1,3709
2024-11-30,3,1,3671
2024-12-01,3,1,3623
2024-12-02,3,1,3580
2024-12-03,3,1,3524
2024-12-04,3,1,3473
2024-12-05,3,1,3391
2024-12-06,3,1,3332
2024-12-07,3,1,3293
2024-12-08,3,1,3255
2024-12-09,3,1,3207
2024-12-10,3,1,3156
2024-12-11,3,1,3097
2024-12-12,3,1,3042
2024-12-13,3,1,2989
2024-12-14,3,1,2943
2024-12-15,3,1,2903
2024-12-16,3,1,2843
2024-12-17,3,1,2787
2024-12-18,3,1,2719
2024-12-19,3,1,2661
2024-12-20,3,1,2605
2024-12-21,3,1,2553
2024-12-22,3,1,2518
2024-12-23,3,1,2466
2024-12-24,3,1,2403
2024-12-25,3,1,2349
2024-12-26,3,1,3897
2024-12-27,3,1,3846
2024-12-28,3,1,3804
2024-12-29,3,1,3759
2024-12-30,3,1,3708
2024-12-31,3,1,3662
2025-01-01,3,1,3612
2025-01-02,3,1,3562
2025-01-03,3,1,3506
2025-01-04,3,1,3448
2025-01-05,3,1,3404
2025-01-06,3,1,3337
2025-01-07,3,1,3280
2025-01-08,3,1,3223
2025-01-09,3,1,3172
2025-01-10,3,1,3115
2025-01-11,3,1,3071
2025-01-12,3,1,3033
2025-01-13,3,1,2975
2025-01-14,3,1,2911
2025-01-15,3,1,2855
2025-01-16,3,1,2798
2025-01-17,3,1,2736
2025-01-18,3,1,2690
2025-01-19,3,1,2638
2025-01-20,3,1,2551
2025-01-21,3,1,2482
2025-01-22,3,1,2434
2025-01-23,3,1,2353
2025-01-24,3,1,2297
2025-01-25,3,1,3819
2025-01-26,3,1,3769
2025-01-27,3,1,3706
2025-01-28,3,1,3652
2025-01-29,3,1,3574
2025-01-30,3,1,3513
2025-01-31,3,1,3454
2025-02-01,3,1,3414
2025-02-02,3,1,3377
2025-02-03,3,1,3320
2025-02-04,3,1,3245
2025-02-05,3,1,3183
2025-02-06,3,1,3117
2025-02-07,3,1,3033
2025-02-08,3,1,2989
2025-02-09,3,1,2937
2025-02-10,3,1,2884
2025-02-11,3,1,2805
2025-02-12,3,1,2748
2025-02-13,3,1,2683
2025-02-14,3,1,2613
2025-02-15,3,1,2560
2025-02-16,3,1,2510
2025-02-17,3,1,2456
2025-02-18,3,1,2393
2025-02-19,3,1,2341
2025-02-20,3,1,2280
2025-02-21,3,1,2218
2025-02-22,3,1,2145
2025-02-23,3,1,2099
2025-02-24,3,1,3926
2025-02-25,3,1,3866
2025-02-26,3,1,3802
2025-02-27,3,1,3733
2025-02-28,3,1,3680
2025-03-01,3,1,3629
2025-03-02,3,1,3582
2025-03-03,3,1,3517
2025-03-04,3,1,3459
2025-03-05,3,1,3397
2025-03-06,3,1,3329
2025-03-07,3,1,3264
2025-03-08,3,1,3223
2025-03-09,3,1,3174
2025-03-10,3,1,3111
2025-03-11,3,1,3046
2025-03-12,3,1,2986
2025-03-13,3,1,2930
2025-03-14,3,1,2870
2025-03-15,3,1,2826
2025-03-16,3,1,2780
2025-03-17,3,1,2712
2025-03-18,3,1,2653
2025-03-19,3,1,2600
2025-03-20,3,1,2535
2025-03-21,3,1,2470
2025-03-22,3,1,2425
2025-03-23,3,1,2369
2025-03-24,3,1,2313
2025-03-25,3,1,2248
2025-03-26,3,1,3627
2025-03-27,3,1,3569
2025-03-28,3,1,3507
2025-03-29,3,1,3459
2025-03-30,3,1,3407
2025-03-31,3,1,3350
2025-04-01,3,1,3297
2025-04-02,3,1,3232
2025-04-03,3,1,3144
2025-04-04,3,1,3077
2025-04-05,3,1,3032
2025-04-06,3,1,2980
2025-04-07,3,1,2913
2025-04-08,3,1,2841
2025-04-09,3,1,2778
2025-04-10,3,1,2702
2025-04-11,3,1,2637
2025-04-12,3,1,2593
2025-04-13,3,1,2543
2025-04-14,3,1,2474
2025-04-15,3,1,2412
2025-04-16,3,1,2347
2025-04-17,3,1,2282
2025-04-18,3,1,2211
2025-04-19,3,1,2156
2025-04-20,3,1,2107
2025-04-21,3,1,2033
2025-04-22,3,1,1966
2025-04-23,3,1,1891
2025-04-24,3,1,1812
2025-04-25,3,1,3859
2025-04-26,3,1,3814
2025-04-27,3,1,3752
2025-04-28,3,1,3679
2025-04-29,3,1,3618
2025-04-30,3,1,3556
2025-05-01,3,1,3490
2025-05-02,3,1,3429
2025-05-03,3,1,3384
2025-05-04,3,1,3338
2025-05-05,3,1,3278
2025-05-06,3,1,3217
2025-05-07,3,1,3147
2025-05-08,3,1,3094
2025-05-09,3,1,3003
2025-05-10,3,1,2957
2025-05-11,3,1,2908
2025-05-12,3,1,2845
2025-05-13,3,1,2796
2025-05-14,3,1,2739
2025-05-15,3,1,2670
2025-05-16,3,1,2607
2025-05-17,3,1,2536
2025-05-18,3,1,2494
2025-05-19,3,1,2434
2025-05-20,3,1,2363
2025-05-21,3,1,2308
2025-05-22,3,1,2249
2025-05-23,3,1,2189
2025-05-24,3,1,2134
2025-05-25,3,1,3637
2025-05-26,3,1,3577
2025-05-27,3,1,3516
2025-05-28,3,1,3452
2025-05-29,3,1,3374
2025-05-30,3,1,3314
2025-05-31,3,1,3264
2025-06-01,3,1,3215
2025-06-02,3,1,3153
2025-06-03,3,1,3090
2025-06-04,3,1,3030
2025-06-05,3,1,2972
2025-06-06,3,1,2900
2025-06-07,3,1,2861
2025-06-08,3,1,2818
2025-06-09,3,1,2762
2025-06-10,3,1,2707
2025-06-11,3,1,2641
2025-06-12,3,1,2574
2025-06-13,3,1,2519
2025-06-14,3,1,2455
2025-06-15,3,1,2400
2025-06-16,3,1,2345
2025-06-17,3,1,2291
2025-06-18,3,1,2236
2025-06-19,3,1,2183
2025-06-20,3,1,2121
2025-06-21,3,1,2068
2025-06-22,3,1,2022
2025-06-23,3,1,1953
2025-06-24,3,1,3837
2025-06-25,3,1,3766
2025-06-26,3,1,3702
2025-06-27,3,1,3631
2025-06-28,3,1,3587
2025-06-29,3,1,3535
2025-06-30,3,1,3484
2025-07-01,3,1,3426
2025-07-02,3,1,3374
2025-07-03,3,1,3320
2025-07-04,3,1,3265
2025-07-05,3,1,3221
2025-07-06,3,1,3177
2025-07-07,3,1,3120
2025-07-08,3,1,3063
2025-07-09,3,1,3010
2025-07-10,3,1,2954
2025-07-11,3,1,2894
2025-07-12,3,1,2848
2025-07-13,3,1,2810
2025-07-14,3,1,2752
2025-07-15,3,1,2698
2025-07-16,3,1,2645
2025-07-17,3,1,2588
2025-07-18,3,1,2534
2025-07-19,3,1,2495
2025-07-20,3,1,2446
2025-07-21,3,1,2386
2025-07-22,3,1,2326
2025-07-23,3,1,2266
2025-07-24,3,1,3533
2025-07-25,3,1,3488
2025-07-26,3,1,3439
2025-07-27,3,1,3393
2025-07-28,3,1,3333
2025-07-29,3,1,3276
2025-07-30,3,1,3221
2025-07-31,3,1,3168
2025-08-01,3,1,3108
2025-08-02,3,1,3054
2025-08-03,3,1,3009
2025-08-04,3,1,2955
2025-08-05,3,1,2873
2025-08-06,3,1,2795
2025-08-07,3,1,2744
2025-08-08,3,1,2687
2025-08-09,3,1,2649
2025-08-10,3,1,2602
2025-08-11,3,1,2543
2025-08-12,3,1,2480
2025-08-13,3,1,2421
2025-08-14,3,1,2366
2025-08-15,3,1,2304
2025-08-16,3,1,2266
2025-08-17,3,1,2227
2025-08-18,3,1,2170
2025-08-19,3,1,2116
2025-08-20,3,1,2066
2025-08-21,3,1,2015
2025-08-22,3,1,1964
2025-08-23,3,1,3810
2025-08-24,3,1,3772
2025-08-25,3,1,3714
2025-08-26,3,1,3674
2025-08-27,3,1,3629
2025-08-28,3,1,3573
2025-08-29,3,1,3527
2025-08-30,3,1,3482
2025-08-31,3,1,3443
2025-09-01,3,1,3390
2025-09-02,3,1,3334
2025-09-03,3,1,3276
2025-09-04,3,1,3228
2025-09-05,3,1,3182
2025-09-06,3,1,3139
2025-09-07,3,1,3100
2025-09-08,3,1,3046
2025-09-09,3,1,2993
2025-09-10,3,1,2947
2025-09-11,3,1,2879
2025-09-12,3,1,2834
2025-09-13,3,1,2796
2025-09-14,3,1,2763
2025-09-15,3,1,2720
2025-09-16,3,1,2669
2025-09-17,3,1,2621
2025-09-18,3,1,2576
2025-09-19,3,1,2518
2025-09-20,3,1,2481
2025-09-21,3,1,2436
2025-09-22,3,1,3910
2025-09-23,3,1,3858
2025-09-24,3,1,3784
2025-09-25,3,1,3726
2025-09-26,3,1,3685
2025-09-27,3,1,3645
2025-09-28,3,1,3605
2025-09-29,3,1,3554
2025-09-30,3,1,3488
2025-10-01,3,1,3446
2025-10-02,3,1,3386
2025-10-03,3,1,3335
2025-10-04,3,1,3302
2025-10-05,3,1,3249
2025-10-06,3,1,3199
2025-10-07,3,1,3143
2025-10-08,3,1,3090
2025-10-09,3,1,3037
2025-10-10,3,1,2991
2025-10-11,3,1,2952
2025-10-12,3,1,2912
2025-10-13,3,1,2850
2025-10-14,3,1,2774
2025-10-15,3,1,2724
2025-10-16,3,1,2676
2025-10-17,3,1,2592
2025-10-18,3,1,2562
2025-10-19,3,1,2524
2025-10-20,3,1,2476
2025-10-21,3,1,2428
2025-10-22,3,1,3653
2025-10-23,3,1,3605
2025-10-24,3,1,3558
2025-10-25,3,1,3520
2025-10-26,3,1,3463
2025-10-27,3,1,3413
2025-10-28,3,1,3369
2025-10-29,3,1,3312
2025-10-30,3,1,3263
2025-10-31,3,1,3176
2025-11-01,3,1,3138
2025-11-02,3,1,3093
2025-11-03,3,1,3036
2025-11-04,3,1,2985
2025-11-05,3,1,2931
2025-11-06,3,1,2884
2025-11-07,3,1,2845
2025-11-08,3,1,2807
2025-11-09,3,1,2771
2025-11-10,3,1,2719
2025-11-11,3,1,2665
2025-11-12,3,1,2617
2025-11-13,3,1,2557
2025-11-14,3,1,2512
2025-11-15,3,1,2473
2025-11-16,3,1,2431
2025-11-17,3,1,2382
2025-11-18,3,1,2327
2025-11-19,3,1,2272
2025-11-20,3,1,2213
2025-11-21,3,1,3923
2025-11-22,3,1,3884
2025-11-23,3,1,3844
2025-11-24,3,1,3767
2025-11-25,3,1,3711
2025-11-26,3,1,3657
2025-11-27,3,1,3573
2025-11-28,3,1,3483
2025-11-29,3,1,3439
2025-11-30,3,1,3404
2025-12-01,3,1,3353
2025-12-02,3,1,3277
2025-12-03,3,1,3215
2025-12-04,3,1,3154
2025-12-05,3,1,3085
2025-12-06,3,1,3042
2025-12-07,3,1,2993
2025-12-08,3,1,2901
2025-12-09,3,1,2848
2025-12-10,3,1,2789
2025-12-11,3,1,2742
2025-12-12,3,1,2691
2025-12-13,3,1,2635
2025-12-14,3,1,2593
2025-12-15,3,1,2534
2025-12-16,3,1,2477
2025-12-17,3,1,2415
2025-12-18,3,1,2371
2025-12-19,3,1,2318
2025-12-20,3,1,2268
2025-12-21,3,1,3547
2025-12-22,3,1,3502
2025-12-23,3,1,3453
2025-12-24,3,1,3388
2025-12-25,3,1,3330
2025-12-26,3,1,3268
2025-12-27,3,1,3227
2025-12-28,3,1,3171
2025-12-29,3,1,3118
2025-12-30,3,1,3058
2025-12-31,3,1,2999
2024-01-01,3,2,1232
2024-01-02,3,2,1184
2024-01-03,3,2,1144
2024-01-04,3,2,1102
2024-01-05,3,2,1031
2024-01-06,3,2,995
2024-01-07,3,2,958
2024-01-08,3,2,910
2024-01-09,3,2,873
2024-01-10,3,2,827
2024-01-11,3,2,777
2024-01-12,3,2,727
2024-01-13,3,2,694
2024-01-14,3,2,664
2024-01-15,3,2,618
2024-01-16,3,2,567
2024-01-17,3,2,520
2024-01-18,3,2,894
2024-01-19,3,2,855
2024-01-20,3,2,823
2024-01-21,3,2,785
2024-01-22,3,2,741
2024-01-23,3,2,695
2024-01-24,3,2,643
2024-01-25,3,2,598
2024-01-26,3,2,555
2024-01-27,3,2,904
2024-01-28,3,2,868
2024-01-29,3,2,816
2024-01-30,3,2,768
2024-01-31,3,2,1054
2024-02-01,3,2,1000
2024-02-02,3,2,954
2024-02-03,3,2,917
2024-02-04,3,2,873
2024-02-05,3,2,826
2024-02-06,3,2,777
2024-02-07,3,2,721
2024-02-08,3,2,678
2024-02-09,3,2,635
2024-02-10,3,2,596
2024-02-11,3,2,552
2024-02-12,3,2,753
2024-02-13,3,2,710
2024-02-14,3,2,660
2024-02-15,3,2,614
2024-02-16,3,2,565
2024-02-17,3,2,523
2024-02-18,3,2,488
2024-02-19,3,2,440
2024-02-20,3,2,392
2024-02-21,3,2,569
2024-02-22,3,2,516
2024-02-23,3,2,462
2024-02-24,3,2,702
2024-02-25,3,2,666
2024-02-26,3,2,621
2024-02-27,3,2,555
2024-02-28,3,2,507
2024-02-29,3,2,461
2024-03-01,3,2,1175
2024-03-02,3,2,1138
2024-03-03,3,2,1089
2024-03-04,3,2,1003
2024-03-05,3,2,951
2024-03-06,3,2,896
2024-03-07,3,2,844
2024-03-08,3,2,801
2024-03-09,3,2,753
2024-03-10,3,2,710
2024-03-11,3,2,656
2024-03-12,3,2,582
2024-03-13,3,2,536
2024-03-14,3,2,751
2024-03-15,3,2,698
2024-03-16,3,2,654
2024-03-17,3,2,594
2024-03-18,3,2,543
2024-03-19,3,2,483
2024-03-20,3,2,428
2024-03-21,3,2,371
2024-03-22,3,2,592
2024-03-23,3,2,555
2024-03-24,3,2,512
2024-03-25,3,2,679
2024-03-26,3,2,626
2024-03-27,3,2,582
2024-03-28,3,2,543
2024-03-29,3,2,896
2024-03-30,3,2,856
2024-03-31,3,2,1058
2024-04-01,3,2,999
2024-04-02,3,2,941
2024-04-03,3,2,885
2024-04-04,3,2,835
2024-04-05,3,2,776
2024-04-06,3,2,732
2024-04-07,3,2,698
2024-04-08,3,2,650
2024-04-09,3,2,606
2024-04-10,3,2,554
2024-04-11,3,2,508
2024-04-12,3,2,440
2024-04-13,3,2,380
2024-04-14,3,2,660
2024-04-15,3,2,606
2024-04-16,3,2,553
2024-04-17,3,2,504
2024-04-18,3,2,450
2024-04-19,3,2,398
2024-04-20,3,2,353
2024-04-21,3,2,317
2024-04-22,3,2,785
2024-04-23,3,2,715
2024-04-24,3,2,660
2024-04-25,3,2,600
2024-04-26,3,2,539
2024-04-27,3,2,496
2024-04-28,3,2,449
2024-04-29,3,2,366
2024-04-30,3,2,1104
2024-05-01,3,2,1048
2024-05-02,3,2,981
2024-05-03,3,2,931
2024-05-04,3,2,894
2024-05-05,3,2,859
2024-05-06,3,2,812
2024-05-07,3,2,748
2024-05-08,3,2,695
2024-05-09,3,2,646
2024-05-10,3,2,596
2024-05-11,3,2,550
2024-05-12,3,2,1007
2024-05-13,3,2,956
2024-05-14,3,2,902
2024-05-15,3,2,846
2024-05-16,3,2,806
2024-05-17,3,2,757
2024-05-18,3,2,718
2024-05-19,3,2,677
2024-05-20,3,2,625
2024-05-21,3,2,573
2024-05-22,3,2,518
2024-05-23,3,2,458
2024-05-24,3,2,805
2024-05-25,3,2,703
2024-05-26,3,2,664
2024-05-27,3,2,610
2024-05-28,3,2,558
2024-05-29,3,2,505
2024-05-30,3,2,1024
2024-05-31,3,2,970
2024-06-01,3,2,930
2024-06-02,3,2,889
2024-06-03,3,2,840
2024-06-04,3,2,789
2024-06-05,3,2,736
2024-06-06,3,2,693
2024-06-07,3,2,654
2024-06-08,3,2,610
2024-06-09,3,2,565
2024-06-10,3,2,903
2024-06-11,3,2,854
2024-06-12,3,2,802
2024-06-13,3,2,754
2024-06-14,3,2,712
2024-06-15,3,2,671
2024-06-16,3,2,632
2024-06-17,3,2,577
2024-06-18,3,2,534
2024-06-19,3,2,483
2024-06-20,3,2,424
2024-06-21,3,2,373
2024-06-22,3,2,304
2024-06-23,3,2,261
2024-06-24,3,2,219
2024-06-25,3,2,165
2024-06-26,3,2,116
2024-06-27,3,2,311
2024-06-28,3,2,252
2024-06-29,3,2,1021
2024-06-30,3,2,983
2024-07-01,3,2,932
2024-07-02,3,2,888
2024-07-03,3,2,842
2024-07-04,3,2,794
2024-07-05,3,2,740
2024-07-06,3,2,705
2024-07-07,3,2,669
2024-07-08,3,2,616
2024-07-09,3,2,571
2024-07-10,3,2,974
2024-07-11,3,2,936
2024-07-12,3,2,870
2024-07-13,3,2,835
2024-07-14,3,2,794
2024-07-15,3,2,746
2024-07-16,3,2,699
2024-07-17,3,2,648
2024-07-18,3,2,597
2024-07-19,3,2,550
2024-07-20,3,2,519
2024-07-21,3,2,480
2024-07-22,3,2,428
2024-07-23,3,2,815
2024-07-24,3,2,770
2024-07-25,3,2,726
2024-07-26,3,2,674
2024-07-27,3,2,638
2024-07-28,3,2,603
2024-07-29,3,2,1006
2024-07-30,3,2,965
2024-07-31,3,2,913
2024-08-01,3,2,876
2024-08-02,3,2,826
2024-08-03,3,2,791
2024-08-04,3,2,755
2024-08-05,3,2,708
2024-08-06,3,2,664
2024-08-07,3,2,624
2024-08-08,3,2,578
2024-08-09,3,2,509
2024-08-10,3,2,438
2024-08-11,3,2,405
2024-08-12,3,2,364
2024-08-13,3,2,660
2024-08-14,3,2,615
2024-08-15,3,2,566
2024-08-16,3,2,526
2024-08-17,3,2,486
2024-08-18,3,2,430
2024-08-19,3,2,379
2024-08-20,3,2,337
2024-08-21,3,2,784
2024-08-22,3,2,742
2024-08-23,3,2,682
2024-08-24,3,2,649
2024-08-25,3,2,590
2024-08-26,3,2,542
2024-08-27,3,2,493
2024-08-28,3,2,1175
2024-08-29,3,2,1133
2024-08-30,3,2,1094
2024-08-31,3,2,1061
2024-09-01,3,2,1025
2024-09-02,3,2,984
2024-09-03,3,2,942
2024-09-04,3,2,895
2024-09-05,3,2,852
2024-09-06,3,2,812
2024-09-07,3,2,783
2024-09-08,3,2,759
2024-09-09,3,2,724
2024-09-10,3,2,682
2024-09-11,3,2,646
2024-09-12,3,2,607
2024-09-13,3,2,565
2024-09-14,3,2,530
2024-09-15,3,2,506
2024-09-16,3,2,826
2024-09-17,3,2,784
2024-09-18,3,2,743
2024-09-19,3,2,705
2024-09-20,3,2,659
2024-09-21,3,2,630
2024-09-22,3,2,596
2024-09-23,3,2,554
2024-09-24,3,2,511
2024-09-25,3,2,467
2024-09-26,3,2,421
2024-09-27,3,2,1083
2024-09-28,3,2,1040
2024-09-29,3,2,1008
2024-09-30,3,2,969
2024-10-01,3,2,928
2024-10-02,3,2,893
2024-10-03,3,2,851
2024-10-04,3,2,811
2024-10-05,3,2,781
2024-10-06,3,2,750
2024-10-07,3,2,708
2024-10-08,3,2,664
2024-10-09,3,2,623
2024-10-10,3,2,580
2024-10-11,3,2,536
2024-10-12,3,2,829
2024-10-13,3,2,796
2024-10-14,3,2,732
2024-10-15,3,2,668
2024-10-16,3,2,637
2024-10-17,3,2,593
2024-10-18,3,2,556
2024-10-19,3,2,522
2024-10-20,3,2,487
2024-10-21,3,2,675
2024-10-22,3,2,631
2024-10-23,3,2,594
2024-10-24,3,2,550
2024-10-25,3,2,509
2024-10-26,3,2,478
2024-10-27,3,2,1165
2024-10-28,3,2,1090
2024-10-29,3,2,1048
2024-10-30,3,2,1002
2024-10-31,3,2,961
2024-11-01,3,2,914
2024-11-02,3,2,883
2024-11-03,3,2,849
2024-11-04,3,2,810
2024-11-05,3,2,765
2024-11-06,3,2,721
2024-11-07,3,2,647
2024-11-08,3,2,604
2024-11-09,3,2,566
2024-11-10,3,2,897
2024-11-11,3,2,859
2024-11-12,3,2,813
2024-11-13,3,2,772
2024-11-14,3,2,702
2024-11-15,3,2,659
2024-11-16,3,2,629
2024-11-17,3,2,598
2024-11-18,3,2,551
2024-11-19,3,2,508
2024-11-20,3,2,468
2024-11-21,3,2,927
2024-11-22,3,2,885
2024-11-23,3,2,852
2024-11-24,3,2,822
2024-11-25,3,2,781
2024-11-26,3,2,1125
2024-11-27,3,2,1082
2024-11-28,3,2,1034
2024-11-29,3,2,989
2024-11-30,3,2,955
2024-12-01,3,2,927
2024-12-02,3,2,886
2024-12-03,3,2,834
2024-12-04,3,2,793
2024-12-05,3,2,753
2024-12-06,3,2,708
2024-12-07,3,2,666
2024-12-08,3,2,630
2024-12-09,3,2,583
2024-12-10,3,2,536
2024-12-11,3,2,800
2024-12-12,3,2,766
2024-12-13,3,2,722
2024-12-14,3,2,688
2024-12-15,3,2,626
2024-12-16,3,2,583
2024-12-17,3,2,535
2024-12-18,3,2,493
2024-12-19,3,2,445
2024-12-20,3,2,403
2024-12-21,3,2,352
2024-12-22,3,2,317
2024-12-23,3,2,617
2024-12-24,3,2,564
2024-12-25,3,2,1029
2024-12-26,3,2,1079
2024-12-27,3,2,1030
2024-12-28,3,2,994
2024-12-29,3,2,958
2024-12-30,3,2,914
2024-12-31,3,2,862
2025-01-01,3,2,807
2025-01-02,3,2,754
2025-01-03,3,2,713
2025-01-04,3,2,676
2025-01-05,3,2,643
2025-01-06,3,2,597
2025-01-07,3,2,556
2025-01-08,3,2,1043
2025-01-09,3,2,991
2025-01-10,3,2,936
2025-01-11,3,2,897
2025-01-12,3,2,858
2025-01-13,3,2,810
2025-01-14,3,2,729
2025-01-15,3,2,644
2025-01-16,3,2,594
2025-01-17,3,2,551
2025-01-18,3,2,525
2025-01-19,3,2,488
2025-01-20,3,2,438
2025-01-21,3,2,385
2025-01-22,3,2,333
2025-01-23,3,2,277
2025-01-24,3,2,223
2025-01-25,3,2,1053
2025-01-26,3,2,1001
2025-01-27,3,2,947
2025-01-28,3,2,903
2025-01-29,3,2,825
2025-01-30,3,2,773
2025-01-31,3,2,717
2025-02-01,3,2,674
2025-02-02,3,2,633
2025-02-03,3,2,583
2025-02-04,3,2,529
2025-02-05,3,2,471
2025-02-06,3,2,435
2025-02-07,3,2,874
2025-02-08,3,2,826
2025-02-09,3,2,780
2025-02-10,3,2,735
2025-02-11,3,2,677
2025-02-12,3,2,638
2025-02-13,3,2,584
2025-02-14,3,2,529
2025-02-15,3,2,485
2025-02-16,3,2,737
2025-02-17,3,2,693
2025-02-18,3,2,639
2025-02-19,3,2,595
2025-02-20,3,2,545
2025-02-21,3,2,486
2025-02-22,3,2,446
2025-02-23,3,2,407
2025-02-24,3,2,1158
2025-02-25,3,2,1106
2025-02-26,3,2,1052
2025-02-27,3,2,1001
2025-02-28,3,2,957
2025-03-01,3,2,914
2025-03-02,3,2,871
2025-03-03,3,2,810
2025-03-04,3,2,757
2025-03-05,3,2,715
2025-03-06,3,2,656
2025-03-07,3,2,596
2025-03-08,3,2,548
2025-03-09,3,2,511
2025-03-10,3,2,457
2025-03-11,3,2,394
2025-03-12,3,2,334
2025-03-13,3,2,277
2025-03-14,3,2,212
2025-03-15,3,2,533
2025-03-16,3,2,485
2025-03-17,3,2,435
2025-03-18,3,2,388
2025-03-19,3,2,334
2025-03-20,3,2,798
2025-03-21,3,2,742
2025-03-22,3,2,702
2025-03-23,3,2,657
2025-03-24,3,2,546
2025-03-25,3,2,946
2025-03-26,3,2,1091
2025-03-27,3,2,985
2025-03-28,3,2,911
2025-03-29,3,2,867
2025-03-30,3,2,824
2025-03-31,3,2,764
2025-04-01,3,2,699
2025-04-02,3,2,641
2025-04-03,3,2,581
2025-04-04,3,2,464
2025-04-05,3,2,428
2025-04-06,3,2,381
2025-04-07,3,2,325
2025-04-08,3,2,230
2025-04-09,3,2,560
2025-04-10,3,2,935
2025-04-11,3,2,848
2025-04-12,3,2,802
2025-04-13,3,2,758
2025-04-14,3,2,700
2025-04-15,3,2,632
2025-04-16,3,2,562
2025-04-17,3,2,510
2025-04-18,3,2,452
2025-04-19,3,2,409
2025-04-20,3,2,359
2025-04-21,3,2,297
2025-04-22,3,2,238
2025-04-23,3,2,187
2025-04-24,3,2,469
2025-04-25,3,2,992
2025-04-26,3,2,954
2025-04-27,3,2,881
2025-04-28,3,2,777
2025-04-29,3,2,710
2025-04-30,3,2,644
2025-05-01,3,2,596
2025-05-02,3,2,549
2025-05-03,3,2,479
2025-05-04,3,2,434
2025-05-05,3,2,819
2025-05-06,3,2,735
2025-05-07,3,2,655
2025-05-08,3,2,598
2025-05-09,3,2,537
2025-05-10,3,2,795
2025-05-11,3,2,750
2025-05-12,3,2,684
2025-05-13,3,2,634
2025-05-14,3,2,575
2025-05-15,3,2,465
2025-05-16,3,2,411
2025-05-17,3,2,374
2025-05-18,3,2,330
2025-05-19,3,2,280
2025-05-20,3,2,506
2025-05-21,3,2,448
2025-05-22,3,2,393
2025-05-23,3,2,336
2025-05-24,3,2,296
2025-05-25,3,2,971
2025-05-26,3,2,922
2025-05-27,3,2,867
2025-05-28,3,2,823
2025-05-29,3,2,766
2025-05-30,3,2,716
2025-05-31,3,2,668
2025-06-01,3,2,633
2025-06-02,3,2,579
2025-06-03,3,2,522
2025-06-04,3,2,473
2025-06-05,3,2,411
2025-06-06,3,2,358
2025-06-07,3,2,318
2025-06-08,3,2,675
2025-06-09,3,2,625
2025-06-10,3,2,564
2025-06-11,3,2,516
2025-06-12,3,2,464
2025-06-13,3,2,413
2025-06-14,3,2,370
2025-06-15,3,2,332
2025-06-16,3,2,278
2025-06-17,3,2,213
2025-06-18,3,2,156
2025-06-19,3,2,103
2025-06-20,3,2,471
2025-06-21,3,2,893
2025-06-22,3,2,846
2025-06-23,3,2,787
2025-06-24,3,2,1030
2025-06-25,3,2,932
2025-06-26,3,2,873
2025-06-27,3,2,819
2025-06-28,3,2,773
2025-06-29,3,2,730
2025-06-30,3,2,690
2025-07-01,3,2,635
2025-07-02,3,2,587
2025-07-03,3,2,546
2025-07-04,3,2,504
2025-07-05,3,2,465
2025-07-06,3,2,428
2025-07-07,3,2,386
2025-07-08,3,2,335
2025-07-09,3,2,281
2025-07-10,3,2,226
2025-07-11,3,2,631
2025-07-12,3,2,596
2025-07-13,3,2,560
2025-07-14,3,2,502
2025-07-15,3,2,780
2025-07-16,3,2,729
2025-07-17,3,2,680
2025-07-18,3,2,634
2025-07-19,3,2,594
2025-07-20,3,2,550
2025-07-21,3,2,494
2025-07-22,3,2,784
2025-07-23,3,2,733
2025-07-24,3,2,1032
2025-07-25,3,2,984
2025-07-26,3,2,941
2025-07-27,3,2,892
2025-07-28,3,2,848
2025-07-29,3,2,794
2025-07-30,3,2,746
2025-07-31,3,2,695
2025-08-01,3,2,629
2025-08-02,3,2,589
2025-08-03,3,2,548
2025-08-04,3,2,504
2025-08-05,3,2,414
2025-08-06,3,2,371
2025-08-07,3,2,328
2025-08-08,3,2,284
2025-08-09,3,2,251
2025-08-10,3,2,512
2025-08-11,3,2,467
2025-08-12,3,2,420
2025-08-13,3,2,378
2025-08-14,3,2,798
2025-08-15,3,2,750
2025-08-16,3,2,702
2025-08-17,3,2,668
2025-08-18,3,2,621
2025-08-19,3,2,573
2025-08-20,3,2,525
2025-08-21,3,2,925
2025-08-22,3,2,880
2025-08-23,3,2,1084
2025-08-24,3,2,1048
2025-08-25,3,2,1002
2025-08-26,3,2,959
2025-08-27,3,2,911
2025-08-28,3,2,858
2025-08-29,3,2,809
2025-08-30,3,2,775
2025-08-31,3,2,739
2025-09-01,3,2,689
2025-09-02,3,2,648
2025-09-03,3,2,608
2025-09-04,3,2,567
2025-09-05,3,2,529
2025-09-06,3,2,722
2025-09-07,3,2,695
2025-09-08,3,2,653
2025-09-09,3,2,607
2025-09-10,3,2,556
2025-09-11,3,2,508
2025-09-12,3,2,462
2025-09-13,3,2,422
2025-09-14,3,2,391
2025-09-15,3,2,351
2025-09-16,3,2,588
2025-09-17,3,2,544
2025-09-18,3,2,502
2025-09-19,3,2,450
2025-09-20,3,2,768
2025-09-21,3,2,736
2025-09-22,3,2,1108
2025-09-23,3,2,1065
2025-09-24,3,2,1028
2025-09-25,3,2,983
2025-09-26,3,2,921
2025-09-27,3,2,888
2025-09-28,3,2,849
2025-09-29,3,2,806
2025-09-30,3,2,765
2025-10-01,3,2,721
2025-10-02,3,2,669
2025-10-03,3,2,606
2025-10-04,3,2,574
2025-10-05,3,2,807
2025-10-06,3,2,766
2025-10-07,3,2,726
2025-10-08,3,2,684
2025-10-09,3,2,628
2025-10-10,3,2,584
2025-10-11,3,2,550
2025-10-12,3,2,522
2025-10-13,3,2,479
2025-10-14,3,2,859
2025-10-15,3,2,812
2025-10-16,3,2,766
2025-10-17,3,2,723
2025-10-18,3,2,693
2025-10-19,3,2,663
2025-10-20,3,2,618
2025-10-21,3,2,555
2025-10-22,3,2,1104
2025-10-23,3,2,1069
2025-10-24,3,2,1026
2025-10-25,3,2,989
2025-10-26,3,2,959
2025-10-27,3,2,915
2025-10-28,3,2,874
2025-10-29,3,2,829
2025-10-30,3,2,783
2025-10-31,3,2,740
2025-11-01,3,2,705
2025-11-02,3,2,666
2025-11-03,3,2,623
2025-11-04,3,2,581
2025-11-05,3,2,986
2025-11-06,3,2,944
2025-11-07,3,2,896
2025-11-08,3,2,867
2025-11-09,3,2,836
2025-11-10,3,2,801
2025-11-11,3,2,755
2025-11-12,3,2,710
2025-11-13,3,2,667
2025-11-14,3,2,626
2025-11-15,3,2,590
2025-11-16,3,2,551
2025-11-17,3,2,969
2025-11-18,3,2,919
2025-11-19,3,2,870
2025-11-20,3,2,791
2025-11-21,3,2,1056
2025-11-22,3,2,1024
2025-11-23,3,2,990
2025-11-24,3,2,944
2025-11-25,3,2,895
2025-11-26,3,2,852
2025-11-27,3,2,804
2025-11-28,3,2,731
2025-11-29,3,2,698
2025-11-30,3,2,661
2025-12-01,3,2,613
2025-12-02,3,2,573
2025-12-03,3,2,522
2025-12-04,3,2,471
2025-12-05,3,2,414
2025-12-06,3,2,375
2025-12-07,3,2,337
2025-12-08,3,2,290
2025-12-09,3,2,244
2025-12-10,3,2,204
2025-12-11,3,2,640
2025-12-12,3,2,595
2025-12-13,3,2,557
2025-12-14,3,2,515
2025-12-15,3,2,473
2025-12-16,3,2,419
2025-12-17,3,2,792
2025-12-18,3,2,749
2025-12-19,3,2,691
2025-12-20,3,2,652
2025-12-21,3,2,1061
2025-12-22,3,2,1010
2025-12-23,3,2,961
2025-12-24,3,2,917
2025-12-25,3,2,868
2025-12-26,3,2,819
2025-12-27,3,2,775
2025-12-28,3,2,737
2025-12-29,3,2,680
2025-12-30,3,2,625
2025-12-31,3,2,581
2024-01-01,3,3,2725
2024-01-02,3,3,2677
2024-01-03,3,3,2625
2024-01-04,3,3,2554
2024-01-05,3,3,2496
2024-01-06,3,3,2454
2024-01-07,3,3,2413
2024-01-08,3,3,2357
2024-01-09,3,3,2308
2024-01-10,3,3,2255
2024-01-11,3,3,2205
2024-01-12,3,3,2159
2024-01-13,3,3,2107
2024-01-14,3,3,2071
2024-01-15,3,3,2017
2024-01-16,3,3,1966
2024-01-17,3,3,1911
2024-01-18,3,3,1864
2024-01-19,3,3,1810
2024-01-20,3,3,1749
2024-01-21,3,3,1710
2024-01-22,3,3,1648
2024-01-23,3,3,1594
2024-01-24,3,3,1520
2024-01-25,3,3,1478
2024-01-26,3,3,1428
2024-01-27,3,3,1385
2024-01-28,3,3,1347
2024-01-29,3,3,1298
2024-01-30,3,3,1240
2024-01-31,3,3,2373
2024-02-01,3,3,2322
2024-02-02,3,3,2270
2024-02-03,3,3,2230
2024-02-04,3,3,2185
2024-02-05,3,3,2130
2024-02-06,3,3,2073
2024-02-07,3,3,2023
2024-02-08,3,3,1958
2024-02-09,3,3,1900
2024-02-10,3,3,1864
2024-02-11,3,3,1812
2024-02-12,3,3,1760
2024-02-13,3,3,1697
2024-02-14,3,3,1641
2024-02-15,3,3,1595
2024-02-16,3,3,1549
2024-02-17,3,3,1474
2024-02-18,3,3,1428
2024-02-19,3,3,1371
2024-02-20,3,3,1307
2024-02-21,3,3,1252
2024-02-22,3,3,1194
2024-02-23,3,3,1140
2024-02-24,3,3,1096
2024-02-25,3,3,1049
2024-02-26,3,3,985
2024-02-27,3,3,926
2024-02-28,3,3,867
2024-02-29,3,3,808
2024-03-01,3,3,2641
2024-03-02,3,3,2572
2024-03-03,3,3,2533
2024-03-04,3,3,2469
2024-03-05,3,3,2410
2024-03-06,3,3,2349
2024-03-07,3,3,2283
2024-03-08,3,3,2225
2024-03-09,3,3,2182
2024-03-10,3,3,2137
2024-03-11,3,3,2084
2024-03-12,3,3,2029
2024-03-13,3,3,1979
2024-03-14,3,3,1916
2024-03-15,3,3,1853
2024-03-16,3,3,1807
2024-03-17,3,3,1764
2024-03-18,3,3,1693
2024-03-19,3,3,1637
2024-03-20,3,3,1576
2024-03-21,3,3,1477
2024-03-22,3,3,1413
2024-03-23,3,3,1365
2024-03-24,3,3,1319
2024-03-25,3,3,1261
2024-03-26,3,3,1202
2024-03-27,3,3,1141
2024-03-28,3,3,1090
2024-03-29,3,3,1022
2024-03-30,3,3,982
2024-03-31,3,3,2358
2024-04-01,3,3,2293
2024-04-02,3,3,2233
2024-04-03,3,3,2183
2024-04-04,3,3,2113
2024-04-05,3,3,2054
2024-04-06,3,3,2004
2024-04-07,3,3,1960
2024-04-08,3,3,1908
2024-04-09,3,3,1847
2024-04-10,3,3,1787
2024-04-11,3,3,1722
2024-04-12,3,3,1662
2024-04-13,3,3,1608
2024-04-14,3,3,1567
2024-04-15,3,3,1509
2024-04-16,3,3,1449
2024-04-17,3,3,1385
2024-04-18,3,3,1327
2024-04-19,3,3,1262
2024-04-20,3,3,1219
2024-04-21,3,3,1169
2024-04-22,3,3,1104
2024-04-23,3,3,1053
2024-04-24,3,3,989
2024-04-25,3,3,926
2024-04-26,3,3,861
2024-04-27,3,3,815
2024-04-28,3,3,768
2024-04-29,3,3,703
2024-04-30,3,3,2164
2024-05-01,3,3,2102
2024-05-02,3,3,2052
2024-05-03,3,3,1989
2024-05-04,3,3,1942
2024-05-05,3,3,1892
2024-05-06,3,3,1828
2024-05-07,3,3,1757
2024-05-08,3,3,1703
2024-05-09,3,3,1607
2024-05-10,3,3,1537
2024-05-11,3,3,1487
2024-05-12,3,3,1430
2024-05-13,3,3,1367
2024-05-14,3,3,1297
2024-05-15,3,3,1228
2024-05-16,3,3,1158
2024-05-17,3,3,1103
2024-05-18,3,3,1056
2024-05-19,3,3,1011
2024-05-20,3,3,947
2024-05-21,3,3,884
2024-05-22,3,3,825
2024-05-23,3,3,750
2024-05-24,3,3,685
2024-05-25,3,3,641
2024-05-26,3,3,595
2024-05-27,3,3,836
2024-05-28,3,3,775
2024-05-29,3,3,716
2024-05-30,3,3,2404
2024-05-31,3,3,2348
2024-06-01,3,3,2276
2024-06-02,3,3,2234
2024-06-03,3,3,2172
2024-06-04,3,3,2118
2024-06-05,3,3,2076
2024-06-06,3,3,2021
2024-06-07,3,3,1961
2024-06-08,3,3,1920
2024-06-09,3,3,1877
2024-06-10,3,3,1822
2024-06-11,3,3,1768
2024-06-12,3,3,1711
2024-06-13,3,3,1648
2024-06-14,3,3,1593
2024-06-15,3,3,1506
2024-06-16,3,3,1464
2024-06-17,3,3,1377
2024-06-18,3,3,1329
2024-06-19,3,3,1272
2024-06-20,3,3,1222
2024-06-21,3,3,1160
2024-06-22,3,3,1117
2024-06-23,3,3,1076
2024-06-24,3,3,1017
2024-06-25,3,3,963
2024-06-26,3,3,907
2024-06-27,3,3,851
2024-06-28,3,3,792
2024-06-29,3,3,2307
2024-06-30,3,3,2260
2024-07-01,3,3,2197
2024-07-02,3,3,2151
2024-07-03,3,3,2098
2024-07-04,3,3,2027
2024-07-05,3,3,1980
2024-07-06,3,3,1938
2024-07-07,3,3,1899
2024-07-08,3,3,1847
2024-07-09,3,3,1800
2024-07-10,3,3,1729
2024-07-11,3,3,1671
2024-07-12,3,3,1605
2024-07-13,3,3,1560
2024-07-14,3,3,1515
2024-07-15,3,3,1450
2024-07-16,3,3,1389
2024-07-17,3,3,1338
2024-07-18,3,3,1285
2024-07-19,3,3,1236
2024-07-20,3,3,1198
2024-07-21,3,3,1156
2024-07-22,3,3,1093
2024-07-23,3,3,1033
2024-07-24,3,3,977
2024-07-25,3,3,932
2024-07-26,3,3,876
2024-07-27,3,3,811
2024-07-28,3,3,773
2024-07-29,3,3,2436
2024-07-30,3,3,2387
2024-07-31,3,3,2340
2024-08-01,3,3,2289
2024-08-02,3,3,2229
2024-08-03,3,3,2191
2024-08-04,3,3,2152
2024-08-05,3,3,2100
2024-08-06,3,3,2056
2024-08-07,3,3,2007
2024-08-08,3,3,1960
2024-08-09,3,3,1907
2024-08-10,3,3,1863
2024-08-11,3,3,1818
2024-08-12,3,3,1764
2024-08-13,3,3,1720
2024-08-14,3,3,1659
2024-08-15,3,3,1601
2024-08-16,3,3,1552
2024-08-17,3,3,1492
2024-08-18,3,3,1449
2024-08-19,3,3,1395
2024-08-20,3,3,1334
2024-08-21,3,3,1280
2024-08-22,3,3,1227
2024-08-23,3,3,1181
2024-08-24,3,3,1152
2024-08-25,3,3,1107
2024-08-26,3,3,1060
2024-08-27,3,3,1012
2024-08-28,3,3,2483
2024-08-29,3,3,2434
2024-08-30,3,3,2388
2024-08-31,3,3,2348
2024-09-01,3,3,2283
2024-09-02,3,3,2242
2024-09-03,3,3,2189
2024-09-04,3,3,2150
2024-09-05,3,3,2096
2024-09-06,3,3,2049
2024-09-07,3,3,2018
2024-09-08,3,3,1990
2024-09-09,3,3,1937
2024-09-10,3,3,1886
2024-09-11,3,3,1837
2024-09-12,3,3,1770
2024-09-13,3,3,1706
2024-09-14,3,3,1666
2024-09-15,3,3,1628
2024-09-16,3,3,1583
2024-09-17,3,3,1535
2024-09-18,3,3,1489
2024-09-19,3,3,1444
2024-09-20,3,3,1398
2024-09-21,3,3,1352
2024-09-22,3,3,1312
2024-09-23,3,3,1269
2024-09-24,3,3,1224
2024-09-25,3,3,1174
2024-09-26,3,3,1119
2024-09-27,3,3,2581
2024-09-28,3,3,2545
2024-09-29,3,3,2493
2024-09-30,3,3,2442
2024-10-01,3,3,2396
2024-10-02,3,3,2339
2024-10-03,3,3,2284
2024-10-04,3,3,2241
2024-10-05,3,3,2205
2024-10-06,3,3,2167
2024-10-07,3,3,2121
2024-10-08,3,3,2080
2024-10-09,3,3,2028
2024-10-10,3,3,1984
2024-10-11,3,3,1935
2024-10-12,3,3,1901
2024-10-13,3,3,1868
2024-10-14,3,3,1797
2024-10-15,3,3,1744
2024-10-16,3,3,1700
2024-10-17,3,3,1647
2024-10-18,3,3,1597
2024-10-19,3,3,1560
2024-10-20,3,3,1526
2024-10-21,3,3,1450
2024-10-22,3,3,1397
2024-10-23,3,3,1357
2024-10-24,3,3,1303
2024-10-25,3,3,1254
2024-10-26,3,3,1212
2024-10-27,3,3,2335
2024-10-28,3,3,2265
2024-10-29,3,3,2219
2024-10-30,3,3,2175
2024-10-31,3,3,2132
2024-11-01,3,3,2082
2024-11-02,3,3,2045
2024-11-03,3,3,2011
2024-11-04,3,3,1966
2024-11-05,3,3,1901
2024-11-06,3,3,1858
2024-11-07,3,3,1811
2024-11-08,3,3,1768
2024-11-09,3,3,1724
2024-11-10,3,3,1682
2024-11-11,3,3,1637
2024-11-12,3,3,1592
2024-11-13,3,3,1540
2024-11-14,3,3,1490
2024-11-15,3,3,1442
2024-11-16,3,3,1406
2024-11-17,3,3,1375
2024-11-18,3,3,1324
2024-11-19,3,3,1282
2024-11-20,3,3,1238
2024-11-21,3,3,1193
2024-11-22,3,3,1148
2024-11-23,3,3,1105
2024-11-24,3,3,1073
2024-11-25,3,3,1021
2024-11-26,3,3,2419
2024-11-27,3,3,2372
2024-11-28,3,3,2327
2024-11-29,3,3,2275
2024-11-30,3,3,2232
2024-12-01,3,3,2184
2024-12-02,3,3,2133
2024-12-03,3,3,2082
2024-12-04,3,3,2021
2024-12-05,3,3,1962
2024-12-06,3,3,1914
2024-12-07,3,3,1880
2024-12-08,3,3,1838
2024-12-09,3,3,1764
2024-12-10,3,3,1719
2024-12-11,3,3,1669
2024-12-12,3,3,1625
2024-12-13,3,3,1578
2024-12-14,3,3,1529
2024-12-15,3,3,1487
2024-12-16,3,3,1436
2024-12-17,3,3,1392
2024-12-18,3,3,1336
2024-12-19,3,3,1285
2024-12-20,3,3,1230
2024-12-21,3,3,1194
2024-12-22,3,3,1149
2024-12-23,3,3,1082
2024-12-24,3,3,1038
2024-12-25,3,3,962
2024-12-26,3,3,2532
2024-12-27,3,3,2472
2024-12-28,3,3,2438
2024-12-29,3,3,2390
2024-12-30,3,3,2338
2024-12-31,3,3,2286
2025-01-01,3,3,2230
2025-01-02,3,3,2175
2025-01-03,3,3,2116
2025-01-04,3,3,2067
2025-01-05,3,3,2024
2025-01-06,3,3,1965
2025-01-07,3,3,1907
2025-01-08,3,3,1855
2025-01-09,3,3,1805
2025-01-10,3,3,1711
2025-01-11,3,3,1668
2025-01-12,3,3,1619
2025-01-13,3,3,1565
2025-01-14,3,3,1508
2025-01-15,3,3,1441
2025-01-16,3,3,1388
2025-01-17,3,3,1335
2025-01-18,3,3,1289
2025-01-19,3,3,1244
2025-01-20,3,3,1147
2025-01-21,3,3,1089
2025-01-22,3,3,1025
2025-01-23,3,3,954
2025-01-24,3,3,899
2025-01-25,3,3,2453
2025-01-26,3,3,2412
2025-01-27,3,3,2355
2025-01-28,3,3,2302
2025-01-29,3,3,2254
2025-01-30,3,3,2200
2025-01-31,3,3,2142
2025-02-01,3,3,2106
2025-02-02,3,3,2064
2025-02-03,3,3,1998
2025-02-04,3,3,1933
2025-02-05,3,3,1878
2025-02-06,3,3,1814
2025-02-07,3,3,1760
2025-02-08,3,3,1713
2025-02-09,3,3,1672
2025-02-10,3,3,1617
2025-02-11,3,3,1556
2025-02-12,3,3,1499
2025-02-13,3,3,1440
2025-02-14,3,3,1355
2025-02-15,3,3,1308
2025-02-16,3,3,1241
2025-02-17,3,3,1186
2025-02-18,3,3,1131
2025-02-19,3,3,1066
2025-02-20,3,3,1003
2025-02-21,3,3,947
2025-02-22,3,3,902
2025-02-23,3,3,850
2025-02-24,3,3,2346
2025-02-25,3,3,2282
2025-02-26,3,3,2213
2025-02-27,3,3,2158
2025-02-28,3,3,2089
2025-03-01,3,3,2025
2025-03-02,3,3,1981
2025-03-03,3,3,1925
2025-03-04,3,3,1867
2025-03-05,3,3,1800
2025-03-06,3,3,1736
2025-03-07,3,3,1676
2025-03-08,3,3,1627
2025-03-09,3,3,1575
2025-03-10,3,3,1511
2025-03-11,3,3,1441
2025-03-12,3,3,1385
2025-03-13,3,3,1317
2025-03-14,3,3,1258
2025-03-15,3,3,1206
2025-03-16,3,3,1152
2025-03-17,3,3,1100
2025-03-18,3,3,1038
2025-03-19,3,3,966
2025-03-20,3,3,907
2025-03-21,3,3,850
2025-03-22,3,3,796
2025-03-23,3,3,747
2025-03-24,3,3,693
2025-03-25,3,3,633
2025-03-26,3,3,2180
2025-03-27,3,3,2123
2025-03-28,3,3,2028
2025-03-29,3,3,1975
2025-03-30,3,3,1930
2025-03-31,3,3,1871
2025-04-01,3,3,1812
2025-04-02,3,3,1748
2025-04-03,3,3,1692
2025-04-04,3,3,1631
2025-04-05,3,3,1581
2025-04-06,3,3,1535
2025-04-07,3,3,1474
2025-04-08,3,3,1422
2025-04-09,3,3,1355
2025-04-10,3,3,1300
2025-04-11,3,3,1234
2025-04-12,3,3,1186
2025-04-13,3,3,1134
2025-04-14,3,3,1067
2025-04-15,3,3,1004
2025-04-16,3,3,934
2025-04-17,3,3,850
2025-04-18,3,3,795
2025-04-19,3,3,747
2025-04-20,3,3,693
2025-04-21,3,3,626
2025-04-22,3,3,580
2025-04-23,3,3,991
2025-04-24,3,3,930
2025-04-25,3,3,2417
2025-04-26,3,3,2370
2025-04-27,3,3,2321
2025-04-28,3,3,2259
2025-04-29,3,3,2192
2025-04-30,3,3,2126
2025-05-01,3,3,2059
2025-05-02,3,3,1993
2025-05-03,3,3,1943
2025-05-04,3,3,1896
2025-05-05,3,3,1827
2025-05-06,3,3,1764
2025-05-07,3,3,1705
2025-05-08,3,3,1649
2025-05-09,3,3,1587
2025-05-10,3,3,1538
2025-05-11,3,3,1477
2025-05-12,3,3,1422
2025-05-13,3,3,1352
2025-05-14,3,3,1284
2025-05-15,3,3,1200
2025-05-16,3,3,1129
2025-05-17,3,3,1087
2025-05-18,3,3,1036
2025-05-19,3,3,979
2025-05-20,3,3,902
2025-05-21,3,3,842
2025-05-22,3,3,786
2025-05-23,3,3,723
2025-05-24,3,3,679
2025-05-25,3,3,2307
2025-05-26,3,3,2252
2025-05-27,3,3,2191
2025-05-28,3,3,2128
2025-05-29,3,3,2052
2025-05-30,3,3,1988
2025-05-31,3,3,1934
2025-06-01,3,3,1884
2025-06-02,3,3,1821
2025-06-03,3,3,1738
2025-06-04,3,3,1672
2025-06-05,3,3,1612
2025-06-06,3,3,1549
2025-06-07,3,3,1498
2025-06-08,3,3,1451
2025-06-09,3,3,1389
2025-06-10,3,3,1320
2025-06-11,3,3,1258
2025-06-12,3,3,1197
2025-06-13,3,3,1143
2025-06-14,3,3,1106
2025-06-15,3,3,1051
2025-06-16,3,3,988
2025-06-17,3,3,926
2025-06-18,3,3,862
2025-06-19,3,3,804
2025-06-20,3,3,752
2025-06-21,3,3,702
2025-06-22,3,3,660
2025-06-23,3,3,599
2025-06-24,3,3,2415
2025-06-25,3,3,2350
2025-06-26,3,3,2283
2025-06-27,3,3,2231
2025-06-28,3,3,2175
2025-06-29,3,3,2120
2025-06-30,3,3,2048
2025-07-01,3,3,1987
2025-07-02,3,3,1931
2025-07-03,3,3,1880
2025-07-04,3,3,1814
2025-07-05,3,3,1780
2025-07-06,3,3,1729
2025-07-07,3,3,1674
2025-07-08,3,3,1606
2025-07-09,3,3,1550
2025-07-10,3,3,1495
2025-07-11,3,3,1433
2025-07-12,3,3,1387
2025-07-13,3,3,1340
2025-07-14,3,3,1289
2025-07-15,3,3,1229
2025-07-16,3,3,1177
2025-07-17,3,3,1127
2025-07-18,3,3,1080
2025-07-19,3,3,1010
2025-07-20,3,3,978
2025-07-21,3,3,926
2025-07-22,3,3,867
2025-07-23,3,3,818
2025-07-24,3,3,2657
2025-07-25,3,3,2595
2025-07-26,3,3,2561
2025-07-27,3,3,2517
2025-07-28,3,3,2466
2025-07-29,3,3,2409
2025-07-30,3,3,2322
2025-07-31,3,3,2270
2025-08-01,3,3,2217
2025-08-02,3,3,2178
2025-08-03,3,3,2133
2025-08-04,3,3,2077
2025-08-05,3,3,2020
2025-08-06,3,3,1961
2025-08-07,3,3,1909
2025-08-08,3,3,1860
2025-08-09,3,3,1819
2025-08-10,3,3,1782
2025-08-11,3,3,1725
2025-08-12,3,3,1677
2025-08-13,3,3,1621
2025-08-14,3,3,1574
2025-08-15,3,3,1518
2025-08-16,3,3,1482
2025-08-17,3,3,1446
2025-08-18,3,3,1391
2025-08-19,3,3,1328
2025-08-20,3,3,1274
2025-08-21,3,3,1230
2025-08-22,3,3,1153
2025-08-23,3,3,2362
2025-08-24,3,3,2321
2025-08-25,3,3,2270
2025-08-26,3,3,2225
2025-08-27,3,3,2174
2025-08-28,3,3,2121
2025-08-29,3,3,2076
2025-08-30,3,3,2036
2025-08-31,3,3,2000
2025-09-01,3,3,1943
2025-09-02,3,3,1892
2025-09-03,3,3,1845
2025-09-04,3,3,1778
2025-09-05,3,3,1726
2025-09-06,3,3,1675
2025-09-07,3,3,1631
2025-09-08,3,3,1573
2025-09-09,3,3,1528
2025-09-10,3,3,1478
2025-09-11,3,3,1420
2025-09-12,3,3,1377
2025-09-13,3,3,1335
2025-09-14,3,3,1291
2025-09-15,3,3,1224
2025-09-16,3,3,1179
2025-09-17,3,3,1126
2025-09-18,3,3,1072
2025-09-19,3,3,1019
2025-09-20,3,3,948
2025-09-21,3,3,914
2025-09-22,3,3,2471
2025-09-23,3,3,2426
2025-09-24,3,3,2371
2025-09-25,3,3,2321
2025-09-26,3,3,2275
2025-09-27,3,3,2230
2025-09-28,3,3,2191
2025-09-29,3,3,2140
2025-09-30,3,3,2056
2025-10-01,3,3,2012
2025-10-02,3,3,1938
2025-10-03,3,3,1899
2025-10-04,3,3,1853
2025-10-05,3,3,1810
2025-10-06,3,3,1752
2025-10-07,3,3,1701
2025-10-08,3,3,1651
2025-10-09,3,3,1600
2025-10-10,3,3,1553
2025-10-11,3,3,1511
2025-10-12,3,3,1475
2025-10-13,3,3,1425
2025-10-14,3,3,1377
2025-10-15,3,3,1334
2025-10-16,3,3,1277
2025-10-17,3,3,1229
2025-10-18,3,3,1198
2025-10-19,3,3,1162
2025-10-20,3,3,1114
2025-10-21,3,3,1071
2025-10-22,3,3,2335
2025-10-23,3,3,2254
2025-10-24,3,3,2205
2025-10-25,3,3,2171
2025-10-26,3,3,2131
2025-10-27,3,3,2075
2025-10-28,3,3,2027
2025-10-29,3,3,1980
2025-10-30,3,3,1933
2025-10-31,3,3,1877
2025-11-01,3,3,1834
2025-11-02,3,3,1797
2025-11-03,3,3,1740
2025-11-04,3,3,1689
2025-11-05,3,3,1635
2025-11-06,3,3,1561
2025-11-07,3,3,1506
2025-11-08,3,3,1471
2025-11-09,3,3,1429
2025-11-10,3,3,1377
2025-11-11,3,3,1321
2025-11-12,3,3,1271
2025-11-13,3,3,1221
2025-11-14,3,3,1174
2025-11-15,3,3,1137
2025-11-16,3,3,1097
2025-11-17,3,3,1043
2025-11-18,3,3,990
2025-11-19,3,3,945
2025-11-20,3,3,887
2025-11-21,3,3,2619
2025-11-22,3,3,2590
2025-11-23,3,3,2549
2025-11-24,3,3,2486
2025-11-25,3,3,2446
2025-11-26,3,3,2392
2025-11-27,3,3,2343
2025-11-28,3,3,2301
2025-11-29,3,3,2259
2025-11-30,3,3,2217
2025-12-01,3,3,2165
2025-12-02,3,3,2112
2025-12-03,3,3,2059
2025-12-04,3,3,2009
2025-12-05,3,3,1957
2025-12-06,3,3,1914
2025-12-07,3,3,1862
2025-12-08,3,3,1798
2025-12-09,3,3,1746
2025-12-10,3,3,1698
2025-12-11,3,3,1644
2025-12-12,3,3,1593
2025-12-13,3,3,1555
2025-12-14,3,3,1512
2025-12-15,3,3,1463
2025-12-16,3,3,1407
2025-12-17,3,3,1357
2025-12-18,3,3,1298
2025-12-19,3,3,1229
2025-12-20,3,3,1186
2025-12-21,3,3,2321
2025-12-22,3,3,2253
2025-12-23,3,3,2198
2025-12-24,3,3,2143
2025-12-25,3,3,2090
2025-12-26,3,3,2032
2025-12-27,3,3,1984
2025-12-28,3,3,1946
2025-12-29,3,3,1887
2025-12-30,3,3,1829
2025-12-31,3,3,1776
2024-01-01,4,1,1781
2024-01-02,4,1,1726
2024-01-03,4,1,1681
2024-01-04,4,1,1636
2024-01-05,4,1,1554
2024-01-06,4,1,1516
2024-01-07,4,1,1479
2024-01-08,4,1,1443
2024-01-09,4,1,1388
2024-01-10,4,1,1341
2024-01-11,4,1,1295
2024-01-12,4,1,1249
2024-01-13,4,1,1215
2024-01-14,4,1,1177
2024-01-15,4,1,1130
2024-01-16,4,1,1087
2024-01-17,4,1,1047
2024-01-18,4,1,998
2024-01-19,4,1,953
2024-01-20,4,1,921
2024-01-21,4,1,884
2024-01-22,4,1,847
2024-01-23,4,1,805
2024-01-24,4,1,757
2024-01-25,4,1,717
2024-01-26,4,1,673
2024-01-27,4,1,635
2024-01-28,4,1,796
2024-01-29,4,1,1030
2024-01-30,4,1,989
2024-01-31,4,1,2266
2024-02-01,4,1,2213
2024-02-02,4,1,2126
2024-02-03,4,1,2094
2024-02-04,4,1,2053
2024-02-05,4,1,2007
2024-02-06,4,1,1957
2024-02-07,4,1,1910
2024-02-08,4,1,1857
2024-02-09,4,1,1804
2024-02-10,4,1,1768
2024-02-11,4,1,1714
2024-02-12,4,1,1665
2024-02-13,4,1,1625
2024-02-14,4,1,1583
2024-02-15,4,1,1540
2024-02-16,4,1,1499
2024-02-17,4,1,1449
2024-02-18,4,1,1409
2024-02-19,4,1,1363
2024-02-20,4,1,1309
2024-02-21,4,1,1249
2024-02-22,4,1,1199
2024-02-23,4,1,1139
2024-02-24,4,1,1106
2024-02-25,4,1,1072
2024-02-26,4,1,1025
2024-02-27,4,1,984
2024-02-28,4,1,940
2024-02-29,4,1,904
2024-03-01,4,1,2319
2024-03-02,4,1,2280
2024-03-03,4,1,2239
2024-03-04,4,1,2187
2024-03-05,4,1,2147
2024-03-06,4,1,2095
2024-03-07,4,1,2051
2024-03-08,4,1,2007
2024-03-09,4,1,1971
2024-03-10,4,1,1926
2024-03-11,4,1,1887
2024-03-12,4,1,1820
2024-03-13,4,1,1776
2024-03-14,4,1,1716
2024-03-15,4,1,1659
2024-03-16,4,1,1626
2024-03-17,4,1,1587
2024-03-18,4,1,1535
2024-03-19,4,1,1392
2024-03-20,4,1,1346
2024-03-21,4,1,1306
2024-03-22,4,1,1260
2024-03-23,4,1,1219
2024-03-24,4,1,1182
2024-03-25,4,1,1131
2024-03-26,4,1,1077
2024-03-27,4,1,1025
2024-03-28,4,1,975
2024-03-29,4,1,925
2024-03-30,4,1,893
2024-03-31,4,1,2313
2024-04-01,4,1,2263
2024-04-02,4,1,2220
2024-04-03,4,1,2173
2024-04-04,4,1,2129
2024-04-05,4,1,2078
2024-04-06,4,1,2036
2024-04-07,4,1,1997
2024-04-08,4,1,1948
2024-04-09,4,1,1894
2024-04-10,4,1,1839
2024-04-11,4,1,1790
2024-04-12,4,1,1743
2024-04-13,4,1,1706
2024-04-14,4,1,1669
2024-04-15,4,1,1618
2024-04-16,4,1,1578
2024-04-17,4,1,1531
2024-04-18,4,1,1472
2024-04-19,4,1,1428
2024-04-20,4,1,1394
2024-04-21,4,1,1359
2024-04-22,4,1,1316
2024-04-23,4,1,1264
2024-04-24,4,1,1222
2024-04-25,4,1,1175
2024-04-26,4,1,1135
2024-04-27,4,1,1095
2024-04-28,4,1,1060
2024-04-29,4,1,1014
2024-04-30,4,1,2308
2024-05-01,4,1,2265
2024-05-02,4,1,2205
2024-05-03,4,1,2160
2024-05-04,4,1,2124
2024-05-05,4,1,2091
2024-05-06,4,1,2043
2024-05-07,4,1,1991
2024-05-08,4,1,1943
2024-05-09,4,1,1885
2024-05-10,4,1,1829
2024-05-11,4,1,1793
2024-05-12,4,1,1758
2024-05-13,4,1,1709
2024-05-14,4,1,1663
2024-05-15,4,1,1614
2024-05-16,4,1,1569
2024-05-17,4,1,1519
2024-05-18,4,1,1482
2024-05-19,4,1,1444
2024-05-20,4,1,1394
2024-05-21,4,1,1325
2024-05-22,4,1,1282
2024-05-23,4,1,1240
2024-05-24,4,1,1192
2024-05-25,4,1,1153
2024-05-26,4,1,1095
2024-05-27,4,1,1041
2024-05-28,4,1,1003
2024-05-29,4,1,946
2024-05-30,4,1,2079
2024-05-31,4,1,2021
2024-06-01,4,1,1985
2024-06-02,4,1,1946
2024-06-03,4,1,1905
2024-06-04,4,1,1859
2024-06-05,4,1,1811
2024-06-06,4,1,1769
2024-06-07,4,1,1706
2024-06-08,4,1,1670
2024-06-09,4,1,1637
2024-06-10,4,1,1585
2024-06-11,4,1,1537
2024-06-12,4,1,1492
2024-06-13,4,1,1441
2024-06-14,4,1,1389
2024-06-15,4,1,1353
2024-06-16,4,1,1317
2024-06-17,4,1,1277
2024-06-18,4,1,1235
2024-06-19,4,1,1190
2024-06-20,4,1,1144
2024-06-21,4,1,1095
2024-06-22,4,1,1055
2024-06-23,4,1,1017
2024-06-24,4,1,972
2024-06-25,4,1,914
2024-06-26,4,1,858
2024-06-27,4,1,809
2024-06-28,4,1,763
2024-06-29,4,1,2177
2024-06-30,4,1,2137
2024-07-01,4,1,2093
2024-07-02,4,1,2047
2024-07-03,4,1,2001
2024-07-04,4,1,1949
2024-07-05,4,1,1898
2024-07-06,4,1,1861
2024-07-07,4,1,1822
2024-07-08,4,1,1777
2024-07-09,4,1,1739
2024-07-10,4,1,1699
2024-07-11,4,1,1654
2024-07-12,4,1,1608
2024-07-13,4,1,1572
2024-07-14,4,1,1539
2024-07-15,4,1,1493
2024-07-16,4,1,1448
2024-07-17,4,1,1404
2024-07-18,4,1,1356
2024-07-19,4,1,1317
2024-07-20,4,1,1286
2024-07-21,4,1,1254
2024-07-22,4,1,1217
2024-07-23,4,1,1176
2024-07-24,4,1,1135
2024-07-25,4,1,1088
2024-07-26,4,1,1041
2024-07-27,4,1,1011
2024-07-28,4,1,980
2024-07-29,4,1,2100
2024-07-30,4,1,2054
2024-07-31,4,1,2004
2024-08-01,4,1,1963
2024-08-02,4,1,1921
2024-08-03,4,1,1887
2024-08-04,4,1,1850
2024-08-05,4,1,1806
2024-08-06,4,1,1766
2024-08-07,4,1,1719
2024-08-08,4,1,1672
2024-08-09,4,1,1632
2024-08-10,4,1,1596
2024-08-11,4,1,1556
2024-08-12,4,1,1515
2024-08-13,4,1,1467
2024-08-14,4,1,1427
2024-08-15,4,1,1381
2024-08-16,4,1,1338
2024-08-17,4,1,1302
2024-08-18,4,1,1265
2024-08-19,4,1,1220
2024-08-20,4,1,1184
2024-08-21,4,1,1141
2024-08-22,4,1,1095
2024-08-23,4,1,1054
2024-08-24,4,1,1027
2024-08-25,4,1,993
2024-08-26,4,1,952
2024-08-27,4,1,907
2024-08-28,4,1,2234
2024-08-29,4,1,2192
2024-08-30,4,1,2130
2024-08-31,4,1,2077
2024-09-01,4,1,2046
2024-09-02,4,1,2010
2024-09-03,4,1,1971
2024-09-04,4,1,1933
2024-09-05,4,1,1884
2024-09-06,4,1,1823
2024-09-07,4,1,1789
2024-09-08,4,1,1760
2024-09-09,4,1,1720
2024-09-10,4,1,1679
2024-09-11,4,1,1646
2024-09-12,4,1,1603
2024-09-13,4,1,1563
2024-09-14,4,1,1528
2024-09-15,4,1,1495
2024-09-16,4,1,1454
2024-09-17,4,1,1415
2024-09-18,4,1,1371
2024-09-19,4,1,1327
2024-09-20,4,1,1282
2024-09-21,4,1,1250
2024-09-22,4,1,1218
2024-09-23,4,1,1177
2024-09-24,4,1,1130
2024-09-25,4,1,1098
2024-09-26,4,1,1056
2024-09-27,4,1,2294
2024-09-28,4,1,2264
2024-09-29,4,1,2230
2024-09-30,4,1,2193
2024-10-01,4,1,2156
2024-10-02,4,1,2116
2024-10-03,4,1,2078
2024-10-04,4,1,2039
2024-10-05,4,1,2005
2024-10-06,4,1,1966
2024-10-07,4,1,1925
2024-10-08,4,1,1886
2024-10-09,4,1,1837
2024-10-10,4,1,1800
2024-10-11,4,1,1756
2024-10-12,4,1,1727
2024-10-13,4,1,1697
2024-10-14,4,1,1651
2024-10-15,4,1,1611
2024-10-16,4,1,1566
2024-10-17,4,1,1528
2024-10-18,4,1,1487
2024-10-19,4,1,1454
2024-10-20,4,1,1422
2024-10-21,4,1,1384
2024-10-22,4,1,1346
2024-10-23,4,1,1302
2024-10-24,4,1,1263
2024-10-25,4,1,1229
2024-10-26,4,1,1187
2024-10-27,4,1,2054
2024-10-28,4,1,2018
2024-10-29,4,1,1981
2024-10-30,4,1,1944
2024-10-31,4,1,1902
2024-11-01,4,1,1858
2024-11-02,4,1,1825
2024-11-03,4,1,1792
2024-11-04,4,1,1746
2024-11-05,4,1,1703
2024-11-06,4,1,1658
2024-11-07,4,1,1614
2024-11-08,4,1,1569
2024-11-09,4,1,1534
2024-11-10,4,1,1502
2024-11-11,4,1,1456
2024-11-12,4,1,1416
2024-11-13,4,1,1378
2024-11-14,4,1,1334
2024-11-15,4,1,1293
2024-11-16,4,1,1262
2024-11-17,4,1,1227
2024-11-18,4,1,1180
2024-11-19,4,1,1132
2024-11-20,4,1,1097
2024-11-21,4,1,1063
2024-11-22,4,1,1021
2024-11-23,4,1,989
2024-11-24,4,1,945
2024-11-25,4,1,899
2024-11-26,4,1,2148
2024-11-27,4,1,2107
2024-11-28,4,1,2073
2024-11-29,4,1,2034
2024-11-30,4,1,1998
2024-12-01,4,1,1971
2024-12-02,4,1,1934
2024-12-03,4,1,1897
2024-12-04,4,1,1856
2024-12-05,4,1,1811
2024-12-06,4,1,1768
2024-12-07,4,1,1733
2024-12-08,4,1,1700
2024-12-09,4,1,1654
2024-12-10,4,1,1614
2024-12-11,4,1,1575
2024-12-12,4,1,1527
2024-12-13,4,1,1480
2024-12-14,4,1,1446
2024-12-15,4,1,1418
2024-12-16,4,1,1375
2024-12-17,4,1,1336
2024-12-18,4,1,1294
2024-12-19,4,1,1251
2024-12-20,4,1,1209
2024-12-21,4,1,1179
2024-12-22,4,1,1148
2024-12-23,4,1,1106
2024-12-24,4,1,1070
2024-12-25,4,1,1026
2024-12-26,4,1,2137
2024-12-27,4,1,2076
2024-12-28,4,1,2045
2024-12-29,4,1,2013
2024-12-30,4,1,1973
2024-12-31,4,1,1933
2025-01-01,4,1,1889
2025-01-02,4,1,1840
2025-01-03,4,1,1792
2025-01-04,4,1,1763
2025-01-05,4,1,1723
2025-01-06,4,1,1677
2025-01-07,4,1,1631
2025-01-08,4,1,1587
2025-01-09,4,1,1548
2025-01-10,4,1,1497
2025-01-11,4,1,1466
2025-01-12,4,1,1422
2025-01-13,4,1,1383
2025-01-14,4,1,1340
2025-01-15,4,1,1290
2025-01-16,4,1,1254
2025-01-17,4,1,1214
2025-01-18,4,1,1186
2025-01-19,4,1,1154
2025-01-20,4,1,1085
2025-01-21,4,1,1045
2025-01-22,4,1,1005
2025-01-23,4,1,959
2025-01-24,4,1,914
2025-01-25,4,1,2311
2025-01-26,4,1,2280
2025-01-27,4,1,2239
2025-01-28,4,1,2196
2025-01-29,4,1,2155
2025-01-30,4,1,2107
2025-01-31,4,1,2067
2025-02-01,4,1,2032
2025-02-02,4,1,1995
2025-02-03,4,1,1949
2025-02-04,4,1,1897
2025-02-05,4,1,1849
2025-02-06,4,1,1798
2025-02-07,4,1,1754
2025-02-08,4,1,1718
2025-02-09,4,1,1680
2025-02-10,4,1,1627
2025-02-11,4,1,1586
2025-02-12,4,1,1544
2025-02-13,4,1,1495
2025-02-14,4,1,1454
2025-02-15,4,1,1425
2025-02-16,4,1,1385
2025-02-17,4,1,1337
2025-02-18,4,1,1291
2025-02-19,4,1,1251
2025-02-20,4,1,1207
2025-02-21,4,1,1157
2025-02-22,4,1,1119
2025-02-23,4,1,1080
2025-02-24,4,1,2285
2025-02-25,4,1,2216
2025-02-26,4,1,2167
2025-02-27,4,1,2118
2025-02-28,4,1,2051
2025-03-01,4,1,2013
2025-03-02,4,1,1952
2025-03-03,4,1,1907
2025-03-04,4,1,1860
2025-03-05,4,1,1799
2025-03-06,4,1,1756
2025-03-07,4,1,1706
2025-03-08,4,1,1672
2025-03-09,4,1,1633
2025-03-10,4,1,1588
2025-03-11,4,1,1547
2025-03-12,4,1,1495
2025-03-13,4,1,1448
2025-03-14,4,1,1404
2025-03-15,4,1,1368
2025-03-16,4,1,1336
2025-03-17,4,1,1291
2025-03-18,4,1,1253
2025-03-19,4,1,1204
2025-03-20,4,1,1161
2025-03-21,4,1,1110
2025-03-22,4,1,1076
2025-03-23,4,1,1032
2025-03-24,4,1,990
2025-03-25,4,1,941
2025-03-26,4,1,2292
2025-03-27,4,1,2232
2025-03-28,4,1,2183
2025-03-29,4,1,2125
2025-03-30,4,1,2085
2025-03-31,4,1,2034
2025-04-01,4,1,1982
2025-04-02,4,1,1927
2025-04-03,4,1,1878
2025-04-04,4,1,1810
2025-04-05,4,1,1774
2025-04-06,4,1,1736
2025-04-07,4,1,1680
2025-04-08,4,1,1631
2025-04-09,4,1,1577
2025-04-10,4,1,1527
2025-04-11,4,1,1480
2025-04-12,4,1,1441
2025-04-13,4,1,1402
2025-04-14,4,1,1352
2025-04-15,4,1,1300
2025-04-16,4,1,1243
2025-04-17,4,1,1203
2025-04-18,4,1,1157
2025-04-19,4,1,1093
2025-04-20,4,1,1054
2025-04-21,4,1,1002
2025-04-22,4,1,960
2025-04-23,4,1,910
2025-04-24,4,1,856
2025-04-25,4,1,2254
2025-04-26,4,1,2217
2025-04-27,4,1,2179
2025-04-28,4,1,2132
2025-04-29,4,1,2074
2025-04-30,4,1,2031
2025-05-01,4,1,1983
2025-05-02,4,1,1930
2025-05-03,4,1,1875
2025-05-04,4,1,1844
2025-05-05,4,1,1798
2025-05-06,4,1,1759
2025-05-07,4,1,1710
2025-05-08,4,1,1658
2025-05-09,4,1,1608
2025-05-10,4,1,1570
2025-05-11,4,1,1513
2025-05-12,4,1,1468
2025-05-13,4,1,1425
2025-05-14,4,1,1379
2025-05-15,4,1,1334
2025-05-16,4,1,1284
2025-05-17,4,1,1244
2025-05-18,4,1,1209
2025-05-19,4,1,1164
2025-05-20,4,1,1124
2025-05-21,4,1,1042
2025-05-22,4,1,988
2025-05-23,4,1,944
2025-05-24,4,1,903
2025-05-25,4,1,2317
2025-05-26,4,1,2262
2025-05-27,4,1,2220
2025-05-28,4,1,2170
2025-05-29,4,1,2116
2025-05-30,4,1,2070
2025-05-31,4,1,2030
2025-06-01,4,1,1986
2025-06-02,4,1,1944
2025-06-03,4,1,1894
2025-06-04,4,1,1841
2025-06-05,4,1,1793
2025-06-06,4,1,1732
2025-06-07,4,1,1694
2025-06-08,4,1,1668
2025-06-09,4,1,1625
2025-06-10,4,1,1583
2025-06-11,4,1,1541
2025-06-12,4,1,1491
2025-06-13,4,1,1440
2025-06-14,4,1,1404
2025-06-15,4,1,1365
2025-06-16,4,1,1314
2025-06-17,4,1,1272
2025-06-18,4,1,1231
2025-06-19,4,1,1173
2025-06-20,4,1,1125
2025-06-21,4,1,1096
2025-06-22,4,1,1060
2025-06-23,4,1,1012
2025-06-24,4,1,2332
2025-06-25,4,1,2298
2025-06-26,4,1,2256
2025-06-27,4,1,2206
2025-06-28,4,1,2171
2025-06-29,4,1,2132
2025-06-30,4,1,2089
2025-07-01,4,1,2043
2025-07-02,4,1,1993
2025-07-03,4,1,1955
2025-07-04,4,1,1906
2025-07-05,4,1,1870
2025-07-06,4,1,1837
2025-07-07,4,1,1788
2025-07-08,4,1,1744
2025-07-09,4,1,1694
2025-07-10,4,1,1653
2025-07-11,4,1,1608
2025-07-12,4,1,1569
2025-07-13,4,1,1539
2025-07-14,4,1,1495
2025-07-15,4,1,1449
2025-07-16,4,1,1405
2025-07-17,4,1,1364
2025-07-18,4,1,1313
2025-07-19,4,1,1276
2025-07-20,4,1,1246
2025-07-21,4,1,1203
2025-07-22,4,1,1164
2025-07-23,4,1,1122
2025-07-24,4,1,2037
2025-07-25,4,1,1981
2025-07-26,4,1,1947
2025-07-27,4,1,1912
2025-07-28,4,1,1869
2025-07-29,4,1,1825
2025-07-30,4,1,1755
2025-07-31,4,1,1715
2025-08-01,4,1,1673
2025-08-02,4,1,1638
2025-08-03,4,1,1607
2025-08-04,4,1,1567
2025-08-05,4,1,1526
2025-08-06,4,1,1485
2025-08-07,4,1,1442
2025-08-08,4,1,1404
2025-08-09,4,1,1371
2025-08-10,4,1,1336
2025-08-11,4,1,1297
2025-08-12,4,1,1257
2025-08-13,4,1,1211
2025-08-14,4,1,1168
2025-08-15,4,1,1132
2025-08-16,4,1,1097
2025-08-17,4,1,1069
2025-08-18,4,1,1029
2025-08-19,4,1,986
2025-08-20,4,1,941
2025-08-21,4,1,895
2025-08-22,4,1,847
2025-08-23,4,1,2321
2025-08-24,4,1,2289
2025-08-25,4,1,2233
2025-08-26,4,1,2187
2025-08-27,4,1,2144
2025-08-28,4,1,2102
2025-08-29,4,1,2058
2025-08-30,4,1,2027
2025-08-31,4,1,1991
2025-09-01,4,1,1949
2025-09-02,4,1,1909
2025-09-03,4,1,1864
2025-09-04,4,1,1825
2025-09-05,4,1,1782
2025-09-06,4,1,1758
2025-09-07,4,1,1728
2025-09-08,4,1,1691
2025-09-09,4,1,1652
2025-09-10,4,1,1617
2025-09-11,4,1,1575
2025-09-12,4,1,1533
2025-09-13,4,1,1498
2025-09-14,4,1,1465
2025-09-15,4,1,1429
2025-09-16,4,1,1382
2025-09-17,4,1,1341
2025-09-18,4,1,1304
2025-09-19,4,1,1259
2025-09-20,4,1,1227
2025-09-21,4,1,1198
2025-09-22,4,1,2171
2025-09-23,4,1,2126
2025-09-24,4,1,2086
2025-09-25,4,1,2052
2025-09-26,4,1,2012
2025-09-27,4,1,1979
2025-09-28,4,1,1946
2025-09-29,4,1,1909
2025-09-30,4,1,1869
2025-10-01,4,1,1831
2025-10-02,4,1,1791
2025-10-03,4,1,1750
2025-10-04,4,1,1722
2025-10-05,4,1,1685
2025-10-06,4,1,1644
2025-10-07,4,1,1600
2025-10-08,4,1,1561
2025-10-09,4,1,1521
2025-10-10,4,1,1486
2025-10-11,4,1,1454
2025-10-12,4,1,1421
2025-10-13,4,1,1366
2025-10-14,4,1,1324
2025-10-15,4,1,1282
2025-10-16,4,1,1246
2025-10-17,4,1,1191
2025-10-18,4,1,1155
2025-10-19,4,1,1124
2025-10-20,4,1,1083
2025-10-21,4,1,1042
2025-10-22,4,1,2075
2025-10-23,4,1,2031
2025-10-24,4,1,1991
2025-10-25,4,1,1959
2025-10-26,4,1,1922
2025-10-27,4,1,1881
2025-10-28,4,1,1837
2025-10-29,4,1,1795
2025-10-30,4,1,1755
2025-10-31,4,1,1717
2025-11-01,4,1,1682
2025-11-02,4,1,1648
2025-11-03,4,1,1614
2025-11-04,4,1,1571
2025-11-05,4,1,1530
2025-11-06,4,1,1491
2025-11-07,4,1,1445
2025-11-08,4,1,1413
2025-11-09,4,1,1386
2025-11-10,4,1,1346
2025-11-11,4,1,1310
2025-11-12,4,1,1270
2025-11-13,4,1,1229
2025-11-14,4,1,1190
2025-11-15,4,1,1165
2025-11-16,4,1,1139
2025-11-17,4,1,1070
2025-11-18,4,1,1032
2025-11-19,4,1,978
2025-11-20,4,1,938
2025-11-21,4,1,2181
2025-11-22,4,1,2148
2025-11-23,4,1,2118
2025-11-24,4,1,2081
2025-11-25,4,1,2040
2025-11-26,4,1,1999
2025-11-27,4,1,1918
2025-11-28,4,1,1882
2025-11-29,4,1,1850
2025-11-30,4,1,1817
2025-12-01,4,1,1752
2025-12-02,4,1,1689
2025-12-03,4,1,1650
2025-12-04,4,1,1608
2025-12-05,4,1,1566
2025-12-06,4,1,1535
2025-12-07,4,1,1503
2025-12-08,4,1,1451
2025-12-09,4,1,1387
2025-12-10,4,1,1304
2025-12-11,4,1,1262
2025-12-12,4,1,1225
2025-12-13,4,1,1188
2025-12-14,4,1,1156
2025-12-15,4,1,1118
2025-12-16,4,1,1082
2025-12-17,4,1,1045
2025-12-18,4,1,1003
2025-12-19,4,1,963
2025-12-20,4,1,929
2025-12-21,4,1,2154
2025-12-22,4,1,2113
2025-12-23,4,1,2069
2025-12-24,4,1,2025
2025-12-25,4,1,1981
2025-12-26,4,1,1944
2025-12-27,4,1,1910
2025-12-28,4,1,1874
2025-12-29,4,1,1827
2025-12-30,4,1,1775
2025-12-31,4,1,1733
2024-01-01,4,2,1970
2024-01-02,4,2,1917
2024-01-03,4,2,1885
2024-01-04,4,2,1853
2024-01-05,4,2,1817
2024-01-06,4,2,1793
2024-01-07,4,2,1762
2024-01-08,4,2,1731
2024-01-09,4,2,1696
2024-01-10,4,2,1667
2024-01-11,4,2,1635
2024-01-12,4,2,1607
2024-01-13,4,2,1578
2024-01-14,4,2,1553
2024-01-15,4,2,1518
2024-01-16,4,2,1484
2024-01-17,4,2,1453
2024-01-18,4,2,1422
2024-01-19,4,2,1389
2024-01-20,4,2,1368
2024-01-21,4,2,1344
2024-01-22,4,2,1316
2024-01-23,4,2,1284
2024-01-24,4,2,1249
2024-01-25,4,2,1215
2024-01-26,4,2,1179
2024-01-27,4,2,1138
2024-01-28,4,2,1109
2024-01-29,4,2,1076
2024-01-30,4,2,1033
2024-01-31,4,2,1928
2024-02-01,4,2,1901
2024-02-02,4,2,1867
2024-02-03,4,2,1838
2024-02-04,4,2,1814
2024-02-05,4,2,1785
2024-02-06,4,2,1753
2024-02-07,4,2,1723
2024-02-08,4,2,1691
2024-02-09,4,2,1658
2024-02-10,4,2,1632
2024-02-11,4,2,1604
2024-02-12,4,2,1569
2024-02-13,4,2,1532
2024-02-14,4,2,1479
2024-02-15,4,2,1450
2024-02-16,4,2,1418
2024-02-17,4,2,1373
2024-02-18,4,2,1347
2024-02-19,4,2,1311
2024-02-20,4,2,1278
2024-02-21,4,2,1250
2024-02-22,4,2,1221
2024-02-23,4,2,1189
2024-02-24,4,2,1165
2024-02-25,4,2,1142
2024-02-26,4,2,1111
2024-02-27,4,2,1078
2024-02-28,4,2,1047
2024-02-29,4,2,1018
2024-03-01,4,2,2008
2024-03-02,4,2,1977
2024-03-03,4,2,1954
2024-03-04,4,2,1917
2024-03-05,4,2,1886
2024-03-06,4,2,1851
2024-03-07,4,2,1820
2024-03-08,4,2,1781
2024-03-09,4,2,1750
2024-03-10,4,2,1726
2024-03-11,4,2,1690
2024-03-12,4,2,1656
2024-03-13,4,2,1622
2024-03-14,4,2,1586
2024-03-15,4,2,1550
2024-03-16,4,2,1521
2024-03-17,4,2,1489
2024-03-18,4,2,1455
2024-03-19,4,2,1421
2024-03-20,4,2,1389
2024-03-21,4,2,1349
2024-03-22,4,2,1316
2024-03-23,4,2,1287
2024-03-24,4,2,1255
2024-03-25,4,2,1217
2024-03-26,4,2,1182
2024-03-27,4,2,1153
2024-03-28,4,2,1117
2024-03-29,4,2,1081
2024-03-30,4,2,1056
2024-03-31,4,2,2015
2024-04-01,4,2,1979
2024-04-02,4,2,1944
2024-04-03,4,2,1885
2024-04-04,4,2,1849
2024-04-05,4,2,1814
2024-04-06,4,2,1787
2024-04-07,4,2,1746
2024-04-08,4,2,1684
2024-04-09,4,2,1630
2024-04-10,4,2,1601
2024-04-11,4,2,1563
2024-04-12,4,2,1510
2024-04-13,4,2,1487
2024-04-14,4,2,1461
2024-04-15,4,2,1425
2024-04-16,4,2,1387
2024-04-17,4,2,1354
2024-04-18,4,2,1318
2024-04-19,4,2,1280
2024-04-20,4,2,1251
2024-04-21,4,2,1224
2024-04-22,4,2,1184
2024-04-23,4,2,1152
2024-04-24,4,2,1115
2024-04-25,4,2,1090
2024-04-26,4,2,1065
2024-04-27,4,2,1040
2024-04-28,4,2,1009
2024-04-29,4,2,970
2024-04-30,4,2,1830
2024-05-01,4,2,1793
2024-05-02,4,2,1759
2024-05-03,4,2,1730
2024-05-04,4,2,1706
2024-05-05,4,2,1683
2024-05-06,4,2,1649
2024-05-07,4,2,1615
2024-05-08,4,2,1582
2024-05-09,4,2,1547
2024-05-10,4,2,1512
2024-05-11,4,2,1484
2024-05-12,4,2,1456
2024-05-13,4,2,1422
2024-05-14,4,2,1384
2024-05-15,4,2,1345
2024-05-16,4,2,1309
2024-05-17,4,2,1271
2024-05-18,4,2,1242
2024-05-19,4,2,1219
2024-05-20,4,2,1183
2024-05-21,4,2,1144
2024-05-22,4,2,1105
2024-05-23,4,2,1068
2024-05-24,4,2,1033
2024-05-25,4,2,1004
2024-05-26,4,2,985
2024-05-27,4,2,951
2024-05-28,4,2,918
2024-05-29,4,2,868
2024-05-30,4,2,2057
2024-05-31,4,2,2023
2024-06-01,4,2,1999
2024-06-02,4,2,1954
2024-06-03,4,2,1924
2024-06-04,4,2,1881
2024-06-05,4,2,1849
2024-06-06,4,2,1813
2024-06-07,4,2,1781
2024-06-08,4,2,1754
2024-06-09,4,2,1729
2024-06-10,4,2,1686
2024-06-11,4,2,1656
2024-06-12,4,2,1630
2024-06-13,4,2,1597
2024-06-14,4,2,1566
2024-06-15,4,2,1538
2024-06-16,4,2,1516
2024-06-17,4,2,1480
2024-06-18,4,2,1447
2024-06-19,4,2,1423
2024-06-20,4,2,1390
2024-06-21,4,2,1356
2024-06-22,4,2,1331
2024-06-23,4,2,1306
2024-06-24,4,2,1274
2024-06-25,4,2,1240
2024-06-26,4,2,1206
2024-06-27,4,2,1172
2024-06-28,4,2,1145
2024-06-29,4,2,1977
2024-06-30,4,2,1953
2024-07-01,4,2,1914
2024-07-02,4,2,1881
2024-07-03,4,2,1846
2024-07-04,4,2,1815
2024-07-05,4,2,1760
2024-07-06,4,2,1734
2024-07-07,4,2,1706
2024-07-08,4,2,1668
2024-07-09,4,2,1635
2024-07-10,4,2,1606
2024-07-11,4,2,1578
2024-07-12,4,2,1547
2024-07-13,4,2,1519
2024-07-14,4,2,1494
2024-07-15,4,2,1456
2024-07-16,4,2,1420
2024-07-17,4,2,1390
2024-07-18,4,2,1358
2024-07-19,4,2,1328
2024-07-20,4,2,1308
2024-07-21,4,2,1283
2024-07-22,4,2,1251
2024-07-23,4,2,1219
2024-07-24,4,2,1191
2024-07-25,4,2,1159
2024-07-26,4,2,1128
2024-07-27,4,2,1108
2024-07-28,4,2,1082
2024-07-29,4,2,2070
2024-07-30,4,2,2038
2024-07-31,4,2,2001
2024-08-01,4,2,1915
2024-08-02,4,2,1887
2024-08-03,4,2,1861
2024-08-04,4,2,1836
2024-08-05,4,2,1799
2024-08-06,4,2,1766
2024-08-07,4,2,1738
2024-08-08,4,2,1708
2024-08-09,4,2,1678
2024-08-10,4,2,1638
2024-08-11,4,2,1613
2024-08-12,4,2,1584
2024-08-13,4,2,1543
2024-08-14,4,2,1511
2024-08-15,4,2,1480
2024-08-16,4,2,1425
2024-08-17,4,2,1403
2024-08-18,4,2,1373
2024-08-19,4,2,1343
2024-08-20,4,2,1300
2024-08-21,4,2,1272
2024-08-22,4,2,1241
2024-08-23,4,2,1214
2024-08-24,4,2,1189
2024-08-25,4,2,1164
2024-08-26,4,2,1134
2024-08-27,4,2,1107
2024-08-28,4,2,2005
2024-08-29,4,2,1979
2024-08-30,4,2,1949
2024-08-31,4,2,1919
2024-09-01,4,2,1896
2024-09-02,4,2,1869
2024-09-03,4,2,1841
2024-09-04,4,2,1815
2024-09-05,4,2,1789
2024-09-06,4,2,1755
2024-09-07,4,2,1734
2024-09-08,4,2,1712
2024-09-09,4,2,1678
2024-09-10,4,2,1648
2024-09-11,4,2,1618
2024-09-12,4,2,1586
2024-09-13,4,2,1562
2024-09-14,4,2,1539
2024-09-15,4,2,1519
2024-09-16,4,2,1488
2024-09-17,4,2,1463
2024-09-18,4,2,1433
2024-09-19,4,2,1402
2024-09-20,4,2,1366
2024-09-21,4,2,1345
2024-09-22,4,2,1300
2024-09-23,4,2,1264
2024-09-24,4,2,1230
2024-09-25,4,2,1201
2024-09-26,4,2,1163
2024-09-27,4,2,2088
2024-09-28,4,2,2060
2024-09-29,4,2,2037
2024-09-30,4,2,2005
2024-10-01,4,2,1978
2024-10-02,4,2,1947
2024-10-03,4,2,1915
2024-10-04,4,2,1883
2024-10-05,4,2,1859
2024-10-06,4,2,1834
2024-10-07,4,2,1804
2024-10-08,4,2,1757
2024-10-09,4,2,1725
2024-10-10,4,2,1680
2024-10-11,4,2,1648
2024-10-12,4,2,1614
2024-10-13,4,2,1571
2024-10-14,4,2,1544
2024-10-15,4,2,1498
2024-10-16,4,2,1466
2024-10-17,4,2,1439
2024-10-18,4,2,1413
2024-10-19,4,2,1391
2024-10-20,4,2,1366
2024-10-21,4,2,1337
2024-10-22,4,2,1308
2024-10-23,4,2,1283
2024-10-24,4,2,1250
2024-10-25,4,2,1220
2024-10-26,4,2,1190
2024-10-27,4,2,2023
2024-10-28,4,2,1997
2024-10-29,4,2,1967
2024-10-30,4,2,1935
2024-10-31,4,2,1905
2024-11-01,4,2,1875
2024-11-02,4,2,1851
2024-11-03,4,2,1812
2024-11-04,4,2,1785
2024-11-05,4,2,1761
2024-11-06,4,2,1726
2024-11-07,4,2,1695
2024-11-08,4,2,1667
2024-11-09,4,2,1641
2024-11-10,4,2,1616
2024-11-11,4,2,1583
2024-11-12,4,2,1536
2024-11-13,4,2,1506
2024-11-14,4,2,1481
2024-11-15,4,2,1458
2024-11-16,4,2,1437
2024-11-17,4,2,1410
2024-11-18,4,2,1379
2024-11-19,4,2,1349
2024-11-20,4,2,1314
2024-11-21,4,2,1286
2024-11-22,4,2,1255
2024-11-23,4,2,1233
2024-11-24,4,2,1211
2024-11-25,4,2,1179
2024-11-26,4,2,1951
2024-11-27,4,2,1920
2024-11-28,4,2,1891
2024-11-29,4,2,1863
2024-11-30,4,2,1839
2024-12-01,4,2,1817
2024-12-02,4,2,1782
2024-12-03,4,2,1750
2024-12-04,4,2,1721
2024-12-05,4,2,1687
2024-12-06,4,2,1655
2024-12-07,4,2,1636
2024-12-08,4,2,1613
2024-12-09,4,2,1580
2024-12-10,4,2,1543
2024-12-11,4,2,1513
2024-12-12,4,2,1485
2024-12-13,4,2,1448
2024-12-14,4,2,1423
2024-12-15,4,2,1397
2024-12-16,4,2,1362
2024-12-17,4,2,1332
2024-12-18,4,2,1288
2024-12-19,4,2,1257
2024-12-20,4,2,1223
2024-12-21,4,2,1188
2024-12-22,4,2,1165
2024-12-23,4,2,1132
2024-12-24,4,2,1106
2024-12-25,4,2,1074
2024-12-26,4,2,1893
2024-12-27,4,2,1861
2024-12-28,4,2,1820
2024-12-29,4,2,1795
2024-12-30,4,2,1759
2024-12-31,4,2,1714
2025-01-01,4,2,1687
2025-01-02,4,2,1634
2025-01-03,4,2,1601
2025-01-04,4,2,1575
2025-01-05,4,2,1532
2025-01-06,4,2,1486
2025-01-07,4,2,1448
2025-01-08,4,2,1415
2025-01-09,4,2,1383
2025-01-10,4,2,1354
2025-01-11,4,2,1327
2025-01-12,4,2,1296
2025-01-13,4,2,1262
2025-01-14,4,2,1224
2025-01-15,4,2,1198
2025-01-16,4,2,1162
2025-01-17,4,2,1126
2025-01-18,4,2,1101
2025-01-19,4,2,1075
2025-01-20,4,2,1041
2025-01-21,4,2,1012
2025-01-22,4,2,985
2025-01-23,4,2,957
2025-01-24,4,2,925
2025-01-25,4,2,2008
2025-01-26,4,2,1986
2025-01-27,4,2,1958
2025-01-28,4,2,1922
2025-01-29,4,2,1888
2025-01-30,4,2,1856
2025-01-31,4,2,1823
2025-02-01,4,2,1797
2025-02-02,4,2,1775
2025-02-03,4,2,1745
2025-02-04,4,2,1701
2025-02-05,4,2,1665
2025-02-06,4,2,1623
2025-02-07,4,2,1589
2025-02-08,4,2,1562
2025-02-09,4,2,1539
2025-02-10,4,2,1512
2025-02-11,4,2,1483
2025-02-12,4,2,1453
2025-02-13,4,2,1422
2025-02-14,4,2,1386
2025-02-15,4,2,1360
2025-02-16,4,2,1336
2025-02-17,4,2,1298
2025-02-18,4,2,1268
2025-02-19,4,2,1225
2025-02-20,4,2,1193
2025-02-21,4,2,1157
2025-02-22,4,2,1130
2025-02-23,4,2,1105
2025-02-24,4,2,1964
2025-02-25,4,2,1931
2025-02-26,4,2,1899
2025-02-27,4,2,1871
2025-02-28,4,2,1834
2025-03-01,4,2,1807
2025-03-02,4,2,1775
2025-03-03,4,2,1732
2025-03-04,4,2,1692
2025-03-05,4,2,1658
2025-03-06,4,2,1624
2025-03-07,4,2,1588
2025-03-08,4,2,1560
2025-03-09,4,2,1534
2025-03-10,4,2,1503
2025-03-11,4,2,1466
2025-03-12,4,2,1436
2025-03-13,4,2,1407
2025-03-14,4,2,1375
2025-03-15,4,2,1349
2025-03-16,4,2,1321
2025-03-17,4,2,1265
2025-03-18,4,2,1224
2025-03-19,4,2,1190
2025-03-20,4,2,1159
2025-03-21,4,2,1124
2025-03-22,4,2,1096
2025-03-23,4,2,1070
2025-03-24,4,2,1039
2025-03-25,4,2,1005
2025-03-26,4,2,1945
2025-03-27,4,2,1912
2025-03-28,4,2,1880
2025-03-29,4,2,1855
2025-03-30,4,2,1824
2025-03-31,4,2,1772
2025-04-01,4,2,1732
2025-04-02,4,2,1693
2025-04-03,4,2,1662
2025-04-04,4,2,1625
2025-04-05,4,2,1599
2025-04-06,4,2,1567
2025-04-07,4,2,1517
2025-04-08,4,2,1481
2025-04-09,4,2,1447
2025-04-10,4,2,1407
2025-04-11,4,2,1374
2025-04-12,4,2,1349
2025-04-13,4,2,1328
2025-04-14,4,2,1297
2025-04-15,4,2,1270
2025-04-16,4,2,1236
2025-04-17,4,2,1200
2025-04-18,4,2,1167
2025-04-19,4,2,1138
2025-04-20,4,2,1111
2025-04-21,4,2,1077
2025-04-22,4,2,1041
2025-04-23,4,2,1004
2025-04-24,4,2,962
2025-04-25,4,2,2067
2025-04-26,4,2,2040
2025-04-27,4,2,2016
2025-04-28,4,2,1980
2025-04-29,4,2,1945
2025-04-30,4,2,1908
2025-05-01,4,2,1873
2025-05-02,4,2,1838
2025-05-03,4,2,1815
2025-05-04,4,2,1788
2025-05-05,4,2,1735
2025-05-06,4,2,1703
2025-05-07,4,2,1671
2025-05-08,4,2,1639
2025-05-09,4,2,1604
2025-05-10,4,2,1578
2025-05-11,4,2,1556
2025-05-12,4,2,1522
2025-05-13,4,2,1488
2025-05-14,4,2,1455
2025-05-15,4,2,1426
2025-05-16,4,2,1386
2025-05-17,4,2,1358
2025-05-18,4,2,1327
2025-05-19,4,2,1297
2025-05-20,4,2,1256
2025-05-21,4,2,1219
2025-05-22,4,2,1183
2025-05-23,4,2,1145
2025-05-24,4,2,1115
2025-05-25,4,2,2075
2025-05-26,4,2,2040
2025-05-27,4,2,2007
2025-05-28,4,2,1972
2025-05-29,4,2,1941
2025-05-30,4,2,1906
2025-05-31,4,2,1878
2025-06-01,4,2,1851
2025-06-02,4,2,1816
2025-06-03,4,2,1786
2025-06-04,4,2,1756
2025-06-05,4,2,1721
2025-06-06,4,2,1690
2025-06-07,4,2,1667
2025-06-08,4,2,1642
2025-06-09,4,2,1610
2025-06-10,4,2,1570
2025-06-11,4,2,1539
2025-06-12,4,2,1503
2025-06-13,4,2,1468
2025-06-14,4,2,1429
2025-06-15,4,2,1405
2025-06-16,4,2,1364
2025-06-17,4,2,1328
2025-06-18,4,2,1288
2025-06-19,4,2,1254
2025-06-20,4,2,1220
2025-06-21,4,2,1184
2025-06-22,4,2,1155
2025-06-23,4,2,1120
2025-06-24,4,2,1954
2025-06-25,4,2,1919
2025-06-26,4,2,1886
2025-06-27,4,2,1851
2025-06-28,4,2,1823
2025-06-29,4,2,1797
2025-06-30,4,2,1745
2025-07-01,4,2,1708
2025-07-02,4,2,1676
2025-07-03,4,2,1635
2025-07-04,4,2,1600
2025-07-05,4,2,1573
2025-07-06,4,2,1549
2025-07-07,4,2,1517
2025-07-08,4,2,1481
2025-07-09,4,2,1451
2025-07-10,4,2,1420
2025-07-11,4,2,1389
2025-07-12,4,2,1366
2025-07-13,4,2,1340
2025-07-14,4,2,1305
2025-07-15,4,2,1276
2025-07-16,4,2,1243
2025-07-17,4,2,1214
2025-07-18,4,2,1186
2025-07-19,4,2,1162
2025-07-20,4,2,1138
2025-07-21,4,2,1108
2025-07-22,4,2,1080
2025-07-23,4,2,1044
2025-07-24,4,2,1831
2025-07-25,4,2,1798
2025-07-26,4,2,1770
2025-07-27,4,2,1744
2025-07-28,4,2,1708
2025-07-29,4,2,1678
2025-07-30,4,2,1649
2025-07-31,4,2,1621
2025-08-01,4,2,1588
2025-08-02,4,2,1568
2025-08-03,4,2,1541
2025-08-04,4,2,1511
2025-08-05,4,2,1479
2025-08-06,4,2,1448
2025-08-07,4,2,1419
2025-08-08,4,2,1384
2025-08-09,4,2,1360
2025-08-10,4,2,1334
2025-08-11,4,2,1299
2025-08-12,4,2,1265
2025-08-13,4,2,1228
2025-08-14,4,2,1199
2025-08-15,4,2,1169
2025-08-16,4,2,1148
2025-08-17,4,2,1122
2025-08-18,4,2,1093
2025-08-19,4,2,1068
2025-08-20,4,2,1038
2025-08-21,4,2,1009
2025-08-22,4,2,981
2025-08-23,4,2,2079
2025-08-24,4,2,2057
2025-08-25,4,2,2030
2025-08-26,4,2,1997
2025-08-27,4,2,1968
2025-08-28,4,2,1911
2025-08-29,4,2,1878
2025-08-30,4,2,1856
2025-08-31,4,2,1833
2025-09-01,4,2,1808
2025-09-02,4,2,1771
2025-09-03,4,2,1739
2025-09-04,4,2,1711
2025-09-05,4,2,1681
2025-09-06,4,2,1659
2025-09-07,4,2,1638
2025-09-08,4,2,1609
2025-09-09,4,2,1578
2025-09-10,4,2,1549
2025-09-11,4,2,1511
2025-09-12,4,2,1482
2025-09-13,4,2,1460
2025-09-14,4,2,1440
2025-09-15,4,2,1413
2025-09-16,4,2,1384
2025-09-17,4,2,1356
2025-09-18,4,2,1325
2025-09-19,4,2,1298
2025-09-20,4,2,1276
2025-09-21,4,2,1250
2025-09-22,4,2,1864
2025-09-23,4,2,1832
2025-09-24,4,2,1805
2025-09-25,4,2,1776
2025-09-26,4,2,1745
2025-09-27,4,2,1720
2025-09-28,4,2,1695
2025-09-29,4,2,1666
2025-09-30,4,2,1640
2025-10-01,4,2,1610
2025-10-02,4,2,1583
2025-10-03,4,2,1548
2025-10-04,4,2,1523
2025-10-05,4,2,1500
2025-10-06,4,2,1475
2025-10-07,4,2,1454
2025-10-08,4,2,1424
2025-10-09,4,2,1394
2025-10-10,4,2,1361
2025-10-11,4,2,1338
2025-10-12,4,2,1311
2025-10-13,4,2,1284
2025-10-14,4,2,1259
2025-10-15,4,2,1229
2025-10-16,4,2,1201
2025-10-17,4,2,1168
2025-10-18,4,2,1142
2025-10-19,4,2,1121
2025-10-20,4,2,1090
2025-10-21,4,2,1059
2025-10-22,4,2,1951
2025-10-23,4,2,1920
2025-10-24,4,2,1892
2025-10-25,4,2,1870
2025-10-26,4,2,1846
2025-10-27,4,2,1820
2025-10-28,4,2,1796
2025-10-29,4,2,1766
2025-10-30,4,2,1708
2025-10-31,4,2,1678
2025-11-01,4,2,1656
2025-11-02,4,2,1622
2025-11-03,4,2,1592
2025-11-04,4,2,1564
2025-11-05,4,2,1538
2025-11-06,4,2,1517
2025-11-07,4,2,1486
2025-11-08,4,2,1463
2025-11-09,4,2,1441
2025-11-10,4,2,1407
2025-11-11,4,2,1381
2025-11-12,4,2,1331
2025-11-13,4,2,1304
2025-11-14,4,2,1278
2025-11-15,4,2,1257
2025-11-16,4,2,1234
2025-11-17,4,2,1207
2025-11-18,4,2,1178
2025-11-19,4,2,1150
2025-11-20,4,2,1119
2025-11-21,4,2,1921
2025-11-22,4,2,1900
2025-11-23,4,2,1877
2025-11-24,4,2,1852
2025-11-25,4,2,1822
2025-11-26,4,2,1788
2025-11-27,4,2,1760
2025-11-28,4,2,1739
2025-11-29,4,2,1717
2025-11-30,4,2,1694
2025-12-01,4,2,1662
2025-12-02,4,2,1628
2025-12-03,4,2,1592
2025-12-04,4,2,1561
2025-12-05,4,2,1533
2025-12-06,4,2,1509
2025-12-07,4,2,1484
2025-12-08,4,2,1457
2025-12-09,4,2,1426
2025-12-10,4,2,1386
2025-12-11,4,2,1351
2025-12-12,4,2,1307
2025-12-13,4,2,1282
2025-12-14,4,2,1262
2025-12-15,4,2,1233
2025-12-16,4,2,1202
2025-12-17,4,2,1169
2025-12-18,4,2,1135
2025-12-19,4,2,1105
2025-12-20,4,2,1069
2025-12-21,4,2,1927
2025-12-22,4,2,1889
2025-12-23,4,2,1853
2025-12-24,4,2,1820
2025-12-25,4,2,1788
2025-12-26,4,2,1760
2025-12-27,4,2,1736
2025-12-28,4,2,1715
2025-12-29,4,2,1687
2025-12-30,4,2,1658
2025-12-31,4,2,1631
2024-01-01,4,3,1053
2024-01-02,4,3,1011
2024-01-03,4,3,968
2024-01-04,4,3,924
2024-01-05,4,3,888
2024-01-06,4,3,856
2024-01-07,4,3,825
2024-01-08,4,3,789
2024-01-09,4,3,750
2024-01-10,4,3,711
2024-01-11,4,3,669
2024-01-12,4,3,592
2024-01-13,4,3,563
2024-01-14,4,3,535
2024-01-15,4,3,498
2024-01-16,4,3,460
2024-01-17,4,3,421
2024-01-18,4,3,387
2024-01-19,4,3,348
2024-01-20,4,3,321
2024-01-21,4,3,288
2024-01-22,4,3,246
2024-01-23,4,3,204
2024-01-24,4,3,162
2024-01-25,4,3,119
2024-01-26,4,3,71
2024-01-27,4,3,40
2024-01-28,4,3,10
2024-01-29,4,3,371
2024-01-30,4,3,631
2024-01-31,4,3,1021
2024-02-01,4,3,986
2024-02-02,4,3,943
2024-02-03,4,3,914
2024-02-04,4,3,875
2024-02-05,4,3,832
2024-02-06,4,3,792
2024-02-07,4,3,752
2024-02-08,4,3,716
2024-02-09,4,3,659
2024-02-10,4,3,627
2024-02-11,4,3,594
2024-02-12,4,3,539
2024-02-13,4,3,500
2024-02-14,4,3,449
2024-02-15,4,3,406
2024-02-16,4,3,370
2024-02-17,4,3,335
2024-02-18,4,3,646
2024-02-19,4,3,600
2024-02-20,4,3,560
2024-02-21,4,3,527
2024-02-22,4,3,484
2024-02-23,4,3,629
2024-02-24,4,3,601
2024-02-25,4,3,564
2024-02-26,4,3,526
2024-02-27,4,3,485
2024-02-28,4,3,447
2024-02-29,4,3,407
2024-03-01,4,3,1013
2024-03-02,4,3,985
2024-03-03,4,3,951
2024-03-04,4,3,910
2024-03-05,4,3,873
2024-03-06,4,3,829
2024-03-07,4,3,792
2024-03-08,4,3,749
2024-03-09,4,3,715
2024-03-10,4,3,662
2024-03-11,4,3,602
2024-03-12,4,3,543
2024-03-13,4,3,506
2024-03-14,4,3,465
2024-03-15,4,3,662
2024-03-16,4,3,627
2024-03-17,4,3,592
2024-03-18,4,3,548
2024-03-19,4,3,499
2024-03-20,4,3,459
2024-03-21,4,3,411
2024-03-22,4,3,355
2024-03-23,4,3,329
2024-03-24,4,3,294
2024-03-25,4,3,244
2024-03-26,4,3,195
2024-03-27,4,3,558
2024-03-28,4,3,707
2024-03-29,4,3,665
2024-03-30,4,3,634
2024-03-31,4,3,924
2024-04-01,4,3,882
2024-04-02,4,3,841
2024-04-03,4,3,804
2024-04-04,4,3,767
2024-04-05,4,3,724
2024-04-06,4,3,689
2024-04-07,4,3,654
2024-04-08,4,3,612
2024-04-09,4,3,794
2024-04-10,4,3,751
2024-04-11,4,3,708
2024-04-12,4,3,670
2024-04-13,4,3,639
2024-04-14,4,3,603
2024-04-15,4,3,538
2024-04-16,4,3,485
2024-04-17,4,3,449
2024-04-18,4,3,404
2024-04-19,4,3,356
2024-04-20,4,3,326
2024-04-21,4,3,292
2024-04-22,4,3,256
2024-04-23,4,3,197
2024-04-24,4,3,347
2024-04-25,4,3,303
2024-04-26,4,3,259
2024-04-27,4,3,219
2024-04-28,4,3,429
2024-04-29,4,3,385
2024-04-30,4,3,985
2024-05-01,4,3,938
2024-05-02,4,3,888
2024-05-03,4,3,844
2024-05-04,4,3,809
2024-05-05,4,3,780
2024-05-06,4,3,732
2024-05-07,4,3,693
2024-05-08,4,3,658
2024-05-09,4,3,898
2024-05-10,4,3,859
2024-05-11,4,3,829
2024-05-12,4,3,782
2024-05-13,4,3,732
2024-05-14,4,3,694
2024-05-15,4,3,647
2024-05-16,4,3,607
2024-05-17,4,3,575
2024-05-18,4,3,540
2024-05-19,4,3,759
2024-05-20,4,3,720
2024-05-21,4,3,667
2024-05-22,4,3,625
2024-05-23,4,3,588
2024-05-24,4,3,543
2024-05-25,4,3,514
2024-05-26,4,3,481
2024-05-27,4,3,445
2024-05-28,4,3,401
2024-05-29,4,3,353
2024-05-30,4,3,989
2024-05-31,4,3,940
2024-06-01,4,3,910
2024-06-02,4,3,874
2024-06-03,4,3,823
2024-06-04,4,3,774
2024-06-05,4,3,745
2024-06-06,4,3,698
2024-06-07,4,3,639
2024-06-08,4,3,587
2024-06-09,4,3,554
2024-06-10,4,3,514
2024-06-11,4,3,451
2024-06-12,4,3,407
2024-06-13,4,3,364
2024-06-14,4,3,324
2024-06-15,4,3,289
2024-06-16,4,3,250
2024-06-17,4,3,194
2024-06-18,4,3,154
2024-06-19,4,3,122
2024-06-20,4,3,67
2024-06-21,4,3,28
2024-06-22,4,3,2
2024-06-23,4,3,0
2024-06-24,4,3,0
2024-06-25,4,3,244
2024-06-26,4,3,199
2024-06-27,4,3,509
2024-06-28,4,3,467
2024-06-29,4,3,980
2024-06-30,4,3,947
2024-07-01,4,3,912
2024-07-02,4,3,862
2024-07-03,4,3,822
2024-07-04,4,3,781
2024-07-05,4,3,746
2024-07-06,4,3,712
2024-07-07,4,3,682
2024-07-08,4,3,621
2024-07-09,4,3,586
2024-07-10,4,3,544
2024-07-11,4,3,511
2024-07-12,4,3,470
2024-07-13,4,3,422
2024-07-14,4,3,388
2024-07-15,4,3,539
2024-07-16,4,3,503
2024-07-17,4,3,458
2024-07-18,4,3,417
2024-07-19,4,3,364
2024-07-20,4,3,332
2024-07-21,4,3,298
2024-07-22,4,3,259
2024-07-23,4,3,219
2024-07-24,4,3,185
2024-07-25,4,3,145
2024-07-26,4,3,109
2024-07-27,4,3,85
2024-07-28,4,3,57
2024-07-29,4,3,1095
2024-07-30,4,3,1042
2024-07-31,4,3,1010
2024-08-01,4,3,971
2024-08-02,4,3,933
2024-08-03,4,3,907
2024-08-04,4,3,876
2024-08-05,4,3,832
2024-08-06,4,3,797
2024-08-07,4,3,758
2024-08-08,4,3,722
2024-08-09,4,3,684
2024-08-10,4,3,656
2024-08-11,4,3,608
2024-08-12,4,3,571
2024-08-13,4,3,536
2024-08-14,4,3,501
2024-08-15,4,3,469
2024-08-16,4,3,426
2024-08-17,4,3,396
2024-08-18,4,3,368
2024-08-19,4,3,669
2024-08-20,4,3,633
2024-08-21,4,3,592
2024-08-22,4,3,559
2024-08-23,4,3,766
2024-08-24,4,3,734
2024-08-25,4,3,704
2024-08-26,4,3,668
2024-08-27,4,3,623
2024-08-28,4,3,971
2024-08-29,4,3,941
2024-08-30,4,3,903
2024-08-31,4,3,870
2024-09-01,4,3,840
2024-09-02,4,3,805
2024-09-03,4,3,769
2024-09-04,4,3,726
2024-09-05,4,3,683
2024-09-06,4,3,648
2024-09-07,4,3,791
2024-09-08,4,3,764
2024-09-09,4,3,726
2024-09-10,4,3,691
2024-09-11,4,3,657
2024-09-12,4,3,607
2024-09-13,4,3,570
2024-09-14,4,3,542
2024-09-15,4,3,516
2024-09-16,4,3,481
2024-09-17,4,3,438
2024-09-18,4,3,400
2024-09-19,4,3,684
2024-09-20,4,3,648
2024-09-21,4,3,615
2024-09-22,4,3,586
2024-09-23,4,3,547
2024-09-24,4,3,514
2024-09-25,4,3,473
2024-09-26,4,3,425
2024-09-27,4,3,1045
2024-09-28,4,3,1016
2024-09-29,4,3,980
2024-09-30,4,3,933
2024-10-01,4,3,899
2024-10-02,4,3,870
2024-10-03,4,3,836
2024-10-04,4,3,795
2024-10-05,4,3,770
2024-10-06,4,3,741
2024-10-07,4,3,705
2024-10-08,4,3,668
2024-10-09,4,3,638
2024-10-10,4,3,600
2024-10-11,4,3,561
2024-10-12,4,3,528
2024-10-13,4,3,502
2024-10-14,4,3,426
2024-10-15,4,3,389
2024-10-16,4,3,360
2024-10-17,4,3,327
2024-10-18,4,3,293
2024-10-19,4,3,262
2024-10-20,4,3,232
2024-10-21,4,3,190
2024-10-22,4,3,135
2024-10-23,4,3,319
2024-10-24,4,3,282
2024-10-25,4,3,248
2024-10-26,4,3,218
2024-10-27,4,3,1063
2024-10-28,4,3,1025
2024-10-29,4,3,982
2024-10-30,4,3,945
2024-10-31,4,3,910
2024-11-01,4,3,873
2024-11-02,4,3,844
2024-11-03,4,3,817
2024-11-04,4,3,776
2024-11-05,4,3,728
2024-11-06,4,3,691
2024-11-07,4,3,647
2024-11-08,4,3,966
2024-11-09,4,3,937
2024-11-10,4,3,903
2024-11-11,4,3,864
2024-11-12,4,3,827
2024-11-13,4,3,789
2024-11-14,4,3,753
2024-11-15,4,3,714
2024-11-16,4,3,688
2024-11-17,4,3,657
2024-11-18,4,3,621
2024-11-19,4,3,584
2024-11-20,4,3,541
2024-11-21,4,3,716
2024-11-22,4,3,685
2024-11-23,4,3,659
2024-11-24,4,3,635
2024-11-25,4,3,833
2024-11-26,4,3,983
2024-11-27,4,3,946
2024-11-28,4,3,893
2024-11-29,4,3,853
2024-11-30,4,3,826
2024-12-01,4,3,797
2024-12-02,4,3,757
2024-12-03,4,3,717
2024-12-04,4,3,687
2024-12-05,4,3,651
2024-12-06,4,3,608
2024-12-07,4,3,563
2024-12-08,4,3,531
2024-12-09,4,3,485
2024-12-10,4,3,444
2024-12-11,4,3,406
2024-12-12,4,3,365
2024-12-13,4,3,327
2024-12-14,4,3,302
2024-12-15,4,3,275
2024-12-16,4,3,241
2024-12-17,4,3,181
2024-12-18,4,3,141
2024-12-19,4,3,108
2024-12-20,4,3,67
2024-12-21,4,3,36
2024-12-22,4,3,3
2024-12-23,4,3,0
2024-12-24,4,3,236
2024-12-25,4,3,200
2024-12-26,4,3,1090
2024-12-27,4,3,1047
2024-12-28,4,3,1014
2024-12-29,4,3,980
2024-12-30,4,3,940
2024-12-31,4,3,897
2025-01-01,4,3,832
2025-01-02,4,3,786
2025-01-03,4,3,747
2025-01-04,4,3,711
2025-01-05,4,3,679
2025-01-06,4,3,636
2025-01-07,4,3,601
2025-01-08,4,3,567
2025-01-09,4,3,525
2025-01-10,4,3,459
2025-01-11,4,3,426
2025-01-12,4,3,400
2025-01-13,4,3,771
2025-01-14,4,3,720
2025-01-15,4,3,683
2025-01-16,4,3,638
2025-01-17,4,3,985
2025-01-18,4,3,956
2025-01-19,4,3,917
2025-01-20,4,3,878
2025-01-21,4,3,839
2025-01-22,4,3,802
2025-01-23,4,3,755
2025-01-24,4,3,712
2025-01-25,4,3,973
2025-01-26,4,3,937
2025-01-27,4,3,900
2025-01-28,4,3,860
2025-01-29,4,3,816
2025-01-30,4,3,773
2025-01-31,4,3,732
2025-02-01,4,3,704
2025-02-02,4,3,675
2025-02-03,4,3,634
2025-02-04,4,3,602
2025-02-05,4,3,560
2025-02-06,4,3,520
2025-02-07,4,3,483
2025-02-08,4,3,448
2025-02-09,4,3,419
2025-02-10,4,3,382
2025-02-11,4,3,337
2025-02-12,4,3,582
2025-02-13,4,3,536
2025-02-14,4,3,491
2025-02-15,4,3,463
2025-02-16,4,3,429
2025-02-17,4,3,387
2025-02-18,4,3,341
2025-02-19,4,3,301
2025-02-20,4,3,260
2025-02-21,4,3,221
2025-02-22,4,3,190
2025-02-23,4,3,156
2025-02-24,4,3,1015
2025-02-25,4,3,973
2025-02-26,4,3,929
2025-02-27,4,3,891
2025-02-28,4,3,851
2025-03-01,4,3,819
2025-03-02,4,3,788
2025-03-03,4,3,741
2025-03-04,4,3,697
2025-03-05,4,3,655
2025-03-06,4,3,610
2025-03-07,4,3,562
2025-03-08,4,3,525
2025-03-09,4,3,497
2025-03-10,4,3,457
2025-03-11,4,3,397
2025-03-12,4,3,352
2025-03-13,4,3,313
2025-03-14,4,3,269
2025-03-15,4,3,235
2025-03-16,4,3,489
2025-03-17,4,3,442
2025-03-18,4,3,404
2025-03-19,4,3,548
2025-03-20,4,3,503
2025-03-21,4,3,461
2025-03-22,4,3,431
2025-03-23,4,3,400
2025-03-24,4,3,354
2025-03-25,4,3,319
2025-03-26,4,3,1046
2025-03-27,4,3,1008
2025-03-28,4,3,961
2025-03-29,4,3,923
2025-03-30,4,3,891
2025-03-31,4,3,849
2025-04-01,4,3,807
2025-04-02,4,3,758
2025-04-03,4,3,712
2025-04-04,4,3,665
2025-04-05,4,3,636
2025-04-06,4,3,600
2025-04-07,4,3,561
2025-04-08,4,3,724
2025-04-09,4,3,682
2025-04-10,4,3,632
2025-04-11,4,3,583
2025-04-12,4,3,553
2025-04-13,4,3,517
2025-04-14,4,3,474
2025-04-15,4,3,435
2025-04-16,4,3,392
2025-04-17,4,3,537
2025-04-18,4,3,496
2025-04-19,4,3,464
2025-04-20,4,3,414
2025-04-21,4,3,371
2025-04-22,4,3,330
2025-04-23,4,3,298
2025-04-24,4,3,255
2025-04-25,4,3,997
2025-04-26,4,3,965
2025-04-27,4,3,929
2025-04-28,4,3,888
2025-04-29,4,3,843
2025-04-30,4,3,791
2025-05-01,4,3,750
2025-05-02,4,3,702
2025-05-03,4,3,672
2025-05-04,4,3,639
2025-05-05,4,3,602
2025-05-06,4,3,545
2025-05-07,4,3,500
2025-05-08,4,3,456
2025-05-09,4,3,413
2025-05-10,4,3,691
2025-05-11,4,3,656
2025-05-12,4,3,612
2025-05-13,4,3,572
2025-05-14,4,3,538
2025-05-15,4,3,506
2025-05-16,4,3,465
2025-05-17,4,3,428
2025-05-18,4,3,400
2025-05-19,4,3,361
2025-05-20,4,3,325
2025-05-21,4,3,281
2025-05-22,4,3,248
2025-05-23,4,3,206
2025-05-24,4,3,178
2025-05-25,4,3,949
2025-05-26,4,3,907
2025-05-27,4,3,861
2025-05-28,4,3,818
2025-05-29,4,3,769
2025-05-30,4,3,733
2025-05-31,4,3,707
2025-06-01,4,3,681
2025-06-02,4,3,642
2025-06-03,4,3,903
2025-06-04,4,3,861
2025-06-05,4,3,815
2025-06-06,4,3,780
2025-06-07,4,3,747
2025-06-08,4,3,717
2025-06-09,4,3,674
2025-06-10,4,3,634
2025-06-11,4,3,594
2025-06-12,4,3,550
2025-06-13,4,3,508
2025-06-14,4,3,452
2025-06-15,4,3,423
2025-06-16,4,3,389
2025-06-17,4,3,351
2025-06-18,4,3,310
2025-06-19,4,3,274
2025-06-20,4,3,233
2025-06-21,4,3,207
2025-06-22,4,3,181
2025-06-23,4,3,146
2025-06-24,4,3,997
2025-06-25,4,3,962
2025-06-26,4,3,925
2025-06-27,4,3,879
2025-06-28,4,3,849
2025-06-29,4,3,817
2025-06-30,4,3,772
2025-07-01,4,3,735
2025-07-02,4,3,699
2025-07-03,4,3,661
2025-07-04,4,3,627
2025-07-05,4,3,900
2025-07-06,4,3,874
2025-07-07,4,3,832
2025-07-08,4,3,794
2025-07-09,4,3,759
2025-07-10,4,3,720
2025-07-11,4,3,679
2025-07-12,4,3,646
2025-07-13,4,3,892
2025-07-14,4,3,845
2025-07-15,4,3,808
2025-07-16,4,3,775
2025-07-17,4,3,731
2025-07-18,4,3,691
2025-07-19,4,3,665
2025-07-20,4,3,634
2025-07-21,4,3,568
2025-07-22,4,3,514
2025-07-23,4,3,477
2025-07-24,4,3,1035
2025-07-25,4,3,994
2025-07-26,4,3,964
2025-07-27,4,3,937
2025-07-28,4,3,889
2025-07-29,4,3,830
2025-07-30,4,3,795
2025-07-31,4,3,752
2025-08-01,4,3,712
2025-08-02,4,3,681
2025-08-03,4,3,650
2025-08-04,4,3,936
2025-08-05,4,3,910
2025-08-06,4,3,870
2025-08-07,4,3,831
2025-08-08,4,3,794
2025-08-09,4,3,760
2025-08-10,4,3,730
2025-08-11,4,3,693
2025-08-12,4,3,630
2025-08-13,4,3,596
2025-08-14,4,3,561
2025-08-15,4,3,525
2025-08-16,4,3,693
2025-08-17,4,3,653
2025-08-18,4,3,590
2025-08-19,4,3,747
2025-08-20,4,3,694
2025-08-21,4,3,656
2025-08-22,4,3,622
2025-08-23,4,3,939
2025-08-24,4,3,907
2025-08-25,4,3,872
2025-08-26,4,3,827
2025-08-27,4,3,793
2025-08-28,4,3,748
2025-08-29,4,3,710
2025-08-30,4,3,679
2025-08-31,4,3,653
2025-09-01,4,3,613
2025-09-02,4,3,572
2025-09-03,4,3,540
2025-09-04,4,3,507
2025-09-05,4,3,466
2025-09-06,4,3,438
2025-09-07,4,3,404
2025-09-08,4,3,370
2025-09-09,4,3,731
2025-09-10,4,3,695
2025-09-11,4,3,660
2025-09-12,4,3,625
2025-09-13,4,3,598
2025-09-14,4,3,571
2025-09-15,4,3,537
2025-09-16,4,3,499
2025-09-17,4,3,463
2025-09-18,4,3,427
2025-09-19,4,3,389
2025-09-20,4,3,362
2025-09-21,4,3,329
2025-09-22,4,3,1042
2025-09-23,4,3,1004
2025-09-24,4,3,965
2025-09-25,4,3,926
2025-09-26,4,3,887
2025-09-27,4,3,859
2025-09-28,4,3,828
2025-09-29,4,3,796
2025-09-30,4,3,763
2025-10-01,4,3,734
2025-10-02,4,3,705
2025-10-03,4,3,665
2025-10-04,4,3,636
2025-10-05,4,3,599
2025-10-06,4,3,566
2025-10-07,4,3,537
2025-10-08,4,3,500
2025-10-09,4,3,463
2025-10-10,4,3,402
2025-10-11,4,3,374
2025-10-12,4,3,353
2025-10-13,4,3,317
2025-10-14,4,3,280
2025-10-15,4,3,243
2025-10-16,4,3,205
2025-10-17,4,3,170
2025-10-18,4,3,143
2025-10-19,4,3,114
2025-10-20,4,3,77
2025-10-21,4,3,213
2025-10-22,4,3,938
2025-10-23,4,3,910
2025-10-24,4,3,869
2025-10-25,4,3,840
2025-10-26,4,3,817
2025-10-27,4,3,784
2025-10-28,4,3,748
2025-10-29,4,3,714
2025-10-30,4,3,680
2025-10-31,4,3,651
2025-11-01,4,3,625
2025-11-02,4,3,600
2025-11-03,4,3,908
2025-11-04,4,3,864
2025-11-05,4,3,826
2025-11-06,4,3,794
2025-11-07,4,3,761
2025-11-08,4,3,728
2025-11-09,4,3,702
2025-11-10,4,3,666
2025-11-11,4,3,626
2025-11-12,4,3,591
2025-11-13,4,3,896
2025-11-14,4,3,855
2025-11-15,4,3,819
2025-11-16,4,3,789
2025-11-17,4,3,757
2025-11-18,4,3,697
2025-11-19,4,3,668
2025-11-20,4,3,635
2025-11-21,4,3,983
2025-11-22,4,3,957
2025-11-23,4,3,935
2025-11-24,4,3,904
2025-11-25,4,3,869
2025-11-26,4,3,836
2025-11-27,4,3,797
2025-11-28,4,3,765
2025-11-29,4,3,743
2025-11-30,4,3,715
2025-12-01,4,3,671
2025-12-02,4,3,631
2025-12-03,4,3,590
2025-12-04,4,3,555
2025-12-05,4,3,517
2025-12-06,4,3,789
2025-12-07,4,3,760
2025-12-08,4,3,715
2025-12-09,4,3,681
2025-12-10,4,3,652
2025-12-11,4,3,612
2025-12-12,4,3,574
2025-12-13,4,3,549
2025-12-14,4,3,520
2025-12-15,4,3,488
2025-12-16,4,3,451
2025-12-17,4,3,415
2025-12-18,4,3,760
2025-12-19,4,3,722
2025-12-20,4,3,690
2025-12-21,4,3,986
2025-12-22,4,3,946
2025-12-23,4,3,911
2025-12-24,4,3,877
2025-12-25,4,3,841
2025-12-26,4,3,803
2025-12-27,4,3,774
2025-12-28,4,3,745
2025-12-29,4,3,704
2025-12-30,4,3,673
2025-12-31,4,3,605
2024-01-01,5,1,1329
2024-01-02,5,1,1290
2024-01-03,5,1,1260
2024-01-04,5,1,1225
2024-01-05,5,1,1184
2024-01-06,5,1,1155
2024-01-07,5,1,1132
2024-01-08,5,1,1101
2024-01-09,5,1,1062
2024-01-10,5,1,1031
2024-01-11,5,1,1001
2024-01-12,5,1,966
2024-01-13,5,1,939
2024-01-14,5,1,917
2024-01-15,5,1,861
2024-01-16,5,1,823
2024-01-17,5,1,787
2024-01-18,5,1,755
2024-01-19,5,1,722
2024-01-20,5,1,697
2024-01-21,5,1,671
2024-01-22,5,1,640
2024-01-23,5,1,603
2024-01-24,5,1,570
2024-01-25,5,1,537
2024-01-26,5,1,507
2024-01-27,5,1,477
2024-01-28,5,1,436
2024-01-29,5,1,670
2024-01-30,5,1,630
2024-01-31,5,1,1374
2024-02-01,5,1,1332
2024-02-02,5,1,1298
2024-02-03,5,1,1267
2024-02-04,5,1,1239
2024-02-05,5,1,1204
2024-02-06,5,1,1168
2024-02-07,5,1,1132
2024-02-08,5,1,1088
2024-02-09,5,1,1047
2024-02-10,5,1,1020
2024-02-11,5,1,986
2024-02-12,5,1,953
2024-02-13,5,1,918
2024-02-14,5,1,882
2024-02-15,5,1,842
2024-02-16,5,1,808
2024-02-17,5,1,777
2024-02-18,5,1,745
2024-02-19,5,1,716
2024-02-20,5,1,672
2024-02-21,5,1,627
2024-02-22,5,1,591
2024-02-23,5,1,551
2024-02-24,5,1,524
2024-02-25,5,1,494
2024-02-26,5,1,459
2024-02-27,5,1,418
2024-02-28,5,1,630
2024-02-29,5,1,598
2024-03-01,5,1,1313
2024-03-02,5,1,1281
2024-03-03,5,1,1251
2024-03-04,5,1,1217
2024-03-05,5,1,1182
2024-03-06,5,1,1156
2024-03-07,5,1,1128
2024-03-08,5,1,1094
2024-03-09,5,1,1067
2024-03-10,5,1,1040
2024-03-11,5,1,1003
2024-03-12,5,1,971
2024-03-13,5,1,937
2024-03-14,5,1,896
2024-03-15,5,1,858
2024-03-16,5,1,829
2024-03-17,5,1,800
2024-03-18,5,1,763
2024-03-19,5,1,725
2024-03-20,5,1,687
2024-03-21,5,1,659
2024-03-22,5,1,618
2024-03-23,5,1,587
2024-03-24,5,1,556
2024-03-25,5,1,512
2024-03-26,5,1,476
2024-03-27,5,1,429
2024-03-28,5,1,394
2024-03-29,5,1,352
2024-03-30,5,1,521
2024-03-31,5,1,1290
2024-04-01,5,1,1245
2024-04-02,5,1,1205
2024-04-03,5,1,1168
2024-04-04,5,1,1128
2024-04-05,5,1,1088
2024-04-06,5,1,1060
2024-04-07,5,1,1021
2024-04-08,5,1,990
2024-04-09,5,1,907
2024-04-10,5,1,868
2024-04-11,5,1,830
2024-04-12,5,1,791
2024-04-13,5,1,759
2024-04-14,5,1,723
2024-04-15,5,1,689
2024-04-16,5,1,635
2024-04-17,5,1,599
2024-04-18,5,1,554
2024-04-19,5,1,510
2024-04-20,5,1,478
2024-04-21,5,1,448
2024-04-22,5,1,412
2024-04-23,5,1,370
2024-04-24,5,1,332
2024-04-25,5,1,299
2024-04-26,5,1,257
2024-04-27,5,1,227
2024-04-28,5,1,195
2024-04-29,5,1,158
2024-04-30,5,1,1286
2024-05-01,5,1,1248
2024-05-02,5,1,1212
2024-05-03,5,1,1159
2024-05-04,5,1,1119
2024-05-05,5,1,1086
2024-05-06,5,1,1051
2024-05-07,5,1,1016
2024-05-08,5,1,977
2024-05-09,5,1,937
2024-05-10,5,1,897
2024-05-11,5,1,865
2024-05-12,5,1,832
2024-05-13,5,1,796
2024-05-14,5,1,758
2024-05-15,5,1,717
2024-05-16,5,1,683
2024-05-17,5,1,646
2024-05-18,5,1,613
2024-05-19,5,1,584
2024-05-20,5,1,547
2024-05-21,5,1,507
2024-05-22,5,1,470
2024-05-23,5,1,433
2024-05-24,5,1,388
2024-05-25,5,1,353
2024-05-26,5,1,323
2024-05-27,5,1,272
2024-05-28,5,1,512
2024-05-29,5,1,472
2024-05-30,5,1,1253
2024-05-31,5,1,1213
2024-06-01,5,1,1188
2024-06-02,5,1,1158
2024-06-03,5,1,1115
2024-06-04,5,1,1077
2024-06-05,5,1,1035
2024-06-06,5,1,995
2024-06-07,5,1,952
2024-06-08,5,1,925
2024-06-09,5,1,896
2024-06-10,5,1,855
2024-06-11,5,1,820
2024-06-12,5,1,761
2024-06-13,5,1,718
2024-06-14,5,1,683
2024-06-15,5,1,653
2024-06-16,5,1,623
2024-06-17,5,1,582
2024-06-18,5,1,541
2024-06-19,5,1,508
2024-06-20,5,1,473
2024-06-21,5,1,435
2024-06-22,5,1,410
2024-06-23,5,1,379
2024-06-24,5,1,337
2024-06-25,5,1,308
2024-06-26,5,1,255
2024-06-27,5,1,223
2024-06-28,5,1,183
2024-06-29,5,1,1158
2024-06-30,5,1,1130
2024-07-01,5,1,1094
2024-07-02,5,1,1059
2024-07-03,5,1,1023
2024-07-04,5,1,988
2024-07-05,5,1,950
2024-07-06,5,1,923
2024-07-07,5,1,893
2024-07-08,5,1,855
2024-07-09,5,1,821
2024-07-10,5,1,793
2024-07-11,5,1,739
2024-07-12,5,1,703
2024-07-13,5,1,679
2024-07-14,5,1,651
2024-07-15,5,1,620
2024-07-16,5,1,585
2024-07-17,5,1,548
2024-07-18,5,1,516
2024-07-19,5,1,478
2024-07-20,5,1,451
2024-07-21,5,1,432
2024-07-22,5,1,398
2024-07-23,5,1,704
2024-07-24,5,1,666
2024-07-25,5,1,629
2024-07-26,5,1,594
2024-07-27,5,1,564
2024-07-28,5,1,521
2024-07-29,5,1,1297
2024-07-30,5,1,1261
2024-07-31,5,1,1227
2024-08-01,5,1,1197
2024-08-02,5,1,1168
2024-08-03,5,1,1139
2024-08-04,5,1,1115
2024-08-05,5,1,1079
2024-08-06,5,1,1044
2024-08-07,5,1,1009
2024-08-08,5,1,973
2024-08-09,5,1,937
2024-08-10,5,1,911
2024-08-11,5,1,884
2024-08-12,5,1,850
2024-08-13,5,1,809
2024-08-14,5,1,776
2024-08-15,5,1,738
2024-08-16,5,1,698
2024-08-17,5,1,673
2024-08-18,5,1,645
2024-08-19,5,1,614
2024-08-20,5,1,576
2024-08-21,5,1,524
2024-08-22,5,1,494
2024-08-23,5,1,461
2024-08-24,5,1,433
2024-08-25,5,1,407
2024-08-26,5,1,381
2024-08-27,5,1,347
2024-08-28,5,1,1365
2024-08-29,5,1,1332
2024-08-30,5,1,1297
2024-08-31,5,1,1270
2024-09-01,5,1,1248
2024-09-02,5,1,1219
2024-09-03,5,1,1189
2024-09-04,5,1,1163
2024-09-05,5,1,1133
2024-09-06,5,1,1102
2024-09-07,5,1,1079
2024-09-08,5,1,1055
2024-09-09,5,1,1020
2024-09-10,5,1,988
2024-09-11,5,1,958
2024-09-12,5,1,927
2024-09-13,5,1,898
2024-09-14,5,1,870
2024-09-15,5,1,845
2024-09-16,5,1,799
2024-09-17,5,1,767
2024-09-18,5,1,735
2024-09-19,5,1,703
2024-09-20,5,1,665
2024-09-21,5,1,638
2024-09-22,5,1,614
2024-09-23,5,1,580
2024-09-24,5,1,550
2024-09-25,5,1,513
2024-09-26,5,1,478
2024-09-27,5,1,1170
2024-09-28,5,1,1146
2024-09-29,5,1,1122
2024-09-30,5,1,1090
2024-10-01,5,1,1058
2024-10-02,5,1,1031
2024-10-03,5,1,1000
2024-10-04,5,1,963
2024-10-05,5,1,941
2024-10-06,5,1,915
2024-10-07,5,1,885
2024-10-08,5,1,853
2024-10-09,5,1,827
2024-10-10,5,1,801
2024-10-11,5,1,766
2024-10-12,5,1,742
2024-10-13,5,1,718
2024-10-14,5,1,684
2024-10-15,5,1,645
2024-10-16,5,1,613
2024-10-17,5,1,582
2024-10-18,5,1,549
2024-10-19,5,1,516
2024-10-20,5,1,491
2024-10-21,5,1,459
2024-10-22,5,1,427
2024-10-23,5,1,398
2024-10-24,5,1,367
2024-10-25,5,1,331
2024-10-26,5,1,683
2024-10-27,5,1,1248
2024-10-28,5,1,1209
2024-10-29,5,1,1181
2024-10-30,5,1,1151
2024-10-31,5,1,1121
2024-11-01,5,1,1092
2024-11-02,5,1,1064
2024-11-03,5,1,1039
2024-11-04,5,1,996
2024-11-05,5,1,962
2024-11-06,5,1,928
2024-11-07,5,1,898
2024-11-08,5,1,865
2024-11-09,5,1,841
2024-11-10,5,1,815
2024-11-11,5,1,782
2024-11-12,5,1,754
2024-11-13,5,1,708
2024-11-14,5,1,677
2024-11-15,5,1,638
2024-11-16,5,1,612
2024-11-17,5,1,586
2024-11-18,5,1,556
2024-11-19,5,1,524
2024-11-20,5,1,502
2024-11-21,5,1,472
2024-11-22,5,1,441
2024-11-23,5,1,417
2024-11-24,5,1,392
2024-11-25,5,1,358
2024-11-26,5,1,1368
2024-11-27,5,1,1343
2024-11-28,5,1,1311
2024-11-29,5,1,1274
2024-11-30,5,1,1253
2024-12-01,5,1,1224
2024-12-02,5,1,1186
2024-12-03,5,1,1148
2024-12-04,5,1,1111
2024-12-05,5,1,1073
2024-12-06,5,1,1040
2024-12-07,5,1,1018
2024-12-08,5,1,995
2024-12-09,5,1,963
2024-12-10,5,1,927
2024-12-11,5,1,894
2024-12-12,5,1,840
2024-12-13,5,1,811
2024-12-14,5,1,787
2024-12-15,5,1,758
2024-12-16,5,1,723
2024-12-17,5,1,672
2024-12-18,5,1,637
2024-12-19,5,1,603
2024-12-20,5,1,569
2024-12-21,5,1,546
2024-12-22,5,1,520
2024-12-23,5,1,486
2024-12-24,5,1,453
2024-12-25,5,1,418
2024-12-26,5,1,1306
2024-12-27,5,1,1247
2024-12-28,5,1,1221
2024-12-29,5,1,1199
2024-12-30,5,1,1162
2024-12-31,5,1,1133
2025-01-01,5,1,1097
2025-01-02,5,1,1061
2025-01-03,5,1,1025
2025-01-04,5,1,995
2025-01-05,5,1,963
2025-01-06,5,1,930
2025-01-07,5,1,891
2025-01-08,5,1,850
2025-01-09,5,1,821
2025-01-10,5,1,790
2025-01-11,5,1,763
2025-01-12,5,1,730
2025-01-13,5,1,695
2025-01-14,5,1,658
2025-01-15,5,1,624
2025-01-16,5,1,589
2025-01-17,5,1,553
2025-01-18,5,1,526
2025-01-19,5,1,497
2025-01-20,5,1,464
2025-01-21,5,1,430
2025-01-22,5,1,399
2025-01-23,5,1,365
2025-01-24,5,1,333
2025-01-25,5,1,1305
2025-01-26,5,1,1281
2025-01-27,5,1,1244
2025-01-28,5,1,1205
2025-01-29,5,1,1173
2025-01-30,5,1,1127
2025-01-31,5,1,1089
2025-02-01,5,1,1058
2025-02-02,5,1,1032
2025-02-03,5,1,991
2025-02-04,5,1,954
2025-02-05,5,1,914
2025-02-06,5,1,847
2025-02-07,5,1,812
2025-02-08,5,1,782
2025-02-09,5,1,751
2025-02-10,5,1,719
2025-02-11,5,1,671
2025-02-12,5,1,631
2025-02-13,5,1,596
2025-02-14,5,1,556
2025-02-15,5,1,522
2025-02-16,5,1,491
2025-02-17,5,1,456
2025-02-18,5,1,423
2025-02-19,5,1,385
2025-02-20,5,1,352
2025-02-21,5,1,308
2025-02-22,5,1,274
2025-02-23,5,1,244
2025-02-24,5,1,1271
2025-02-25,5,1,1229
2025-02-26,5,1,1190
2025-02-27,5,1,1152
2025-02-28,5,1,1112
2025-03-01,5,1,1081
2025-03-02,5,1,1048
2025-03-03,5,1,1004
2025-03-04,5,1,956
2025-03-05,5,1,919
2025-03-06,5,1,884
2025-03-07,5,1,851
2025-03-08,5,1,820
2025-03-09,5,1,788
2025-03-10,5,1,747
2025-03-11,5,1,710
2025-03-12,5,1,668
2025-03-13,5,1,629
2025-03-14,5,1,576
2025-03-15,5,1,542
2025-03-16,5,1,515
2025-03-17,5,1,477
2025-03-18,5,1,437
2025-03-19,5,1,395
2025-03-20,5,1,361
2025-03-21,5,1,324
2025-03-22,5,1,293
2025-03-23,5,1,242
2025-03-24,5,1,198
2025-03-25,5,1,168
2025-03-26,5,1,1299
2025-03-27,5,1,1252
2025-03-28,5,1,1207
2025-03-29,5,1,1180
2025-03-30,5,1,1152
2025-03-31,5,1,1116
2025-04-01,5,1,1078
2025-04-02,5,1,1038
2025-04-03,5,1,999
2025-04-04,5,1,959
2025-04-05,5,1,928
2025-04-06,5,1,899
2025-04-07,5,1,857
2025-04-08,5,1,819
2025-04-09,5,1,780
2025-04-10,5,1,720
2025-04-11,5,1,681
2025-04-12,5,1,649
2025-04-13,5,1,620
2025-04-14,5,1,585
2025-04-15,5,1,548
2025-04-16,5,1,513
2025-04-17,5,1,458
2025-04-18,5,1,423
2025-04-19,5,1,735
2025-04-20,5,1,707
2025-04-21,5,1,665
2025-04-22,5,1,627
2025-04-23,5,1,596
2025-04-24,5,1,561
2025-04-25,5,1,1221
2025-04-26,5,1,1189
2025-04-27,5,1,1160
2025-04-28,5,1,1120
2025-04-29,5,1,1072
2025-04-30,5,1,1030
2025-05-01,5,1,999
2025-05-02,5,1,967
2025-05-03,5,1,930
2025-05-04,5,1,900
2025-05-05,5,1,866
2025-05-06,5,1,827
2025-05-07,5,1,788
2025-05-08,5,1,745
2025-05-09,5,1,671
2025-05-10,5,1,642
2025-05-11,5,1,615
2025-05-12,5,1,575
2025-05-13,5,1,542
2025-05-14,5,1,497
2025-05-15,5,1,466
2025-05-16,5,1,423
2025-05-17,5,1,391
2025-05-18,5,1,362
2025-05-19,5,1,325
2025-05-20,5,1,253
2025-05-21,5,1,206
2025-05-22,5,1,168
2025-05-23,5,1,385
2025-05-24,5,1,352
2025-05-25,5,1,1305
2025-05-26,5,1,1268
2025-05-27,5,1,1223
2025-05-28,5,1,1151
2025-05-29,5,1,1111
2025-05-30,5,1,1073
2025-05-31,5,1,1041
2025-06-01,5,1,1010
2025-06-02,5,1,968
2025-06-03,5,1,926
2025-06-04,5,1,884
2025-06-05,5,1,849
2025-06-06,5,1,814
2025-06-07,5,1,784
2025-06-08,5,1,747
2025-06-09,5,1,702
2025-06-10,5,1,670
2025-06-11,5,1,636
2025-06-12,5,1,577
2025-06-13,5,1,536
2025-06-14,5,1,510
2025-06-15,5,1,481
2025-06-16,5,1,445
2025-06-17,5,1,412
2025-06-18,5,1,743
2025-06-19,5,1,697
2025-06-20,5,1,656
2025-06-21,5,1,626
2025-06-22,5,1,599
2025-06-23,5,1,559
2025-06-24,5,1,1218
2025-06-25,5,1,1179
2025-06-26,5,1,1137
2025-06-27,5,1,1099
2025-06-28,5,1,1070
2025-06-29,5,1,1044
2025-06-30,5,1,1013
2025-07-01,5,1,963
2025-07-02,5,1,927
2025-07-03,5,1,893
2025-07-04,5,1,858
2025-07-05,5,1,827
2025-07-06,5,1,797
2025-07-07,5,1,757
2025-07-08,5,1,721
2025-07-09,5,1,683
2025-07-10,5,1,649
2025-07-11,5,1,611
2025-07-12,5,1,582
2025-07-13,5,1,557
2025-07-14,5,1,519
2025-07-15,5,1,486
2025-07-16,5,1,449
2025-07-17,5,1,413
2025-07-18,5,1,376
2025-07-19,5,1,351
2025-07-20,5,1,639
2025-07-21,5,1,607
2025-07-22,5,1,569
2025-07-23,5,1,526
2025-07-24,5,1,1211
2025-07-25,5,1,1177
2025-07-26,5,1,1139
2025-07-27,5,1,1105
2025-07-28,5,1,1068
2025-07-29,5,1,1028
2025-07-30,5,1,988
2025-07-31,5,1,958
2025-08-01,5,1,923
2025-08-02,5,1,897
2025-08-03,5,1,875
2025-08-04,5,1,843
2025-08-05,5,1,810
2025-08-06,5,1,772
2025-08-07,5,1,728
2025-08-08,5,1,693
2025-08-09,5,1,662
2025-08-10,5,1,634
2025-08-11,5,1,603
2025-08-12,5,1,573
2025-08-13,5,1,537
2025-08-14,5,1,500
2025-08-15,5,1,461
2025-08-16,5,1,429
2025-08-17,5,1,406
2025-08-18,5,1,373
2025-08-19,5,1,338
2025-08-20,5,1,300
2025-08-21,5,1,268
2025-08-22,5,1,231
2025-08-23,5,1,1235
2025-08-24,5,1,1207
2025-08-25,5,1,1179
2025-08-26,5,1,1109
2025-08-27,5,1,1078
2025-08-28,5,1,1045
2025-08-29,5,1,1012
2025-08-30,5,1,986
2025-08-31,5,1,959
2025-09-01,5,1,934
2025-09-02,5,1,897
2025-09-03,5,1,860
2025-09-04,5,1,823
2025-09-05,5,1,789
2025-09-06,5,1,763
2025-09-07,5,1,737
2025-09-08,5,1,705
2025-09-09,5,1,677
2025-09-10,5,1,651
2025-09-11,5,1,618
2025-09-12,5,1,586
2025-09-13,5,1,561
2025-09-14,5,1,533
2025-09-15,5,1,502
2025-09-16,5,1,468
2025-09-17,5,1,435
2025-09-18,5,1,397
2025-09-19,5,1,333
2025-09-20,5,1,602
2025-09-21,5,1,581
2025-09-22,5,1,1279
2025-09-23,5,1,1248
2025-09-24,5,1,1219
2025-09-25,5,1,1190
2025-09-26,5,1,1157
2025-09-27,5,1,1133
2025-09-28,5,1,1095
2025-09-29,5,1,1053
2025-09-30,5,1,1028
2025-10-01,5,1,992
2025-10-02,5,1,961
2025-10-03,5,1,928
2025-10-04,5,1,902
2025-10-05,5,1,874
2025-10-06,5,1,838
2025-10-07,5,1,803
2025-10-08,5,1,770
2025-10-09,5,1,714
2025-10-10,5,1,684
2025-10-11,5,1,653
2025-10-12,5,1,630
2025-10-13,5,1,596
2025-10-14,5,1,561
2025-10-15,5,1,525
2025-10-16,5,1,493
2025-10-17,5,1,460
2025-10-18,5,1,434
2025-10-19,5,1,411
2025-10-20,5,1,693
2025-10-21,5,1,662
2025-10-22,5,1,1283
2025-10-23,5,1,1251
2025-10-24,5,1,1223
2025-10-25,5,1,1199
2025-10-26,5,1,1171
2025-10-27,5,1,1135
2025-10-28,5,1,1102
2025-10-29,5,1,1067
2025-10-30,5,1,1037
2025-10-31,5,1,1005
2025-11-01,5,1,980
2025-11-02,5,1,953
2025-11-03,5,1,911
2025-11-04,5,1,863
2025-11-05,5,1,810
2025-11-06,5,1,779
2025-11-07,5,1,743
2025-11-08,5,1,716
2025-11-09,5,1,692
2025-11-10,5,1,662
2025-11-11,5,1,631
2025-11-12,5,1,594
2025-11-13,5,1,566
2025-11-14,5,1,520
2025-11-15,5,1,495
2025-11-16,5,1,468
2025-11-17,5,1,437
2025-11-18,5,1,408
2025-11-19,5,1,693
2025-11-20,5,1,659
2025-11-21,5,1,1275
2025-11-22,5,1,1246
2025-11-23,5,1,1218
2025-11-24,5,1,1193
2025-11-25,5,1,1160
2025-11-26,5,1,1126
2025-11-27,5,1,1086
2025-11-28,5,1,1050
2025-11-29,5,1,1028
2025-11-30,5,1,1002
2025-12-01,5,1,968
2025-12-02,5,1,938
2025-12-03,5,1,904
2025-12-04,5,1,863
2025-12-05,5,1,827
2025-12-06,5,1,802
2025-12-07,5,1,773
2025-12-08,5,1,710
2025-12-09,5,1,676
2025-12-10,5,1,638
2025-12-11,5,1,607
2025-12-12,5,1,553
2025-12-13,5,1,526
2025-12-14,5,1,500
2025-12-15,5,1,468
2025-12-16,5,1,438
2025-12-17,5,1,405
2025-12-18,5,1,372
2025-12-19,5,1,336
2025-12-20,5,1,311
2025-12-21,5,1,1354
2025-12-22,5,1,1319
2025-12-23,5,1,1286
2025-12-24,5,1,1249
2025-12-25,5,1,1216
2025-12-26,5,1,1180
2025-12-27,5,1,1155
2025-12-28,5,1,1124
2025-12-29,5,1,1086
2025-12-30,5,1,1047
2025-12-31,5,1,1011
2024-01-01,5,2,715
2024-01-02,5,2,683
2024-01-03,5,2,662
2024-01-04,5,2,635
2024-01-05,5,2,605
2024-01-06,5,2,581
2024-01-07,5,2,559
2024-01-08,5,2,532
2024-01-09,5,2,502
2024-01-10,5,2,476
2024-01-11,5,2,448
2024-01-12,5,2,422
2024-01-13,5,2,398
2024-01-14,5,2,380
2024-01-15,5,2,350
2024-01-16,5,2,320
2024-01-17,5,2,297
2024-01-18,5,2,266
2024-01-19,5,2,238
2024-01-20,5,2,433
2024-01-21,5,2,414
2024-01-22,5,2,370
2024-01-23,5,2,340
2024-01-24,5,2,310
2024-01-25,5,2,281
2024-01-26,5,2,254
2024-01-27,5,2,433
2024-01-28,5,2,408
2024-01-29,5,2,382
2024-01-30,5,2,360
2024-01-31,5,2,602
2024-02-01,5,2,571
2024-02-02,5,2,545
2024-02-03,5,2,521
2024-02-04,5,2,497
2024-02-05,5,2,471
2024-02-06,5,2,439
2024-02-07,5,2,406
2024-02-08,5,2,378
2024-02-09,5,2,332
2024-02-10,5,2,308
2024-02-11,5,2,283
2024-02-12,5,2,492
2024-02-13,5,2,466
2024-02-14,5,2,437
2024-02-15,5,2,389
2024-02-16,5,2,363
2024-02-17,5,2,340
2024-02-18,5,2,315
2024-02-19,5,2,291
2024-02-20,5,2,264
2024-02-21,5,2,231
2024-02-22,5,2,198
2024-02-23,5,2,169
2024-02-24,5,2,346
2024-02-25,5,2,323
2024-02-26,5,2,287
2024-02-27,5,2,433
2024-02-28,5,2,403
2024-02-29,5,2,376
2024-03-01,5,2,588
2024-03-02,5,2,564
2024-03-03,5,2,540
2024-03-04,5,2,508
2024-03-05,5,2,481
2024-03-06,5,2,449
2024-03-07,5,2,397
2024-03-08,5,2,368
2024-03-09,5,2,342
2024-03-10,5,2,316
2024-03-11,5,2,289
2024-03-12,5,2,261
2024-03-13,5,2,224
2024-03-14,5,2,196
2024-03-15,5,2,415
2024-03-16,5,2,390
2024-03-17,5,2,368
2024-03-18,5,2,336
2024-03-19,5,2,312
2024-03-20,5,2,280
2024-03-21,5,2,248
2024-03-22,5,2,218
2024-03-23,5,2,195
2024-03-24,5,2,168
2024-03-25,5,2,377
2024-03-26,5,2,342
2024-03-27,5,2,310
2024-03-28,5,2,276
2024-03-29,5,2,239
2024-03-30,5,2,212
2024-03-31,5,2,592
2024-04-01,5,2,561
2024-04-02,5,2,528
2024-04-03,5,2,495
2024-04-04,5,2,465
2024-04-05,5,2,434
2024-04-06,5,2,412
2024-04-07,5,2,385
2024-04-08,5,2,357
2024-04-09,5,2,323
2024-04-10,5,2,448
2024-04-11,5,2,421
2024-04-12,5,2,387
2024-04-13,5,2,361
2024-04-14,5,2,342
2024-04-15,5,2,626
2024-04-16,5,2,590
2024-04-17,5,2,558
2024-04-18,5,2,532
2024-04-19,5,2,502
2024-04-20,5,2,465
2024-04-21,5,2,437
2024-04-22,5,2,407
2024-04-23,5,2,374
2024-04-24,5,2,342
2024-04-25,5,2,604
2024-04-26,5,2,576
2024-04-27,5,2,544
2024-04-28,5,2,519
2024-04-29,5,2,493
2024-04-30,5,2,584
2024-05-01,5,2,526
2024-05-02,5,2,498
2024-05-03,5,2,465
2024-05-04,5,2,435
2024-05-05,5,2,411
2024-05-06,5,2,383
2024-05-07,5,2,353
2024-05-08,5,2,323
2024-05-09,5,2,297
2024-05-10,5,2,273
2024-05-11,5,2,514
2024-05-12,5,2,489
2024-05-13,5,2,457
2024-05-14,5,2,430
2024-05-15,5,2,368
2024-05-16,5,2,341
2024-05-17,5,2,313
2024-05-18,5,2,291
2024-05-19,5,2,270
2024-05-20,5,2,238
2024-05-21,5,2,211
2024-05-22,5,2,182
2024-05-23,5,2,145
2024-05-24,5,2,111
2024-05-25,5,2,87
2024-05-26,5,2,64
2024-05-27,5,2,29
2024-05-28,5,2,0
2024-05-29,5,2,0
2024-05-30,5,2,600
2024-05-31,5,2,545
2024-06-01,5,2,520
2024-06-02,5,2,497
2024-06-03,5,2,469
2024-06-04,5,2,438
2024-06-05,5,2,411
2024-06-06,5,2,365
2024-06-07,5,2,334
2024-06-08,5,2,312
2024-06-09,5,2,289
2024-06-10,5,2,255
2024-06-11,5,2,228
2024-06-12,5,2,442
2024-06-13,5,2,415
2024-06-14,5,2,384
2024-06-15,5,2,363
2024-06-16,5,2,337
2024-06-17,5,2,302
2024-06-18,5,2,272
2024-06-19,5,2,241
2024-06-20,5,2,216
2024-06-21,5,2,327
2024-06-22,5,2,526
2024-06-23,5,2,506
2024-06-24,5,2,469
2024-06-25,5,2,438
2024-06-26,5,2,403
2024-06-27,5,2,370
2024-06-28,5,2,343
2024-06-29,5,2,628
2024-06-30,5,2,602
2024-07-01,5,2,573
2024-07-02,5,2,546
2024-07-03,5,2,510
2024-07-04,5,2,480
2024-07-05,5,2,440
2024-07-06,5,2,425
2024-07-07,5,2,407
2024-07-08,5,2,378
2024-07-09,5,2,352
2024-07-10,5,2,324
2024-07-11,5,2,298
2024-07-12,5,2,270
2024-07-13,5,2,249
2024-07-14,5,2,224
2024-07-15,5,2,198
2024-07-16,5,2,170
2024-07-17,5,2,144
2024-07-18,5,2,344
2024-07-19,5,2,305
2024-07-20,5,2,540
2024-07-21,5,2,519
2024-07-22,5,2,494
2024-07-23,5,2,465
2024-07-24,5,2,435
2024-07-25,5,2,405
2024-07-26,5,2,371
2024-07-27,5,2,346
2024-07-28,5,2,322
2024-07-29,5,2,589
2024-07-30,5,2,558
2024-07-31,5,2,523
2024-08-01,5,2,497
2024-08-02,5,2,458
2024-08-03,5,2,434
2024-08-04,5,2,411
2024-08-05,5,2,385
2024-08-06,5,2,359
2024-08-07,5,2,335
2024-08-08,5,2,310
2024-08-09,5,2,288
2024-08-10,5,2,268
2024-08-11,5,2,243
2024-08-12,5,2,216
2024-08-13,5,2,187
2024-08-14,5,2,155
2024-08-15,5,2,127
2024-08-16,5,2,94
2024-08-17,5,2,214
2024-08-18,5,2,191
2024-08-19,5,2,349
2024-08-20,5,2,317
2024-08-21,5,2,613
2024-08-22,5,2,583
2024-08-23,5,2,555
2024-08-24,5,2,536
2024-08-25,5,2,513
2024-08-26,5,2,493
2024-08-27,5,2,463
2024-08-28,5,2,583
2024-08-29,5,2,556
2024-08-30,5,2,529
2024-08-31,5,2,510
2024-09-01,5,2,491
2024-09-02,5,2,473
2024-09-03,5,2,450
2024-09-04,5,2,422
2024-09-05,5,2,395
2024-09-06,5,2,365
2024-09-07,5,2,343
2024-09-08,5,2,324
2024-09-09,5,2,299
2024-09-10,5,2,267
2024-09-11,5,2,243
2024-09-12,5,2,202
2024-09-13,5,2,174
2024-09-14,5,2,323
2024-09-15,5,2,301
2024-09-16,5,2,571
2024-09-17,5,2,532
2024-09-18,5,2,506
2024-09-19,5,2,481
2024-09-20,5,2,455
2024-09-21,5,2,437
2024-09-22,5,2,417
2024-09-23,5,2,390
2024-09-24,5,2,367
2024-09-25,5,2,340
2024-09-26,5,2,315
2024-09-27,5,2,642
2024-09-28,5,2,623
2024-09-29,5,2,605
2024-09-30,5,2,578
2024-10-01,5,2,551
2024-10-02,5,2,523
2024-10-03,5,2,497
2024-10-04,5,2,461
2024-10-05,5,2,428
2024-10-06,5,2,408
2024-10-07,5,2,387
2024-10-08,5,2,364
2024-10-09,5,2,338
2024-10-10,5,2,312
2024-10-11,5,2,528
2024-10-12,5,2,508
2024-10-13,5,2,490
2024-10-14,5,2,460
2024-10-15,5,2,435
2024-10-16,5,2,405
2024-10-17,5,2,382
2024-10-18,5,2,358
2024-10-19,5,2,335
2024-10-20,5,2,633
2024-10-21,5,2,607
2024-10-22,5,2,584
2024-10-23,5,2,559
2024-10-24,5,2,538
2024-10-25,5,2,514
2024-10-26,5,2,496
2024-10-27,5,2,607
2024-10-28,5,2,581
2024-10-29,5,2,552
2024-10-30,5,2,529
2024-10-31,5,2,500
2024-11-01,5,2,478
2024-11-02,5,2,454
2024-11-03,5,2,437
2024-11-04,5,2,415
2024-11-05,5,2,389
2024-11-06,5,2,367
2024-11-07,5,2,342
2024-11-08,5,2,322
2024-11-09,5,2,302
2024-11-10,5,2,283
2024-11-11,5,2,259
2024-11-12,5,2,233
2024-11-13,5,2,208
2024-11-14,5,2,184
2024-11-15,5,2,158
2024-11-16,5,2,138
2024-11-17,5,2,118
2024-11-18,5,2,89
2024-11-19,5,2,64
2024-11-20,5,2,36
2024-11-21,5,2,8
2024-11-22,5,2,0
2024-11-23,5,2,253
2024-11-24,5,2,470
2024-11-25,5,2,447
2024-11-26,5,2,606
2024-11-27,5,2,583
2024-11-28,5,2,550
2024-11-29,5,2,526
2024-11-30,5,2,508
2024-12-01,5,2,485
2024-12-02,5,2,458
2024-12-03,5,2,427
2024-12-04,5,2,398
2024-12-05,5,2,371
2024-12-06,5,2,345
2024-12-07,5,2,326
2024-12-08,5,2,305
2024-12-09,5,2,280
2024-12-10,5,2,253
2024-12-11,5,2,226
2024-12-12,5,2,200
2024-12-13,5,2,171
2024-12-14,5,2,449
2024-12-15,5,2,428
2024-12-16,5,2,403
2024-12-17,5,2,382
2024-12-18,5,2,356
2024-12-19,5,2,329
2024-12-20,5,2,630
2024-12-21,5,2,610
2024-12-22,5,2,590
2024-12-23,5,2,562
2024-12-24,5,2,532
2024-12-25,5,2,493
2024-12-26,5,2,593
2024-12-27,5,2,566
2024-12-28,5,2,540
2024-12-29,5,2,519
2024-12-30,5,2,497
2024-12-31,5,2,477
2025-01-01,5,2,446
2025-01-02,5,2,421
2025-01-03,5,2,383
2025-01-04,5,2,342
2025-01-05,5,2,296
2025-01-06,5,2,267
2025-01-07,5,2,241
2025-01-08,5,2,214
2025-01-09,5,2,189
2025-01-10,5,2,299
2025-01-11,5,2,277
2025-01-12,5,2,252
2025-01-13,5,2,220
2025-01-14,5,2,191
2025-01-15,5,2,161
2025-01-16,5,2,133
2025-01-17,5,2,105
2025-01-18,5,2,84
2025-01-19,5,2,212
2025-01-20,5,2,386
2025-01-21,5,2,357
2025-01-22,5,2,325
2025-01-23,5,2,559
2025-01-24,5,2,524
2025-01-25,5,2,597
2025-01-26,5,2,577
2025-01-27,5,2,544
2025-01-28,5,2,518
2025-01-29,5,2,485
2025-01-30,5,2,452
2025-01-31,5,2,429
2025-02-01,5,2,404
2025-02-02,5,2,380
2025-02-03,5,2,352
2025-02-04,5,2,327
2025-02-05,5,2,294
2025-02-06,5,2,260
2025-02-07,5,2,227
2025-02-08,5,2,202
2025-02-09,5,2,360
2025-02-10,5,2,312
2025-02-11,5,2,479
2025-02-12,5,2,444
2025-02-13,5,2,413
2025-02-14,5,2,385
2025-02-15,5,2,358
2025-02-16,5,2,337
2025-02-17,5,2,458
2025-02-18,5,2,416
2025-02-19,5,2,387
2025-02-20,5,2,356
2025-02-21,5,2,328
2025-02-22,5,2,296
2025-02-23,5,2,273
2025-02-24,5,2,552
2025-02-25,5,2,520
2025-02-26,5,2,494
2025-02-27,5,2,467
2025-02-28,5,2,438
2025-03-01,5,2,407
2025-03-02,5,2,382
2025-03-03,5,2,348
2025-03-04,5,2,311
2025-03-05,5,2,555
2025-03-06,5,2,523
2025-03-07,5,2,491
2025-03-08,5,2,467
2025-03-09,5,2,440
2025-03-10,5,2,409
2025-03-11,5,2,377
2025-03-12,5,2,350
2025-03-13,5,2,317
2025-03-14,5,2,285
2025-03-15,5,2,261
2025-03-16,5,2,228
2025-03-17,5,2,198
2025-03-18,5,2,311
2025-03-19,5,2,282
2025-03-20,5,2,249
2025-03-21,5,2,212
2025-03-22,5,2,455
2025-03-23,5,2,428
2025-03-24,5,2,400
2025-03-25,5,2,367
2025-03-26,5,2,573
2025-03-27,5,2,515
2025-03-28,5,2,478
2025-03-29,5,2,455
2025-03-30,5,2,431
2025-03-31,5,2,400
2025-04-01,5,2,369
2025-04-02,5,2,339
2025-04-03,5,2,488
2025-04-04,5,2,457
2025-04-05,5,2,432
2025-04-06,5,2,407
2025-04-07,5,2,372
2025-04-08,5,2,333
2025-04-09,5,2,303
2025-04-10,5,2,559
2025-04-11,5,2,526
2025-04-12,5,2,502
2025-04-13,5,2,473
2025-04-14,5,2,440
2025-04-15,5,2,408
2025-04-16,5,2,378
2025-04-17,5,2,347
2025-04-18,5,2,308
2025-04-19,5,2,283
2025-04-20,5,2,570
2025-04-21,5,2,534
2025-04-22,5,2,498
2025-04-23,5,2,466
2025-04-24,5,2,430
2025-04-25,5,2,585
2025-04-26,5,2,562
2025-04-27,5,2,534
2025-04-28,5,2,497
2025-04-29,5,2,466
2025-04-30,5,2,439
2025-05-01,5,2,412
2025-05-02,5,2,383
2025-05-03,5,2,360
2025-05-04,5,2,334
2025-05-05,5,2,306
2025-05-06,5,2,275
2025-05-07,5,2,247
2025-05-08,5,2,216
2025-05-09,5,2,184
2025-05-10,5,2,152
2025-05-11,5,2,126
2025-05-12,5,2,93
2025-05-13,5,2,63
2025-05-14,5,2,4
2025-05-15,5,2,0
2025-05-16,5,2,0
2025-05-17,5,2,0
2025-05-18,5,2,0
2025-05-19,5,2,0
2025-05-20,5,2,0
2025-05-21,5,2,0
2025-05-22,5,2,0
2025-05-23,5,2,0
2025-05-24,5,2,0
2025-05-25,5,2,515
2025-05-26,5,2,479
2025-05-27,5,2,451
2025-05-28,5,2,418
2025-05-29,5,2,386
2025-05-30,5,2,355
2025-05-31,5,2,329
2025-06-01,5,2,308
2025-06-02,5,2,276
2025-06-03,5,2,247
2025-06-04,5,2,216
2025-06-05,5,2,188
2025-06-06,5,2,159
2025-06-07,5,2,136
2025-06-08,5,2,108
2025-06-09,5,2,77
2025-06-10,5,2,284
2025-06-11,5,2,256
2025-06-12,5,2,231
2025-06-13,5,2,330
2025-06-14,5,2,303
2025-06-15,5,2,278
2025-06-16,5,2,246
2025-06-17,5,2,217
2025-06-18,5,2,180
2025-06-19,5,2,152
2025-06-20,5,2,120
2025-06-21,5,2,90
2025-06-22,5,2,70
2025-06-23,5,2,26
2025-06-24,5,2,512
2025-06-25,5,2,477
2025-06-26,5,2,446
2025-06-27,5,2,417
2025-06-28,5,2,392
2025-06-29,5,2,363
2025-06-30,5,2,331
2025-07-01,5,2,304
2025-07-02,5,2,534
2025-07-03,5,2,503
2025-07-04,5,2,467
2025-07-05,5,2,444
2025-07-06,5,2,423
2025-07-07,5,2,396
2025-07-08,5,2,367
2025-07-09,5,2,341
2025-07-10,5,2,634
2025-07-11,5,2,596
2025-07-12,5,2,577
2025-07-13,5,2,556
2025-07-14,5,2,524
2025-07-15,5,2,492
2025-07-16,5,2,466
2025-07-17,5,2,435
2025-07-18,5,2,410
2025-07-19,5,2,382
2025-07-20,5,2,359
2025-07-21,5,2,327
2025-07-22,5,2,297
2025-07-23,5,2,270
2025-07-24,5,2,599
2025-07-25,5,2,568
2025-07-26,5,2,544
2025-07-27,5,2,521
2025-07-28,5,2,480
2025-07-29,5,2,448
2025-07-30,5,2,420
2025-07-31,5,2,393
2025-08-01,5,2,361
2025-08-02,5,2,340
2025-08-03,5,2,318
2025-08-04,5,2,288
2025-08-05,5,2,534
2025-08-06,5,2,506
2025-08-07,5,2,475
2025-08-08,5,2,445
2025-08-09,5,2,424
2025-08-10,5,2,401
2025-08-11,5,2,375
2025-08-12,5,2,347
2025-08-13,5,2,319
2025-08-14,5,2,290
2025-08-15,5,2,253
2025-08-16,5,2,234
2025-08-17,5,2,216
2025-08-18,5,2,189
2025-08-19,5,2,161
2025-08-20,5,2,137
2025-08-21,5,2,436
2025-08-22,5,2,408
2025-08-23,5,2,625
2025-08-24,5,2,605
2025-08-25,5,2,577
2025-08-26,5,2,547
2025-08-27,5,2,520
2025-08-28,5,2,499
2025-08-29,5,2,473
2025-08-30,5,2,453
2025-08-31,5,2,434
2025-09-01,5,2,402
2025-09-02,5,2,378
2025-09-03,5,2,351
2025-09-04,5,2,324
2025-09-05,5,2,297
2025-09-06,5,2,278
2025-09-07,5,2,257
2025-09-08,5,2,228
2025-09-09,5,2,200
2025-09-10,5,2,154
2025-09-11,5,2,128
2025-09-12,5,2,99
2025-09-13,5,2,78
2025-09-14,5,2,55
2025-09-15,5,2,27
2025-09-16,5,2,263
2025-09-17,5,2,232
2025-09-18,5,2,204
2025-09-19,5,2,180
2025-09-20,5,2,158
2025-09-21,5,2,136
2025-09-22,5,2,620
2025-09-23,5,2,589
2025-09-24,5,2,557
2025-09-25,5,2,531
2025-09-26,5,2,501
2025-09-27,5,2,480
2025-09-28,5,2,461
2025-09-29,5,2,426
2025-09-30,5,2,397
2025-10-01,5,2,370
2025-10-02,5,2,349
2025-10-03,5,2,324
2025-10-04,5,2,583
2025-10-05,5,2,564
2025-10-06,5,2,536
2025-10-07,5,2,509
2025-10-08,5,2,484
2025-10-09,5,2,463
2025-10-10,5,2,437
2025-10-11,5,2,415
2025-10-12,5,2,397
2025-10-13,5,2,367
2025-10-14,5,2,342
2025-10-15,5,2,642
2025-10-16,5,2,618
2025-10-17,5,2,594
2025-10-18,5,2,570
2025-10-19,5,2,551
2025-10-20,5,2,524
2025-10-21,5,2,492
2025-10-22,5,2,586
2025-10-23,5,2,556
2025-10-24,5,2,535
2025-10-25,5,2,515
2025-10-26,5,2,495
2025-10-27,5,2,472
2025-10-28,5,2,441
2025-10-29,5,2,415
2025-10-30,5,2,386
2025-10-31,5,2,362
2025-11-01,5,2,342
2025-11-02,5,2,315
2025-11-03,5,2,269
2025-11-04,5,2,240
2025-11-05,5,2,217
2025-11-06,5,2,189
2025-11-07,5,2,163
2025-11-08,5,2,139
2025-11-09,5,2,115
2025-11-10,5,2,93
2025-11-11,5,2,64
2025-11-12,5,2,35
2025-11-13,5,2,5
2025-11-14,5,2,0
2025-11-15,5,2,281
2025-11-16,5,2,261
2025-11-17,5,2,409
2025-11-18,5,2,380
2025-11-19,5,2,356
2025-11-20,5,2,326
2025-11-21,5,2,636
2025-11-22,5,2,619
2025-11-23,5,2,598
2025-11-24,5,2,571
2025-11-25,5,2,548
2025-11-26,5,2,522
2025-11-27,5,2,501
2025-11-28,5,2,473
2025-11-29,5,2,442
2025-11-30,5,2,422
2025-12-01,5,2,399
2025-12-02,5,2,372
2025-12-03,5,2,347
2025-12-04,5,2,302
2025-12-05,5,2,563
2025-12-06,5,2,544
2025-12-07,5,2,526
2025-12-08,5,2,494
2025-12-09,5,2,465
2025-12-10,5,2,435
2025-12-11,5,2,406
2025-12-12,5,2,376
2025-12-13,5,2,356
2025-12-14,5,2,337
2025-12-15,5,2,312
2025-12-16,5,2,289
2025-12-17,5,2,237
2025-12-18,5,2,202
2025-12-19,5,2,179
2025-12-20,5,2,158
2025-12-21,5,2,534
2025-12-22,5,2,462
2025-12-23,5,2,434
2025-12-24,5,2,405
2025-12-25,5,2,377
2025-12-26,5,2,346
2025-12-27,5,2,324
2025-12-28,5,2,302
2025-12-29,5,2,278
2025-12-30,5,2,253
2025-12-31,5,2,228
2024-01-01,5,3,1566
2024-01-02,5,3,1534
2024-01-03,5,3,1483
2024-01-04,5,3,1447
2024-01-05,5,3,1413
2024-01-06,5,3,1392
2024-01-07,5,3,1361
2024-01-08,5,3,1332
2024-01-09,5,3,1298
2024-01-10,5,3,1263
2024-01-11,5,3,1214
2024-01-12,5,3,1185
2024-01-13,5,3,1162
2024-01-14,5,3,1138
2024-01-15,5,3,1106
2024-01-16,5,3,1071
2024-01-17,5,3,1035
2024-01-18,5,3,1005
2024-01-19,5,3,972
2024-01-20,5,3,948
2024-01-21,5,3,917
2024-01-22,5,3,882
2024-01-23,5,3,850
2024-01-24,5,3,816
2024-01-25,5,3,780
2024-01-26,5,3,751
2024-01-27,5,3,727
2024-01-28,5,3,701
2024-01-29,5,3,661
2024-01-30,5,3,618
2024-01-31,5,3,2091
2024-02-01,5,3,2061
2024-02-02,5,3,2028
2024-02-03,5,3,2001
2024-02-04,5,3,1975
2024-02-05,5,3,1922
2024-02-06,5,3,1884
2024-02-07,5,3,1845
2024-02-08,5,3,1812
2024-02-09,5,3,1777
2024-02-10,5,3,1751
2024-02-11,5,3,1721
2024-02-12,5,3,1688
2024-02-13,5,3,1658
2024-02-14,5,3,1625
2024-02-15,5,3,1586
2024-02-16,5,3,1551
2024-02-17,5,3,1527
2024-02-18,5,3,1498
2024-02-19,5,3,1465
2024-02-20,5,3,1432
2024-02-21,5,3,1400
2024-02-22,5,3,1365
2024-02-23,5,3,1332
2024-02-24,5,3,1292
2024-02-25,5,3,1261
2024-02-26,5,3,1228
2024-02-27,5,3,1189
2024-02-28,5,3,1155
2024-02-29,5,3,1121
2024-03-01,5,3,1786
2024-03-02,5,3,1757
2024-03-03,5,3,1726
2024-03-04,5,3,1689
2024-03-05,5,3,1647
2024-03-06,5,3,1610
2024-03-07,5,3,1570
2024-03-08,5,3,1537
2024-03-09,5,3,1511
2024-03-10,5,3,1480
2024-03-11,5,3,1443
2024-03-12,5,3,1399
2024-03-13,5,3,1363
2024-03-14,5,3,1328
2024-03-15,5,3,1291
2024-03-16,5,3,1265
2024-03-17,5,3,1236
2024-03-18,5,3,1197
2024-03-19,5,3,1162
2024-03-20,5,3,1131
2024-03-21,5,3,1092
2024-03-22,5,3,1054
2024-03-23,5,3,1027
2024-03-24,5,3,996
2024-03-25,5,3,961
2024-03-26,5,3,922
2024-03-27,5,3,886
2024-03-28,5,3,853
2024-03-29,5,3,823
2024-03-30,5,3,789
2024-03-31,5,3,2009
2024-04-01,5,3,1967
2024-04-02,5,3,1934
2024-04-03,5,3,1900
2024-04-04,5,3,1855
2024-04-05,5,3,1818
2024-04-06,5,3,1788
2024-04-07,5,3,1761
2024-04-08,5,3,1723
2024-04-09,5,3,1688
2024-04-10,5,3,1654
2024-04-11,5,3,1616
2024-04-12,5,3,1581
2024-04-13,5,3,1553
2024-04-14,5,3,1526
2024-04-15,5,3,1490
2024-04-16,5,3,1454
2024-04-17,5,3,1414
2024-04-18,5,3,1369
2024-04-19,5,3,1333
2024-04-20,5,3,1305
2024-04-21,5,3,1276
2024-04-22,5,3,1238
2024-04-23,5,3,1203
2024-04-24,5,3,1166
2024-04-25,5,3,1130
2024-04-26,5,3,1093
2024-04-27,5,3,1063
2024-04-28,5,3,1037
2024-04-29,5,3,1000
2024-04-30,5,3,1965
2024-05-01,5,3,1931
2024-05-02,5,3,1893
2024-05-03,5,3,1853
2024-05-04,5,3,1821
2024-05-05,5,3,1796
2024-05-06,5,3,1765
2024-05-07,5,3,1725
2024-05-08,5,3,1693
2024-05-09,5,3,1661
2024-05-10,5,3,1626
2024-05-11,5,3,1598
2024-05-12,5,3,1575
2024-05-13,5,3,1529
2024-05-14,5,3,1496
2024-05-15,5,3,1458
2024-05-16,5,3,1420
2024-05-17,5,3,1381
2024-05-18,5,3,1354
2024-05-19,5,3,1301
2024-05-20,5,3,1263
2024-05-21,5,3,1226
2024-05-22,5,3,1190
2024-05-23,5,3,1157
2024-05-24,5,3,1114
2024-05-25,5,3,1088
2024-05-26,5,3,1061
2024-05-27,5,3,1021
2024-05-28,5,3,981
2024-05-29,5,3,944
2024-05-30,5,3,1769
2024-05-31,5,3,1735
2024-06-01,5,3,1709
2024-06-02,5,3,1672
2024-06-03,5,3,1619
2024-06-04,5,3,1565
2024-06-05,5,3,1530
2024-06-06,5,3,1498
2024-06-07,5,3,1458
2024-06-08,5,3,1429
2024-06-09,5,3,1404
2024-06-10,5,3,1367
2024-06-11,5,3,1333
2024-06-12,5,3,1301
2024-06-13,5,3,1269
2024-06-14,5,3,1238
2024-06-15,5,3,1205
2024-06-16,5,3,1178
2024-06-17,5,3,1139
2024-06-18,5,3,1103
2024-06-19,5,3,1063
2024-06-20,5,3,1026
2024-06-21,5,3,987
2024-06-22,5,3,962
2024-06-23,5,3,938
2024-06-24,5,3,902
2024-06-25,5,3,866
2024-06-26,5,3,826
2024-06-27,5,3,789
2024-06-28,5,3,761
2024-06-29,5,3,1839
2024-06-30,5,3,1814
2024-07-01,5,3,1784
2024-07-02,5,3,1750
2024-07-03,5,3,1702
2024-07-04,5,3,1659
2024-07-05,5,3,1627
2024-07-06,5,3,1602
2024-07-07,5,3,1578
2024-07-08,5,3,1545
2024-07-09,5,3,1510
2024-07-10,5,3,1477
2024-07-11,5,3,1437
2024-07-12,5,3,1394
2024-07-13,5,3,1363
2024-07-14,5,3,1312
2024-07-15,5,3,1278
2024-07-16,5,3,1250
2024-07-17,5,3,1222
2024-07-18,5,3,1186
2024-07-19,5,3,1153
2024-07-20,5,3,1131
2024-07-21,5,3,1104
2024-07-22,5,3,1072
2024-07-23,5,3,1043
2024-07-24,5,3,1012
2024-07-25,5,3,976
2024-07-26,5,3,950
2024-07-27,5,3,925
2024-07-28,5,3,898
2024-07-29,5,3,1930
2024-07-30,5,3,1900
2024-07-31,5,3,1868
2024-08-01,5,3,1840
2024-08-02,5,3,1807
2024-08-03,5,3,1787
2024-08-04,5,3,1757
2024-08-05,5,3,1725
2024-08-06,5,3,1697
2024-08-07,5,3,1666
2024-08-08,5,3,1636
2024-08-09,5,3,1605
2024-08-10,5,3,1582
2024-08-11,5,3,1557
2024-08-12,5,3,1528
2024-08-13,5,3,1495
2024-08-14,5,3,1463
2024-08-15,5,3,1432
2024-08-16,5,3,1401
2024-08-17,5,3,1378
2024-08-18,5,3,1352
2024-08-19,5,3,1325
2024-08-20,5,3,1291
2024-08-21,5,3,1261
2024-08-22,5,3,1234
2024-08-23,5,3,1199
2024-08-24,5,3,1175
2024-08-25,5,3,1153
2024-08-26,5,3,1117
2024-08-27,5,3,1089
2024-08-28,5,3,1808
2024-08-29,5,3,1781
2024-08-30,5,3,1752
2024-08-31,5,3,1728
2024-09-01,5,3,1707
2024-09-02,5,3,1675
2024-09-03,5,3,1652
2024-09-04,5,3,1622
2024-09-05,5,3,1587
2024-09-06,5,3,1557
2024-09-07,5,3,1536
2024-09-08,5,3,1513
2024-09-09,5,3,1482
2024-09-10,5,3,1453
2024-09-11,5,3,1427
2024-09-12,5,3,1401
2024-09-13,5,3,1369
2024-09-14,5,3,1345
2024-09-15,5,3,1321
2024-09-16,5,3,1287
2024-09-17,5,3,1256
2024-09-18,5,3,1226
2024-09-19,5,3,1200
2024-09-20,5,3,1167
2024-09-21,5,3,1130
2024-09-22,5,3,1108
2024-09-23,5,3,1073
2024-09-24,5,3,1042
2024-09-25,5,3,1008
2024-09-26,5,3,976
2024-09-27,5,3,1963
2024-09-28,5,3,1937
2024-09-29,5,3,1917
2024-09-30,5,3,1884
2024-10-01,5,3,1852
2024-10-02,5,3,1819
2024-10-03,5,3,1784
2024-10-04,5,3,1755
2024-10-05,5,3,1721
2024-10-06,5,3,1697
2024-10-07,5,3,1668
2024-10-08,5,3,1638
2024-10-09,5,3,1603
2024-10-10,5,3,1568
2024-10-11,5,3,1538
2024-10-12,5,3,1514
2024-10-13,5,3,1493
2024-10-14,5,3,1458
2024-10-15,5,3,1428
2024-10-16,5,3,1378
2024-10-17,5,3,1352
2024-10-18,5,3,1323
2024-10-19,5,3,1299
2024-10-20,5,3,1274
2024-10-21,5,3,1241
2024-10-22,5,3,1211
2024-10-23,5,3,1163
2024-10-24,5,3,1134
2024-10-25,5,3,1101
2024-10-26,5,3,1079
2024-10-27,5,3,1856
2024-10-28,5,3,1830
2024-10-29,5,3,1802
2024-10-30,5,3,1770
2024-10-31,5,3,1738
2024-11-01,5,3,1708
2024-11-02,5,3,1682
2024-11-03,5,3,1662
2024-11-04,5,3,1625
2024-11-05,5,3,1597
2024-11-06,5,3,1564
2024-11-07,5,3,1540
2024-11-08,5,3,1509
2024-11-09,5,3,1486
2024-11-10,5,3,1463
2024-11-11,5,3,1432
2024-11-12,5,3,1403
2024-11-13,5,3,1371
2024-11-14,5,3,1334
2024-11-15,5,3,1306
2024-11-16,5,3,1283
2024-11-17,5,3,1259
2024-11-18,5,3,1233
2024-11-19,5,3,1203
2024-11-20,5,3,1170
2024-11-21,5,3,1141
2024-11-22,5,3,1111
2024-11-23,5,3,1088
2024-11-24,5,3,1067
2024-11-25,5,3,1027
2024-11-26,5,3,1796
2024-11-27,5,3,1765
2024-11-28,5,3,1737
2024-11-29,5,3,1706
2024-11-30,5,3,1683
2024-12-01,5,3,1665
2024-12-02,5,3,1629
2024-12-03,5,3,1594
2024-12-04,5,3,1554
2024-12-05,5,3,1524
2024-12-06,5,3,1499
2024-12-07,5,3,1473
2024-12-08,5,3,1446
2024-12-09,5,3,1418
2024-12-10,5,3,1388
2024-12-11,5,3,1350
2024-12-12,5,3,1320
2024-12-13,5,3,1292
2024-12-14,5,3,1270
2024-12-15,5,3,1250
2024-12-16,5,3,1218
2024-12-17,5,3,1187
2024-12-18,5,3,1152
2024-12-19,5,3,1122
2024-12-20,5,3,1092
2024-12-21,5,3,1066
2024-12-22,5,3,1037
2024-12-23,5,3,1006
2024-12-24,5,3,974
2024-12-25,5,3,938
2024-12-26,5,3,1951
2024-12-27,5,3,1905
2024-12-28,5,3,1880
2024-12-29,5,3,1852
2024-12-30,5,3,1817
2024-12-31,5,3,1788
2025-01-01,5,3,1758
2025-01-02,5,3,1719
2025-01-03,5,3,1681
2025-01-04,5,3,1648
2025-01-05,5,3,1619
2025-01-06,5,3,1589
2025-01-07,5,3,1553
2025-01-08,5,3,1522
2025-01-09,5,3,1488
2025-01-10,5,3,1453
2025-01-11,5,3,1431
2025-01-12,5,3,1400
2025-01-13,5,3,1368
2025-01-14,5,3,1336
2025-01-15,5,3,1299
2025-01-16,5,3,1264
2025-01-17,5,3,1230
2025-01-18,5,3,1199
2025-01-19,5,3,1174
2025-01-20,5,3,1138
2025-01-21,5,3,1102
2025-01-22,5,3,1069
2025-01-23,5,3,1014
2025-01-24,5,3,984
2025-01-25,5,3,1822
2025-01-26,5,3,1787
2025-01-27,5,3,1749
2025-01-28,5,3,1721
2025-01-29,5,3,1687
2025-01-30,5,3,1656
2025-01-31,5,3,1616
2025-02-01,5,3,1590
2025-02-02,5,3,1564
2025-02-03,5,3,1524
2025-02-04,5,3,1487
2025-02-05,5,3,1455
2025-02-06,5,3,1418
2025-02-07,5,3,1382
2025-02-08,5,3,1356
2025-02-09,5,3,1329
2025-02-10,5,3,1289
2025-02-11,5,3,1253
2025-02-12,5,3,1221
2025-02-13,5,3,1188
2025-02-14,5,3,1155
2025-02-15,5,3,1119
2025-02-16,5,3,1096
2025-02-17,5,3,1048
2025-02-18,5,3,1013
2025-02-19,5,3,978
2025-02-20,5,3,945
2025-02-21,5,3,915
2025-02-22,5,3,888
2025-02-23,5,3,860
2025-02-24,5,3,1847
2025-02-25,5,3,1814
2025-02-26,5,3,1781
2025-02-27,5,3,1744
2025-02-28,5,3,1705
2025-03-01,5,3,1679
2025-03-02,5,3,1652
2025-03-03,5,3,1616
2025-03-04,5,3,1576
2025-03-05,5,3,1533
2025-03-06,5,3,1495
2025-03-07,5,3,1460
2025-03-08,5,3,1431
2025-03-09,5,3,1404
2025-03-10,5,3,1364
2025-03-11,5,3,1328
2025-03-12,5,3,1291
2025-03-13,5,3,1252
2025-03-14,5,3,1212
2025-03-15,5,3,1186
2025-03-16,5,3,1162
2025-03-17,5,3,1126
2025-03-18,5,3,1091
2025-03-19,5,3,1054
2025-03-20,5,3,1021
2025-03-21,5,3,988
2025-03-22,5,3,963
2025-03-23,5,3,933
2025-03-24,5,3,899
2025-03-25,5,3,861
2025-03-26,5,3,1873
2025-03-27,5,3,1838
2025-03-28,5,3,1791
2025-03-29,5,3,1759
2025-03-30,5,3,1719
2025-03-31,5,3,1684
2025-04-01,5,3,1648
2025-04-02,5,3,1604
2025-04-03,5,3,1574
2025-04-04,5,3,1541
2025-04-05,5,3,1510
2025-04-06,5,3,1480
2025-04-07,5,3,1444
2025-04-08,5,3,1408
2025-04-09,5,3,1375
2025-04-10,5,3,1335
2025-04-11,5,3,1305
2025-04-12,5,3,1273
2025-04-13,5,3,1243
2025-04-14,5,3,1205
2025-04-15,5,3,1165
2025-04-16,5,3,1125
2025-04-17,5,3,1079
2025-04-18,5,3,1046
2025-04-19,5,3,1019
2025-04-20,5,3,988
2025-04-21,5,3,945
2025-04-22,5,3,905
2025-04-23,5,3,871
2025-04-24,5,3,828
2025-04-25,5,3,1872
2025-04-26,5,3,1839
2025-04-27,5,3,1812
2025-04-28,5,3,1775
2025-04-29,5,3,1740
2025-04-30,5,3,1688
2025-05-01,5,3,1648
2025-05-02,5,3,1598
2025-05-03,5,3,1573
2025-05-04,5,3,1545
2025-05-05,5,3,1504
2025-05-06,5,3,1469
2025-05-07,5,3,1423
2025-05-08,5,3,1385
2025-05-09,5,3,1346
2025-05-10,5,3,1314
2025-05-11,5,3,1289
2025-05-12,5,3,1250
2025-05-13,5,3,1211
2025-05-14,5,3,1167
2025-05-15,5,3,1131
2025-05-16,5,3,1102
2025-05-17,5,3,1071
2025-05-18,5,3,1040
2025-05-19,5,3,1002
2025-05-20,5,3,971
2025-05-21,5,3,936
2025-05-22,5,3,883
2025-05-23,5,3,847
2025-05-24,5,3,818
2025-05-25,5,3,1990
2025-05-26,5,3,1946
2025-05-27,5,3,1903
2025-05-28,5,3,1868
2025-05-29,5,3,1832
2025-05-30,5,3,1794
2025-05-31,5,3,1766
2025-06-01,5,3,1742
2025-06-02,5,3,1703
2025-06-03,5,3,1670
2025-06-04,5,3,1631
2025-06-05,5,3,1599
2025-06-06,5,3,1565
2025-06-07,5,3,1539
2025-06-08,5,3,1505
2025-06-09,5,3,1474
2025-06-10,5,3,1438
2025-06-11,5,3,1384
2025-06-12,5,3,1348
2025-06-13,5,3,1315
2025-06-14,5,3,1284
2025-06-15,5,3,1255
2025-06-16,5,3,1217
2025-06-17,5,3,1181
2025-06-18,5,3,1144
2025-06-19,5,3,1110
2025-06-20,5,3,1070
2025-06-21,5,3,1047
2025-06-22,5,3,1023
2025-06-23,5,3,986
2025-06-24,5,3,1936
2025-06-25,5,3,1901
2025-06-26,5,3,1860
2025-06-27,5,3,1826
2025-06-28,5,3,1787
2025-06-29,5,3,1759
2025-06-30,5,3,1725
2025-07-01,5,3,1693
2025-07-02,5,3,1660
2025-07-03,5,3,1629
2025-07-04,5,3,1588
2025-07-05,5,3,1561
2025-07-06,5,3,1537
2025-07-07,5,3,1507
2025-07-08,5,3,1475
2025-07-09,5,3,1438
2025-07-10,5,3,1400
2025-07-11,5,3,1365
2025-07-12,5,3,1342
2025-07-13,5,3,1316
2025-07-14,5,3,1276
2025-07-15,5,3,1241
2025-07-16,5,3,1212
2025-07-17,5,3,1180
2025-07-18,5,3,1148
2025-07-19,5,3,1119
2025-07-20,5,3,1088
2025-07-21,5,3,1044
2025-07-22,5,3,1014
2025-07-23,5,3,959
2025-07-24,5,3,1997
2025-07-25,5,3,1961
2025-07-26,5,3,1937
2025-07-27,5,3,1909
2025-07-28,5,3,1875
2025-07-29,5,3,1839
2025-07-30,5,3,1809
2025-07-31,5,3,1772
2025-08-01,5,3,1724
2025-08-02,5,3,1699
2025-08-03,5,3,1662
2025-08-04,5,3,1634
2025-08-05,5,3,1605
2025-08-06,5,3,1576
2025-08-07,5,3,1550
2025-08-08,5,3,1521
2025-08-09,5,3,1495
2025-08-10,5,3,1455
2025-08-11,5,3,1425
2025-08-12,5,3,1394
2025-08-13,5,3,1360
2025-08-14,5,3,1325
2025-08-15,5,3,1292
2025-08-16,5,3,1253
2025-08-17,5,3,1225
2025-08-18,5,3,1194
2025-08-19,5,3,1160
2025-08-20,5,3,1131
2025-08-21,5,3,1105
2025-08-22,5,3,1073
2025-08-23,5,3,1963
2025-08-24,5,3,1938
2025-08-25,5,3,1907
2025-08-26,5,3,1876
2025-08-27,5,3,1849
2025-08-28,5,3,1819
2025-08-29,5,3,1793
2025-08-30,5,3,1766
2025-08-31,5,3,1740
2025-09-01,5,3,1705
2025-09-02,5,3,1645
2025-09-03,5,3,1617
2025-09-04,5,3,1591
2025-09-05,5,3,1556
2025-09-06,5,3,1534
2025-09-07,5,3,1502
2025-09-08,5,3,1454
2025-09-09,5,3,1418
2025-09-10,5,3,1392
2025-09-11,5,3,1363
2025-09-12,5,3,1329
2025-09-13,5,3,1307
2025-09-14,5,3,1286
2025-09-15,5,3,1256
2025-09-16,5,3,1230
2025-09-17,5,3,1201
2025-09-18,5,3,1175
2025-09-19,5,3,1145
2025-09-20,5,3,1121
2025-09-21,5,3,1099
2025-09-22,5,3,2003
2025-09-23,5,3,1971
2025-09-24,5,3,1935
2025-09-25,5,3,1909
2025-09-26,5,3,1869
2025-09-27,5,3,1846
2025-09-28,5,3,1820
2025-09-29,5,3,1788
2025-09-30,5,3,1760
2025-10-01,5,3,1729
2025-10-02,5,3,1703
2025-10-03,5,3,1672
2025-10-04,5,3,1646
2025-10-05,5,3,1621
2025-10-06,5,3,1586
2025-10-07,5,3,1552
2025-10-08,5,3,1517
2025-10-09,5,3,1482
2025-10-10,5,3,1451
2025-10-11,5,3,1424
2025-10-12,5,3,1398
2025-10-13,5,3,1361
2025-10-14,5,3,1332
2025-10-15,5,3,1301
2025-10-16,5,3,1271
2025-10-17,5,3,1236
2025-10-18,5,3,1215
2025-10-19,5,3,1175
2025-10-20,5,3,1141
2025-10-21,5,3,1114
2025-10-22,5,3,1857
2025-10-23,5,3,1824
2025-10-24,5,3,1797
2025-10-25,5,3,1776
2025-10-26,5,3,1751
2025-10-27,5,3,1716
2025-10-28,5,3,1681
2025-10-29,5,3,1653
2025-10-30,5,3,1619
2025-10-31,5,3,1587
2025-11-01,5,3,1562
2025-11-02,5,3,1543
2025-11-03,5,3,1507
2025-11-04,5,3,1471
2025-11-05,5,3,1436
2025-11-06,5,3,1410
2025-11-07,5,3,1378
2025-11-08,5,3,1351
2025-11-09,5,3,1328
2025-11-10,5,3,1293
2025-11-11,5,3,1259
2025-11-12,5,3,1229
2025-11-13,5,3,1189
2025-11-14,5,3,1158
2025-11-15,5,3,1136
2025-11-16,5,3,1110
2025-11-17,5,3,1080
2025-11-18,5,3,1049
2025-11-19,5,3,1017
2025-11-20,5,3,987
2025-11-21,5,3,1916
2025-11-22,5,3,1892
2025-11-23,5,3,1867
2025-11-24,5,3,1829
2025-11-25,5,3,1799
2025-11-26,5,3,1768
2025-11-27,5,3,1723
2025-11-28,5,3,1695
2025-11-29,5,3,1673
2025-11-30,5,3,1650
2025-12-01,5,3,1617
2025-12-02,5,3,1585
2025-12-03,5,3,1555
2025-12-04,5,3,1524
2025-12-05,5,3,1492
2025-12-06,5,3,1458
2025-12-07,5,3,1429
2025-12-08,5,3,1398
2025-12-09,5,3,1366
2025-12-10,5,3,1332
2025-12-11,5,3,1300
2025-12-12,5,3,1258
2025-12-13,5,3,1234
2025-12-14,5,3,1210
2025-12-15,5,3,1181
2025-12-16,5,3,1154
2025-12-17,5,3,1119
2025-12-18,5,3,1084
2025-12-19,5,3,1057
2025-12-20,5,3,1033
2025-12-21,5,3,1985
2025-12-22,5,3,1955
2025-12-23,5,3,1924
2025-12-24,5,3,1888
2025-12-25,5,3,1856
2025-12-26,5,3,1820
2025-12-27,5,3,1796
2025-12-28,5,3,1768
2025-12-29,5,3,1739
2025-12-30,5,3,1703
2025-12-31,5,3,1668
2024-01-01,6,1,1017
2024-01-02,6,1,982
2024-01-03,6,1,942
2024-01-04,6,1,903
2024-01-05,6,1,861
2024-01-06,6,1,828
2024-01-07,6,1,799
2024-01-08,6,1,759
2024-01-09,6,1,722
2024-01-10,6,1,681
2024-01-11,6,1,640
2024-01-12,6,1,602
2024-01-13,6,1,575
2024-01-14,6,1,774
2024-01-15,6,1,734
2024-01-16,6,1,695
2024-01-17,6,1,660
2024-01-18,6,1,614
2024-01-19,6,1,576
2024-01-20,6,1,547
2024-01-21,6,1,893
2024-01-22,6,1,854
2024-01-23,6,1,815
2024-01-24,6,1,776
2024-01-25,6,1,738
2024-01-26,6,1,678
2024-01-27,6,1,652
2024-01-28,6,1,621
2024-01-29,6,1,578
2024-01-30,6,1,510
2024-01-31,6,1,959
2024-02-01,6,1,912
2024-02-02,6,1,877
2024-02-03,6,1,847
2024-02-04,6,1,815
2024-02-05,6,1,773
2024-02-06,6,1,733
2024-02-07,6,1,693
2024-02-08,6,1,654
2024-02-09,6,1,613
2024-02-10,6,1,785
2024-02-11,6,1,734
2024-02-12,6,1,687
2024-02-13,6,1,641
2024-02-14,6,1,594
2024-02-15,6,1,551
2024-02-16,6,1,507
2024-02-17,6,1,477
2024-02-18,6,1,445
2024-02-19,6,1,406
2024-02-20,6,1,369
2024-02-21,6,1,323
2024-02-22,6,1,274
2024-02-23,6,1,230
2024-02-24,6,1,612
2024-02-25,6,1,548
2024-02-26,6,1,489
2024-02-27,6,1,449
2024-02-28,6,1,404
2024-02-29,6,1,341
2024-03-01,6,1,1055
2024-03-02,6,1,1020
2024-03-03,6,1,985
2024-03-04,6,1,940
2024-03-05,6,1,901
2024-03-06,6,1,857
2024-03-07,6,1,809
2024-03-08,6,1,769
2024-03-09,6,1,733
2024-03-10,6,1,696
2024-03-11,6,1,644
2024-03-12,6,1,905
2024-03-13,6,1,866
2024-03-14,6,1,824
2024-03-15,6,1,778
2024-03-16,6,1,739
2024-03-17,6,1,706
2024-03-18,6,1,658
2024-03-19,6,1,611
2024-03-20,6,1,809
2024-03-21,6,1,758
2024-03-22,6,1,714
2024-03-23,6,1,684
2024-03-24,6,1,649
2024-03-25,6,1,615
2024-03-26,6,1,579
2024-03-27,6,1,534
2024-03-28,6,1,499
2024-03-29,6,1,445
2024-03-30,6,1,405
2024-03-31,6,1,968
2024-04-01,6,1,922
2024-04-02,6,1,873
2024-04-03,6,1,825
2024-04-04,6,1,776
2024-04-05,6,1,735
2024-04-06,6,1,697
2024-04-07,6,1,661
2024-04-08,6,1,612
2024-04-09,6,1,565
2024-04-10,6,1,517
2024-04-11,6,1,463
2024-04-12,6,1,416
2024-04-13,6,1,612
2024-04-14,6,1,582
2024-04-15,6,1,530
2024-04-16,6,1,479
2024-04-17,6,1,431
2024-04-18,6,1,390
2024-04-19,6,1,349
2024-04-20,6,1,634
2024-04-21,6,1,590
2024-04-22,6,1,546
2024-04-23,6,1,479
2024-04-24,6,1,437
2024-04-25,6,1,399
2024-04-26,6,1,345
2024-04-27,6,1,312
2024-04-28,6,1,277
2024-04-29,6,1,222
2024-04-30,6,1,1107
2024-05-01,6,1,1057
2024-05-02,6,1,1010
2024-05-03,6,1,965
2024-05-04,6,1,933
2024-05-05,6,1,898
2024-05-06,6,1,858
2024-05-07,6,1,809
2024-05-08,6,1,762
2024-05-09,6,1,722
2024-05-10,6,1,681
2024-05-11,6,1,847
2024-05-12,6,1,811
2024-05-13,6,1,755
2024-05-14,6,1,710
2024-05-15,6,1,656
2024-05-16,6,1,612
2024-05-17,6,1,573
2024-05-18,6,1,535
2024-05-19,6,1,490
2024-05-20,6,1,450
2024-05-21,6,1,409
2024-05-22,6,1,371
2024-05-23,6,1,320
2024-05-24,6,1,582
2024-05-25,6,1,752
2024-05-26,6,1,715
2024-05-27,6,1,677
2024-05-28,6,1,632
2024-05-29,6,1,585
2024-05-30,6,1,1062
2024-05-31,6,1,1019
2024-06-01,6,1,991
2024-06-02,6,1,958
2024-06-03,6,1,913
2024-06-04,6,1,847
2024-06-05,6,1,802
2024-06-06,6,1,759
2024-06-07,6,1,720
2024-06-08,6,1,689
2024-06-09,6,1,649
2024-06-10,6,1,592
2024-06-11,6,1,549
2024-06-12,6,1,513
2024-06-13,6,1,471
2024-06-14,6,1,425
2024-06-15,6,1,373
2024-06-16,6,1,340
2024-06-17,6,1,299
2024-06-18,6,1,254
2024-06-19,6,1,211
2024-06-20,6,1,568
2024-06-21,6,1,525
2024-06-22,6,1,491
2024-06-23,6,1,458
2024-06-24,6,1,759
2024-06-25,6,1,719
2024-06-26,6,1,670
2024-06-27,6,1,627
2024-06-28,6,1,588
2024-06-29,6,1,1040
2024-06-30,6,1,1010
2024-07-01,6,1,969
2024-07-02,6,1,931
2024-07-03,6,1,888
2024-07-04,6,1,849
2024-07-05,6,1,811
2024-07-06,6,1,771
2024-07-07,6,1,738
2024-07-08,6,1,697
2024-07-09,6,1,661
2024-07-10,6,1,617
2024-07-11,6,1,937
2024-07-12,6,1,854
2024-07-13,6,1,820
2024-07-14,6,1,783
2024-07-15,6,1,742
2024-07-16,6,1,704
2024-07-17,6,1,664
2024-07-18,6,1,623
2024-07-19,6,1,577
2024-07-20,6,1,545
2024-07-21,6,1,775
2024-07-22,6,1,727
2024-07-23,6,1,683
2024-07-24,6,1,643
2024-07-25,6,1,590
2024-07-26,6,1,537
2024-07-27,6,1,501
2024-07-28,6,1,470
2024-07-29,6,1,1036
2024-07-30,6,1,999
2024-07-31,6,1,937
2024-08-01,6,1,905
2024-08-02,6,1,857
2024-08-03,6,1,830
2024-08-04,6,1,803
2024-08-05,6,1,771
2024-08-06,6,1,730
2024-08-07,6,1,695
2024-08-08,6,1,649
2024-08-09,6,1,609
2024-08-10,6,1,579
2024-08-11,6,1,553
2024-08-12,6,1,940
2024-08-13,6,1,901
2024-08-14,6,1,860
2024-08-15,6,1,825
2024-08-16,6,1,786
2024-08-17,6,1,750
2024-08-18,6,1,722
2024-08-19,6,1,681
2024-08-20,6,1,816
2024-08-21,6,1,775
2024-08-22,6,1,743
2024-08-23,6,1,706
2024-08-24,6,1,678
2024-08-25,6,1,654
2024-08-26,6,1,616
2024-08-27,6,1,587
2024-08-28,6,1,1061
2024-08-29,6,1,1024
2024-08-30,6,1,983
2024-08-31,6,1,954
2024-09-01,6,1,924
2024-09-02,6,1,893
2024-09-03,6,1,858
2024-09-04,6,1,824
2024-09-05,6,1,762
2024-09-06,6,1,730
2024-09-07,6,1,691
2024-09-08,6,1,664
2024-09-09,6,1,622
2024-09-10,6,1,582
2024-09-11,6,1,541
2024-09-12,6,1,506
2024-09-13,6,1,473
2024-09-14,6,1,442
2024-09-15,6,1,415
2024-09-16,6,1,380
2024-09-17,6,1,342
2024-09-18,6,1,302
2024-09-19,6,1,534
2024-09-20,6,1,495
2024-09-21,6,1,467
2024-09-22,6,1,420
2024-09-23,6,1,384
2024-09-24,6,1,351
2024-09-25,6,1,315
2024-09-26,6,1,278
2024-09-27,6,1,1071
2024-09-28,6,1,1040
2024-09-29,6,1,1015
2024-09-30,6,1,978
2024-10-01,6,1,932
2024-10-02,6,1,896
2024-10-03,6,1,861
2024-10-04,6,1,833
2024-10-05,6,1,805
2024-10-06,6,1,776
2024-10-07,6,1,748
2024-10-08,6,1,719
2024-10-09,6,1,684
2024-10-10,6,1,647
2024-10-11,6,1,616
2024-10-12,6,1,584
2024-10-13,6,1,553
2024-10-14,6,1,516
2024-10-15,6,1,480
2024-10-16,6,1,667
2024-10-17,6,1,635
2024-10-18,6,1,882
2024-10-19,6,1,853
2024-10-20,6,1,826
2024-10-21,6,1,794
2024-10-22,6,1,754
2024-10-23,6,1,723
2024-10-24,6,1,693
2024-10-25,6,1,656
2024-10-26,6,1,631
2024-10-27,6,1,1017
2024-10-28,6,1,986
2024-10-29,6,1,956
2024-10-30,6,1,917
2024-10-31,6,1,876
2024-11-01,6,1,837
2024-11-02,6,1,816
2024-11-03,6,1,790
2024-11-04,6,1,755
2024-11-05,6,1,719
2024-11-06,6,1,684
2024-11-07,6,1,649
2024-11-08,6,1,617
2024-11-09,6,1,840
2024-11-10,6,1,811
2024-11-11,6,1,781
2024-11-12,6,1,752
2024-11-13,6,1,716
2024-11-14,6,1,678
2024-11-15,6,1,637
2024-11-16,6,1,608
2024-11-17,6,1,579
2024-11-18,6,1,545
2024-11-19,6,1,762
2024-11-20,6,1,724
2024-11-21,6,1,680
2024-11-22,6,1,654
2024-11-23,6,1,628
2024-11-24,6,1,600
2024-11-25,6,1,568
2024-11-26,6,1,968
2024-11-27,6,1,932
2024-11-28,6,1,893
2024-11-29,6,1,861
2024-11-30,6,1,833
2024-12-01,6,1,798
2024-12-02,6,1,758
2024-12-03,6,1,720
2024-12-04,6,1,674
2024-12-05,6,1,634
2024-12-06,6,1,593
2024-12-07,6,1,561
2024-12-08,6,1,854
2024-12-09,6,1,819
2024-12-10,6,1,780
2024-12-11,6,1,742
2024-12-12,6,1,704
2024-12-13,6,1,660
2024-12-14,6,1,624
2024-12-15,6,1,595
2024-12-16,6,1,857
2024-12-17,6,1,819
2024-12-18,6,1,774
2024-12-19,6,1,726
2024-12-20,6,1,683
2024-12-21,6,1,907
2024-12-22,6,1,881
2024-12-23,6,1,842
2024-12-24,6,1,771
2024-12-25,6,1,712
2024-12-26,6,1,1049
2024-12-27,6,1,1016
2024-12-28,6,1,989
2024-12-29,6,1,963
2024-12-30,6,1,920
2024-12-31,6,1,882
2025-01-01,6,1,848
2025-01-02,6,1,804
2025-01-03,6,1,756
2025-01-04,6,1,724
2025-01-05,6,1,689
2025-01-06,6,1,643
2025-01-07,6,1,604
2025-01-08,6,1,921
2025-01-09,6,1,871
2025-01-10,6,1,825
2025-01-11,6,1,786
2025-01-12,6,1,754
2025-01-13,6,1,715
2025-01-14,6,1,669
2025-01-15,6,1,831
2025-01-16,6,1,765
2025-01-17,6,1,728
2025-01-18,6,1,693
2025-01-19,6,1,655
2025-01-20,6,1,612
2025-01-21,6,1,835
2025-01-22,6,1,790
2025-01-23,6,1,751
2025-01-24,6,1,708
2025-01-25,6,1,1060
2025-01-26,6,1,1035
2025-01-27,6,1,991
2025-01-28,6,1,956
2025-01-29,6,1,914
2025-01-30,6,1,872
2025-01-31,6,1,831
2025-02-01,6,1,792
2025-02-02,6,1,758
2025-02-03,6,1,711
2025-02-04,6,1,670
2025-02-05,6,1,1053
2025-02-06,6,1,1008
2025-02-07,6,1,958
2025-02-08,6,1,925
2025-02-09,6,1,892
2025-02-10,6,1,855
2025-02-11,6,1,812
2025-02-12,6,1,766
2025-02-13,6,1,727
2025-02-14,6,1,687
2025-02-15,6,1,654
2025-02-16,6,1,626
2025-02-17,6,1,575
2025-02-18,6,1,521
2025-02-19,6,1,842
2025-02-20,6,1,792
2025-02-21,6,1,746
2025-02-22,6,1,708
2025-02-23,6,1,670
2025-02-24,6,1,1063
2025-02-25,6,1,1027
2025-02-26,6,1,986
2025-02-27,6,1,939
2025-02-28,6,1,894
2025-03-01,6,1,857
2025-03-02,6,1,817
2025-03-03,6,1,771
2025-03-04,6,1,727
2025-03-05,6,1,673
2025-03-06,6,1,628
2025-03-07,6,1,589
2025-03-08,6,1,542
2025-03-09,6,1,503
2025-03-10,6,1,454
2025-03-11,6,1,400
2025-03-12,6,1,707
2025-03-13,6,1,667
2025-03-14,6,1,618
2025-03-15,6,1,574
2025-03-16,6,1,540
2025-03-17,6,1,491
2025-03-18,6,1,442
2025-03-19,6,1,636
2025-03-20,6,1,744
2025-03-21,6,1,682
2025-03-22,6,1,647
2025-03-23,6,1,871
2025-03-24,6,1,821
2025-03-25,6,1,777
2025-03-26,6,1,1029
2025-03-27,6,1,989
2025-03-28,6,1,944
2025-03-29,6,1,906
2025-03-30,6,1,863
2025-03-31,6,1,820
2025-04-01,6,1,780
2025-04-02,6,1,728
2025-04-03,6,1,674
2025-04-04,6,1,623
2025-04-05,6,1,995
2025-04-06,6,1,961
2025-04-07,6,1,908
2025-04-08,6,1,865
2025-04-09,6,1,810
2025-04-10,6,1,760
2025-04-11,6,1,702
2025-04-12,6,1,664
2025-04-13,6,1,944
2025-04-14,6,1,902
2025-04-15,6,1,851
2025-04-16,6,1,802
2025-04-17,6,1,753
2025-04-18,6,1,700
2025-04-19,6,1,661
2025-04-20,6,1,624
2025-04-21,6,1,573
2025-04-22,6,1,528
2025-04-23,6,1,467
2025-04-24,6,1,414
2025-04-25,6,1,933
2025-04-26,6,1,887
2025-04-27,6,1,855
2025-04-28,6,1,802
2025-04-29,6,1,747
2025-04-30,6,1,699
2025-05-01,6,1,644
2025-05-02,6,1,593
2025-05-03,6,1,556
2025-05-04,6,1,512
2025-05-05,6,1,458
2025-05-06,6,1,694
2025-05-07,6,1,648
2025-05-08,6,1,604
2025-05-09,6,1,552
2025-05-10,6,1,880
2025-05-11,6,1,845
2025-05-12,6,1,800
2025-05-13,6,1,750
2025-05-14,6,1,701
2025-05-15,6,1,628
2025-05-16,6,1,585
2025-05-17,6,1,550
2025-05-18,6,1,483
2025-05-19,6,1,439
2025-05-20,6,1,388
2025-05-21,6,1,346
2025-05-22,6,1,295
2025-05-23,6,1,250
2025-05-24,6,1,209
2025-05-25,6,1,954
2025-05-26,6,1,899
2025-05-27,6,1,858
2025-05-28,6,1,805
2025-05-29,6,1,759
2025-05-30,6,1,716
2025-05-31,6,1,684
2025-06-01,6,1,628
2025-06-02,6,1,926
2025-06-03,6,1,883
2025-06-04,6,1,840
2025-06-05,6,1,792
2025-06-06,6,1,744
2025-06-07,6,1,706
2025-06-08,6,1,668
2025-06-09,6,1,626
2025-06-10,6,1,574
2025-06-11,6,1,530
2025-06-12,6,1,484
2025-06-13,6,1,434
2025-06-14,6,1,401
2025-06-15,6,1,362
2025-06-16,6,1,322
2025-06-17,6,1,273
2025-06-18,6,1,230
2025-06-19,6,1,185
2025-06-20,6,1,145
2025-06-21,6,1,112
2025-06-22,6,1,289
2025-06-23,6,1,217
2025-06-24,6,1,1134
2025-06-25,6,1,1078
2025-06-26,6,1,1035
2025-06-27,6,1,991
2025-06-28,6,1,953
2025-06-29,6,1,914
2025-06-30,6,1,858
2025-07-01,6,1,819
2025-07-02,6,1,782
2025-07-03,6,1,738
2025-07-04,6,1,695
2025-07-05,6,1,660
2025-07-06,6,1,630
2025-07-07,6,1,583
2025-07-08,6,1,535
2025-07-09,6,1,491
2025-07-10,6,1,450
2025-07-11,6,1,404
2025-07-12,6,1,372
2025-07-13,6,1,341
2025-07-14,6,1,687
2025-07-15,6,1,651
2025-07-16,6,1,608
2025-07-17,6,1,570
2025-07-18,6,1,526
2025-07-19,6,1,486
2025-07-20,6,1,455
2025-07-21,6,1,417
2025-07-22,6,1,375
2025-07-23,6,1,329
2025-07-24,6,1,1040
2025-07-25,6,1,1001
2025-07-26,6,1,952
2025-07-27,6,1,913
2025-07-28,6,1,868
2025-07-29,6,1,828
2025-07-30,6,1,790
2025-07-31,6,1,751
2025-08-01,6,1,713
2025-08-02,6,1,676
2025-08-03,6,1,898
2025-08-04,6,1,856
2025-08-05,6,1,817
2025-08-06,6,1,771
2025-08-07,6,1,737
2025-08-08,6,1,697
2025-08-09,6,1,670
2025-08-10,6,1,628
2025-08-11,6,1,983
2025-08-12,6,1,944
2025-08-13,6,1,905
2025-08-14,6,1,866
2025-08-15,6,1,829
2025-08-16,6,1,778
2025-08-17,6,1,754
2025-08-18,6,1,718
2025-08-19,6,1,676
2025-08-20,6,1,629
2025-08-21,6,1,598
2025-08-22,6,1,561
2025-08-23,6,1,986
2025-08-24,6,1,951
2025-08-25,6,1,916
2025-08-26,6,1,877
2025-08-27,6,1,842
2025-08-28,6,1,804
2025-08-29,6,1,768
2025-08-30,6,1,737
2025-08-31,6,1,708
2025-09-01,6,1,665
2025-09-02,6,1,627
2025-09-03,6,1,594
2025-09-04,6,1,556
2025-09-05,6,1,519
2025-09-06,6,1,490
2025-09-07,6,1,454
2025-09-08,6,1,421
2025-09-09,6,1,382
2025-09-10,6,1,347
2025-09-11,6,1,312
2025-09-12,6,1,253
2025-09-13,6,1,223
2025-09-14,6,1,191
2025-09-15,6,1,509
2025-09-16,6,1,473
2025-09-17,6,1,781
2025-09-18,6,1,742
2025-09-19,6,1,694
2025-09-20,6,1,667
2025-09-21,6,1,1028
2025-09-22,6,1,1013
2025-09-23,6,1,974
2025-09-24,6,1,943
2025-09-25,6,1,909
2025-09-26,6,1,874
2025-09-27,6,1,845
2025-09-28,6,1,816
2025-09-29,6,1,784
2025-09-30,6,1,747
2025-10-01,6,1,708
2025-10-02,6,1,678
2025-10-03,6,1,642
2025-10-04,6,1,618
2025-10-05,6,1,587
2025-10-06,6,1,550
2025-10-07,6,1,516
2025-10-08,6,1,477
2025-10-09,6,1,444
2025-10-10,6,1,408
2025-10-11,6,1,385
2025-10-12,6,1,354
2025-10-13,6,1,318
2025-10-14,6,1,277
2025-10-15,6,1,245
2025-10-16,6,1,485
2025-10-17,6,1,447
2025-10-18,6,1,419
2025-10-19,6,1,388
2025-10-20,6,1,351
2025-10-21,6,1,309
2025-10-22,6,1,942
2025-10-23,6,1,903
2025-10-24,6,1,846
2025-10-25,6,1,816
2025-10-26,6,1,788
2025-10-27,6,1,751
2025-10-28,6,1,711
2025-10-29,6,1,675
2025-10-30,6,1,844
2025-10-31,6,1,810
2025-11-01,6,1,776
2025-11-02,6,1,745
2025-11-03,6,1,703
2025-11-04,6,1,666
2025-11-05,6,1,631
2025-11-06,6,1,600
2025-11-07,6,1,560
2025-11-08,6,1,534
2025-11-09,6,1,509
2025-11-10,6,1,765
2025-11-11,6,1,730
2025-11-12,6,1,698
2025-11-13,6,1,663
2025-11-14,6,1,626
2025-11-15,6,1,599
2025-11-16,6,1,575
2025-11-17,6,1,542
2025-11-18,6,1,503
2025-11-19,6,1,878
2025-11-20,6,1,844
2025-11-21,6,1,997
2025-11-22,6,1,967
2025-11-23,6,1,936
2025-11-24,6,1,896
2025-11-25,6,1,861
2025-11-26,6,1,821
2025-11-27,6,1,784
2025-11-28,6,1,751
2025-11-29,6,1,724
2025-11-30,6,1,692
2025-12-01,6,1,657
2025-12-02,6,1,623
2025-12-03,6,1,835
2025-12-04,6,1,799
2025-12-05,6,1,758
2025-12-06,6,1,725
2025-12-07,6,1,693
2025-12-08,6,1,654
2025-12-09,6,1,611
2025-12-10,6,1,1010
2025-12-11,6,1,964
2025-12-12,6,1,929
2025-12-13,6,1,892
2025-12-14,6,1,859
2025-12-15,6,1,816
2025-12-16,6,1,744
2025-12-17,6,1,704
2025-12-18,6,1,655
2025-12-19,6,1,614
2025-12-20,6,1,588
2025-12-21,6,1,985
2025-12-22,6,1,947
2025-12-23,6,1,911
2025-12-24,6,1,869
2025-12-25,6,1,826
2025-12-26,6,1,787
2025-12-27,6,1,758
2025-12-28,6,1,731
2025-12-29,6,1,696
2025-12-30,6,1,663
2025-12-31,6,1,617
2024-01-01,6,2,1632
2024-01-02,6,2,1603
2024-01-03,6,2,1570
2024-01-04,6,2,1539
2024-01-05,6,2,1506
2024-01-06,6,2,1477
2024-01-07,6,2,1449
2024-01-08,6,2,1414
2024-01-09,6,2,1381
2024-01-10,6,2,1356
2024-01-11,6,2,1322
2024-01-12,6,2,1291
2024-01-13,6,2,1260
2024-01-14,6,2,1235
2024-01-15,6,2,1183
2024-01-16,6,2,1152
2024-01-17,6,2,1101
2024-01-18,6,2,1066
2024-01-19,6,2,1027
2024-01-20,6,2,999
2024-01-21,6,2,974
2024-01-22,6,2,937
2024-01-23,6,2,900
2024-01-24,6,2,862
2024-01-25,6,2,825
2024-01-26,6,2,795
2024-01-27,6,2,770
2024-01-28,6,2,746
2024-01-29,6,2,713
2024-01-30,6,2,676
2024-01-31,6,2,1353
2024-02-01,6,2,1317
2024-02-02,6,2,1282
2024-02-03,6,2,1254
2024-02-04,6,2,1223
2024-02-05,6,2,1186
2024-02-06,6,2,1151
2024-02-07,6,2,1117
2024-02-08,6,2,1077
2024-02-09,6,2,1037
2024-02-10,6,2,1008
2024-02-11,6,2,982
2024-02-12,6,2,938
2024-02-13,6,2,907
2024-02-14,6,2,871
2024-02-15,6,2,836
2024-02-16,6,2,800
2024-02-17,6,2,772
2024-02-18,6,2,747
2024-02-19,6,2,711
2024-02-20,6,2,676
2024-02-21,6,2,643
2024-02-22,6,2,603
2024-02-23,6,2,571
2024-02-24,6,2,544
2024-02-25,6,2,516
2024-02-26,6,2,477
2024-02-27,6,2,443
2024-02-28,6,2,406
2024-02-29,6,2,364
2024-03-01,6,2,1343
2024-03-02,6,2,1318
2024-03-03,6,2,1290
2024-03-04,6,2,1255
2024-03-05,6,2,1219
2024-03-06,6,2,1176
2024-03-07,6,2,1136
2024-03-08,6,2,1100
2024-03-09,6,2,1069
2024-03-10,6,2,1037
2024-03-11,6,2,996
2024-03-12,6,2,960
2024-03-13,6,2,928
2024-03-14,6,2,895
2024-03-15,6,2,856
2024-03-16,6,2,824
2024-03-17,6,2,797
2024-03-18,6,2,762
2024-03-19,6,2,723
2024-03-20,6,2,687
2024-03-21,6,2,632
2024-03-22,6,2,597
2024-03-23,6,2,566
2024-03-24,6,2,540
2024-03-25,6,2,472
2024-03-26,6,2,433
2024-03-27,6,2,391
2024-03-28,6,2,351
2024-03-29,6,2,317
2024-03-30,6,2,286
2024-03-31,6,2,1267
2024-04-01,6,2,1229
2024-04-02,6,2,1194
2024-04-03,6,2,1146
2024-04-04,6,2,1112
2024-04-05,6,2,1065
2024-04-06,6,2,1033
2024-04-07,6,2,1001
2024-04-08,6,2,961
2024-04-09,6,2,929
2024-04-10,6,2,890
2024-04-11,6,2,850
2024-04-12,6,2,812
2024-04-13,6,2,778
2024-04-14,6,2,746
2024-04-15,6,2,712
2024-04-16,6,2,677
2024-04-17,6,2,621
2024-04-18,6,2,581
2024-04-19,6,2,711
2024-04-20,6,2,681
2024-04-21,6,2,649
2024-04-22,6,2,606
2024-04-23,6,2,562
2024-04-24,6,2,527
2024-04-25,6,2,629
2024-04-26,6,2,592
2024-04-27,6,2,560
2024-04-28,6,2,536
2024-04-29,6,2,497
2024-04-30,6,2,1561
2024-05-01,6,2,1517
2024-05-02,6,2,1479
2024-05-03,6,2,1441
2024-05-04,6,2,1411
2024-05-05,6,2,1379
2024-05-06,6,2,1346
2024-05-07,6,2,1309
2024-05-08,6,2,1273
2024-05-09,6,2,1233
2024-05-10,6,2,1195
2024-05-11,6,2,1160
2024-05-12,6,2,1131
2024-05-13,6,2,1100
2024-05-14,6,2,1058
2024-05-15,6,2,1017
2024-05-16,6,2,978
2024-05-17,6,2,936
2024-05-18,6,2,907
2024-05-19,6,2,882
2024-05-20,6,2,841
2024-05-21,6,2,803
2024-05-22,6,2,765
2024-05-23,6,2,725
2024-05-24,6,2,693
2024-05-25,6,2,663
2024-05-26,6,2,626
2024-05-27,6,2,589
2024-05-28,6,2,553
2024-05-29,6,2,517
2024-05-30,6,2,1296
2024-05-31,6,2,1253
2024-06-01,6,2,1223
2024-06-02,6,2,1192
2024-06-03,6,2,1158
2024-06-04,6,2,1127
2024-06-05,6,2,1093
2024-06-06,6,2,1053
2024-06-07,6,2,1015
2024-06-08,6,2,989
2024-06-09,6,2,959
2024-06-10,6,2,924
2024-06-11,6,2,890
2024-06-12,6,2,852
2024-06-13,6,2,816
2024-06-14,6,2,779
2024-06-15,6,2,751
2024-06-16,6,2,720
2024-06-17,6,2,682
2024-06-18,6,2,648
2024-06-19,6,2,612
2024-06-20,6,2,569
2024-06-21,6,2,536
2024-06-22,6,2,511
2024-06-23,6,2,479
2024-06-24,6,2,440
2024-06-25,6,2,348
2024-06-26,6,2,316
2024-06-27,6,2,278
2024-06-28,6,2,244
2024-06-29,6,2,1450
2024-06-30,6,2,1420
2024-07-01,6,2,1383
2024-07-02,6,2,1346
2024-07-03,6,2,1309
2024-07-04,6,2,1277
2024-07-05,6,2,1244
2024-07-06,6,2,1189
2024-07-07,6,2,1162
2024-07-08,6,2,1130
2024-07-09,6,2,1097
2024-07-10,6,2,1063
2024-07-11,6,2,1031
2024-07-12,6,2,993
2024-07-13,6,2,967
2024-07-14,6,2,939
2024-07-15,6,2,904
2024-07-16,6,2,863
2024-07-17,6,2,832
2024-07-18,6,2,801
2024-07-19,6,2,769
2024-07-20,6,2,745
2024-07-21,6,2,724
2024-07-22,6,2,692
2024-07-23,6,2,662
2024-07-24,6,2,632
2024-07-25,6,2,594
2024-07-26,6,2,561
2024-07-27,6,2,535
2024-07-28,6,2,658
2024-07-29,6,2,1367
2024-07-30,6,2,1329
2024-07-31,6,2,1292
2024-08-01,6,2,1262
2024-08-02,6,2,1228
2024-08-03,6,2,1205
2024-08-04,6,2,1176
2024-08-05,6,2,1142
2024-08-06,6,2,1108
2024-08-07,6,2,1076
2024-08-08,6,2,1038
2024-08-09,6,2,1005
2024-08-10,6,2,982
2024-08-11,6,2,958
2024-08-12,6,2,927
2024-08-13,6,2,900
2024-08-14,6,2,867
2024-08-15,6,2,828
2024-08-16,6,2,800
2024-08-17,6,2,774
2024-08-18,6,2,752
2024-08-19,6,2,714
2024-08-20,6,2,684
2024-08-21,6,2,659
2024-08-22,6,2,629
2024-08-23,6,2,596
2024-08-24,6,2,554
2024-08-25,6,2,528
2024-08-26,6,2,497
2024-08-27,6,2,467
2024-08-28,6,2,1398
2024-08-29,6,2,1366
2024-08-30,6,2,1317
2024-08-31,6,2,1293
2024-09-01,6,2,1260
2024-09-02,6,2,1230
2024-09-03,6,2,1191
2024-09-04,6,2,1159
2024-09-05,6,2,1129
2024-09-06,6,2,1096
2024-09-07,6,2,1068
2024-09-08,6,2,1046
2024-09-09,6,2,1015
2024-09-10,6,2,988
2024-09-11,6,2,959
2024-09-12,6,2,931
2024-09-13,6,2,894
2024-09-14,6,2,870
2024-09-15,6,2,850
2024-09-16,6,2,821
2024-09-17,6,2,794
2024-09-18,6,2,763
2024-09-19,6,2,731
2024-09-20,6,2,700
2024-09-21,6,2,675
2024-09-22,6,2,651
2024-09-23,6,2,623
2024-09-24,6,2,592
2024-09-25,6,2,562
2024-09-26,6,2,533
2024-09-27,6,2,1514
2024-09-28,6,2,1490
2024-09-29,6,2,1467
2024-09-30,6,2,1440
2024-10-01,6,2,1410
2024-10-02,6,2,1384
2024-10-03,6,2,1352
2024-10-04,6,2,1328
2024-10-05,6,2,1306
2024-10-06,6,2,1273
2024-10-07,6,2,1248
2024-10-08,6,2,1218
2024-10-09,6,2,1188
2024-10-10,6,2,1165
2024-10-11,6,2,1135
2024-10-12,6,2,1115
2024-10-13,6,2,1096
2024-10-14,6,2,1072
2024-10-15,6,2,1045
2024-10-16,6,2,1019
2024-10-17,6,2,984
2024-10-18,6,2,954
2024-10-19,6,2,932
2024-10-20,6,2,909
2024-10-21,6,2,877
2024-10-22,6,2,845
2024-10-23,6,2,817
2024-10-24,6,2,788
2024-10-25,6,2,760
2024-10-26,6,2,739
2024-10-27,6,2,1431
2024-10-28,6,2,1408
2024-10-29,6,2,1369
2024-10-30,6,2,1342
2024-10-31,6,2,1316
2024-11-01,6,2,1273
2024-11-02,6,2,1252
2024-11-03,6,2,1228
2024-11-04,6,2,1197
2024-11-05,6,2,1168
2024-11-06,6,2,1140
2024-11-07,6,2,1113
2024-11-08,6,2,1083
2024-11-09,6,2,1051
2024-11-10,6,2,1024
2024-11-11,6,2,998
2024-11-12,6,2,969
2024-11-13,6,2,941
2024-11-14,6,2,910
2024-11-15,6,2,883
2024-11-16,6,2,857
2024-11-17,6,2,837
2024-11-18,6,2,786
2024-11-19,6,2,758
2024-11-20,6,2,729
2024-11-21,6,2,694
2024-11-22,6,2,663
2024-11-23,6,2,640
2024-11-24,6,2,617
2024-11-25,6,2,585
2024-11-26,6,2,1504
2024-11-27,6,2,1471
2024-11-28,6,2,1443
2024-11-29,6,2,1416
2024-11-30,6,2,1392
2024-12-01,6,2,1368
2024-12-02,6,2,1342
2024-12-03,6,2,1312
2024-12-04,6,2,1278
2024-12-05,6,2,1249
2024-12-06,6,2,1223
2024-12-07,6,2,1195
2024-12-08,6,2,1167
2024-12-09,6,2,1139
2024-12-10,6,2,1109
2024-12-11,6,2,1082
2024-12-12,6,2,1042
2024-12-13,6,2,1013
2024-12-14,6,2,988
2024-12-15,6,2,961
2024-12-16,6,2,928
2024-12-17,6,2,897
2024-12-18,6,2,865
2024-12-19,6,2,831
2024-12-20,6,2,801
2024-12-21,6,2,777
2024-12-22,6,2,749
2024-12-23,6,2,721
2024-12-24,6,2,693
2024-12-25,6,2,662
2024-12-26,6,2,1466
2024-12-27,6,2,1434
2024-12-28,6,2,1410
2024-12-29,6,2,1387
2024-12-30,6,2,1357
2024-12-31,6,2,1324
2025-01-01,6,2,1290
2025-01-02,6,2,1257
2025-01-03,6,2,1219
2025-01-04,6,2,1174
2025-01-05,6,2,1142
2025-01-06,6,2,1107
2025-01-07,6,2,1071
2025-01-08,6,2,1034
2025-01-09,6,2,1002
2025-01-10,6,2,967
2025-01-11,6,2,918
2025-01-12,6,2,894
2025-01-13,6,2,859
2025-01-14,6,2,831
2025-01-15,6,2,796
2025-01-16,6,2,765
2025-01-17,6,2,727
2025-01-18,6,2,701
2025-01-19,6,2,675
2025-01-20,6,2,648
2025-01-21,6,2,614
2025-01-22,6,2,581
2025-01-23,6,2,552
2025-01-24,6,2,522
2025-01-25,6,2,1288
2025-01-26,6,2,1263
2025-01-27,6,2,1229
2025-01-28,6,2,1193
2025-01-29,6,2,1161
2025-01-30,6,2,1122
2025-01-31,6,2,1092
2025-02-01,6,2,1055
2025-02-02,6,2,1022
2025-02-03,6,2,984
2025-02-04,6,2,947
2025-02-05,6,2,909
2025-02-06,6,2,865
2025-02-07,6,2,824
2025-02-08,6,2,798
2025-02-09,6,2,771
2025-02-10,6,2,734
2025-02-11,6,2,703
2025-02-12,6,2,662
2025-02-13,6,2,627
2025-02-14,6,2,587
2025-02-15,6,2,552
2025-02-16,6,2,797
2025-02-17,6,2,763
2025-02-18,6,2,728
2025-02-19,6,2,693
2025-02-20,6,2,662
2025-02-21,6,2,623
2025-02-22,6,2,589
2025-02-23,6,2,560
2025-02-24,6,2,1502
2025-02-25,6,2,1466
2025-02-26,6,2,1421
2025-02-27,6,2,1389
2025-02-28,6,2,1351
2025-03-01,6,2,1321
2025-03-02,6,2,1289
2025-03-03,6,2,1252
2025-03-04,6,2,1208
2025-03-05,6,2,1163
2025-03-06,6,2,1124
2025-03-07,6,2,1089
2025-03-08,6,2,1060
2025-03-09,6,2,1030
2025-03-10,6,2,984
2025-03-11,6,2,944
2025-03-12,6,2,901
2025-03-13,6,2,863
2025-03-14,6,2,817
2025-03-15,6,2,786
2025-03-16,6,2,754
2025-03-17,6,2,716
2025-03-18,6,2,677
2025-03-19,6,2,639
2025-03-20,6,2,599
2025-03-21,6,2,560
2025-03-22,6,2,772
2025-03-23,6,2,738
2025-03-24,6,2,698
2025-03-25,6,2,662
2025-03-26,6,2,1429
2025-03-27,6,2,1362
2025-03-28,6,2,1331
2025-03-29,6,2,1301
2025-03-30,6,2,1271
2025-03-31,6,2,1229
2025-04-01,6,2,1193
2025-04-02,6,2,1153
2025-04-03,6,2,1114
2025-04-04,6,2,1067
2025-04-05,6,2,1032
2025-04-06,6,2,998
2025-04-07,6,2,963
2025-04-08,6,2,923
2025-04-09,6,2,882
2025-04-10,6,2,840
2025-04-11,6,2,802
2025-04-12,6,2,767
2025-04-13,6,2,738
2025-04-14,6,2,697
2025-04-15,6,2,666
2025-04-16,6,2,622
2025-04-17,6,2,581
2025-04-18,6,2,536
2025-04-19,6,2,653
2025-04-20,6,2,622
2025-04-21,6,2,574
2025-04-22,6,2,538
2025-04-23,6,2,504
2025-04-24,6,2,469
2025-04-25,6,2,1522
2025-04-26,6,2,1492
2025-04-27,6,2,1459
2025-04-28,6,2,1415
2025-04-29,6,2,1371
2025-04-30,6,2,1332
2025-05-01,6,2,1285
2025-05-02,6,2,1243
2025-05-03,6,2,1216
2025-05-04,6,2,1186
2025-05-05,6,2,1146
2025-05-06,6,2,1105
2025-05-07,6,2,1068
2025-05-08,6,2,1024
2025-05-09,6,2,988
2025-05-10,6,2,963
2025-05-11,6,2,934
2025-05-12,6,2,894
2025-05-13,6,2,850
2025-05-14,6,2,810
2025-05-15,6,2,772
2025-05-16,6,2,737
2025-05-17,6,2,707
2025-05-18,6,2,673
2025-05-19,6,2,631
2025-05-20,6,2,597
2025-05-21,6,2,555
2025-05-22,6,2,514
2025-05-23,6,2,702
2025-05-24,6,2,679
2025-05-25,6,2,1373
2025-05-26,6,2,1335
2025-05-27,6,2,1293
2025-05-28,6,2,1256
2025-05-29,6,2,1219
2025-05-30,6,2,1176
2025-05-31,6,2,1143
2025-06-01,6,2,1119
2025-06-02,6,2,1087
2025-06-03,6,2,1053
2025-06-04,6,2,999
2025-06-05,6,2,963
2025-06-06,6,2,918
2025-06-07,6,2,889
2025-06-08,6,2,860
2025-06-09,6,2,821
2025-06-10,6,2,786
2025-06-11,6,2,742
2025-06-12,6,2,712
2025-06-13,6,2,679
2025-06-14,6,2,647
2025-06-15,6,2,617
2025-06-16,6,2,575
2025-06-17,6,2,535
2025-06-18,6,2,492
2025-06-19,6,2,734
2025-06-20,6,2,705
2025-06-21,6,2,677
2025-06-22,6,2,643
2025-06-23,6,2,590
2025-06-24,6,2,1352
2025-06-25,6,2,1317
2025-06-26,6,2,1273
2025-06-27,6,2,1243
2025-06-28,6,2,1211
2025-06-29,6,2,1181
2025-06-30,6,2,1136
2025-07-01,6,2,1102
2025-07-02,6,2,1065
2025-07-03,6,2,1029
2025-07-04,6,2,986
2025-07-05,6,2,960
2025-07-06,6,2,931
2025-07-07,6,2,899
2025-07-08,6,2,865
2025-07-09,6,2,827
2025-07-10,6,2,795
2025-07-11,6,2,764
2025-07-12,6,2,736
2025-07-13,6,2,710
2025-07-14,6,2,674
2025-07-15,6,2,638
2025-07-16,6,2,597
2025-07-17,6,2,556
2025-07-18,6,2,521
2025-07-19,6,2,491
2025-07-20,6,2,464
2025-07-21,6,2,433
2025-07-22,6,2,402
2025-07-23,6,2,553
2025-07-24,6,2,1465
2025-07-25,6,2,1427
2025-07-26,6,2,1403
2025-07-27,6,2,1373
2025-07-28,6,2,1338
2025-07-29,6,2,1304
2025-07-30,6,2,1267
2025-07-31,6,2,1236
2025-08-01,6,2,1199
2025-08-02,6,2,1175
2025-08-03,6,2,1145
2025-08-04,6,2,1113
2025-08-05,6,2,1079
2025-08-06,6,2,1046
2025-08-07,6,2,1008
2025-08-08,6,2,973
2025-08-09,6,2,945
2025-08-10,6,2,920
2025-08-11,6,2,872
2025-08-12,6,2,841
2025-08-13,6,2,802
2025-08-14,6,2,766
2025-08-15,6,2,736
2025-08-16,6,2,712
2025-08-17,6,2,685
2025-08-18,6,2,653
2025-08-19,6,2,620
2025-08-20,6,2,587
2025-08-21,6,2,554
2025-08-22,6,2,520
2025-08-23,6,2,1316
2025-08-24,6,2,1293
2025-08-25,6,2,1261
2025-08-26,6,2,1223
2025-08-27,6,2,1191
2025-08-28,6,2,1162
2025-08-29,6,2,1126
2025-08-30,6,2,1103
2025-08-31,6,2,1075
2025-09-01,6,2,1047
2025-09-02,6,2,1017
2025-09-03,6,2,985
2025-09-04,6,2,944
2025-09-05,6,2,895
2025-09-06,6,2,871
2025-09-07,6,2,847
2025-09-08,6,2,806
2025-09-09,6,2,770
2025-09-10,6,2,739
2025-09-11,6,2,706
2025-09-12,6,2,680
2025-09-13,6,2,653
2025-09-14,6,2,629
2025-09-15,6,2,598
2025-09-16,6,2,569
2025-09-17,6,2,785
2025-09-18,6,2,755
2025-09-19,6,2,724
2025-09-20,6,2,694
2025-09-21,6,2,668
2025-09-22,6,2,1524
2025-09-23,6,2,1477
2025-09-24,6,2,1443
2025-09-25,6,2,1409
2025-09-26,6,2,1383
2025-09-27,6,2,1353
2025-09-28,6,2,1330
2025-09-29,6,2,1301
2025-09-30,6,2,1273
2025-10-01,6,2,1244
2025-10-02,6,2,1214
2025-10-03,6,2,1161
2025-10-04,6,2,1137
2025-10-05,6,2,1113
2025-10-06,6,2,1084
2025-10-07,6,2,1057
2025-10-08,6,2,1031
2025-10-09,6,2,997
2025-10-10,6,2,952
2025-10-11,6,2,930
2025-10-12,6,2,909
2025-10-13,6,2,880
2025-10-14,6,2,849
2025-10-15,6,2,818
2025-10-16,6,2,787
2025-10-17,6,2,755
2025-10-18,6,2,731
2025-10-19,6,2,705
2025-10-20,6,2,670
2025-10-21,6,2,640
2025-10-22,6,2,1399
2025-10-23,6,2,1366
2025-10-24,6,2,1334
2025-10-25,6,2,1310
2025-10-26,6,2,1277
2025-10-27,6,2,1250
2025-10-28,6,2,1223
2025-10-29,6,2,1193
2025-10-30,6,2,1166
2025-10-31,6,2,1128
2025-11-01,6,2,1110
2025-11-02,6,2,1085
2025-11-03,6,2,1049
2025-11-04,6,2,1018
2025-11-05,6,2,994
2025-11-06,6,2,965
2025-11-07,6,2,934
2025-11-08,6,2,910
2025-11-09,6,2,884
2025-11-10,6,2,847
2025-11-11,6,2,812
2025-11-12,6,2,777
2025-11-13,6,2,745
2025-11-14,6,2,718
2025-11-15,6,2,695
2025-11-16,6,2,673
2025-11-17,6,2,644
2025-11-18,6,2,616
2025-11-19,6,2,582
2025-11-20,6,2,554
2025-11-21,6,2,1544
2025-11-22,6,2,1518
2025-11-23,6,2,1480
2025-11-24,6,2,1452
2025-11-25,6,2,1417
2025-11-26,6,2,1385
2025-11-27,6,2,1346
2025-11-28,6,2,1322
2025-11-29,6,2,1298
2025-11-30,6,2,1273
2025-12-01,6,2,1249
2025-12-02,6,2,1221
2025-12-03,6,2,1184
2025-12-04,6,2,1157
2025-12-05,6,2,1119
2025-12-06,6,2,1093
2025-12-07,6,2,1069
2025-12-08,6,2,1037
2025-12-09,6,2,1002
2025-12-10,6,2,970
2025-12-11,6,2,935
2025-12-12,6,2,905
2025-12-13,6,2,883
2025-12-14,6,2,856
2025-12-15,6,2,827
2025-12-16,6,2,794
2025-12-17,6,2,763
2025-12-18,6,2,728
2025-12-19,6,2,697
2025-12-20,6,2,674
2025-12-21,6,2,1328
2025-12-22,6,2,1271
2025-12-23,6,2,1236
2025-12-24,6,2,1196
2025-12-25,6,2,1162
2025-12-26,6,2,1127
2025-12-27,6,2,1099
2025-12-28,6,2,1073
2025-12-29,6,2,1037
2025-12-30,6,2,1000
2025-12-31,6,2,965
2024-01-01,6,3,3312
2024-01-02,6,3,3273
2024-01-03,6,3,3242
2024-01-04,6,3,3209
2024-01-05,6,3,3172
2024-01-06,6,3,3143
2024-01-07,6,3,3112
2024-01-08,6,3,3069
2024-01-09,6,3,3034
2024-01-10,6,3,2998
2024-01-11,6,3,2959
2024-01-12,6,3,2921
2024-01-13,6,3,2887
2024-01-14,6,3,2852
2024-01-15,6,3,2810
2024-01-16,6,3,2777
2024-01-17,6,3,2735
2024-01-18,6,3,2705
2024-01-19,6,3,2647
2024-01-20,6,3,2612
2024-01-21,6,3,2578
2024-01-22,6,3,2539
2024-01-23,6,3,2488
2024-01-24,6,3,2452
2024-01-25,6,3,2407
2024-01-26,6,3,2372
2024-01-27,6,3,2336
2024-01-28,6,3,2310
2024-01-29,6,3,2267
2024-01-30,6,3,2231
2024-01-31,6,3,2804
2024-02-01,6,3,2766
2024-02-02,6,3,2693
2024-02-03,6,3,2659
2024-02-04,6,3,2628
2024-02-05,6,3,2592
2024-02-06,6,3,2555
2024-02-07,6,3,2512
2024-02-08,6,3,2471
2024-02-09,6,3,2434
2024-02-10,6,3,2400
2024-02-11,6,3,2367
2024-02-12,6,3,2322
2024-02-13,6,3,2278
2024-02-14,6,3,2236
2024-02-15,6,3,2191
2024-02-16,6,3,2144
2024-02-17,6,3,2107
2024-02-18,6,3,2080
2024-02-19,6,3,2046
2024-02-20,6,3,1988
2024-02-21,6,3,1947
2024-02-22,6,3,1894
2024-02-23,6,3,1860
2024-02-24,6,3,1830
2024-02-25,6,3,1795
2024-02-26,6,3,1753
2024-02-27,6,3,1708
2024-02-28,6,3,1665
2024-02-29,6,3,1625
2024-03-01,6,3,2622
2024-03-02,6,3,2586
2024-03-03,6,3,2551
2024-03-04,6,3,2514
2024-03-05,6,3,2467
2024-03-06,6,3,2422
2024-03-07,6,3,2368
2024-03-08,6,3,2331
2024-03-09,6,3,2294
2024-03-10,6,3,2257
2024-03-11,6,3,2217
2024-03-12,6,3,2178
2024-03-13,6,3,2138
2024-03-14,6,3,2096
2024-03-15,6,3,2051
2024-03-16,6,3,2018
2024-03-17,6,3,1987
2024-03-18,6,3,1944
2024-03-19,6,3,1907
2024-03-20,6,3,1857
2024-03-21,6,3,1821
2024-03-22,6,3,1789
2024-03-23,6,3,1754
2024-03-24,6,3,1698
2024-03-25,6,3,1657
2024-03-26,6,3,1614
2024-03-27,6,3,1571
2024-03-28,6,3,1519
2024-03-29,6,3,1480
2024-03-30,6,3,1441
2024-03-31,6,3,2859
2024-04-01,6,3,2802
2024-04-02,6,3,2760
2024-04-03,6,3,2716
2024-04-04,6,3,2682
2024-04-05,6,3,2642
2024-04-06,6,3,2603
2024-04-07,6,3,2566
2024-04-08,6,3,2520
2024-04-09,6,3,2474
2024-04-10,6,3,2418
2024-04-11,6,3,2353
2024-04-12,6,3,2280
2024-04-13,6,3,2243
2024-04-14,6,3,2210
2024-04-15,6,3,2163
2024-04-16,6,3,2124
2024-04-17,6,3,2080
2024-04-18,6,3,2037
2024-04-19,6,3,1997
2024-04-20,6,3,1962
2024-04-21,6,3,1923
2024-04-22,6,3,1878
2024-04-23,6,3,1826
2024-04-24,6,3,1784
2024-04-25,6,3,1740
2024-04-26,6,3,1689
2024-04-27,6,3,1657
2024-04-28,6,3,1617
2024-04-29,6,3,1575
2024-04-30,6,3,2764
2024-05-01,6,3,2719
2024-05-02,6,3,2680
2024-05-03,6,3,2631
2024-05-04,6,3,2599
2024-05-05,6,3,2564
2024-05-06,6,3,2517
2024-05-07,6,3,2477
2024-05-08,6,3,2433
2024-05-09,6,3,2393
2024-05-10,6,3,2348
2024-05-11,6,3,2309
2024-05-12,6,3,2276
2024-05-13,6,3,2229
2024-05-14,6,3,2180
2024-05-15,6,3,2134
2024-05-16,6,3,2094
2024-05-17,6,3,2047
2024-05-18,6,3,2011
2024-05-19,6,3,1973
2024-05-20,6,3,1934
2024-05-21,6,3,1887
2024-05-22,6,3,1844
2024-05-23,6,3,1794
2024-05-24,6,3,1747
2024-05-25,6,3,1708
2024-05-26,6,3,1671
2024-05-27,6,3,1631
2024-05-28,6,3,1587
2024-05-29,6,3,1540
2024-05-30,6,3,2629
2024-05-31,6,3,2561
2024-06-01,6,3,2536
2024-06-02,6,3,2506
2024-06-03,6,3,2462
2024-06-04,6,3,2417
2024-06-05,6,3,2389
2024-06-06,6,3,2344
2024-06-07,6,3,2282
2024-06-08,6,3,2248
2024-06-09,6,3,2215
2024-06-10,6,3,2169
2024-06-11,6,3,2123
2024-06-12,6,3,2079
2024-06-13,6,3,2039
2024-06-14,6,3,2003
2024-06-15,6,3,1972
2024-06-16,6,3,1944
2024-06-17,6,3,1905
2024-06-18,6,3,1869
2024-06-19,6,3,1829
2024-06-20,6,3,1787
2024-06-21,6,3,1752
2024-06-22,6,3,1715
2024-06-23,6,3,1683
2024-06-24,6,3,1639
2024-06-25,6,3,1595
2024-06-26,6,3,1563
2024-06-27,6,3,1517
2024-06-28,6,3,1472
2024-06-29,6,3,2662
2024-06-30,6,3,2630
2024-07-01,6,3,2585
2024-07-02,6,3,2542
2024-07-03,6,3,2504
2024-07-04,6,3,2465
2024-07-05,6,3,2421
2024-07-06,6,3,2392
2024-07-07,6,3,2363
2024-07-08,6,3,2323
2024-07-09,6,3,2285
2024-07-10,6,3,2244
2024-07-11,6,3,2203
2024-07-12,6,3,2167
2024-07-13,6,3,2137
2024-07-14,6,3,2091
2024-07-15,6,3,2030
2024-07-16,6,3,1992
2024-07-17,6,3,1949
2024-07-18,6,3,1912
2024-07-19,6,3,1871
2024-07-20,6,3,1837
2024-07-21,6,3,1810
2024-07-22,6,3,1773
2024-07-23,6,3,1732
2024-07-24,6,3,1689
2024-07-25,6,3,1657
2024-07-26,6,3,1608
2024-07-27,6,3,1575
2024-07-28,6,3,1542
2024-07-29,6,3,2845
2024-07-30,6,3,2809
2024-07-31,6,3,2767
2024-08-01,6,3,2732
2024-08-02,6,3,2690
2024-08-03,6,3,2660
2024-08-04,6,3,2629
2024-08-05,6,3,2593
2024-08-06,6,3,2557
2024-08-07,6,3,2516
2024-08-08,6,3,2479
2024-08-09,6,3,2451
2024-08-10,6,3,2418
2024-08-11,6,3,2389
2024-08-12,6,3,2349
2024-08-13,6,3,2308
2024-08-14,6,3,2273
2024-08-15,6,3,2234
2024-08-16,6,3,2197
2024-08-17,6,3,2174
2024-08-18,6,3,2132
2024-08-19,6,3,2086
2024-08-20,6,3,2050
2024-08-21,6,3,2020
2024-08-22,6,3,1986
2024-08-23,6,3,1953
2024-08-24,6,3,1921
2024-08-25,6,3,1893
2024-08-26,6,3,1847
2024-08-27,6,3,1804
2024-08-28,6,3,2712
2024-08-29,6,3,2675
2024-08-30,6,3,2645
2024-08-31,6,3,2616
2024-09-01,6,3,2594
2024-09-02,6,3,2559
2024-09-03,6,3,2520
2024-09-04,6,3,2487
2024-09-05,6,3,2453
2024-09-06,6,3,2420
2024-09-07,6,3,2392
2024-09-08,6,3,2365
2024-09-09,6,3,2327
2024-09-10,6,3,2301
2024-09-11,6,3,2268
2024-09-12,6,3,2233
2024-09-13,6,3,2203
2024-09-14,6,3,2173
2024-09-15,6,3,2140
2024-09-16,6,3,2109
2024-09-17,6,3,2079
2024-09-18,6,3,2027
2024-09-19,6,3,1989
2024-09-20,6,3,1960
2024-09-21,6,3,1934
2024-09-22,6,3,1911
2024-09-23,6,3,1878
2024-09-24,6,3,1837
2024-09-25,6,3,1806
2024-09-26,6,3,1771
2024-09-27,6,3,2905
2024-09-28,6,3,2880
2024-09-29,6,3,2840
2024-09-30,6,3,2804
2024-10-01,6,3,2769
2024-10-02,6,3,2733
2024-10-03,6,3,2695
2024-10-04,6,3,2660
2024-10-05,6,3,2630
2024-10-06,6,3,2592
2024-10-07,6,3,2565
2024-10-08,6,3,2516
2024-10-09,6,3,2482
2024-10-10,6,3,2446
2024-10-11,6,3,2414
2024-10-12,6,3,2387
2024-10-13,6,3,2359
2024-10-14,6,3,2322
2024-10-15,6,3,2294
2024-10-16,6,3,2261
2024-10-17,6,3,2225
2024-10-18,6,3,2192
2024-10-19,6,3,2164
2024-10-20,6,3,2138
2024-10-21,6,3,2109
2024-10-22,6,3,2082
2024-10-23,6,3,2049
2024-10-24,6,3,2014
2024-10-25,6,3,1976
2024-10-26,6,3,1945
2024-10-27,6,3,2848
2024-10-28,6,3,2809
2024-10-29,6,3,2778
2024-10-30,6,3,2750
2024-10-31,6,3,2721
2024-11-01,6,3,2688
2024-11-02,6,3,2667
2024-11-03,6,3,2641
2024-11-04,6,3,2603
2024-11-05,6,3,2570
2024-11-06,6,3,2531
2024-11-07,6,3,2499
2024-11-08,6,3,2463
2024-11-09,6,3,2438
2024-11-10,6,3,2410
2024-11-11,6,3,2375
2024-11-12,6,3,2319
2024-11-13,6,3,2279
2024-11-14,6,3,2244
2024-11-15,6,3,2207
2024-11-16,6,3,2173
2024-11-17,6,3,2151
2024-11-18,6,3,2120
2024-11-19,6,3,2082
2024-11-20,6,3,2047
2024-11-21,6,3,2013
2024-11-22,6,3,1977
2024-11-23,6,3,1951
2024-11-24,6,3,1923
2024-11-25,6,3,1888
2024-11-26,6,3,2781
2024-11-27,6,3,2747
2024-11-28,6,3,2715
2024-11-29,6,3,2687
2024-11-30,6,3,2662
2024-12-01,6,3,2633
2024-12-02,6,3,2596
2024-12-03,6,3,2559
2024-12-04,6,3,2520
2024-12-05,6,3,2473
2024-12-06,6,3,2433
2024-12-07,6,3,2399
2024-12-08,6,3,2369
2024-12-09,6,3,2330
2024-12-10,6,3,2295
2024-12-11,6,3,2256
2024-12-12,6,3,2217
2024-12-13,6,3,2179
2024-12-14,6,3,2153
2024-12-15,6,3,2121
2024-12-16,6,3,2089
2024-12-17,6,3,2052
2024-12-18,6,3,2011
2024-12-19,6,3,1974
2024-12-20,6,3,1936
2024-12-21,6,3,1912
2024-12-22,6,3,1886
2024-12-23,6,3,1849
2024-12-24,6,3,1814
2024-12-25,6,3,1771
2024-12-26,6,3,2805
2024-12-27,6,3,2766
2024-12-28,6,3,2735
2024-12-29,6,3,2705
2024-12-30,6,3,2670
2024-12-31,6,3,2632
2025-01-01,6,3,2585
2025-01-02,6,3,2538
2025-01-03,6,3,2498
2025-01-04,6,3,2467
2025-01-05,6,3,2434
2025-01-06,6,3,2386
2025-01-07,6,3,2347
2025-01-08,6,3,2307
2025-01-09,6,3,2271
2025-01-10,6,3,2232
2025-01-11,6,3,2197
2025-01-12,6,3,2172
2025-01-13,6,3,2130
2025-01-14,6,3,2089
2025-01-15,6,3,2044
2025-01-16,6,3,2002
2025-01-17,6,3,1953
2025-01-18,6,3,1922
2025-01-19,6,3,1891
2025-01-20,6,3,1847
2025-01-21,6,3,1809
2025-01-22,6,3,1768
2025-01-23,6,3,1732
2025-01-24,6,3,1700
2025-01-25,6,3,2904
2025-01-26,6,3,2857
2025-01-27,6,3,2810
2025-01-28,6,3,2767
2025-01-29,6,3,2727
2025-01-30,6,3,2682
2025-01-31,6,3,2637
2025-02-01,6,3,2603
2025-02-02,6,3,2555
2025-02-03,6,3,2507
2025-02-04,6,3,2458
2025-02-05,6,3,2419
2025-02-06,6,3,2376
2025-02-07,6,3,2336
2025-02-08,6,3,2278
2025-02-09,6,3,2234
2025-02-10,6,3,2196
2025-02-11,6,3,2155
2025-02-12,6,3,2104
2025-02-13,6,3,2056
2025-02-14,6,3,2013
2025-02-15,6,3,1975
2025-02-16,6,3,1940
2025-02-17,6,3,1893
2025-02-18,6,3,1844
2025-02-19,6,3,1800
2025-02-20,6,3,1729
2025-02-21,6,3,1689
2025-02-22,6,3,1662
2025-02-23,6,3,1629
2025-02-24,6,3,2702
2025-02-25,6,3,2652
2025-02-26,6,3,2608
2025-02-27,6,3,2558
2025-02-28,6,3,2508
2025-03-01,6,3,2479
2025-03-02,6,3,2440
2025-03-03,6,3,2395
2025-03-04,6,3,2348
2025-03-05,6,3,2301
2025-03-06,6,3,2261
2025-03-07,6,3,2217
2025-03-08,6,3,2181
2025-03-09,6,3,2146
2025-03-10,6,3,2098
2025-03-11,6,3,2058
2025-03-12,6,3,2013
2025-03-13,6,3,1972
2025-03-14,6,3,1924
2025-03-15,6,3,1889
2025-03-16,6,3,1851
2025-03-17,6,3,1801
2025-03-18,6,3,1749
2025-03-19,6,3,1703
2025-03-20,6,3,1652
2025-03-21,6,3,1606
2025-03-22,6,3,1569
2025-03-23,6,3,1535
2025-03-24,6,3,1494
2025-03-25,6,3,1455
2025-03-26,6,3,2891
2025-03-27,6,3,2850
2025-03-28,6,3,2804
2025-03-29,6,3,2767
2025-03-30,6,3,2733
2025-03-31,6,3,2689
2025-04-01,6,3,2643
2025-04-02,6,3,2595
2025-04-03,6,3,2548
2025-04-04,6,3,2501
2025-04-05,6,3,2462
2025-04-06,6,3,2424
2025-04-07,6,3,2383
2025-04-08,6,3,2328
2025-04-09,6,3,2282
2025-04-10,6,3,2184
2025-04-11,6,3,2140
2025-04-12,6,3,2100
2025-04-13,6,3,2060
2025-04-14,6,3,2009
2025-04-15,6,3,1965
2025-04-16,6,3,1917
2025-04-17,6,3,1872
2025-04-18,6,3,1816
2025-04-19,6,3,1777
2025-04-20,6,3,1740
2025-04-21,6,3,1690
2025-04-22,6,3,1645
2025-04-23,6,3,1589
2025-04-24,6,3,1546
2025-04-25,6,3,2747
2025-04-26,6,3,2705
2025-04-27,6,3,2673
2025-04-28,6,3,2611
2025-04-29,6,3,2559
2025-04-30,6,3,2510
2025-05-01,6,3,2448
2025-05-02,6,3,2397
2025-05-03,6,3,2358
2025-05-04,6,3,2322
2025-05-05,6,3,2276
2025-05-06,6,3,2228
2025-05-07,6,3,2186
2025-05-08,6,3,2141
2025-05-09,6,3,2092
2025-05-10,6,3,2051
2025-05-11,6,3,2014
2025-05-12,6,3,1965
2025-05-13,6,3,1921
2025-05-14,6,3,1879
2025-05-15,6,3,1843
2025-05-16,6,3,1789
2025-05-17,6,3,1749
2025-05-18,6,3,1698
2025-05-19,6,3,1660
2025-05-20,6,3,1615
2025-05-21,6,3,1571
2025-05-22,6,3,1527
2025-05-23,6,3,1485
2025-05-24,6,3,1449
2025-05-25,6,3,2917
2025-05-26,6,3,2870
2025-05-27,6,3,2814
2025-05-28,6,3,2773
2025-05-29,6,3,2728
2025-05-30,6,3,2675
2025-05-31,6,3,2645
2025-06-01,6,3,2613
2025-06-02,6,3,2571
2025-06-03,6,3,2524
2025-06-04,6,3,2483
2025-06-05,6,3,2442
2025-06-06,6,3,2394
2025-06-07,6,3,2361
2025-06-08,6,3,2331
2025-06-09,6,3,2288
2025-06-10,6,3,2241
2025-06-11,6,3,2177
2025-06-12,6,3,2144
2025-06-13,6,3,2103
2025-06-14,6,3,2063
2025-06-15,6,3,2025
2025-06-16,6,3,1972
2025-06-17,6,3,1918
2025-06-18,6,3,1878
2025-06-19,6,3,1835
2025-06-20,6,3,1794
2025-06-21,6,3,1760
2025-06-22,6,3,1726
2025-06-23,6,3,1687
2025-06-24,6,3,2620
2025-06-25,6,3,2572
2025-06-26,6,3,2508
2025-06-27,6,3,2462
2025-06-28,6,3,2432
2025-06-29,6,3,2396
2025-06-30,6,3,2348
2025-07-01,6,3,2306
2025-07-02,6,3,2266
2025-07-03,6,3,2226
2025-07-04,6,3,2178
2025-07-05,6,3,2145
2025-07-06,6,3,2115
2025-07-07,6,3,2072
2025-07-08,6,3,2032
2025-07-09,6,3,1990
2025-07-10,6,3,1947
2025-07-11,6,3,1911
2025-07-12,6,3,1877
2025-07-13,6,3,1846
2025-07-14,6,3,1807
2025-07-15,6,3,1765
2025-07-16,6,3,1728
2025-07-17,6,3,1681
2025-07-18,6,3,1639
2025-07-19,6,3,1602
2025-07-20,6,3,1570
2025-07-21,6,3,1527
2025-07-22,6,3,1485
2025-07-23,6,3,1436
2025-07-24,6,3,2855
2025-07-25,6,3,2808
2025-07-26,6,3,2775
2025-07-27,6,3,2741
2025-07-28,6,3,2704
2025-07-29,6,3,2663
2025-07-30,6,3,2615
2025-07-31,6,3,2582
2025-08-01,6,3,2542
2025-08-02,6,3,2513
2025-08-03,6,3,2481
2025-08-04,6,3,2441
2025-08-05,6,3,2403
2025-08-06,6,3,2373
2025-08-07,6,3,2330
2025-08-08,6,3,2292
2025-08-09,6,3,2246
2025-08-10,6,3,2220
2025-08-11,6,3,2183
2025-08-12,6,3,2147
2025-08-13,6,3,2110
2025-08-14,6,3,2068
2025-08-15,6,3,2034
2025-08-16,6,3,1973
2025-08-17,6,3,1947
2025-08-18,6,3,1914
2025-08-19,6,3,1882
2025-08-20,6,3,1844
2025-08-21,6,3,1805
2025-08-22,6,3,1767
2025-08-23,6,3,2861
2025-08-24,6,3,2834
2025-08-25,6,3,2798
2025-08-26,6,3,2757
2025-08-27,6,3,2722
2025-08-28,6,3,2681
2025-08-29,6,3,2648
2025-08-30,6,3,2596
2025-08-31,6,3,2568
2025-09-01,6,3,2531
2025-09-02,6,3,2481
2025-09-03,6,3,2445
2025-09-04,6,3,2410
2025-09-05,6,3,2370
2025-09-06,6,3,2340
2025-09-07,6,3,2313
2025-09-08,6,3,2278
2025-09-09,6,3,2242
2025-09-10,6,3,2202
2025-09-11,6,3,2170
2025-09-12,6,3,2142
2025-09-13,6,3,2115
2025-09-14,6,3,2084
2025-09-15,6,3,2034
2025-09-16,6,3,2000
2025-09-17,6,3,1955
2025-09-18,6,3,1922
2025-09-19,6,3,1881
2025-09-20,6,3,1851
2025-09-21,6,3,1822
2025-09-22,6,3,2799
2025-09-23,6,3,2759
2025-09-24,6,3,2726
2025-09-25,6,3,2687
2025-09-26,6,3,2643
2025-09-27,6,3,2619
2025-09-28,6,3,2592
2025-09-29,6,3,2557
2025-09-30,6,3,2522
2025-10-01,6,3,2456
2025-10-02,6,3,2420
2025-10-03,6,3,2378
2025-10-04,6,3,2350
2025-10-05,6,3,2323
2025-10-06,6,3,2281
2025-10-07,6,3,2216
2025-10-08,6,3,2180
2025-10-09,6,3,2150
2025-10-10,6,3,2111
2025-10-11,6,3,2088
2025-10-12,6,3,2057
2025-10-13,6,3,2026
2025-10-14,6,3,1995
2025-10-15,6,3,1961
2025-10-16,6,3,1927
2025-10-17,6,3,1888
2025-10-18,6,3,1841
2025-10-19,6,3,1798
2025-10-20,6,3,1755
2025-10-21,6,3,1715
2025-10-22,6,3,2699
2025-10-23,6,3,2664
2025-10-24,6,3,2609
2025-10-25,6,3,2581
2025-10-26,6,3,2547
2025-10-27,6,3,2503
2025-10-28,6,3,2473
2025-10-29,6,3,2435
2025-10-30,6,3,2396
2025-10-31,6,3,2356
2025-11-01,6,3,2326
2025-11-02,6,3,2302
2025-11-03,6,3,2260
2025-11-04,6,3,2224
2025-11-05,6,3,2172
2025-11-06,6,3,2132
2025-11-07,6,3,2099
2025-11-08,6,3,2069
2025-11-09,6,3,2040
2025-11-10,6,3,2004
2025-11-11,6,3,1965
2025-11-12,6,3,1924
2025-11-13,6,3,1891
2025-11-14,6,3,1863
2025-11-15,6,3,1839
2025-11-16,6,3,1812
2025-11-17,6,3,1776
2025-11-18,6,3,1733
2025-11-19,6,3,1693
2025-11-20,6,3,1649
2025-11-21,6,3,2644
2025-11-22,6,3,2613
2025-11-23,6,3,2587
2025-11-24,6,3,2544
2025-11-25,6,3,2508
2025-11-26,6,3,2468
2025-11-27,6,3,2432
2025-11-28,6,3,2404
2025-11-29,6,3,2379
2025-11-30,6,3,2350
2025-12-01,6,3,2316
2025-12-02,6,3,2281
2025-12-03,6,3,2239
2025-12-04,6,3,2197
2025-12-05,6,3,2153
2025-12-06,6,3,2121
2025-12-07,6,3,2090
2025-12-08,6,3,2047
2025-12-09,6,3,2010
2025-12-10,6,3,1973
2025-12-11,6,3,1934
2025-12-12,6,3,1890
2025-12-13,6,3,1861
2025-12-14,6,3,1831
2025-12-15,6,3,1768
2025-12-16,6,3,1721
2025-12-17,6,3,1678
2025-12-18,6,3,1641
2025-12-19,6,3,1596
2025-12-20,6,3,1567
2025-12-21,6,3,2854
2025-12-22,6,3,2809
2025-12-23,6,3,2773
2025-12-24,6,3,2732
2025-12-25,6,3,2697
2025-12-26,6,3,2661
2025-12-27,6,3,2627
2025-12-28,6,3,2587
2025-12-29,6,3,2550
2025-12-30,6,3,2499
2025-12-31,6,3,2462
2024-01-01,7,1,733
2024-01-02,7,1,710
2024-01-03,7,1,673
2024-01-04,7,1,651
2024-01-05,7,1,630
2024-01-06,7,1,613
2024-01-07,7,1,595
2024-01-08,7,1,572
2024-01-09,7,1,550
2024-01-10,7,1,526
2024-01-11,7,1,505
2024-01-12,7,1,483
2024-01-13,7,1,468
2024-01-14,7,1,449
2024-01-15,7,1,427
2024-01-16,7,1,405
2024-01-17,7,1,381
2024-01-18,7,1,564
2024-01-19,7,1,539
2024-01-20,7,1,524
2024-01-21,7,1,508
2024-01-22,7,1,475
2024-01-23,7,1,426
2024-01-24,7,1,407
2024-01-25,7,1,386
2024-01-26,7,1,366
2024-01-27,7,1,506
2024-01-28,7,1,487
2024-01-29,7,1,464
2024-01-30,7,1,447
2024-01-31,7,1,862
2024-02-01,7,1,839
2024-02-02,7,1,817
2024-02-03,7,1,797
2024-02-04,7,1,777
2024-02-05,7,1,751
2024-02-06,7,1,725
2024-02-07,7,1,702
2024-02-08,7,1,678
2024-02-09,7,1,657
2024-02-10,7,1,641
2024-02-11,7,1,622
2024-02-12,7,1,600
2024-02-13,7,1,577
2024-02-14,7,1,553
2024-02-15,7,1,524
2024-02-16,7,1,503
2024-02-17,7,1,486
2024-02-18,7,1,465
2024-02-19,7,1,444
2024-02-20,7,1,422
2024-02-21,7,1,582
2024-02-22,7,1,557
2024-02-23,7,1,532
2024-02-24,7,1,516
2024-02-25,7,1,496
2024-02-26,7,1,459
2024-02-27,7,1,436
2024-02-28,7,1,417
2024-02-29,7,1,392
2024-03-01,7,1,967
2024-03-02,7,1,949
2024-03-03,7,1,928
2024-03-04,7,1,901
2024-03-05,7,1,878
2024-03-06,7,1,851
2024-03-07,7,1,829
2024-03-08,7,1,804
2024-03-09,7,1,788
2024-03-10,7,1,769
2024-03-11,7,1,742
2024-03-12,7,1,712
2024-03-13,7,1,689
2024-03-14,7,1,650
2024-03-15,7,1,625
2024-03-16,7,1,603
2024-03-17,7,1,572
2024-03-18,7,1,549
2024-03-19,7,1,523
2024-03-20,7,1,499
2024-03-21,7,1,473
2024-03-22,7,1,438
2024-03-23,7,1,531
2024-03-24,7,1,510
2024-03-25,7,1,491
2024-03-26,7,1,472
2024-03-27,7,1,629
2024-03-28,7,1,607
2024-03-29,7,1,580
2024-03-30,7,1,558
2024-03-31,7,1,910
2024-04-01,7,1,881
2024-04-02,7,1,860
2024-04-03,7,1,832
2024-04-04,7,1,807
2024-04-05,7,1,782
2024-04-06,7,1,761
2024-04-07,7,1,740
2024-04-08,7,1,698
2024-04-09,7,1,671
2024-04-10,7,1,647
2024-04-11,7,1,619
2024-04-12,7,1,594
2024-04-13,7,1,576
2024-04-14,7,1,557
2024-04-15,7,1,528
2024-04-16,7,1,502
2024-04-17,7,1,472
2024-04-18,7,1,443
2024-04-19,7,1,419
2024-04-20,7,1,398
2024-04-21,7,1,378
2024-04-22,7,1,352
2024-04-23,7,1,329
2024-04-24,7,1,301
2024-04-25,7,1,274
2024-04-26,7,1,251
2024-04-27,7,1,215
2024-04-28,7,1,385
2024-04-29,7,1,520
2024-04-30,7,1,926
2024-05-01,7,1,900
2024-05-02,7,1,878
2024-05-03,7,1,841
2024-05-04,7,1,822
2024-05-05,7,1,804
2024-05-06,7,1,777
2024-05-07,7,1,753
2024-05-08,7,1,729
2024-05-09,7,1,708
2024-05-10,7,1,687
2024-05-11,7,1,667
2024-05-12,7,1,649
2024-05-13,7,1,620
2024-05-14,7,1,591
2024-05-15,7,1,567
2024-05-16,7,1,541
2024-05-17,7,1,512
2024-05-18,7,1,493
2024-05-19,7,1,475
2024-05-20,7,1,449
2024-05-21,7,1,423
2024-05-22,7,1,394
2024-05-23,7,1,369
2024-05-24,7,1,510
2024-05-25,7,1,490
2024-05-26,7,1,472
2024-05-27,7,1,430
2024-05-28,7,1,388
2024-05-29,7,1,364
2024-05-30,7,1,904
2024-05-31,7,1,866
2024-06-01,7,1,850
2024-06-02,7,1,834
2024-06-03,7,1,811
2024-06-04,7,1,789
2024-06-05,7,1,767
2024-06-06,7,1,734
2024-06-07,7,1,711
2024-06-08,7,1,691
2024-06-09,7,1,673
2024-06-10,7,1,647
2024-06-11,7,1,623
2024-06-12,7,1,596
2024-06-13,7,1,559
2024-06-14,7,1,531
2024-06-15,7,1,502
2024-06-16,7,1,486
2024-06-17,7,1,463
2024-06-18,7,1,634
2024-06-19,7,1,612
2024-06-20,7,1,588
2024-06-21,7,1,562
2024-06-22,7,1,542
2024-06-23,7,1,522
2024-06-24,7,1,490
2024-06-25,7,1,464
2024-06-26,7,1,443
2024-06-27,7,1,422
2024-06-28,7,1,399
2024-06-29,7,1,885
2024-06-30,7,1,869
2024-07-01,7,1,848
2024-07-02,7,1,828
2024-07-03,7,1,805
2024-07-04,7,1,783
2024-07-05,7,1,759
2024-07-06,7,1,743
2024-07-07,7,1,724
2024-07-08,7,1,699
2024-07-09,7,1,678
2024-07-10,7,1,655
2024-07-11,7,1,631
2024-07-12,7,1,612
2024-07-13,7,1,595
2024-07-14,7,1,578
2024-07-15,7,1,554
2024-07-16,7,1,534
2024-07-17,7,1,514
2024-07-18,7,1,494
2024-07-19,7,1,472
2024-07-20,7,1,455
2024-07-21,7,1,440
2024-07-22,7,1,417
2024-07-23,7,1,527
2024-07-24,7,1,505
2024-07-25,7,1,482
2024-07-26,7,1,458
2024-07-27,7,1,442
2024-07-28,7,1,426
2024-07-29,7,1,868
2024-07-30,7,1,847
2024-07-31,7,1,827
2024-08-01,7,1,807
2024-08-02,7,1,785
2024-08-03,7,1,769
2024-08-04,7,1,753
2024-08-05,7,1,732
2024-08-06,7,1,711
2024-08-07,7,1,690
2024-08-08,7,1,670
2024-08-09,7,1,647
2024-08-10,7,1,631
2024-08-11,7,1,619
2024-08-12,7,1,595
2024-08-13,7,1,576
2024-08-14,7,1,556
2024-08-15,7,1,535
2024-08-16,7,1,509
2024-08-17,7,1,492
2024-08-18,7,1,476
2024-08-19,7,1,458
2024-08-20,7,1,442
2024-08-21,7,1,419
2024-08-22,7,1,566
2024-08-23,7,1,537
2024-08-24,7,1,520
2024-08-25,7,1,503
2024-08-26,7,1,485
2024-08-27,7,1,592
2024-08-28,7,1,962
2024-08-29,7,1,942
2024-08-30,7,1,922
2024-08-31,7,1,904
2024-09-01,7,1,889
2024-09-02,7,1,872
2024-09-03,7,1,854
2024-09-04,7,1,836
2024-09-05,7,1,817
2024-09-06,7,1,798
2024-09-07,7,1,783
2024-09-08,7,1,769
2024-09-09,7,1,752
2024-09-10,7,1,732
2024-09-11,7,1,717
2024-09-12,7,1,696
2024-09-13,7,1,678
2024-09-14,7,1,662
2024-09-15,7,1,647
2024-09-16,7,1,635
2024-09-17,7,1,621
2024-09-18,7,1,602
2024-09-19,7,1,576
2024-09-20,7,1,559
2024-09-21,7,1,546
2024-09-22,7,1,531
2024-09-23,7,1,514
2024-09-24,7,1,494
2024-09-25,7,1,477
2024-09-26,7,1,649
2024-09-27,7,1,918
2024-09-28,7,1,904
2024-09-29,7,1,889
2024-09-30,7,1,870
2024-10-01,7,1,845
2024-10-02,7,1,825
2024-10-03,7,1,798
2024-10-04,7,1,780
2024-10-05,7,1,765
2024-10-06,7,1,753
2024-10-07,7,1,733
2024-10-08,7,1,713
2024-10-09,7,1,696
2024-10-10,7,1,677
2024-10-11,7,1,659
2024-10-12,7,1,647
2024-10-13,7,1,632
2024-10-14,7,1,613
2024-10-15,7,1,597
2024-10-16,7,1,581
2024-10-17,7,1,559
2024-10-18,7,1,542
2024-10-19,7,1,527
2024-10-20,7,1,511
2024-10-21,7,1,494
2024-10-22,7,1,476
2024-10-23,7,1,456
2024-10-24,7,1,436
2024-10-25,7,1,419
2024-10-26,7,1,406
2024-10-27,7,1,855
2024-10-28,7,1,838
2024-10-29,7,1,821
2024-10-30,7,1,803
2024-10-31,7,1,786
2024-11-01,7,1,767
2024-11-02,7,1,752
2024-11-03,7,1,738
2024-11-04,7,1,720
2024-11-05,7,1,702
2024-11-06,7,1,684
2024-11-07,7,1,662
2024-11-08,7,1,642
2024-11-09,7,1,628
2024-11-10,7,1,610
2024-11-11,7,1,594
2024-11-12,7,1,573
2024-11-13,7,1,552
2024-11-14,7,1,533
2024-11-15,7,1,517
2024-11-16,7,1,502
2024-11-17,7,1,490
2024-11-18,7,1,472
2024-11-19,7,1,454
2024-11-20,7,1,435
2024-11-21,7,1,416
2024-11-22,7,1,389
2024-11-23,7,1,374
2024-11-24,7,1,360
2024-11-25,7,1,341
2024-11-26,7,1,896
2024-11-27,7,1,878
2024-11-28,7,1,855
2024-11-29,7,1,837
2024-11-30,7,1,822
2024-12-01,7,1,805
2024-12-02,7,1,784
2024-12-03,7,1,762
2024-12-04,7,1,732
2024-12-05,7,1,710
2024-12-06,7,1,692
2024-12-07,7,1,676
2024-12-08,7,1,653
2024-12-09,7,1,636
2024-12-10,7,1,615
2024-12-11,7,1,593
2024-12-12,7,1,575
2024-12-13,7,1,554
2024-12-14,7,1,538
2024-12-15,7,1,523
2024-12-16,7,1,499
2024-12-17,7,1,477
2024-12-18,7,1,461
2024-12-19,7,1,441
2024-12-20,7,1,421
2024-12-21,7,1,408
2024-12-22,7,1,392
2024-12-23,7,1,366
2024-12-24,7,1,346
2024-12-25,7,1,315
2024-12-26,7,1,1019
2024-12-27,7,1,1000
2024-12-28,7,1,982
2024-12-29,7,1,968
2024-12-30,7,1,948
2024-12-31,7,1,930
2025-01-01,7,1,911
2025-01-02,7,1,885
2025-01-03,7,1,865
2025-01-04,7,1,849
2025-01-05,7,1,831
2025-01-06,7,1,807
2025-01-07,7,1,783
2025-01-08,7,1,763
2025-01-09,7,1,736
2025-01-10,7,1,714
2025-01-11,7,1,700
2025-01-12,7,1,681
2025-01-13,7,1,661
2025-01-14,7,1,639
2025-01-15,7,1,617
2025-01-16,7,1,597
2025-01-17,7,1,576
2025-01-18,7,1,563
2025-01-19,7,1,546
2025-01-20,7,1,522
2025-01-21,7,1,486
2025-01-22,7,1,461
2025-01-23,7,1,446
2025-01-24,7,1,544
2025-01-25,7,1,962
2025-01-26,7,1,947
2025-01-27,7,1,928
2025-01-28,7,1,912
2025-01-29,7,1,886
2025-01-30,7,1,862
2025-01-31,7,1,838
2025-02-01,7,1,818
2025-02-02,7,1,799
2025-02-03,7,1,778
2025-02-04,7,1,758
2025-02-05,7,1,732
2025-02-06,7,1,706
2025-02-07,7,1,681
2025-02-08,7,1,661
2025-02-09,7,1,642
2025-02-10,7,1,619
2025-02-11,7,1,593
2025-02-12,7,1,565
2025-02-13,7,1,537
2025-02-14,7,1,510
2025-02-15,7,1,488
2025-02-16,7,1,471
2025-02-17,7,1,438
2025-02-18,7,1,414
2025-02-19,7,1,390
2025-02-20,7,1,475
2025-02-21,7,1,558
2025-02-22,7,1,539
2025-02-23,7,1,522
2025-02-24,7,1,872
2025-02-25,7,1,847
2025-02-26,7,1,824
2025-02-27,7,1,800
2025-02-28,7,1,777
2025-03-01,7,1,759
2025-03-02,7,1,739
2025-03-03,7,1,716
2025-03-04,7,1,693
2025-03-05,7,1,664
2025-03-06,7,1,643
2025-03-07,7,1,620
2025-03-08,7,1,600
2025-03-09,7,1,580
2025-03-10,7,1,553
2025-03-11,7,1,524
2025-03-12,7,1,496
2025-03-13,7,1,472
2025-03-14,7,1,630
2025-03-15,7,1,609
2025-03-16,7,1,585
2025-03-17,7,1,559
2025-03-18,7,1,525
2025-03-19,7,1,498
2025-03-20,7,1,476
2025-03-21,7,1,450
2025-03-22,7,1,431
2025-03-23,7,1,409
2025-03-24,7,1,384
2025-03-25,7,1,533
2025-03-26,7,1,882
2025-03-27,7,1,859
2025-03-28,7,1,834
2025-03-29,7,1,812
2025-03-30,7,1,792
2025-03-31,7,1,762
2025-04-01,7,1,735
2025-04-02,7,1,708
2025-04-03,7,1,684
2025-04-04,7,1,654
2025-04-05,7,1,637
2025-04-06,7,1,617
2025-04-07,7,1,590
2025-04-08,7,1,563
2025-04-09,7,1,537
2025-04-10,7,1,510
2025-04-11,7,1,485
2025-04-12,7,1,448
2025-04-13,7,1,426
2025-04-14,7,1,398
2025-04-15,7,1,372
2025-04-16,7,1,471
2025-04-17,7,1,444
2025-04-18,7,1,573
2025-04-19,7,1,553
2025-04-20,7,1,532
2025-04-21,7,1,499
2025-04-22,7,1,476
2025-04-23,7,1,453
2025-04-24,7,1,423
2025-04-25,7,1,946
2025-04-26,7,1,926
2025-04-27,7,1,907
2025-04-28,7,1,879
2025-04-29,7,1,855
2025-04-30,7,1,833
2025-05-01,7,1,803
2025-05-02,7,1,777
2025-05-03,7,1,761
2025-05-04,7,1,740
2025-05-05,7,1,719
2025-05-06,7,1,695
2025-05-07,7,1,652
2025-05-08,7,1,628
2025-05-09,7,1,603
2025-05-10,7,1,584
2025-05-11,7,1,565
2025-05-12,7,1,537
2025-05-13,7,1,511
2025-05-14,7,1,489
2025-05-15,7,1,562
2025-05-16,7,1,540
2025-05-17,7,1,511
2025-05-18,7,1,494
2025-05-19,7,1,468
2025-05-20,7,1,442
2025-05-21,7,1,414
2025-05-22,7,1,393
2025-05-23,7,1,370
2025-05-24,7,1,348
2025-05-25,7,1,907
2025-05-26,7,1,881
2025-05-27,7,1,850
2025-05-28,7,1,829
2025-05-29,7,1,802
2025-05-30,7,1,778
2025-05-31,7,1,752
2025-06-01,7,1,733
2025-06-02,7,1,709
2025-06-03,7,1,688
2025-06-04,7,1,660
2025-06-05,7,1,638
2025-06-06,7,1,616
2025-06-07,7,1,591
2025-06-08,7,1,570
2025-06-09,7,1,544
2025-06-10,7,1,510
2025-06-11,7,1,485
2025-06-12,7,1,460
2025-06-13,7,1,424
2025-06-14,7,1,404
2025-06-15,7,1,386
2025-06-16,7,1,359
2025-06-17,7,1,323
2025-06-18,7,1,299
2025-06-19,7,1,277
2025-06-20,7,1,407
2025-06-21,7,1,391
2025-06-22,7,1,365
2025-06-23,7,1,340
2025-06-24,7,1,877
2025-06-25,7,1,852
2025-06-26,7,1,831
2025-06-27,7,1,809
2025-06-28,7,1,782
2025-06-29,7,1,762
2025-06-30,7,1,741
2025-07-01,7,1,721
2025-07-02,7,1,696
2025-07-03,7,1,675
2025-07-04,7,1,651
2025-07-05,7,1,634
2025-07-06,7,1,617
2025-07-07,7,1,589
2025-07-08,7,1,562
2025-07-09,7,1,540
2025-07-10,7,1,519
2025-07-11,7,1,497
2025-07-12,7,1,482
2025-07-13,7,1,466
2025-07-14,7,1,448
2025-07-15,7,1,426
2025-07-16,7,1,405
2025-07-17,7,1,379
2025-07-18,7,1,357
2025-07-19,7,1,343
2025-07-20,7,1,427
2025-07-21,7,1,406
2025-07-22,7,1,383
2025-07-23,7,1,359
2025-07-24,7,1,1019
2025-07-25,7,1,1001
2025-07-26,7,1,984
2025-07-27,7,1,967
2025-07-28,7,1,942
2025-07-29,7,1,911
2025-07-30,7,1,891
2025-07-31,7,1,873
2025-08-01,7,1,856
2025-08-02,7,1,843
2025-08-03,7,1,826
2025-08-04,7,1,806
2025-08-05,7,1,784
2025-08-06,7,1,763
2025-08-07,7,1,746
2025-08-08,7,1,729
2025-08-09,7,1,711
2025-08-10,7,1,695
2025-08-11,7,1,671
2025-08-12,7,1,647
2025-08-13,7,1,626
2025-08-14,7,1,603
2025-08-15,7,1,580
2025-08-16,7,1,563
2025-08-17,7,1,548
2025-08-18,7,1,527
2025-08-19,7,1,505
2025-08-20,7,1,483
2025-08-21,7,1,450
2025-08-22,7,1,432
2025-08-23,7,1,999
2025-08-24,7,1,982
2025-08-25,7,1,963
2025-08-26,7,1,943
2025-08-27,7,1,920
2025-08-28,7,1,898
2025-08-29,7,1,878
2025-08-30,7,1,863
2025-08-31,7,1,846
2025-09-01,7,1,824
2025-09-02,7,1,803
2025-09-03,7,1,788
2025-09-04,7,1,769
2025-09-05,7,1,751
2025-09-06,7,1,736
2025-09-07,7,1,721
2025-09-08,7,1,695
2025-09-09,7,1,670
2025-09-10,7,1,649
2025-09-11,7,1,630
2025-09-12,7,1,609
2025-09-13,7,1,594
2025-09-14,7,1,580
2025-09-15,7,1,558
2025-09-16,7,1,538
2025-09-17,7,1,519
2025-09-18,7,1,499
2025-09-19,7,1,480
2025-09-20,7,1,464
2025-09-21,7,1,449
2025-09-22,7,1,928
2025-09-23,7,1,911
2025-09-24,7,1,893
2025-09-25,7,1,874
2025-09-26,7,1,857
2025-09-27,7,1,843
2025-09-28,7,1,829
2025-09-29,7,1,813
2025-09-30,7,1,792
2025-10-01,7,1,775
2025-10-02,7,1,759
2025-10-03,7,1,744
2025-10-04,7,1,730
2025-10-05,7,1,714
2025-10-06,7,1,696
2025-10-07,7,1,679
2025-10-08,7,1,660
2025-10-09,7,1,640
2025-10-10,7,1,620
2025-10-11,7,1,604
2025-10-12,7,1,592
2025-10-13,7,1,569
2025-10-14,7,1,547
2025-10-15,7,1,530
2025-10-16,7,1,513
2025-10-17,7,1,494
2025-10-18,7,1,480
2025-10-19,7,1,469
2025-10-20,7,1,452
2025-10-21,7,1,628
2025-10-22,7,1,969
2025-10-23,7,1,954
2025-10-24,7,1,937
2025-10-25,7,1,925
2025-10-26,7,1,910
2025-10-27,7,1,891
2025-10-28,7,1,870
2025-10-29,7,1,851
2025-10-30,7,1,832
2025-10-31,7,1,814
2025-11-01,7,1,801
2025-11-02,7,1,788
2025-11-03,7,1,771
2025-11-04,7,1,748
2025-11-05,7,1,729
2025-11-06,7,1,710
2025-11-07,7,1,690
2025-11-08,7,1,678
2025-11-09,7,1,662
2025-11-10,7,1,641
2025-11-11,7,1,621
2025-11-12,7,1,597
2025-11-13,7,1,576
2025-11-14,7,1,560
2025-11-15,7,1,545
2025-11-16,7,1,531
2025-11-17,7,1,510
2025-11-18,7,1,492
2025-11-19,7,1,472
2025-11-20,7,1,452
2025-11-21,7,1,887
2025-11-22,7,1,871
2025-11-23,7,1,854
2025-11-24,7,1,836
2025-11-25,7,1,818
2025-11-26,7,1,798
2025-11-27,7,1,778
2025-11-28,7,1,759
2025-11-29,7,1,745
2025-11-30,7,1,730
2025-12-01,7,1,710
2025-12-02,7,1,686
2025-12-03,7,1,665
2025-12-04,7,1,644
2025-12-05,7,1,629
2025-12-06,7,1,611
2025-12-07,7,1,597
2025-12-08,7,1,580
2025-12-09,7,1,556
2025-12-10,7,1,532
2025-12-11,7,1,512
2025-12-12,7,1,493
2025-12-13,7,1,479
2025-12-14,7,1,584
2025-12-15,7,1,566
2025-12-16,7,1,549
2025-12-17,7,1,530
2025-12-18,7,1,508
2025-12-19,7,1,492
2025-12-20,7,1,475
2025-12-21,7,1,886
2025-12-22,7,1,866
2025-12-23,7,1,841
2025-12-24,7,1,821
2025-12-25,7,1,800
2025-12-26,7,1,779
2025-12-27,7,1,762
2025-12-28,7,1,745
2025-12-29,7,1,727
2025-12-30,7,1,709
2025-12-31,7,1,688
2024-01-01,7,2,448
2024-01-02,7,2,429
2024-01-03,7,2,413
2024-01-04,7,2,585
2024-01-05,7,2,568
2024-01-06,7,2,555
2024-01-07,7,2,541
2024-01-08,7,2,522
2024-01-09,7,2,504
2024-01-10,7,2,488
2024-01-11,7,2,466
2024-01-12,7,2,446
2024-01-13,7,2,430
2024-01-14,7,2,414
2024-01-15,7,2,397
2024-01-16,7,2,379
2024-01-17,7,2,362
2024-01-18,7,2,504
2024-01-19,7,2,487
2024-01-20,7,2,471
2024-01-21,7,2,455
2024-01-22,7,2,440
2024-01-23,7,2,426
2024-01-24,7,2,406
2024-01-25,7,2,385
2024-01-26,7,2,539
2024-01-27,7,2,526
2024-01-28,7,2,513
2024-01-29,7,2,487
2024-01-30,7,2,468
2024-01-31,7,2,553
2024-02-01,7,2,535
2024-02-02,7,2,513
2024-02-03,7,2,497
2024-02-04,7,2,482
2024-02-05,7,2,461
2024-02-06,7,2,441
2024-02-07,7,2,421
2024-02-08,7,2,396
2024-02-09,7,2,469
2024-02-10,7,2,453
2024-02-11,7,2,440
2024-02-12,7,2,422
2024-02-13,7,2,403
2024-02-14,7,2,383
2024-02-15,7,2,513
2024-02-16,7,2,489
2024-02-17,7,2,475
2024-02-18,7,2,461
2024-02-19,7,2,442
2024-02-20,7,2,405
2024-02-21,7,2,523
2024-02-22,7,2,503
2024-02-23,7,2,483
2024-02-24,7,2,467
2024-02-25,7,2,449
2024-02-26,7,2,427
2024-02-27,7,2,407
2024-02-28,7,2,388
2024-02-29,7,2,367
2024-03-01,7,2,575
2024-03-02,7,2,557
2024-03-03,7,2,542
2024-03-04,7,2,523
2024-03-05,7,2,506
2024-03-06,7,2,487
2024-03-07,7,2,455
2024-03-08,7,2,417
2024-03-09,7,2,402
2024-03-10,7,2,385
2024-03-11,7,2,363
2024-03-12,7,2,344
2024-03-13,7,2,321
2024-03-14,7,2,298
2024-03-15,7,2,271
2024-03-16,7,2,255
2024-03-17,7,2,240
2024-03-18,7,2,208
2024-03-19,7,2,187
2024-03-20,7,2,168
2024-03-21,7,2,141
2024-03-22,7,2,119
2024-03-23,7,2,102
2024-03-24,7,2,196
2024-03-25,7,2,319
2024-03-26,7,2,300
2024-03-27,7,2,281
2024-03-28,7,2,259
2024-03-29,7,2,228
2024-03-30,7,2,210
2024-03-31,7,2,554
2024-04-01,7,2,534
2024-04-02,7,2,516
2024-04-03,7,2,492
2024-04-04,7,2,473
2024-04-05,7,2,429
2024-04-06,7,2,409
2024-04-07,7,2,392
2024-04-08,7,2,376
2024-04-09,7,2,352
2024-04-10,7,2,331
2024-04-11,7,2,460
2024-04-12,7,2,439
2024-04-13,7,2,425
2024-04-14,7,2,409
2024-04-15,7,2,390
2024-04-16,7,2,368
2024-04-17,7,2,347
2024-04-18,7,2,326
2024-04-19,7,2,305
2024-04-20,7,2,289
2024-04-21,7,2,274
2024-04-22,7,2,250
2024-04-23,7,2,409
2024-04-24,7,2,387
2024-04-25,7,2,367
2024-04-26,7,2,343
2024-04-27,7,2,325
2024-04-28,7,2,307
2024-04-29,7,2,284
2024-04-30,7,2,584
2024-05-01,7,2,563
2024-05-02,7,2,543
2024-05-03,7,2,522
2024-05-04,7,2,505
2024-05-05,7,2,489
2024-05-06,7,2,469
2024-05-07,7,2,447
2024-05-08,7,2,426
2024-05-09,7,2,405
2024-05-10,7,2,385
2024-05-11,7,2,369
2024-05-12,7,2,351
2024-05-13,7,2,329
2024-05-14,7,2,307
2024-05-15,7,2,372
2024-05-16,7,2,353
2024-05-17,7,2,324
2024-05-18,7,2,459
2024-05-19,7,2,445
2024-05-20,7,2,426
2024-05-21,7,2,403
2024-05-22,7,2,373
2024-05-23,7,2,349
2024-05-24,7,2,325
2024-05-25,7,2,308
2024-05-26,7,2,291
2024-05-27,7,2,269
2024-05-28,7,2,252
2024-05-29,7,2,232
2024-05-30,7,2,561
2024-05-31,7,2,539
2024-06-01,7,2,524
2024-06-02,7,2,509
2024-06-03,7,2,490
2024-06-04,7,2,469
2024-06-05,7,2,449
2024-06-06,7,2,430
2024-06-07,7,2,412
2024-06-08,7,2,397
2024-06-09,7,2,381
2024-06-10,7,2,534
2024-06-11,7,2,513
2024-06-12,7,2,490
2024-06-13,7,2,472
2024-06-14,7,2,452
2024-06-15,7,2,437
2024-06-16,7,2,419
2024-06-17,7,2,397
2024-06-18,7,2,468
2024-06-19,7,2,451
2024-06-20,7,2,431
2024-06-21,7,2,411
2024-06-22,7,2,394
2024-06-23,7,2,365
2024-06-24,7,2,349
2024-06-25,7,2,328
2024-06-26,7,2,306
2024-06-27,7,2,430
2024-06-28,7,2,409
2024-06-29,7,2,572
2024-06-30,7,2,550
2024-07-01,7,2,531
2024-07-02,7,2,513
2024-07-03,7,2,492
2024-07-04,7,2,474
2024-07-05,7,2,456
2024-07-06,7,2,441
2024-07-07,7,2,425
2024-07-08,7,2,404
2024-07-09,7,2,388
2024-07-10,7,2,510
2024-07-11,7,2,492
2024-07-12,7,2,473
2024-07-13,7,2,457
2024-07-14,7,2,443
2024-07-15,7,2,425
2024-07-16,7,2,411
2024-07-17,7,2,392
2024-07-18,7,2,379
2024-07-19,7,2,359
2024-07-20,7,2,346
2024-07-21,7,2,331
2024-07-22,7,2,452
2024-07-23,7,2,437
2024-07-24,7,2,420
2024-07-25,7,2,402
2024-07-26,7,2,369
2024-07-27,7,2,526
2024-07-28,7,2,512
2024-07-29,7,2,559
2024-07-30,7,2,544
2024-07-31,7,2,524
2024-08-01,7,2,504
2024-08-02,7,2,487
2024-08-03,7,2,472
2024-08-04,7,2,458
2024-08-05,7,2,443
2024-08-06,7,2,426
2024-08-07,7,2,411
2024-08-08,7,2,395
2024-08-09,7,2,377
2024-08-10,7,2,365
2024-08-11,7,2,352
2024-08-12,7,2,327
2024-08-13,7,2,310
2024-08-14,7,2,294
2024-08-15,7,2,276
2024-08-16,7,2,257
2024-08-17,7,2,243
2024-08-18,7,2,229
2024-08-19,7,2,213
2024-08-20,7,2,327
2024-08-21,7,2,494
2024-08-22,7,2,477
2024-08-23,7,2,461
2024-08-24,7,2,449
2024-08-25,7,2,434
2024-08-26,7,2,418
2024-08-27,7,2,400
2024-08-28,7,2,583
2024-08-29,7,2,566
2024-08-30,7,2,546
2024-08-31,7,2,534
2024-09-01,7,2,523
2024-09-02,7,2,509
2024-09-03,7,2,492
2024-09-04,7,2,477
2024-09-05,7,2,462
2024-09-06,7,2,448
2024-09-07,7,2,437
2024-09-08,7,2,425
2024-09-09,7,2,408
2024-09-10,7,2,393
2024-09-11,7,2,489
2024-09-12,7,2,475
2024-09-13,7,2,463
2024-09-14,7,2,451
2024-09-15,7,2,438
2024-09-16,7,2,423
2024-09-17,7,2,408
2024-09-18,7,2,394
2024-09-19,7,2,378
2024-09-20,7,2,364
2024-09-21,7,2,354
2024-09-22,7,2,524
2024-09-23,7,2,493
2024-09-24,7,2,475
2024-09-25,7,2,460
2024-09-26,7,2,446
2024-09-27,7,2,574
2024-09-28,7,2,563
2024-09-29,7,2,549
2024-09-30,7,2,536
2024-10-01,7,2,522
2024-10-02,7,2,506
2024-10-03,7,2,490
2024-10-04,7,2,475
2024-10-05,7,2,463
2024-10-06,7,2,449
2024-10-07,7,2,434
2024-10-08,7,2,413
2024-10-09,7,2,396
2024-10-10,7,2,380
2024-10-11,7,2,366
2024-10-12,7,2,355
2024-10-13,7,2,343
2024-10-14,7,2,329
2024-10-15,7,2,312
2024-10-16,7,2,290
2024-10-17,7,2,362
2024-10-18,7,2,493
2024-10-19,7,2,483
2024-10-20,7,2,470
2024-10-21,7,2,454
2024-10-22,7,2,438
2024-10-23,7,2,423
2024-10-24,7,2,408
2024-10-25,7,2,393
2024-10-26,7,2,514
2024-10-27,7,2,553
2024-10-28,7,2,534
2024-10-29,7,2,523
2024-10-30,7,2,508
2024-10-31,7,2,494
2024-11-01,7,2,477
2024-11-02,7,2,463
2024-11-03,7,2,451
2024-11-04,7,2,435
2024-11-05,7,2,419
2024-11-06,7,2,404
2024-11-07,7,2,390
2024-11-08,7,2,375
2024-11-09,7,2,529
2024-11-10,7,2,510
2024-11-11,7,2,496
2024-11-12,7,2,480
2024-11-13,7,2,463
2024-11-14,7,2,448
2024-11-15,7,2,431
2024-11-16,7,2,417
2024-11-17,7,2,406
2024-11-18,7,2,391
2024-11-19,7,2,376
2024-11-20,7,2,359
2024-11-21,7,2,343
2024-11-22,7,2,320
2024-11-23,7,2,307
2024-11-24,7,2,297
2024-11-25,7,2,280
2024-11-26,7,2,586
2024-11-27,7,2,572
2024-11-28,7,2,557
2024-11-29,7,2,541
2024-11-30,7,2,530
2024-12-01,7,2,517
2024-12-02,7,2,502
2024-12-03,7,2,482
2024-12-04,7,2,467
2024-12-05,7,2,453
2024-12-06,7,2,438
2024-12-07,7,2,427
2024-12-08,7,2,414
2024-12-09,7,2,396
2024-12-10,7,2,383
2024-12-11,7,2,368
2024-12-12,7,2,351
2024-12-13,7,2,337
2024-12-14,7,2,456
2024-12-15,7,2,446
2024-12-16,7,2,429
2024-12-17,7,2,415
2024-12-18,7,2,396
2024-12-19,7,2,377
2024-12-20,7,2,359
2024-12-21,7,2,346
2024-12-22,7,2,332
2024-12-23,7,2,315
2024-12-24,7,2,300
2024-12-25,7,2,283
2024-12-26,7,2,544
2024-12-27,7,2,530
2024-12-28,7,2,517
2024-12-29,7,2,504
2024-12-30,7,2,487
2024-12-31,7,2,471
2025-01-01,7,2,456
2025-01-02,7,2,434
2025-01-03,7,2,416
2025-01-04,7,2,395
2025-01-05,7,2,380
2025-01-06,7,2,360
2025-01-07,7,2,344
2025-01-08,7,2,327
2025-01-09,7,2,310
2025-01-10,7,2,289
2025-01-11,7,2,371
2025-01-12,7,2,356
2025-01-13,7,2,335
2025-01-14,7,2,311
2025-01-15,7,2,385
2025-01-16,7,2,364
2025-01-17,7,2,347
2025-01-18,7,2,332
2025-01-19,7,2,471
2025-01-20,7,2,444
2025-01-21,7,2,424
2025-01-22,7,2,408
2025-01-23,7,2,389
2025-01-24,7,2,491
2025-01-25,7,2,565
2025-01-26,7,2,550
2025-01-27,7,2,529
2025-01-28,7,2,511
2025-01-29,7,2,494
2025-01-30,7,2,478
2025-01-31,7,2,461
2025-02-01,7,2,446
2025-02-02,7,2,429
2025-02-03,7,2,409
2025-02-04,7,2,380
2025-02-05,7,2,360
2025-02-06,7,2,339
2025-02-07,7,2,316
2025-02-08,7,2,299
2025-02-09,7,2,282
2025-02-10,7,2,265
2025-02-11,7,2,244
2025-02-12,7,2,223
2025-02-13,7,2,204
2025-02-14,7,2,324
2025-02-15,7,2,307
2025-02-16,7,2,388
2025-02-17,7,2,366
2025-02-18,7,2,352
2025-02-19,7,2,480
2025-02-20,7,2,461
2025-02-21,7,2,440
2025-02-22,7,2,426
2025-02-23,7,2,399
2025-02-24,7,2,563
2025-02-25,7,2,541
2025-02-26,7,2,521
2025-02-27,7,2,505
2025-02-28,7,2,481
2025-03-01,7,2,465
2025-03-02,7,2,447
2025-03-03,7,2,425
2025-03-04,7,2,402
2025-03-05,7,2,379
2025-03-06,7,2,540
2025-03-07,7,2,517
2025-03-08,7,2,503
2025-03-09,7,2,480
2025-03-10,7,2,454
2025-03-11,7,2,432
2025-03-12,7,2,410
2025-03-13,7,2,392
2025-03-14,7,2,370
2025-03-15,7,2,355
2025-03-16,7,2,339
2025-03-17,7,2,440
2025-03-18,7,2,421
2025-03-19,7,2,401
2025-03-20,7,2,379
2025-03-21,7,2,357
2025-03-22,7,2,339
2025-03-23,7,2,319
2025-03-24,7,2,295
2025-03-25,7,2,272
2025-03-26,7,2,547
2025-03-27,7,2,528
2025-03-28,7,2,509
2025-03-29,7,2,493
2025-03-30,7,2,480
2025-03-31,7,2,458
2025-04-01,7,2,435
2025-04-02,7,2,416
2025-04-03,7,2,394
2025-04-04,7,2,371
2025-04-05,7,2,358
2025-04-06,7,2,458
2025-04-07,7,2,435
2025-04-08,7,2,417
2025-04-09,7,2,396
2025-04-10,7,2,515
2025-04-11,7,2,495
2025-04-12,7,2,477
2025-04-13,7,2,458
2025-04-14,7,2,434
2025-04-15,7,2,410
2025-04-16,7,2,388
2025-04-17,7,2,454
2025-04-18,7,2,430
2025-04-19,7,2,416
2025-04-20,7,2,396
2025-04-21,7,2,375
2025-04-22,7,2,353
2025-04-23,7,2,332
2025-04-24,7,2,311
2025-04-25,7,2,553
2025-04-26,7,2,535
2025-04-27,7,2,518
2025-04-28,7,2,498
2025-04-29,7,2,477
2025-04-30,7,2,454
2025-05-01,7,2,433
2025-05-02,7,2,412
2025-05-03,7,2,386
2025-05-04,7,2,457
2025-05-05,7,2,437
2025-05-06,7,2,416
2025-05-07,7,2,395
2025-05-08,7,2,372
2025-05-09,7,2,480
2025-05-10,7,2,462
2025-05-11,7,2,445
2025-05-12,7,2,421
2025-05-13,7,2,400
2025-05-14,7,2,379
2025-05-15,7,2,356
2025-05-16,7,2,334
2025-05-17,7,2,316
2025-05-18,7,2,298
2025-05-19,7,2,277
2025-05-20,7,2,251
2025-05-21,7,2,226
2025-05-22,7,2,203
2025-05-23,7,2,182
2025-05-24,7,2,166
2025-05-25,7,2,562
2025-05-26,7,2,543
2025-05-27,7,2,520
2025-05-28,7,2,499
2025-05-29,7,2,478
2025-05-30,7,2,458
2025-05-31,7,2,445
2025-06-01,7,2,427
2025-06-02,7,2,409
2025-06-03,7,2,394
2025-06-04,7,2,377
2025-06-05,7,2,354
2025-06-06,7,2,333
2025-06-07,7,2,317
2025-06-08,7,2,301
2025-06-09,7,2,281
2025-06-10,7,2,450
2025-06-11,7,2,434
2025-06-12,7,2,412
2025-06-13,7,2,394
2025-06-14,7,2,376
2025-06-15,7,2,362
2025-06-16,7,2,345
2025-06-17,7,2,327
2025-06-18,7,2,297
2025-06-19,7,2,277
2025-06-20,7,2,242
2025-06-21,7,2,391
2025-06-22,7,2,377
2025-06-23,7,2,357
2025-06-24,7,2,542
2025-06-25,7,2,524
2025-06-26,7,2,503
2025-06-27,7,2,480
2025-06-28,7,2,464
2025-06-29,7,2,450
2025-06-30,7,2,433
2025-07-01,7,2,412
2025-07-02,7,2,394
2025-07-03,7,2,375
2025-07-04,7,2,498
2025-07-05,7,2,485
2025-07-06,7,2,472
2025-07-07,7,2,456
2025-07-08,7,2,440
2025-07-09,7,2,423
2025-07-10,7,2,405
2025-07-11,7,2,390
2025-07-12,7,2,373
2025-07-13,7,2,358
2025-07-14,7,2,339
2025-07-15,7,2,321
2025-07-16,7,2,302
2025-07-17,7,2,284
2025-07-18,7,2,267
2025-07-19,7,2,251
2025-07-20,7,2,239
2025-07-21,7,2,218
2025-07-22,7,2,202
2025-07-23,7,2,183
2025-07-24,7,2,614
2025-07-25,7,2,593
2025-07-26,7,2,581
2025-07-27,7,2,569
2025-07-28,7,2,551
2025-07-29,7,2,526
2025-07-30,7,2,510
2025-07-31,7,2,489
2025-08-01,7,2,471
2025-08-02,7,2,459
2025-08-03,7,2,447
2025-08-04,7,2,431
2025-08-05,7,2,413
2025-08-06,7,2,573
2025-08-07,7,2,558
2025-08-08,7,2,544
2025-08-09,7,2,531
2025-08-10,7,2,515
2025-08-11,7,2,497
2025-08-12,7,2,480
2025-08-13,7,2,463
2025-08-14,7,2,447
2025-08-15,7,2,430
2025-08-16,7,2,418
2025-08-17,7,2,396
2025-08-18,7,2,376
2025-08-19,7,2,359
2025-08-20,7,2,344
2025-08-21,7,2,328
2025-08-22,7,2,311
2025-08-23,7,2,543
2025-08-24,7,2,530
2025-08-25,7,2,515
2025-08-26,7,2,498
2025-08-27,7,2,482
2025-08-28,7,2,467
2025-08-29,7,2,450
2025-08-30,7,2,440
2025-08-31,7,2,428
2025-09-01,7,2,414
2025-09-02,7,2,401
2025-09-03,7,2,484
2025-09-04,7,2,468
2025-09-05,7,2,452
2025-09-06,7,2,439
2025-09-07,7,2,427
2025-09-08,7,2,412
2025-09-09,7,2,558
2025-09-10,7,2,542
2025-09-11,7,2,528
2025-09-12,7,2,510
2025-09-13,7,2,497
2025-09-14,7,2,487
2025-09-15,7,2,470
2025-09-16,7,2,456
2025-09-17,7,2,430
2025-09-18,7,2,416
2025-09-19,7,2,398
2025-09-20,7,2,386
2025-09-21,7,2,375
2025-09-22,7,2,568
2025-09-23,7,2,554
2025-09-24,7,2,536
2025-09-25,7,2,523
2025-09-26,7,2,507
2025-09-27,7,2,491
2025-09-28,7,2,479
2025-09-29,7,2,463
2025-09-30,7,2,447
2025-10-01,7,2,431
2025-10-02,7,2,415
2025-10-03,7,2,402
2025-10-04,7,2,390
2025-10-05,7,2,365
2025-10-06,7,2,347
2025-10-07,7,2,415
2025-10-08,7,2,403
2025-10-09,7,2,386
2025-10-10,7,2,371
2025-10-11,7,2,360
2025-10-12,7,2,349
2025-10-13,7,2,333
2025-10-14,7,2,318
2025-10-15,7,2,303
2025-10-16,7,2,289
2025-10-17,7,2,273
2025-10-18,7,2,262
2025-10-19,7,2,432
2025-10-20,7,2,417
2025-10-21,7,2,402
2025-10-22,7,2,553
2025-10-23,7,2,539
2025-10-24,7,2,524
2025-10-25,7,2,512
2025-10-26,7,2,501
2025-10-27,7,2,483
2025-10-28,7,2,470
2025-10-29,7,2,456
2025-10-30,7,2,437
2025-10-31,7,2,420
2025-11-01,7,2,409
2025-11-02,7,2,555
2025-11-03,7,2,537
2025-11-04,7,2,520
2025-11-05,7,2,505
2025-11-06,7,2,491
2025-11-07,7,2,478
2025-11-08,7,2,456
2025-11-09,7,2,444
2025-11-10,7,2,429
2025-11-11,7,2,415
2025-11-12,7,2,401
2025-11-13,7,2,385
2025-11-14,7,2,370
2025-11-15,7,2,359
2025-11-16,7,2,347
2025-11-17,7,2,416
2025-11-18,7,2,398
2025-11-19,7,2,462
2025-11-20,7,2,447
2025-11-21,7,2,551
2025-11-22,7,2,539
2025-11-23,7,2,527
2025-11-24,7,2,510
2025-11-25,7,2,494
2025-11-26,7,2,476
2025-11-27,7,2,461
2025-11-28,7,2,439
2025-11-29,7,2,428
2025-11-30,7,2,417
2025-12-01,7,2,572
2025-12-02,7,2,557
2025-12-03,7,2,538
2025-12-04,7,2,520
2025-12-05,7,2,502
2025-12-06,7,2,489
2025-12-07,7,2,475
2025-12-08,7,2,457
2025-12-09,7,2,440
2025-12-10,7,2,424
2025-12-11,7,2,408
2025-12-12,7,2,393
2025-12-13,7,2,380
2025-12-14,7,2,369
2025-12-15,7,2,349
2025-12-16,7,2,334
2025-12-17,7,2,314
2025-12-18,7,2,297
2025-12-19,7,2,281
2025-12-20,7,2,268
2025-12-21,7,2,571
2025-12-22,7,2,550
2025-12-23,7,2,532
2025-12-24,7,2,513
2025-12-25,7,2,482
2025-12-26,7,2,466
2025-12-27,7,2,451
2025-12-28,7,2,440
2025-12-29,7,2,422
2025-12-30,7,2,406
2025-12-31,7,2,389
2024-01-01,7,3,1221
2024-01-02,7,3,1185
2024-01-03,7,3,1163
2024-01-04,7,3,1140
2024-01-05,7,3,1119
2024-01-06,7,3,1101
2024-01-07,7,3,1085
2024-01-08,7,3,1067
2024-01-09,7,3,1048
2024-01-10,7,3,1024
2024-01-11,7,3,1000
2024-01-12,7,3,977
2024-01-13,7,3,960
2024-01-14,7,3,942
2024-01-15,7,3,922
2024-01-16,7,3,896
2024-01-17,7,3,873
2024-01-18,7,3,849
2024-01-19,7,3,827
2024-01-20,7,3,810
2024-01-21,7,3,781
2024-01-22,7,3,749
2024-01-23,7,3,732
2024-01-24,7,3,714
2024-01-25,7,3,680
2024-01-26,7,3,657
2024-01-27,7,3,638
2024-01-28,7,3,622
2024-01-29,7,3,601
2024-01-30,7,3,579
2024-01-31,7,3,1047
2024-02-01,7,3,1024
2024-02-02,7,3,1000
2024-02-03,7,3,981
2024-02-04,7,3,964
2024-02-05,7,3,940
2024-02-06,7,3,918
2024-02-07,7,3,893
2024-02-08,7,3,868
2024-02-09,7,3,845
2024-02-10,7,3,826
2024-02-11,7,3,803
2024-02-12,7,3,778
2024-02-13,7,3,755
2024-02-14,7,3,733
2024-02-15,7,3,709
2024-02-16,7,3,681
2024-02-17,7,3,665
2024-02-18,7,3,637
2024-02-19,7,3,616
2024-02-20,7,3,593
2024-02-21,7,3,569
2024-02-22,7,3,536
2024-02-23,7,3,513
2024-02-24,7,3,494
2024-02-25,7,3,478
2024-02-26,7,3,630
2024-02-27,7,3,607
2024-02-28,7,3,584
2024-02-29,7,3,561
2024-03-01,7,3,1059
2024-03-02,7,3,1038
2024-03-03,7,3,1016
2024-03-04,7,3,989
2024-03-05,7,3,964
2024-03-06,7,3,942
2024-03-07,7,3,919
2024-03-08,7,3,891
2024-03-09,7,3,870
2024-03-10,7,3,850
2024-03-11,7,3,812
2024-03-12,7,3,791
2024-03-13,7,3,763
2024-03-14,7,3,735
2024-03-15,7,3,707
2024-03-16,7,3,682
2024-03-17,7,3,662
2024-03-18,7,3,637
2024-03-19,7,3,612
2024-03-20,7,3,586
2024-03-21,7,3,557
2024-03-22,7,3,534
2024-03-23,7,3,515
2024-03-24,7,3,498
2024-03-25,7,3,471
2024-03-26,7,3,444
2024-03-27,7,3,422
2024-03-28,7,3,395
2024-03-29,7,3,372
2024-03-30,7,3,355
2024-03-31,7,3,1072
2024-04-01,7,3,1046
2024-04-02,7,3,1026
2024-04-03,7,3,993
2024-04-04,7,3,966
2024-04-05,7,3,939
2024-04-06,7,3,905
2024-04-07,7,3,884
2024-04-08,7,3,859
2024-04-09,7,3,831
2024-04-10,7,3,802
2024-04-11,7,3,775
2024-04-12,7,3,750
2024-04-13,7,3,728
2024-04-14,7,3,706
2024-04-15,7,3,681
2024-04-16,7,3,654
2024-04-17,7,3,630
2024-04-18,7,3,599
2024-04-19,7,3,574
2024-04-20,7,3,554
2024-04-21,7,3,536
2024-04-22,7,3,508
2024-04-23,7,3,482
2024-04-24,7,3,642
2024-04-25,7,3,617
2024-04-26,7,3,593
2024-04-27,7,3,578
2024-04-28,7,3,561
2024-04-29,7,3,535
2024-04-30,7,3,1109
2024-05-01,7,3,1080
2024-05-02,7,3,1058
2024-05-03,7,3,1029
2024-05-04,7,3,1009
2024-05-05,7,3,974
2024-05-06,7,3,948
2024-05-07,7,3,921
2024-05-08,7,3,895
2024-05-09,7,3,869
2024-05-10,7,3,842
2024-05-11,7,3,822
2024-05-12,7,3,797
2024-05-13,7,3,772
2024-05-14,7,3,743
2024-05-15,7,3,723
2024-05-16,7,3,694
2024-05-17,7,3,669
2024-05-18,7,3,654
2024-05-19,7,3,638
2024-05-20,7,3,617
2024-05-21,7,3,594
2024-05-22,7,3,569
2024-05-23,7,3,546
2024-05-24,7,3,523
2024-05-25,7,3,504
2024-05-26,7,3,486
2024-05-27,7,3,457
2024-05-28,7,3,430
2024-05-29,7,3,407
2024-05-30,7,3,1084
2024-05-31,7,3,1058
2024-06-01,7,3,1037
2024-06-02,7,3,1009
2024-06-03,7,3,983
2024-06-04,7,3,959
2024-06-05,7,3,932
2024-06-06,7,3,908
2024-06-07,7,3,883
2024-06-08,7,3,862
2024-06-09,7,3,846
2024-06-10,7,3,819
2024-06-11,7,3,792
2024-06-12,7,3,772
2024-06-13,7,3,747
2024-06-14,7,3,721
2024-06-15,7,3,701
2024-06-16,7,3,683
2024-06-17,7,3,660
2024-06-18,7,3,637
2024-06-19,7,3,615
2024-06-20,7,3,592
2024-06-21,7,3,567
2024-06-22,7,3,547
2024-06-23,7,3,528
2024-06-24,7,3,501
2024-06-25,7,3,478
2024-06-26,7,3,452
2024-06-27,7,3,433
2024-06-28,7,3,408
2024-06-29,7,3,1046
2024-06-30,7,3,1027
2024-07-01,7,3,1007
2024-07-02,7,3,987
2024-07-03,7,3,961
2024-07-04,7,3,938
2024-07-05,7,3,913
2024-07-06,7,3,895
2024-07-07,7,3,877
2024-07-08,7,3,856
2024-07-09,7,3,834
2024-07-10,7,3,815
2024-07-11,7,3,795
2024-07-12,7,3,768
2024-07-13,7,3,749
2024-07-14,7,3,732
2024-07-15,7,3,709
2024-07-16,7,3,688
2024-07-17,7,3,665
2024-07-18,7,3,645
2024-07-19,7,3,620
2024-07-20,7,3,603
2024-07-21,7,3,586
2024-07-22,7,3,564
2024-07-23,7,3,539
2024-07-24,7,3,517
2024-07-25,7,3,495
2024-07-26,7,3,474
2024-07-27,7,3,580
2024-07-28,7,3,561
2024-07-29,7,3,1150
2024-07-30,7,3,1126
2024-07-31,7,3,1102
2024-08-01,7,3,1082
2024-08-02,7,3,1054
2024-08-03,7,3,1038
2024-08-04,7,3,1022
2024-08-05,7,3,1002
2024-08-06,7,3,982
2024-08-07,7,3,961
2024-08-08,7,3,943
2024-08-09,7,3,924
2024-08-10,7,3,901
2024-08-11,7,3,883
2024-08-12,7,3,858
2024-08-13,7,3,838
2024-08-14,7,3,820
2024-08-15,7,3,800
2024-08-16,7,3,781
2024-08-17,7,3,766
2024-08-18,7,3,751
2024-08-19,7,3,729
2024-08-20,7,3,703
2024-08-21,7,3,689
2024-08-22,7,3,670
2024-08-23,7,3,653
2024-08-24,7,3,638
2024-08-25,7,3,623
2024-08-26,7,3,601
2024-08-27,7,3,574
2024-08-28,7,3,1167
2024-08-29,7,3,1150
2024-08-30,7,3,1129
2024-08-31,7,3,1107
2024-09-01,7,3,1091
2024-09-02,7,3,1066
2024-09-03,7,3,1050
2024-09-04,7,3,1031
2024-09-05,7,3,1015
2024-09-06,7,3,999
2024-09-07,7,3,986
2024-09-08,7,3,972
2024-09-09,7,3,957
2024-09-10,7,3,937
2024-09-11,7,3,920
2024-09-12,7,3,901
2024-09-13,7,3,883
2024-09-14,7,3,868
2024-09-15,7,3,854
2024-09-16,7,3,838
2024-09-17,7,3,819
2024-09-18,7,3,798
2024-09-19,7,3,777
2024-09-20,7,3,760
2024-09-21,7,3,743
2024-09-22,7,3,728
2024-09-23,7,3,710
2024-09-24,7,3,691
2024-09-25,7,3,677
2024-09-26,7,3,657
2024-09-27,7,3,1132
2024-09-28,7,3,1117
2024-09-29,7,3,1103
2024-09-30,7,3,1079
2024-10-01,7,3,1058
2024-10-02,7,3,1039
2024-10-03,7,3,1020
2024-10-04,7,3,1001
2024-10-05,7,3,986
2024-10-06,7,3,972
2024-10-07,7,3,954
2024-10-08,7,3,936
2024-10-09,7,3,917
2024-10-10,7,3,900
2024-10-11,7,3,879
2024-10-12,7,3,865
2024-10-13,7,3,850
2024-10-14,7,3,828
2024-10-15,7,3,808
2024-10-16,7,3,789
2024-10-17,7,3,770
2024-10-18,7,3,752
2024-10-19,7,3,727
2024-10-20,7,3,714
2024-10-21,7,3,696
2024-10-22,7,3,680
2024-10-23,7,3,661
2024-10-24,7,3,644
2024-10-25,7,3,628
2024-10-26,7,3,612
2024-10-27,7,3,1090
2024-10-28,7,3,1070
2024-10-29,7,3,1052
2024-10-30,7,3,1034
2024-10-31,7,3,1015
2024-11-01,7,3,998
2024-11-02,7,3,983
2024-11-03,7,3,968
2024-11-04,7,3,952
2024-11-05,7,3,930
2024-11-06,7,3,913
2024-11-07,7,3,894
2024-11-08,7,3,875
2024-11-09,7,3,861
2024-11-10,7,3,846
2024-11-11,7,3,823
2024-11-12,7,3,795
2024-11-13,7,3,775
2024-11-14,7,3,755
2024-11-15,7,3,736
2024-11-16,7,3,720
2024-11-17,7,3,702
2024-11-18,7,3,686
2024-11-19,7,3,666
2024-11-20,7,3,647
2024-11-21,7,3,625
2024-11-22,7,3,604
2024-11-23,7,3,588
2024-11-24,7,3,571
2024-11-25,7,3,551
2024-11-26,7,3,1130
2024-11-27,7,3,1111
2024-11-28,7,3,1090
2024-11-29,7,3,1072
2024-11-30,7,3,1058
2024-12-01,7,3,1043
2024-12-02,7,3,1020
2024-12-03,7,3,1002
2024-12-04,7,3,982
2024-12-05,7,3,965
2024-12-06,7,3,946
2024-12-07,7,3,930
2024-12-08,7,3,916
2024-12-09,7,3,895
2024-12-10,7,3,874
2024-12-11,7,3,856
2024-12-12,7,3,838
2024-12-13,7,3,807
2024-12-14,7,3,794
2024-12-15,7,3,777
2024-12-16,7,3,760
2024-12-17,7,3,737
2024-12-18,7,3,721
2024-12-19,7,3,700
2024-12-20,7,3,676
2024-12-21,7,3,662
2024-12-22,7,3,645
2024-12-23,7,3,625
2024-12-24,7,3,606
2024-12-25,7,3,586
2024-12-26,7,3,1039
2024-12-27,7,3,1020
2024-12-28,7,3,1003
2024-12-29,7,3,990
2024-12-30,7,3,970
2024-12-31,7,3,946
2025-01-01,7,3,924
2025-01-02,7,3,887
2025-01-03,7,3,864
2025-01-04,7,3,850
2025-01-05,7,3,831
2025-01-06,7,3,808
2025-01-07,7,3,784
2025-01-08,7,3,763
2025-01-09,7,3,742
2025-01-10,7,3,720
2025-01-11,7,3,702
2025-01-12,7,3,684
2025-01-13,7,3,663
2025-01-14,7,3,642
2025-01-15,7,3,623
2025-01-16,7,3,600
2025-01-17,7,3,582
2025-01-18,7,3,567
2025-01-19,7,3,549
2025-01-20,7,3,526
2025-01-21,7,3,493
2025-01-22,7,3,590
2025-01-23,7,3,566
2025-01-24,7,3,547
2025-01-25,7,3,1117
2025-01-26,7,3,1101
2025-01-27,7,3,1078
2025-01-28,7,3,1051
2025-01-29,7,3,1026
2025-01-30,7,3,1004
2025-01-31,7,3,981
2025-02-01,7,3,953
2025-02-02,7,3,937
2025-02-03,7,3,913
2025-02-04,7,3,892
2025-02-05,7,3,865
2025-02-06,7,3,843
2025-02-07,7,3,816
2025-02-08,7,3,799
2025-02-09,7,3,783
2025-02-10,7,3,760
2025-02-11,7,3,734
2025-02-12,7,3,708
2025-02-13,7,3,686
2025-02-14,7,3,662
2025-02-15,7,3,643
2025-02-16,7,3,623
2025-02-17,7,3,594
2025-02-18,7,3,570
2025-02-19,7,3,549
2025-02-20,7,3,524
2025-02-21,7,3,500
2025-02-22,7,3,480
2025-02-23,7,3,460
2025-02-24,7,3,1036
2025-02-25,7,3,1012
2025-02-26,7,3,990
2025-02-27,7,3,966
2025-02-28,7,3,943
2025-03-01,7,3,926
2025-03-02,7,3,905
2025-03-03,7,3,883
2025-03-04,7,3,853
2025-03-05,7,3,832
2025-03-06,7,3,801
2025-03-07,7,3,777
2025-03-08,7,3,758
2025-03-09,7,3,739
2025-03-10,7,3,712
2025-03-11,7,3,690
2025-03-12,7,3,665
2025-03-13,7,3,636
2025-03-14,7,3,613
2025-03-15,7,3,596
2025-03-16,7,3,575
2025-03-17,7,3,549
2025-03-18,7,3,521
2025-03-19,7,3,489
2025-03-20,7,3,461
2025-03-21,7,3,437
2025-03-22,7,3,415
2025-03-23,7,3,395
2025-03-24,7,3,371
2025-03-25,7,3,475
2025-03-26,7,3,1066
2025-03-27,7,3,1040
2025-03-28,7,3,1015
2025-03-29,7,3,996
2025-03-30,7,3,979
2025-03-31,7,3,959
2025-04-01,7,3,930
2025-04-02,7,3,900
2025-04-03,7,3,873
2025-04-04,7,3,847
2025-04-05,7,3,824
2025-04-06,7,3,807
2025-04-07,7,3,779
2025-04-08,7,3,747
2025-04-09,7,3,722
2025-04-10,7,3,692
2025-04-11,7,3,668
2025-04-12,7,3,648
2025-04-13,7,3,630
2025-04-14,7,3,602
2025-04-15,7,3,576
2025-04-16,7,3,552
2025-04-17,7,3,531
2025-04-18,7,3,480
2025-04-19,7,3,458
2025-04-20,7,3,438
2025-04-21,7,3,411
2025-04-22,7,3,379
2025-04-23,7,3,351
2025-04-24,7,3,310
2025-04-25,7,3,1083
2025-04-26,7,3,1070
2025-04-27,7,3,1050
2025-04-28,7,3,1026
2025-04-29,7,3,1001
2025-04-30,7,3,977
2025-05-01,7,3,954
2025-05-02,7,3,928
2025-05-03,7,3,908
2025-05-04,7,3,887
2025-05-05,7,3,864
2025-05-06,7,3,836
2025-05-07,7,3,814
2025-05-08,7,3,790
2025-05-09,7,3,763
2025-05-10,7,3,741
2025-05-11,7,3,723
2025-05-12,7,3,700
2025-05-13,7,3,672
2025-05-14,7,3,645
2025-05-15,7,3,621
2025-05-16,7,3,600
2025-05-17,7,3,582
2025-05-18,7,3,564
2025-05-19,7,3,542
2025-05-20,7,3,520
2025-05-21,7,3,500
2025-05-22,7,3,479
2025-05-23,7,3,441
2025-05-24,7,3,421
2025-05-25,7,3,995
2025-05-26,7,3,972
2025-05-27,7,3,944
2025-05-28,7,3,919
2025-05-29,7,3,891
2025-05-30,7,3,868
2025-05-31,7,3,850
2025-06-01,7,3,831
2025-06-02,7,3,809
2025-06-03,7,3,788
2025-06-04,7,3,763
2025-06-05,7,3,745
2025-06-06,7,3,721
2025-06-07,7,3,700
2025-06-08,7,3,682
2025-06-09,7,3,660
2025-06-10,7,3,639
2025-06-11,7,3,616
2025-06-12,7,3,593
2025-06-13,7,3,570
2025-06-14,7,3,553
2025-06-15,7,3,534
2025-06-16,7,3,510
2025-06-17,7,3,485
2025-06-18,7,3,459
2025-06-19,7,3,436
2025-06-20,7,3,640
2025-06-21,7,3,628
2025-06-22,7,3,607
2025-06-23,7,3,585
2025-06-24,7,3,1159
2025-06-25,7,3,1136
2025-06-26,7,3,1110
2025-06-27,7,3,1086
2025-06-28,7,3,1058
2025-06-29,7,3,1043
2025-06-30,7,3,1016
2025-07-01,7,3,996
2025-07-02,7,3,973
2025-07-03,7,3,952
2025-07-04,7,3,927
2025-07-05,7,3,910
2025-07-06,7,3,892
2025-07-07,7,3,870
2025-07-08,7,3,842
2025-07-09,7,3,819
2025-07-10,7,3,797
2025-07-11,7,3,773
2025-07-12,7,3,755
2025-07-13,7,3,738
2025-07-14,7,3,716
2025-07-15,7,3,695
2025-07-16,7,3,671
2025-07-17,7,3,649
2025-07-18,7,3,629
2025-07-19,7,3,611
2025-07-20,7,3,595
2025-07-21,7,3,577
2025-07-22,7,3,555
2025-07-23,7,3,532
2025-07-24,7,3,1074
2025-07-25,7,3,1042
2025-07-26,7,3,1025
2025-07-27,7,3,1007
2025-07-28,7,3,983
2025-07-29,7,3,961
2025-07-30,7,3,937
2025-07-31,7,3,916
2025-08-01,7,3,899
2025-08-02,7,3,883
2025-08-03,7,3,869
2025-08-04,7,3,848
2025-08-05,7,3,826
2025-08-06,7,3,807
2025-08-07,7,3,785
2025-08-08,7,3,764
2025-08-09,7,3,749
2025-08-10,7,3,734
2025-08-11,7,3,711
2025-08-12,7,3,693
2025-08-13,7,3,673
2025-08-14,7,3,654
2025-08-15,7,3,635
2025-08-16,7,3,621
2025-08-17,7,3,599
2025-08-18,7,3,580
2025-08-19,7,3,562
2025-08-20,7,3,540
2025-08-21,7,3,521
2025-08-22,7,3,499
2025-08-23,7,3,1133
2025-08-24,7,3,1120
2025-08-25,7,3,1096
2025-08-26,7,3,1077
2025-08-27,7,3,1057
2025-08-28,7,3,1036
2025-08-29,7,3,1014
2025-08-30,7,3,995
2025-08-31,7,3,980
2025-09-01,7,3,960
2025-09-02,7,3,939
2025-09-03,7,3,916
2025-09-04,7,3,896
2025-09-05,7,3,877
2025-09-06,7,3,857
2025-09-07,7,3,841
2025-09-08,7,3,807
2025-09-09,7,3,790
2025-09-10,7,3,771
2025-09-11,7,3,750
2025-09-12,7,3,733
2025-09-13,7,3,707
2025-09-14,7,3,690
2025-09-15,7,3,669
2025-09-16,7,3,650
2025-09-17,7,3,631
2025-09-18,7,3,607
2025-09-19,7,3,590
2025-09-20,7,3,578
2025-09-21,7,3,563
2025-09-22,7,3,1122
2025-09-23,7,3,1104
2025-09-24,7,3,1084
2025-09-25,7,3,1064
2025-09-26,7,3,1042
2025-09-27,7,3,1027
2025-09-28,7,3,1013
2025-09-29,7,3,992
2025-09-30,7,3,973
2025-10-01,7,3,953
2025-10-02,7,3,936
2025-10-03,7,3,918
2025-10-04,7,3,905
2025-10-05,7,3,891
2025-10-06,7,3,874
2025-10-07,7,3,850
2025-10-08,7,3,832
2025-10-09,7,3,815
2025-10-10,7,3,798
2025-10-11,7,3,784
2025-10-12,7,3,769
2025-10-13,7,3,752
2025-10-14,7,3,734
2025-10-15,7,3,716
2025-10-16,7,3,693
2025-10-17,7,3,680
2025-10-18,7,3,667
2025-10-19,7,3,653
2025-10-20,7,3,636
2025-10-21,7,3,621
2025-10-22,7,3,1171
2025-10-23,7,3,1146
2025-10-24,7,3,1126
2025-10-25,7,3,1111
2025-10-26,7,3,1098
2025-10-27,7,3,1071
2025-10-28,7,3,1054
2025-10-29,7,3,1038
2025-10-30,7,3,1014
2025-10-31,7,3,996
2025-11-01,7,3,981
2025-11-02,7,3,966
2025-11-03,7,3,949
2025-11-04,7,3,923
2025-11-05,7,3,909
2025-11-06,7,3,879
2025-11-07,7,3,860
2025-11-08,7,3,847
2025-11-09,7,3,832
2025-11-10,7,3,817
2025-11-11,7,3,788
2025-11-12,7,3,772
2025-11-13,7,3,752
2025-11-14,7,3,732
2025-11-15,7,3,716
2025-11-16,7,3,700
2025-11-17,7,3,668
2025-11-18,7,3,649
2025-11-19,7,3,631
2025-11-20,7,3,613
2025-11-21,7,3,1051
2025-11-22,7,3,1036
2025-11-23,7,3,1019
2025-11-24,7,3,1002
2025-11-25,7,3,986
2025-11-26,7,3,968
2025-11-27,7,3,947
2025-11-28,7,3,927
2025-11-29,7,3,910
2025-11-30,7,3,896
2025-12-01,7,3,877
2025-12-02,7,3,861
2025-12-03,7,3,839
2025-12-04,7,3,820
2025-12-05,7,3,797
2025-12-06,7,3,783
2025-12-07,7,3,770
2025-12-08,7,3,752
2025-12-09,7,3,730
2025-12-10,7,3,706
2025-12-11,7,3,683
2025-12-12,7,3,665
2025-12-13,7,3,650
2025-12-14,7,3,628
2025-12-15,7,3,605
2025-12-16,7,3,588
2025-12-17,7,3,564
2025-12-18,7,3,545
2025-12-19,7,3,527
2025-12-20,7,3,512
2025-12-21,7,3,1047
2025-12-22,7,3,1028
2025-12-23,7,3,1008
2025-12-24,7,3,988
2025-12-25,7,3,970
2025-12-26,7,3,950
2025-12-27,7,3,934
2025-12-28,7,3,917
2025-12-29,7,3,894
2025-12-30,7,3,877
2025-12-31,7,3,854
2024-01-01,8,1,1150
2024-01-02,8,1,1110
2024-01-03,8,1,1077
2024-01-04,8,1,1042
2024-01-05,8,1,1019
2024-01-06,8,1,997
2024-01-07,8,1,971
2024-01-08,8,1,941
2024-01-09,8,1,908
2024-01-10,8,1,880
2024-01-11,8,1,854
2024-01-12,8,1,816
2024-01-13,8,1,787
2024-01-14,8,1,761
2024-01-15,8,1,730
2024-01-16,8,1,699
2024-01-17,8,1,664
2024-01-18,8,1,619
2024-01-19,8,1,588
2024-01-20,8,1,553
2024-01-21,8,1,525
2024-01-22,8,1,496
2024-01-23,8,1,464
2024-01-24,8,1,425
2024-01-25,8,1,397
2024-01-26,8,1,700
2024-01-27,8,1,673
2024-01-28,8,1,651
2024-01-29,8,1,620
2024-01-30,8,1,587
2024-01-31,8,1,1042
2024-02-01,8,1,1013
2024-02-02,8,1,965
2024-02-03,8,1,938
2024-02-04,8,1,913
2024-02-05,8,1,882
2024-02-06,8,1,845
2024-02-07,8,1,803
2024-02-08,8,1,771
2024-02-09,8,1,740
2024-02-10,8,1,715
2024-02-11,8,1,688
2024-02-12,8,1,656
2024-02-13,8,1,624
2024-02-14,8,1,586
2024-02-15,8,1,549
2024-02-16,8,1,519
2024-02-17,8,1,491
2024-02-18,8,1,469
2024-02-19,8,1,433
2024-02-20,8,1,404
2024-02-21,8,1,373
2024-02-22,8,1,338
2024-02-23,8,1,616
2024-02-24,8,1,592
2024-02-25,8,1,569
2024-02-26,8,1,539
2024-02-27,8,1,502
2024-02-28,8,1,457
2024-02-29,8,1,421
2024-03-01,8,1,1000
2024-03-02,8,1,967
2024-03-03,8,1,935
2024-03-04,8,1,900
2024-03-05,8,1,868
2024-03-06,8,1,836
2024-03-07,8,1,799
2024-03-08,8,1,767
2024-03-09,8,1,741
2024-03-10,8,1,712
2024-03-11,8,1,682
2024-03-12,8,1,631
2024-03-13,8,1,599
2024-03-14,8,1,569
2024-03-15,8,1,531
2024-03-16,8,1,508
2024-03-17,8,1,483
2024-03-18,8,1,416
2024-03-19,8,1,379
2024-03-20,8,1,508
2024-03-21,8,1,476
2024-03-22,8,1,444
2024-03-23,8,1,417
2024-03-24,8,1,390
2024-03-25,8,1,353
2024-03-26,8,1,545
2024-03-27,8,1,514
2024-03-28,8,1,484
2024-03-29,8,1,449
2024-03-30,8,1,421
2024-03-31,8,1,1168
2024-04-01,8,1,1132
2024-04-02,8,1,1098
2024-04-03,8,1,1067
2024-04-04,8,1,1030
2024-04-05,8,1,996
2024-04-06,8,1,970
2024-04-07,8,1,942
2024-04-08,8,1,910
2024-04-09,8,1,876
2024-04-10,8,1,837
2024-04-11,8,1,805
2024-04-12,8,1,778
2024-04-13,8,1,750
2024-04-14,8,1,719
2024-04-15,8,1,689
2024-04-16,8,1,654
2024-04-17,8,1,616
2024-04-18,8,1,584
2024-04-19,8,1,552
2024-04-20,8,1,529
2024-04-21,8,1,503
2024-04-22,8,1,472
2024-04-23,8,1,434
2024-04-24,8,1,399
2024-04-25,8,1,329
2024-04-26,8,1,578
2024-04-27,8,1,547
2024-04-28,8,1,515
2024-04-29,8,1,479
2024-04-30,8,1,1022
2024-05-01,8,1,990
2024-05-02,8,1,952
2024-05-03,8,1,914
2024-05-04,8,1,886
2024-05-05,8,1,856
2024-05-06,8,1,826
2024-05-07,8,1,790
2024-05-08,8,1,746
2024-05-09,8,1,715
2024-05-10,8,1,680
2024-05-11,8,1,649
2024-05-12,8,1,617
2024-05-13,8,1,579
2024-05-14,8,1,541
2024-05-15,8,1,505
2024-05-16,8,1,472
2024-05-17,8,1,442
2024-05-18,8,1,418
2024-05-19,8,1,379
2024-05-20,8,1,348
2024-05-21,8,1,294
2024-05-22,8,1,251
2024-05-23,8,1,218
2024-05-24,8,1,183
2024-05-25,8,1,158
2024-05-26,8,1,130
2024-05-27,8,1,88
2024-05-28,8,1,325
2024-05-29,8,1,289
2024-05-30,8,1,1016
2024-05-31,8,1,977
2024-06-01,8,1,946
2024-06-02,8,1,921
2024-06-03,8,1,871
2024-06-04,8,1,835
2024-06-05,8,1,802
2024-06-06,8,1,773
2024-06-07,8,1,741
2024-06-08,8,1,717
2024-06-09,8,1,686
2024-06-10,8,1,655
2024-06-11,8,1,622
2024-06-12,8,1,584
2024-06-13,8,1,552
2024-06-14,8,1,517
2024-06-15,8,1,493
2024-06-16,8,1,465
2024-06-17,8,1,434
2024-06-18,8,1,403
2024-06-19,8,1,372
2024-06-20,8,1,344
2024-06-21,8,1,313
2024-06-22,8,1,288
2024-06-23,8,1,263
2024-06-24,8,1,204
2024-06-25,8,1,402
2024-06-26,8,1,368
2024-06-27,8,1,341
2024-06-28,8,1,305
2024-06-29,8,1,1186
2024-06-30,8,1,1157
2024-07-01,8,1,1128
2024-07-02,8,1,1076
2024-07-03,8,1,1040
2024-07-04,8,1,1006
2024-07-05,8,1,976
2024-07-06,8,1,953
2024-07-07,8,1,926
2024-07-08,8,1,895
2024-07-09,8,1,860
2024-07-10,8,1,832
2024-07-11,8,1,803
2024-07-12,8,1,775
2024-07-13,8,1,747
2024-07-14,8,1,726
2024-07-15,8,1,688
2024-07-16,8,1,654
2024-07-17,8,1,619
2024-07-18,8,1,581
2024-07-19,8,1,546
2024-07-20,8,1,520
2024-07-21,8,1,493
2024-07-22,8,1,466
2024-07-23,8,1,436
2024-07-24,8,1,401
2024-07-25,8,1,369
2024-07-26,8,1,340
2024-07-27,8,1,314
2024-07-28,8,1,286
2024-07-29,8,1,997
2024-07-30,8,1,970
2024-07-31,8,1,940
2024-08-01,8,1,915
2024-08-02,8,1,881
2024-08-03,8,1,854
2024-08-04,8,1,829
2024-08-05,8,1,797
2024-08-06,8,1,770
2024-08-07,8,1,732
2024-08-08,8,1,704
2024-08-09,8,1,680
2024-08-10,8,1,654
2024-08-11,8,1,631
2024-08-12,8,1,598
2024-08-13,8,1,564
2024-08-14,8,1,532
2024-08-15,8,1,505
2024-08-16,8,1,472
2024-08-17,8,1,448
2024-08-18,8,1,426
2024-08-19,8,1,394
2024-08-20,8,1,351
2024-08-21,8,1,299
2024-08-22,8,1,274
2024-08-23,8,1,240
2024-08-24,8,1,216
2024-08-25,8,1,559
2024-08-26,8,1,525
2024-08-27,8,1,496
2024-08-28,8,1,1022
2024-08-29,8,1,993
2024-08-30,8,1,967
2024-08-31,8,1,947
2024-09-01,8,1,921
2024-09-02,8,1,894
2024-09-03,8,1,854
2024-09-04,8,1,828
2024-09-05,8,1,795
2024-09-06,8,1,764
2024-09-07,8,1,741
2024-09-08,8,1,721
2024-09-09,8,1,689
2024-09-10,8,1,661
2024-09-11,8,1,632
2024-09-12,8,1,604
2024-09-13,8,1,579
2024-09-14,8,1,558
2024-09-15,8,1,536
2024-09-16,8,1,510
2024-09-17,8,1,464
2024-09-18,8,1,431
2024-09-19,8,1,398
2024-09-20,8,1,365
2024-09-21,8,1,344
2024-09-22,8,1,320
2024-09-23,8,1,290
2024-09-24,8,1,557
2024-09-25,8,1,524
2024-09-26,8,1,498
2024-09-27,8,1,1060
2024-09-28,8,1,1035
2024-09-29,8,1,1011
2024-09-30,8,1,984
2024-10-01,8,1,954
2024-10-02,8,1,926
2024-10-03,8,1,889
2024-10-04,8,1,864
2024-10-05,8,1,841
2024-10-06,8,1,821
2024-10-07,8,1,792
2024-10-08,8,1,757
2024-10-09,8,1,732
2024-10-10,8,1,703
2024-10-11,8,1,677
2024-10-12,8,1,657
2024-10-13,8,1,637
2024-10-14,8,1,609
2024-10-15,8,1,580
2024-10-16,8,1,556
2024-10-17,8,1,526
2024-10-18,8,1,490
2024-10-19,8,1,466
2024-10-20,8,1,442
2024-10-21,8,1,418
2024-10-22,8,1,387
2024-10-23,8,1,363
2024-10-24,8,1,335
2024-10-25,8,1,311
2024-10-26,8,1,292
2024-10-27,8,1,1115
2024-10-28,8,1,1084
2024-10-29,8,1,1051
2024-10-30,8,1,1023
2024-10-31,8,1,992
2024-11-01,8,1,967
2024-11-02,8,1,920
2024-11-03,8,1,899
2024-11-04,8,1,868
2024-11-05,8,1,840
2024-11-06,8,1,807
2024-11-07,8,1,777
2024-11-08,8,1,742
2024-11-09,8,1,721
2024-11-10,8,1,699
2024-11-11,8,1,657
2024-11-12,8,1,622
2024-11-13,8,1,594
2024-11-14,8,1,559
2024-11-15,8,1,532
2024-11-16,8,1,510
2024-11-17,8,1,491
2024-11-18,8,1,463
2024-11-19,8,1,437
2024-11-20,8,1,403
2024-11-21,8,1,371
2024-11-22,8,1,338
2024-11-23,8,1,316
2024-11-24,8,1,293
2024-11-25,8,1,267
2024-11-26,8,1,1020
2024-11-27,8,1,991
2024-11-28,8,1,958
2024-11-29,8,1,927
2024-11-30,8,1,901
2024-12-01,8,1,879
2024-12-02,8,1,849
2024-12-03,8,1,823
2024-12-04,8,1,781
2024-12-05,8,1,754
2024-12-06,8,1,726
2024-12-07,8,1,704
2024-12-08,8,1,681
2024-12-09,8,1,652
2024-12-10,8,1,626
2024-12-11,8,1,594
2024-12-12,8,1,562
2024-12-13,8,1,532
2024-12-14,8,1,507
2024-12-15,8,1,484
2024-12-16,8,1,452
2024-12-17,8,1,418
2024-12-18,8,1,384
2024-12-19,8,1,357
2024-12-20,8,1,325
2024-12-21,8,1,304
2024-12-22,8,1,281
2024-12-23,8,1,248
2024-12-24,8,1,222
2024-12-25,8,1,397
2024-12-26,8,1,1100
2024-12-27,8,1,1069
2024-12-28,8,1,1033
2024-12-29,8,1,1011
2024-12-30,8,1,983
2024-12-31,8,1,953
2025-01-01,8,1,916
2025-01-02,8,1,881
2025-01-03,8,1,848
2025-01-04,8,1,813
2025-01-05,8,1,785
2025-01-06,8,1,757
2025-01-07,8,1,727
2025-01-08,8,1,699
2025-01-09,8,1,643
2025-01-10,8,1,609
2025-01-11,8,1,583
2025-01-12,8,1,545
2025-01-13,8,1,512
2025-01-14,8,1,483
2025-01-15,8,1,444
2025-01-16,8,1,412
2025-01-17,8,1,381
2025-01-18,8,1,359
2025-01-19,8,1,333
2025-01-20,8,1,297
2025-01-21,8,1,622
2025-01-22,8,1,600
2025-01-23,8,1,563
2025-01-24,8,1,531
2025-01-25,8,1,1105
2025-01-26,8,1,1083
2025-01-27,8,1,1049
2025-01-28,8,1,1018
2025-01-29,8,1,985
2025-01-30,8,1,952
2025-01-31,8,1,919
2025-02-01,8,1,894
2025-02-02,8,1,868
2025-02-03,8,1,835
2025-02-04,8,1,804
2025-02-05,8,1,766
2025-02-06,8,1,735
2025-02-07,8,1,701
2025-02-08,8,1,672
2025-02-09,8,1,640
2025-02-10,8,1,607
2025-02-11,8,1,573
2025-02-12,8,1,538
2025-02-13,8,1,511
2025-02-14,8,1,473
2025-02-15,8,1,448
2025-02-16,8,1,422
2025-02-17,8,1,391
2025-02-18,8,1,355
2025-02-19,8,1,316
2025-02-20,8,1,282
2025-02-21,8,1,246
2025-02-22,8,1,222
2025-02-23,8,1,190
2025-02-24,8,1,1152
2025-02-25,8,1,1119
2025-02-26,8,1,1082
2025-02-27,8,1,1033
2025-02-28,8,1,997
2025-03-01,8,1,967
2025-03-02,8,1,943
2025-03-03,8,1,912
2025-03-04,8,1,875
2025-03-05,8,1,833
2025-03-06,8,1,796
2025-03-07,8,1,752
2025-03-08,8,1,725
2025-03-09,8,1,701
2025-03-10,8,1,646
2025-03-11,8,1,609
2025-03-12,8,1,569
2025-03-13,8,1,534
2025-03-14,8,1,501
2025-03-15,8,1,462
2025-03-16,8,1,431
2025-03-17,8,1,394
2025-03-18,8,1,357
2025-03-19,8,1,609
2025-03-20,8,1,571
2025-03-21,8,1,519
2025-03-22,8,1,493
2025-03-23,8,1,462
2025-03-24,8,1,428
2025-03-25,8,1,378
2025-03-26,8,1,1057
2025-03-27,8,1,1015
2025-03-28,8,1,982
2025-03-29,8,1,956
2025-03-30,8,1,894
2025-03-31,8,1,868
2025-04-01,8,1,836
2025-04-02,8,1,803
2025-04-03,8,1,766
2025-04-04,8,1,729
2025-04-05,8,1,703
2025-04-06,8,1,675
2025-04-07,8,1,638
2025-04-08,8,1,604
2025-04-09,8,1,570
2025-04-10,8,1,538
2025-04-11,8,1,501
2025-04-12,8,1,479
2025-04-13,8,1,453
2025-04-14,8,1,417
2025-04-15,8,1,384
2025-04-16,8,1,344
2025-04-17,8,1,296
2025-04-18,8,1,253
2025-04-19,8,1,225
2025-04-20,8,1,202
2025-04-21,8,1,163
2025-04-22,8,1,132
2025-04-23,8,1,270
2025-04-24,8,1,235
2025-04-25,8,1,1133
2025-04-26,8,1,1102
2025-04-27,8,1,1075
2025-04-28,8,1,1043
2025-04-29,8,1,1002
2025-04-30,8,1,968
2025-05-01,8,1,934
2025-05-02,8,1,902
2025-05-03,8,1,874
2025-05-04,8,1,849
2025-05-05,8,1,809
2025-05-06,8,1,740
2025-05-07,8,1,705
2025-05-08,8,1,665
2025-05-09,8,1,604
2025-05-10,8,1,577
2025-05-11,8,1,549
2025-05-12,8,1,508
2025-05-13,8,1,472
2025-05-14,8,1,434
2025-05-15,8,1,402
2025-05-16,8,1,366
2025-05-17,8,1,343
2025-05-18,8,1,320
2025-05-19,8,1,478
2025-05-20,8,1,446
2025-05-21,8,1,413
2025-05-22,8,1,375
2025-05-23,8,1,337
2025-05-24,8,1,309
2025-05-25,8,1,1149
2025-05-26,8,1,1108
2025-05-27,8,1,1075
2025-05-28,8,1,1037
2025-05-29,8,1,999
2025-05-30,8,1,964
2025-05-31,8,1,939
2025-06-01,8,1,916
2025-06-02,8,1,884
2025-06-03,8,1,846
2025-06-04,8,1,808
2025-06-05,8,1,775
2025-06-06,8,1,743
2025-06-07,8,1,719
2025-06-08,8,1,695
2025-06-09,8,1,659
2025-06-10,8,1,627
2025-06-11,8,1,595
2025-06-12,8,1,556
2025-06-13,8,1,522
2025-06-14,8,1,493
2025-06-15,8,1,467
2025-06-16,8,1,439
2025-06-17,8,1,401
2025-06-18,8,1,559
2025-06-19,8,1,526
2025-06-20,8,1,494
2025-06-21,8,1,467
2025-06-22,8,1,447
2025-06-23,8,1,411
2025-06-24,8,1,1023
2025-06-25,8,1,991
2025-06-26,8,1,958
2025-06-27,8,1,924
2025-06-28,8,1,901
2025-06-29,8,1,854
2025-06-30,8,1,817
2025-07-01,8,1,788
2025-07-02,8,1,755
2025-07-03,8,1,725
2025-07-04,8,1,692
2025-07-05,8,1,672
2025-07-06,8,1,647
2025-07-07,8,1,621
2025-07-08,8,1,593
2025-07-09,8,1,560
2025-07-10,8,1,525
2025-07-11,8,1,490
2025-07-12,8,1,464
2025-07-13,8,1,438
2025-07-14,8,1,403
2025-07-15,8,1,373
2025-07-16,8,1,342
2025-07-17,8,1,643
2025-07-18,8,1,608
2025-07-19,8,1,583
2025-07-20,8,1,557
2025-07-21,8,1,522
2025-07-22,8,1,491
2025-07-23,8,1,454
2025-07-24,8,1,1123
2025-07-25,8,1,1091
2025-07-26,8,1,1065
2025-07-27,8,1,1043
2025-07-28,8,1,1013
2025-07-29,8,1,981
2025-07-30,8,1,950
2025-07-31,8,1,922
2025-08-01,8,1,893
2025-08-02,8,1,868
2025-08-03,8,1,837
2025-08-04,8,1,804
2025-08-05,8,1,772
2025-08-06,8,1,734
2025-08-07,8,1,704
2025-08-08,8,1,676
2025-08-09,8,1,649
2025-08-10,8,1,625
2025-08-11,8,1,595
2025-08-12,8,1,565
2025-08-13,8,1,533
2025-08-14,8,1,500
2025-08-15,8,1,438
2025-08-16,8,1,411
2025-08-17,8,1,383
2025-08-18,8,1,353
2025-08-19,8,1,322
2025-08-20,8,1,294
2025-08-21,8,1,267
2025-08-22,8,1,209
2025-08-23,8,1,977
2025-08-24,8,1,955
2025-08-25,8,1,922
2025-08-26,8,1,890
2025-08-27,8,1,857
2025-08-28,8,1,825
2025-08-29,8,1,781
2025-08-30,8,1,757
2025-08-31,8,1,734
2025-09-01,8,1,704
2025-09-02,8,1,671
2025-09-03,8,1,639
2025-09-04,8,1,608
2025-09-05,8,1,579
2025-09-06,8,1,552
2025-09-07,8,1,527
2025-09-08,8,1,480
2025-09-09,8,1,444
2025-09-10,8,1,416
2025-09-11,8,1,383
2025-09-12,8,1,355
2025-09-13,8,1,622
2025-09-14,8,1,600
2025-09-15,8,1,572
2025-09-16,8,1,546
2025-09-17,8,1,510
2025-09-18,8,1,480
2025-09-19,8,1,452
2025-09-20,8,1,433
2025-09-21,8,1,410
2025-09-22,8,1,1152
2025-09-23,8,1,1126
2025-09-24,8,1,1094
2025-09-25,8,1,1055
2025-09-26,8,1,1027
2025-09-27,8,1,1001
2025-09-28,8,1,978
2025-09-29,8,1,946
2025-09-30,8,1,915
2025-10-01,8,1,887
2025-10-02,8,1,841
2025-10-03,8,1,813
2025-10-04,8,1,793
2025-10-05,8,1,769
2025-10-06,8,1,736
2025-10-07,8,1,702
2025-10-08,8,1,678
2025-10-09,8,1,654
2025-10-10,8,1,620
2025-10-11,8,1,596
2025-10-12,8,1,573
2025-10-13,8,1,544
2025-10-14,8,1,513
2025-10-15,8,1,482
2025-10-16,8,1,455
2025-10-17,8,1,400
2025-10-18,8,1,378
2025-10-19,8,1,347
2025-10-20,8,1,317
2025-10-21,8,1,286
2025-10-22,8,1,1049
2025-10-23,8,1,1024
2025-10-24,8,1,988
2025-10-25,8,1,968
2025-10-26,8,1,943
2025-10-27,8,1,911
2025-10-28,8,1,878
2025-10-29,8,1,848
2025-10-30,8,1,794
2025-10-31,8,1,767
2025-11-01,8,1,747
2025-11-02,8,1,724
2025-11-03,8,1,693
2025-11-04,8,1,661
2025-11-05,8,1,636
2025-11-06,8,1,610
2025-11-07,8,1,573
2025-11-08,8,1,548
2025-11-09,8,1,524
2025-11-10,8,1,488
2025-11-11,8,1,455
2025-11-12,8,1,429
2025-11-13,8,1,402
2025-11-14,8,1,370
2025-11-15,8,1,349
2025-11-16,8,1,316
2025-11-17,8,1,264
2025-11-18,8,1,232
2025-11-19,8,1,180
2025-11-20,8,1,151
2025-11-21,8,1,1010
2025-11-22,8,1,985
2025-11-23,8,1,959
2025-11-24,8,1,931
2025-11-25,8,1,875
2025-11-26,8,1,849
2025-11-27,8,1,819
2025-11-28,8,1,784
2025-11-29,8,1,760
2025-11-30,8,1,738
2025-12-01,8,1,706
2025-12-02,8,1,662
2025-12-03,8,1,624
2025-12-04,8,1,594
2025-12-05,8,1,560
2025-12-06,8,1,535
2025-12-07,8,1,510
2025-12-08,8,1,483
2025-12-09,8,1,453
2025-12-10,8,1,429
2025-12-11,8,1,392
2025-12-12,8,1,354
2025-12-13,8,1,330
2025-12-14,8,1,548
2025-12-15,8,1,514
2025-12-16,8,1,467
2025-12-17,8,1,433
2025-12-18,8,1,379
2025-12-19,8,1,653
2025-12-20,8,1,626
2025-12-21,8,1,1043
2025-12-22,8,1,1012
2025-12-23,8,1,982
2025-12-24,8,1,951
2025-12-25,8,1,925
2025-12-26,8,1,890
2025-12-27,8,1,868
2025-12-28,8,1,844
2025-12-29,8,1,810
2025-12-30,8,1,775
2025-12-31,8,1,746
2024-01-01,8,2,1739
2024-01-02,8,2,1718
2024-01-03,8,2,1695
2024-01-04,8,2,1672
2024-01-05,8,2,1645
2024-01-06,8,2,1623
2024-01-07,8,2,1602
2024-01-08,8,2,1578
2024-01-09,8,2,1556
2024-01-10,8,2,1535
2024-01-11,8,2,1511
2024-01-12,8,2,1486
2024-01-13,8,2,1457
2024-01-14,8,2,1439
2024-01-15,8,2,1418
2024-01-16,8,2,1395
2024-01-17,8,2,1370
2024-01-18,8,2,1337
2024-01-19,8,2,1312
2024-01-20,8,2,1297
2024-01-21,8,2,1276
2024-01-22,8,2,1250
2024-01-23,8,2,1212
2024-01-24,8,2,1187
2024-01-25,8,2,1170
2024-01-26,8,2,1148
2024-01-27,8,2,1128
2024-01-28,8,2,1110
2024-01-29,8,2,1085
2024-01-30,8,2,1061
2024-01-31,8,2,1642
2024-02-01,8,2,1622
2024-02-02,8,2,1599
2024-02-03,8,2,1576
2024-02-04,8,2,1560
2024-02-05,8,2,1537
2024-02-06,8,2,1512
2024-02-07,8,2,1482
2024-02-08,8,2,1456
2024-02-09,8,2,1432
2024-02-10,8,2,1415
2024-02-11,8,2,1396
2024-02-12,8,2,1375
2024-02-13,8,2,1351
2024-02-14,8,2,1327
2024-02-15,8,2,1300
2024-02-16,8,2,1272
2024-02-17,8,2,1253
2024-02-18,8,2,1237
2024-02-19,8,2,1201
2024-02-20,8,2,1174
2024-02-21,8,2,1143
2024-02-22,8,2,1123
2024-02-23,8,2,1100
2024-02-24,8,2,1081
2024-02-25,8,2,1062
2024-02-26,8,2,1039
2024-02-27,8,2,1009
2024-02-28,8,2,982
2024-02-29,8,2,956
2024-03-01,8,2,1593
2024-03-02,8,2,1575
2024-03-03,8,2,1552
2024-03-04,8,2,1527
2024-03-05,8,2,1505
2024-03-06,8,2,1482
2024-03-07,8,2,1456
2024-03-08,8,2,1430
2024-03-09,8,2,1410
2024-03-10,8,2,1388
2024-03-11,8,2,1364
2024-03-12,8,2,1342
2024-03-13,8,2,1315
2024-03-14,8,2,1288
2024-03-15,8,2,1264
2024-03-16,8,2,1243
2024-03-17,8,2,1220
2024-03-18,8,2,1193
2024-03-19,8,2,1171
2024-03-20,8,2,1144
2024-03-21,8,2,1120
2024-03-22,8,2,1094
2024-03-23,8,2,1065
2024-03-24,8,2,1043
2024-03-25,8,2,1006
2024-03-26,8,2,981
2024-03-27,8,2,955
2024-03-28,8,2,932
2024-03-29,8,2,908
2024-03-30,8,2,888
2024-03-31,8,2,1611
2024-04-01,8,2,1589
2024-04-02,8,2,1564
2024-04-03,8,2,1540
2024-04-04,8,2,1517
2024-04-05,8,2,1495
2024-04-06,8,2,1474
2024-04-07,8,2,1452
2024-04-08,8,2,1430
2024-04-09,8,2,1406
2024-04-10,8,2,1379
2024-04-11,8,2,1349
2024-04-12,8,2,1321
2024-04-13,8,2,1299
2024-04-14,8,2,1281
2024-04-15,8,2,1254
2024-04-16,8,2,1227
2024-04-17,8,2,1197
2024-04-18,8,2,1176
2024-04-19,8,2,1152
2024-04-20,8,2,1133
2024-04-21,8,2,1113
2024-04-22,8,2,1086
2024-04-23,8,2,1051
2024-04-24,8,2,1024
2024-04-25,8,2,998
2024-04-26,8,2,969
2024-04-27,8,2,952
2024-04-28,8,2,933
2024-04-29,8,2,892
2024-04-30,8,2,1561
2024-05-01,8,2,1534
2024-05-02,8,2,1511
2024-05-03,8,2,1484
2024-05-04,8,2,1459
2024-05-05,8,2,1441
2024-05-06,8,2,1413
2024-05-07,8,2,1382
2024-05-08,8,2,1357
2024-05-09,8,2,1328
2024-05-10,8,2,1301
2024-05-11,8,2,1281
2024-05-12,8,2,1260
2024-05-13,8,2,1234
2024-05-14,8,2,1210
2024-05-15,8,2,1186
2024-05-16,8,2,1162
2024-05-17,8,2,1132
2024-05-18,8,2,1115
2024-05-19,8,2,1095
2024-05-20,8,2,1069
2024-05-21,8,2,1043
2024-05-22,8,2,1021
2024-05-23,8,2,972
2024-05-24,8,2,945
2024-05-25,8,2,925
2024-05-26,8,2,904
2024-05-27,8,2,874
2024-05-28,8,2,844
2024-05-29,8,2,818
2024-05-30,8,2,1479
2024-05-31,8,2,1449
2024-06-01,8,2,1428
2024-06-02,8,2,1405
2024-06-03,8,2,1379
2024-06-04,8,2,1359
2024-06-05,8,2,1334
2024-06-06,8,2,1311
2024-06-07,8,2,1293
2024-06-08,8,2,1272
2024-06-09,8,2,1250
2024-06-10,8,2,1224
2024-06-11,8,2,1198
2024-06-12,8,2,1158
2024-06-13,8,2,1133
2024-06-14,8,2,1105
2024-06-15,8,2,1084
2024-06-16,8,2,1064
2024-06-17,8,2,1038
2024-06-18,8,2,1016
2024-06-19,8,2,995
2024-06-20,8,2,972
2024-06-21,8,2,945
2024-06-22,8,2,927
2024-06-23,8,2,906
2024-06-24,8,2,882
2024-06-25,8,2,856
2024-06-26,8,2,835
2024-06-27,8,2,810
2024-06-28,8,2,785
2024-06-29,8,2,1559
2024-06-30,8,2,1540
2024-07-01,8,2,1515
2024-07-02,8,2,1486
2024-07-03,8,2,1462
2024-07-04,8,2,1427
2024-07-05,8,2,1410
2024-07-06,8,2,1387
2024-07-07,8,2,1368
2024-07-08,8,2,1347
2024-07-09,8,2,1326
2024-07-10,8,2,1300
2024-07-11,8,2,1275
2024-07-12,8,2,1251
2024-07-13,8,2,1233
2024-07-14,8,2,1218
2024-07-15,8,2,1196
2024-07-16,8,2,1172
2024-07-17,8,2,1147
2024-07-18,8,2,1124
2024-07-19,8,2,1099
2024-07-20,8,2,1081
2024-07-21,8,2,1063
2024-07-22,8,2,1040
2024-07-23,8,2,1017
2024-07-24,8,2,996
2024-07-25,8,2,971
2024-07-26,8,2,946
2024-07-27,8,2,926
2024-07-28,8,2,909
2024-07-29,8,2,1557
2024-07-30,8,2,1531
2024-07-31,8,2,1506
2024-08-01,8,2,1478
2024-08-02,8,2,1457
2024-08-03,8,2,1438
2024-08-04,8,2,1420
2024-08-05,8,2,1400
2024-08-06,8,2,1375
2024-08-07,8,2,1352
2024-08-08,8,2,1327
2024-08-09,8,2,1301
2024-08-10,8,2,1283
2024-08-11,8,2,1267
2024-08-12,8,2,1242
2024-08-13,8,2,1224
2024-08-14,8,2,1201
2024-08-15,8,2,1180
2024-08-16,8,2,1158
2024-08-17,8,2,1141
2024-08-18,8,2,1121
2024-08-19,8,2,1100
2024-08-20,8,2,1075
2024-08-21,8,2,1053
2024-08-22,8,2,1031
2024-08-23,8,2,1009
2024-08-24,8,2,990
2024-08-25,8,2,971
2024-08-26,8,2,928
2024-08-27,8,2,902
2024-08-28,8,2,1552
2024-08-29,8,2,1527
2024-08-30,8,2,1509
2024-08-31,8,2,1490
2024-09-01,8,2,1472
2024-09-02,8,2,1445
2024-09-03,8,2,1422
2024-09-04,8,2,1402
2024-09-05,8,2,1381
2024-09-06,8,2,1358
2024-09-07,8,2,1339
2024-09-08,8,2,1321
2024-09-09,8,2,1300
2024-09-10,8,2,1279
2024-09-11,8,2,1255
2024-09-12,8,2,1236
2024-09-13,8,2,1215
2024-09-14,8,2,1198
2024-09-15,8,2,1182
2024-09-16,8,2,1159
2024-09-17,8,2,1141
2024-09-18,8,2,1117
2024-09-19,8,2,1093
2024-09-20,8,2,1067
2024-09-21,8,2,1047
2024-09-22,8,2,1031
2024-09-23,8,2,1007
2024-09-24,8,2,981
2024-09-25,8,2,958
2024-09-26,8,2,940
2024-09-27,8,2,1601
2024-09-28,8,2,1583
2024-09-29,8,2,1559
2024-09-30,8,2,1539
2024-10-01,8,2,1517
2024-10-02,8,2,1498
2024-10-03,8,2,1477
2024-10-04,8,2,1453
2024-10-05,8,2,1433
2024-10-06,8,2,1416
2024-10-07,8,2,1393
2024-10-08,8,2,1369
2024-10-09,8,2,1342
2024-10-10,8,2,1317
2024-10-11,8,2,1297
2024-10-12,8,2,1278
2024-10-13,8,2,1262
2024-10-14,8,2,1238
2024-10-15,8,2,1212
2024-10-16,8,2,1185
2024-10-17,8,2,1165
2024-10-18,8,2,1145
2024-10-19,8,2,1130
2024-10-20,8,2,1113
2024-10-21,8,2,1091
2024-10-22,8,2,1071
2024-10-23,8,2,1050
2024-10-24,8,2,1030
2024-10-25,8,2,1002
2024-10-26,8,2,974
2024-10-27,8,2,1578
2024-10-28,8,2,1556
2024-10-29,8,2,1535
2024-10-30,8,2,1514
2024-10-31,8,2,1494
2024-11-01,8,2,1475
2024-11-02,8,2,1457
2024-11-03,8,2,1443
2024-11-04,8,2,1407
2024-11-05,8,2,1384
2024-11-06,8,2,1364
2024-11-07,8,2,1341
2024-11-08,8,2,1315
2024-11-09,8,2,1298
2024-11-10,8,2,1280
2024-11-11,8,2,1258
2024-11-12,8,2,1230
2024-11-13,8,2,1209
2024-11-14,8,2,1185
2024-11-15,8,2,1162
2024-11-16,8,2,1147
2024-11-17,8,2,1131
2024-11-18,8,2,1112
2024-11-19,8,2,1089
2024-11-20,8,2,1061
2024-11-21,8,2,1038
2024-11-22,8,2,1015
2024-11-23,8,2,995
2024-11-24,8,2,979
2024-11-25,8,2,958
2024-11-26,8,2,1654
2024-11-27,8,2,1637
2024-11-28,8,2,1613
2024-11-29,8,2,1594
2024-11-30,8,2,1579
2024-12-01,8,2,1560
2024-12-02,8,2,1539
2024-12-03,8,2,1519
2024-12-04,8,2,1496
2024-12-05,8,2,1475
2024-12-06,8,2,1455
2024-12-07,8,2,1437
2024-12-08,8,2,1417
2024-12-09,8,2,1383
2024-12-10,8,2,1360
2024-12-11,8,2,1334
2024-12-12,8,2,1313
2024-12-13,8,2,1290
2024-12-14,8,2,1270
2024-12-15,8,2,1253
2024-12-16,8,2,1232
2024-12-17,8,2,1210
2024-12-18,8,2,1186
2024-12-19,8,2,1164
2024-12-20,8,2,1127
2024-12-21,8,2,1110
2024-12-22,8,2,1089
2024-12-23,8,2,1067
2024-12-24,8,2,1041
2024-12-25,8,2,1019
2024-12-26,8,2,1621
2024-12-27,8,2,1600
2024-12-28,8,2,1581
2024-12-29,8,2,1561
2024-12-30,8,2,1537
2024-12-31,8,2,1511
2025-01-01,8,2,1486
2025-01-02,8,2,1458
2025-01-03,8,2,1433
2025-01-04,8,2,1416
2025-01-05,8,2,1397
2025-01-06,8,2,1378
2025-01-07,8,2,1355
2025-01-08,8,2,1330
2025-01-09,8,2,1310
2025-01-10,8,2,1285
2025-01-11,8,2,1250
2025-01-12,8,2,1230
2025-01-13,8,2,1208
2025-01-14,8,2,1183
2025-01-15,8,2,1149
2025-01-16,8,2,1123
2025-01-17,8,2,1100
2025-01-18,8,2,1084
2025-01-19,8,2,1070
2025-01-20,8,2,1046
2025-01-21,8,2,1022
2025-01-22,8,2,997
2025-01-23,8,2,978
2025-01-24,8,2,955
2025-01-25,8,2,1617
2025-01-26,8,2,1598
2025-01-27,8,2,1571
2025-01-28,8,2,1551
2025-01-29,8,2,1520
2025-01-30,8,2,1503
2025-01-31,8,2,1476
2025-02-01,8,2,1456
2025-02-02,8,2,1433
2025-02-03,8,2,1407
2025-02-04,8,2,1379
2025-02-05,8,2,1352
2025-02-06,8,2,1324
2025-02-07,8,2,1289
2025-02-08,8,2,1269
2025-02-09,8,2,1250
2025-02-10,8,2,1220
2025-02-11,8,2,1198
2025-02-12,8,2,1170
2025-02-13,8,2,1144
2025-02-14,8,2,1117
2025-02-15,8,2,1094
2025-02-16,8,2,1077
2025-02-17,8,2,1053
2025-02-18,8,2,1026
2025-02-19,8,2,998
2025-02-20,8,2,973
2025-02-21,8,2,949
2025-02-22,8,2,929
2025-02-23,8,2,910
2025-02-24,8,2,1660
2025-02-25,8,2,1634
2025-02-26,8,2,1608
2025-02-27,8,2,1584
2025-02-28,8,2,1558
2025-03-01,8,2,1539
2025-03-02,8,2,1520
2025-03-03,8,2,1501
2025-03-04,8,2,1474
2025-03-05,8,2,1448
2025-03-06,8,2,1423
2025-03-07,8,2,1398
2025-03-08,8,2,1377
2025-03-09,8,2,1355
2025-03-10,8,2,1330
2025-03-11,8,2,1303
2025-03-12,8,2,1277
2025-03-13,8,2,1249
2025-03-14,8,2,1219
2025-03-15,8,2,1198
2025-03-16,8,2,1179
2025-03-17,8,2,1153
2025-03-18,8,2,1127
2025-03-19,8,2,1102
2025-03-20,8,2,1075
2025-03-21,8,2,1047
2025-03-22,8,2,1025
2025-03-23,8,2,1008
2025-03-24,8,2,983
2025-03-25,8,2,956
2025-03-26,8,2,1572
2025-03-27,8,2,1550
2025-03-28,8,2,1522
2025-03-29,8,2,1504
2025-03-30,8,2,1484
2025-03-31,8,2,1460
2025-04-01,8,2,1436
2025-04-02,8,2,1417
2025-04-03,8,2,1389
2025-04-04,8,2,1362
2025-04-05,8,2,1341
2025-04-06,8,2,1319
2025-04-07,8,2,1287
2025-04-08,8,2,1261
2025-04-09,8,2,1236
2025-04-10,8,2,1209
2025-04-11,8,2,1184
2025-04-12,8,2,1164
2025-04-13,8,2,1144
2025-04-14,8,2,1119
2025-04-15,8,2,1091
2025-04-16,8,2,1065
2025-04-17,8,2,1019
2025-04-18,8,2,980
2025-04-19,8,2,959
2025-04-20,8,2,938
2025-04-21,8,2,912
2025-04-22,8,2,887
2025-04-23,8,2,857
2025-04-24,8,2,830
2025-04-25,8,2,1673
2025-04-26,8,2,1649
2025-04-27,8,2,1629
2025-04-28,8,2,1600
2025-04-29,8,2,1571
2025-04-30,8,2,1552
2025-05-01,8,2,1525
2025-05-02,8,2,1501
2025-05-03,8,2,1468
2025-05-04,8,2,1448
2025-05-05,8,2,1421
2025-05-06,8,2,1395
2025-05-07,8,2,1369
2025-05-08,8,2,1343
2025-05-09,8,2,1317
2025-05-10,8,2,1296
2025-05-11,8,2,1275
2025-05-12,8,2,1248
2025-05-13,8,2,1227
2025-05-14,8,2,1202
2025-05-15,8,2,1172
2025-05-16,8,2,1140
2025-05-17,8,2,1119
2025-05-18,8,2,1100
2025-05-19,8,2,1073
2025-05-20,8,2,1045
2025-05-21,8,2,1017
2025-05-22,8,2,992
2025-05-23,8,2,962
2025-05-24,8,2,943
2025-05-25,8,2,1559
2025-05-26,8,2,1534
2025-05-27,8,2,1507
2025-05-28,8,2,1478
2025-05-29,8,2,1451
2025-05-30,8,2,1421
2025-05-31,8,2,1401
2025-06-01,8,2,1381
2025-06-02,8,2,1354
2025-06-03,8,2,1328
2025-06-04,8,2,1304
2025-06-05,8,2,1278
2025-06-06,8,2,1251
2025-06-07,8,2,1234
2025-06-08,8,2,1215
2025-06-09,8,2,1190
2025-06-10,8,2,1160
2025-06-11,8,2,1135
2025-06-12,8,2,1110
2025-06-13,8,2,1085
2025-06-14,8,2,1066
2025-06-15,8,2,1047
2025-06-16,8,2,1025
2025-06-17,8,2,999
2025-06-18,8,2,971
2025-06-19,8,2,943
2025-06-20,8,2,918
2025-06-21,8,2,898
2025-06-22,8,2,873
2025-06-23,8,2,844
2025-06-24,8,2,1528
2025-06-25,8,2,1502
2025-06-26,8,2,1464
2025-06-27,8,2,1437
2025-06-28,8,2,1415
2025-06-29,8,2,1395
2025-06-30,8,2,1368
2025-07-01,8,2,1333
2025-07-02,8,2,1308
2025-07-03,8,2,1276
2025-07-04,8,2,1252
2025-07-05,8,2,1230
2025-07-06,8,2,1210
2025-07-07,8,2,1180
2025-07-08,8,2,1154
2025-07-09,8,2,1130
2025-07-10,8,2,1105
2025-07-11,8,2,1083
2025-07-12,8,2,1060
2025-07-13,8,2,1043
2025-07-14,8,2,1022
2025-07-15,8,2,999
2025-07-16,8,2,974
2025-07-17,8,2,951
2025-07-18,8,2,926
2025-07-19,8,2,908
2025-07-20,8,2,890
2025-07-21,8,2,869
2025-07-22,8,2,832
2025-07-23,8,2,808
2025-07-24,8,2,1645
2025-07-25,8,2,1615
2025-07-26,8,2,1591
2025-07-27,8,2,1566
2025-07-28,8,2,1544
2025-07-29,8,2,1523
2025-07-30,8,2,1496
2025-07-31,8,2,1472
2025-08-01,8,2,1448
2025-08-02,8,2,1431
2025-08-03,8,2,1410
2025-08-04,8,2,1373
2025-08-05,8,2,1350
2025-08-06,8,2,1324
2025-08-07,8,2,1298
2025-08-08,8,2,1280
2025-08-09,8,2,1257
2025-08-10,8,2,1237
2025-08-11,8,2,1211
2025-08-12,8,2,1189
2025-08-13,8,2,1166
2025-08-14,8,2,1146
2025-08-15,8,2,1119
2025-08-16,8,2,1097
2025-08-17,8,2,1081
2025-08-18,8,2,1060
2025-08-19,8,2,1036
2025-08-20,8,2,1003
2025-08-21,8,2,970
2025-08-22,8,2,947
2025-08-23,8,2,1634
2025-08-24,8,2,1616
2025-08-25,8,2,1597
2025-08-26,8,2,1571
2025-08-27,8,2,1545
2025-08-28,8,2,1523
2025-08-29,8,2,1500
2025-08-30,8,2,1478
2025-08-31,8,2,1456
2025-09-01,8,2,1434
2025-09-02,8,2,1409
2025-09-03,8,2,1385
2025-09-04,8,2,1363
2025-09-05,8,2,1341
2025-09-06,8,2,1326
2025-09-07,8,2,1303
2025-09-08,8,2,1280
2025-09-09,8,2,1260
2025-09-10,8,2,1242
2025-09-11,8,2,1218
2025-09-12,8,2,1195
2025-09-13,8,2,1174
2025-09-14,8,2,1153
2025-09-15,8,2,1132
2025-09-16,8,2,1108
2025-09-17,8,2,1087
2025-09-18,8,2,1065
2025-09-19,8,2,1047
2025-09-20,8,2,1028
2025-09-21,8,2,1010
2025-09-22,8,2,1560
2025-09-23,8,2,1538
2025-09-24,8,2,1514
2025-09-25,8,2,1490
2025-09-26,8,2,1467
2025-09-27,8,2,1449
2025-09-28,8,2,1433
2025-09-29,8,2,1411
2025-09-30,8,2,1391
2025-10-01,8,2,1370
2025-10-02,8,2,1348
2025-10-03,8,2,1331
2025-10-04,8,2,1313
2025-10-05,8,2,1285
2025-10-06,8,2,1260
2025-10-07,8,2,1241
2025-10-08,8,2,1205
2025-10-09,8,2,1184
2025-10-10,8,2,1163
2025-10-11,8,2,1147
2025-10-12,8,2,1130
2025-10-13,8,2,1110
2025-10-14,8,2,1088
2025-10-15,8,2,1064
2025-10-16,8,2,1039
2025-10-17,8,2,1018
2025-10-18,8,2,999
2025-10-19,8,2,979
2025-10-20,8,2,958
2025-10-21,8,2,935
2025-10-22,8,2,1603
2025-10-23,8,2,1583
2025-10-24,8,2,1558
2025-10-25,8,2,1538
2025-10-26,8,2,1523
2025-10-27,8,2,1497
2025-10-28,8,2,1479
2025-10-29,8,2,1458
2025-10-30,8,2,1437
2025-10-31,8,2,1412
2025-11-01,8,2,1396
2025-11-02,8,2,1377
2025-11-03,8,2,1356
2025-11-04,8,2,1333
2025-11-05,8,2,1307
2025-11-06,8,2,1282
2025-11-07,8,2,1258
2025-11-08,8,2,1241
2025-11-09,8,2,1223
2025-11-10,8,2,1200
2025-11-11,8,2,1179
2025-11-12,8,2,1157
2025-11-13,8,2,1135
2025-11-14,8,2,1115
2025-11-15,8,2,1099
2025-11-16,8,2,1080
2025-11-17,8,2,1059
2025-11-18,8,2,1036
2025-11-19,8,2,1013
2025-11-20,8,2,992
2025-11-21,8,2,1643
2025-11-22,8,2,1624
2025-11-23,8,2,1605
2025-11-24,8,2,1584
2025-11-25,8,2,1562
2025-11-26,8,2,1540
2025-11-27,8,2,1520
2025-11-28,8,2,1499
2025-11-29,8,2,1484
2025-11-30,8,2,1467
2025-12-01,8,2,1442
2025-12-02,8,2,1418
2025-12-03,8,2,1392
2025-12-04,8,2,1371
2025-12-05,8,2,1351
2025-12-06,8,2,1333
2025-12-07,8,2,1314
2025-12-08,8,2,1290
2025-12-09,8,2,1270
2025-12-10,8,2,1247
2025-12-11,8,2,1223
2025-12-12,8,2,1199
2025-12-13,8,2,1180
2025-12-14,8,2,1160
2025-12-15,8,2,1137
2025-12-16,8,2,1113
2025-12-17,8,2,1084
2025-12-18,8,2,1059
2025-12-19,8,2,1034
2025-12-20,8,2,1014
2025-12-21,8,2,1494
2025-12-22,8,2,1463
2025-12-23,8,2,1430
2025-12-24,8,2,1407
2025-12-25,8,2,1385
2025-12-26,8,2,1363
2025-12-27,8,2,1341
2025-12-28,8,2,1321
2025-12-29,8,2,1298
2025-12-30,8,2,1277
2025-12-31,8,2,1254
2024-01-01,8,3,717
2024-01-02,8,3,692
2024-01-03,8,3,664
2024-01-04,8,3,615
2024-01-05,8,3,589
2024-01-06,8,3,568
2024-01-07,8,3,549
2024-01-08,8,3,525
2024-01-09,8,3,495
2024-01-10,8,3,468
2024-01-11,8,3,437
2024-01-12,8,3,412
2024-01-13,8,3,392
2024-01-14,8,3,367
2024-01-15,8,3,341
2024-01-16,8,3,320
2024-01-17,8,3,296
2024-01-18,8,3,272
2024-01-19,8,3,491
2024-01-20,8,3,471
2024-01-21,8,3,450
2024-01-22,8,3,421
2024-01-23,8,3,390
2024-01-24,8,3,366
2024-01-25,8,3,341
2024-01-26,8,3,315
2024-01-27,8,3,294
2024-01-28,8,3,560
2024-01-29,8,3,532
2024-01-30,8,3,505
2024-01-31,8,3,565
2024-02-01,8,3,534
2024-02-02,8,3,507
2024-02-03,8,3,485
2024-02-04,8,3,460
2024-02-05,8,3,418
2024-02-06,8,3,386
2024-02-07,8,3,357
2024-02-08,8,3,325
2024-02-09,8,3,546
2024-02-10,8,3,525
2024-02-11,8,3,493
2024-02-12,8,3,469
2024-02-13,8,3,442
2024-02-14,8,3,412
2024-02-15,8,3,387
2024-02-16,8,3,359
2024-02-17,8,3,335
2024-02-18,8,3,608
2024-02-19,8,3,580
2024-02-20,8,3,550
2024-02-21,8,3,518
2024-02-22,8,3,493
2024-02-23,8,3,467
2024-02-24,8,3,447
2024-02-25,8,3,425
2024-02-26,8,3,393
2024-02-27,8,3,365
2024-02-28,8,3,339
2024-02-29,8,3,310
2024-03-01,8,3,569
2024-03-02,8,3,547
2024-03-03,8,3,528
2024-03-04,8,3,498
2024-03-05,8,3,471
2024-03-06,8,3,443
2024-03-07,8,3,409
2024-03-08,8,3,388
2024-03-09,8,3,364
2024-03-10,8,3,344
2024-03-11,8,3,317
2024-03-12,8,3,288
2024-03-13,8,3,265
2024-03-14,8,3,234
2024-03-15,8,3,204
2024-03-16,8,3,168
2024-03-17,8,3,318
2024-03-18,8,3,289
2024-03-19,8,3,261
2024-03-20,8,3,413
2024-03-21,8,3,380
2024-03-22,8,3,333
2024-03-23,8,3,304
2024-03-24,8,3,282
2024-03-25,8,3,251
2024-03-26,8,3,222
2024-03-27,8,3,194
2024-03-28,8,3,162
2024-03-29,8,3,127
2024-03-30,8,3,374
2024-03-31,8,3,580
2024-04-01,8,3,546
2024-04-02,8,3,517
2024-04-03,8,3,486
2024-04-04,8,3,456
2024-04-05,8,3,421
2024-04-06,8,3,398
2024-04-07,8,3,377
2024-04-08,8,3,346
2024-04-09,8,3,290
2024-04-10,8,3,263
2024-04-11,8,3,234
2024-04-12,8,3,207
2024-04-13,8,3,181
2024-04-14,8,3,156
2024-04-15,8,3,120
2024-04-16,8,3,288
2024-04-17,8,3,258
2024-04-18,8,3,515
2024-04-19,8,3,490
2024-04-20,8,3,470
2024-04-21,8,3,432
2024-04-22,8,3,405
2024-04-23,8,3,374
2024-04-24,8,3,342
2024-04-25,8,3,317
2024-04-26,8,3,290
2024-04-27,8,3,263
2024-04-28,8,3,241
2024-04-29,8,3,212
2024-04-30,8,3,623
2024-05-01,8,3,598
2024-05-02,8,3,572
2024-05-03,8,3,548
2024-05-04,8,3,523
2024-05-05,8,3,507
2024-05-06,8,3,477
2024-05-07,8,3,426
2024-05-08,8,3,390
2024-05-09,8,3,358
2024-05-10,8,3,326
2024-05-11,8,3,305
2024-05-12,8,3,280
2024-05-13,8,3,252
2024-05-14,8,3,223
2024-05-15,8,3,371
2024-05-16,8,3,341
2024-05-17,8,3,315
2024-05-18,8,3,292
2024-05-19,8,3,270
2024-05-20,8,3,230
2024-05-21,8,3,200
2024-05-22,8,3,174
2024-05-23,8,3,349
2024-05-24,8,3,321
2024-05-25,8,3,298
2024-05-26,8,3,526
2024-05-27,8,3,495
2024-05-28,8,3,466
2024-05-29,8,3,426
2024-05-30,8,3,571
2024-05-31,8,3,541
2024-06-01,8,3,519
2024-06-02,8,3,497
2024-06-03,8,3,469
2024-06-04,8,3,445
2024-06-05,8,3,416
2024-06-06,8,3,390
2024-06-07,8,3,363
2024-06-08,8,3,343
2024-06-09,8,3,324
2024-06-10,8,3,293
2024-06-11,8,3,263
2024-06-12,8,3,238
2024-06-13,8,3,211
2024-06-14,8,3,187
2024-06-15,8,3,424
2024-06-16,8,3,402
2024-06-17,8,3,373
2024-06-18,8,3,346
2024-06-19,8,3,316
2024-06-20,8,3,287
2024-06-21,8,3,519
2024-06-22,8,3,498
2024-06-23,8,3,479
2024-06-24,8,3,453
2024-06-25,8,3,424
2024-06-26,8,3,387
2024-06-27,8,3,358
2024-06-28,8,3,328
2024-06-29,8,3,587
2024-06-30,8,3,564
2024-07-01,8,3,535
2024-07-02,8,3,503
2024-07-03,8,3,478
2024-07-04,8,3,447
2024-07-05,8,3,421
2024-07-06,8,3,398
2024-07-07,8,3,378
2024-07-08,8,3,348
2024-07-09,8,3,321
2024-07-10,8,3,290
2024-07-11,8,3,261
2024-07-12,8,3,236
2024-07-13,8,3,376
2024-07-14,8,3,357
2024-07-15,8,3,330
2024-07-16,8,3,589
2024-07-17,8,3,561
2024-07-18,8,3,534
2024-07-19,8,3,506
2024-07-20,8,3,482
2024-07-21,8,3,461
2024-07-22,8,3,433
2024-07-23,8,3,387
2024-07-24,8,3,362
2024-07-25,8,3,337
2024-07-26,8,3,314
2024-07-27,8,3,522
2024-07-28,8,3,502
2024-07-29,8,3,557
2024-07-30,8,3,530
2024-07-31,8,3,500
2024-08-01,8,3,475
2024-08-02,8,3,449
2024-08-03,8,3,426
2024-08-04,8,3,406
2024-08-05,8,3,382
2024-08-06,8,3,351
2024-08-07,8,3,324
2024-08-08,8,3,298
2024-08-09,8,3,270
2024-08-10,8,3,251
2024-08-11,8,3,231
2024-08-12,8,3,203
2024-08-13,8,3,177
2024-08-14,8,3,150
2024-08-15,8,3,124
2024-08-16,8,3,103
2024-08-17,8,3,82
2024-08-18,8,3,243
2024-08-19,8,3,218
2024-08-20,8,3,193
2024-08-21,8,3,163
2024-08-22,8,3,132
2024-08-23,8,3,111
2024-08-24,8,3,89
2024-08-25,8,3,67
2024-08-26,8,3,41
2024-08-27,8,3,15
2024-08-28,8,3,584
2024-08-29,8,3,559
2024-08-30,8,3,521
2024-08-31,8,3,487
2024-09-01,8,3,469
2024-09-02,8,3,441
2024-09-03,8,3,417
2024-09-04,8,3,388
2024-09-05,8,3,364
2024-09-06,8,3,340
2024-09-07,8,3,317
2024-09-08,8,3,298
2024-09-09,8,3,272
2024-09-10,8,3,252
2024-09-11,8,3,227
2024-09-12,8,3,203
2024-09-13,8,3,178
2024-09-14,8,3,146
2024-09-15,8,3,123
2024-09-16,8,3,300
2024-09-17,8,3,262
2024-09-18,8,3,240
2024-09-19,8,3,215
2024-09-20,8,3,192
2024-09-21,8,3,414
2024-09-22,8,3,395
2024-09-23,8,3,374
2024-09-24,8,3,349
2024-09-25,8,3,324
2024-09-26,8,3,298
2024-09-27,8,3,576
2024-09-28,8,3,558
2024-09-29,8,3,539
2024-09-30,8,3,514
2024-10-01,8,3,479
2024-10-02,8,3,453
2024-10-03,8,3,434
2024-10-04,8,3,408
2024-10-05,8,3,389
2024-10-06,8,3,371
2024-10-07,8,3,345
2024-10-08,8,3,316
2024-10-09,8,3,292
2024-10-10,8,3,269
2024-10-11,8,3,528
2024-10-12,8,3,510
2024-10-13,8,3,491
2024-10-14,8,3,471
2024-10-15,8,3,445
2024-10-16,8,3,421
2024-10-17,8,3,397
2024-10-18,8,3,373
2024-10-19,8,3,352
2024-10-20,8,3,331
2024-10-21,8,3,306
2024-10-22,8,3,279
2024-10-23,8,3,255
2024-10-24,8,3,225
2024-10-25,8,3,510
2024-10-26,8,3,491
2024-10-27,8,3,566
2024-10-28,8,3,541
2024-10-29,8,3,518
2024-10-30,8,3,498
2024-10-31,8,3,476
2024-11-01,8,3,457
2024-11-02,8,3,436
2024-11-03,8,3,414
2024-11-04,8,3,388
2024-11-05,8,3,360
2024-11-06,8,3,334
2024-11-07,8,3,305
2024-11-08,8,3,284
2024-11-09,8,3,266
2024-11-10,8,3,245
2024-11-11,8,3,216
2024-11-12,8,3,192
2024-11-13,8,3,167
2024-11-14,8,3,385
2024-11-15,8,3,360
2024-11-16,8,3,341
2024-11-17,8,3,318
2024-11-18,8,3,295
2024-11-19,8,3,273
2024-11-20,8,3,246
2024-11-21,8,3,217
2024-11-22,8,3,188
2024-11-23,8,3,360
2024-11-24,8,3,341
2024-11-25,8,3,315
2024-11-26,8,3,536
2024-11-27,8,3,515
2024-11-28,8,3,489
2024-11-29,8,3,449
2024-11-30,8,3,432
2024-12-01,8,3,412
2024-12-02,8,3,391
2024-12-03,8,3,367
2024-12-04,8,3,343
2024-12-05,8,3,311
2024-12-06,8,3,287
2024-12-07,8,3,267
2024-12-08,8,3,437
2024-12-09,8,3,405
2024-12-10,8,3,381
2024-12-11,8,3,361
2024-12-12,8,3,338
2024-12-13,8,3,313
2024-12-14,8,3,560
2024-12-15,8,3,539
2024-12-16,8,3,517
2024-12-17,8,3,492
2024-12-18,8,3,462
2024-12-19,8,3,441
2024-12-20,8,3,414
2024-12-21,8,3,392
2024-12-22,8,3,371
2024-12-23,8,3,342
2024-12-24,8,3,318
2024-12-25,8,3,289
2024-12-26,8,3,566
2024-12-27,8,3,536
2024-12-28,8,3,517
2024-12-29,8,3,492
2024-12-30,8,3,468
2024-12-31,8,3,441
2025-01-01,8,3,413
2025-01-02,8,3,386
2025-01-03,8,3,356
2025-01-04,8,3,336
2025-01-05,8,3,315
2025-01-06,8,3,582
2025-01-07,8,3,556
2025-01-08,8,3,524
2025-01-09,8,3,498
2025-01-10,8,3,468
2025-01-11,8,3,447
2025-01-12,8,3,424
2025-01-13,8,3,398
2025-01-14,8,3,369
2025-01-15,8,3,339
2025-01-16,8,3,303
2025-01-17,8,3,280
2025-01-18,8,3,257
2025-01-19,8,3,236
2025-01-20,8,3,206
2025-01-21,8,3,179
2025-01-22,8,3,153
2025-01-23,8,3,124
2025-01-24,8,3,326
2025-01-25,8,3,590
2025-01-26,8,3,571
2025-01-27,8,3,545
2025-01-28,8,3,515
2025-01-29,8,3,475
2025-01-30,8,3,447
2025-01-31,8,3,421
2025-02-01,8,3,395
2025-02-02,8,3,375
2025-02-03,8,3,321
2025-02-04,8,3,292
2025-02-05,8,3,264
2025-02-06,8,3,226
2025-02-07,8,3,379
2025-02-08,8,3,355
2025-02-09,8,3,331
2025-02-10,8,3,302
2025-02-11,8,3,274
2025-02-12,8,3,246
2025-02-13,8,3,216
2025-02-14,8,3,191
2025-02-15,8,3,173
2025-02-16,8,3,307
2025-02-17,8,3,275
2025-02-18,8,3,242
2025-02-19,8,3,489
2025-02-20,8,3,461
2025-02-21,8,3,431
2025-02-22,8,3,406
2025-02-23,8,3,381
2025-02-24,8,3,552
2025-02-25,8,3,517
2025-02-26,8,3,486
2025-02-27,8,3,455
2025-02-28,8,3,427
2025-03-01,8,3,401
2025-03-02,8,3,375
2025-03-03,8,3,341
2025-03-04,8,3,312
2025-03-05,8,3,285
2025-03-06,8,3,249
2025-03-07,8,3,225
2025-03-08,8,3,182
2025-03-09,8,3,160
2025-03-10,8,3,127
2025-03-11,8,3,95
2025-03-12,8,3,340
2025-03-13,8,3,308
2025-03-14,8,3,275
2025-03-15,8,3,254
2025-03-16,8,3,231
2025-03-17,8,3,209
2025-03-18,8,3,165
2025-03-19,8,3,133
2025-03-20,8,3,237
2025-03-21,8,3,208
2025-03-22,8,3,432
2025-03-23,8,3,408
2025-03-24,8,3,373
2025-03-25,8,3,344
2025-03-26,8,3,563
2025-03-27,8,3,542
2025-03-28,8,3,512
2025-03-29,8,3,487
2025-03-30,8,3,460
2025-03-31,8,3,433
2025-04-01,8,3,406
2025-04-02,8,3,377
2025-04-03,8,3,354
2025-04-04,8,3,316
2025-04-05,8,3,293
2025-04-06,8,3,271
2025-04-07,8,3,410
2025-04-08,8,3,378
2025-04-09,8,3,345
2025-04-10,8,3,315
2025-04-11,8,3,286
2025-04-12,8,3,259
2025-04-13,8,3,231
2025-04-14,8,3,200
2025-04-15,8,3,357
2025-04-16,8,3,323
2025-04-17,8,3,291
2025-04-18,8,3,262
2025-04-19,8,3,235
2025-04-20,8,3,212
2025-04-21,8,3,181
2025-04-22,8,3,423
2025-04-23,8,3,387
2025-04-24,8,3,360
2025-04-25,8,3,585
2025-04-26,8,3,560
2025-04-27,8,3,528
2025-04-28,8,3,501
2025-04-29,8,3,470
2025-04-30,8,3,441
2025-05-01,8,3,387
2025-05-02,8,3,357
2025-05-03,8,3,331
2025-05-04,8,3,307
2025-05-05,8,3,278
2025-05-06,8,3,248
2025-05-07,8,3,215
2025-05-08,8,3,186
2025-05-09,8,3,345
2025-05-10,8,3,321
2025-05-11,8,3,295
2025-05-12,8,3,259
2025-05-13,8,3,231
2025-05-14,8,3,201
2025-05-15,8,3,170
2025-05-16,8,3,139
2025-05-17,8,3,114
2025-05-18,8,3,307
2025-05-19,8,3,274
2025-05-20,8,3,246
2025-05-21,8,3,212
2025-05-22,8,3,415
2025-05-23,8,3,380
2025-05-24,8,3,324
2025-05-25,8,3,554
2025-05-26,8,3,525
2025-05-27,8,3,496
2025-05-28,8,3,464
2025-05-29,8,3,435
2025-05-30,8,3,402
2025-05-31,8,3,382
2025-06-01,8,3,348
2025-06-02,8,3,320
2025-06-03,8,3,290
2025-06-04,8,3,260
2025-06-05,8,3,226
2025-06-06,8,3,150
2025-06-07,8,3,127
2025-06-08,8,3,103
2025-06-09,8,3,74
2025-06-10,8,3,13
2025-06-11,8,3,0
2025-06-12,8,3,138
2025-06-13,8,3,105
2025-06-14,8,3,83
2025-06-15,8,3,61
2025-06-16,8,3,35
2025-06-17,8,3,5
2025-06-18,8,3,0
2025-06-19,8,3,0
2025-06-20,8,3,0
2025-06-21,8,3,0
2025-06-22,8,3,0
2025-06-23,8,3,0
2025-06-24,8,3,635
2025-06-25,8,3,599
2025-06-26,8,3,572
2025-06-27,8,3,545
2025-06-28,8,3,523
2025-06-29,8,3,482
2025-06-30,8,3,459
2025-07-01,8,3,433
2025-07-02,8,3,408
2025-07-03,8,3,382
2025-07-04,8,3,356
2025-07-05,8,3,335
2025-07-06,8,3,310
2025-07-07,8,3,283
2025-07-08,8,3,253
2025-07-09,8,3,224
2025-07-10,8,3,196
2025-07-11,8,3,168
2025-07-12,8,3,144
2025-07-13,8,3,126
2025-07-14,8,3,94
2025-07-15,8,3,302
2025-07-16,8,3,265
2025-07-17,8,3,244
2025-07-18,8,3,464
2025-07-19,8,3,440
2025-07-20,8,3,418
2025-07-21,8,3,393
2025-07-22,8,3,363
2025-07-23,8,3,338
2025-07-24,8,3,593
2025-07-25,8,3,559
2025-07-26,8,3,539
2025-07-27,8,3,517
2025-07-28,8,3,493
2025-07-29,8,3,465
2025-07-30,8,3,435
2025-07-31,8,3,407
2025-08-01,8,3,381
2025-08-02,8,3,352
2025-08-03,8,3,335
2025-08-04,8,3,308
2025-08-05,8,3,277
2025-08-06,8,3,250
2025-08-07,8,3,204
2025-08-08,8,3,178
2025-08-09,8,3,158
2025-08-10,8,3,134
2025-08-11,8,3,102
2025-08-12,8,3,79
2025-08-13,8,3,355
2025-08-14,8,3,327
2025-08-15,8,3,299
2025-08-16,8,3,278
2025-08-17,8,3,255
2025-08-18,8,3,229
2025-08-19,8,3,457
2025-08-20,8,3,434
2025-08-21,8,3,409
2025-08-22,8,3,382
2025-08-23,8,3,588
2025-08-24,8,3,567
2025-08-25,8,3,540
2025-08-26,8,3,512
2025-08-27,8,3,484
2025-08-28,8,3,457
2025-08-29,8,3,425
2025-08-30,8,3,401
2025-08-31,8,3,371
2025-09-01,8,3,338
2025-09-02,8,3,309
2025-09-03,8,3,246
2025-09-04,8,3,226
2025-09-05,8,3,199
2025-09-06,8,3,180
2025-09-07,8,3,161
2025-09-08,8,3,133
2025-09-09,8,3,261
2025-09-10,8,3,235
2025-09-11,8,3,197
2025-09-12,8,3,173
2025-09-13,8,3,156
2025-09-14,8,3,138
2025-09-15,8,3,108
2025-09-16,8,3,70
2025-09-17,8,3,44
2025-09-18,8,3,9
2025-09-19,8,3,202
2025-09-20,8,3,182
2025-09-21,8,3,374
2025-09-22,8,3,555
2025-09-23,8,3,519
2025-09-24,8,3,496
2025-09-25,8,3,457
2025-09-26,8,3,430
2025-09-27,8,3,406
2025-09-28,8,3,383
2025-09-29,8,3,356
2025-09-30,8,3,330
2025-10-01,8,3,602
2025-10-02,8,3,579
2025-10-03,8,3,559
2025-10-04,8,3,536
2025-10-05,8,3,517
2025-10-06,8,3,492
2025-10-07,8,3,465
2025-10-08,8,3,440
2025-10-09,8,3,401
2025-10-10,8,3,380
2025-10-11,8,3,360
2025-10-12,8,3,341
2025-10-13,8,3,301
2025-10-14,8,3,276
2025-10-15,8,3,254
2025-10-16,8,3,458
2025-10-17,8,3,430
2025-10-18,8,3,409
2025-10-19,8,3,391
2025-10-20,8,3,368
2025-10-21,8,3,347
2025-10-22,8,3,549
2025-10-23,8,3,525
2025-10-24,8,3,500
2025-10-25,8,3,481
2025-10-26,8,3,451
2025-10-27,8,3,425
2025-10-28,8,3,398
2025-10-29,8,3,369
2025-10-30,8,3,346
2025-10-31,8,3,317
2025-11-01,8,3,297
2025-11-02,8,3,545
2025-11-03,8,3,520
2025-11-04,8,3,480
2025-11-05,8,3,455
2025-11-06,8,3,427
2025-11-07,8,3,400
2025-11-08,8,3,383
2025-11-09,8,3,363
2025-11-10,8,3,340
2025-11-11,8,3,315
2025-11-12,8,3,285
2025-11-13,8,3,258
2025-11-14,8,3,233
2025-11-15,8,3,201
2025-11-16,8,3,324
2025-11-17,8,3,576
2025-11-18,8,3,550
2025-11-19,8,3,523
2025-11-20,8,3,497
2025-11-21,8,3,576
2025-11-22,8,3,555
2025-11-23,8,3,534
2025-11-24,8,3,508
2025-11-25,8,3,478
2025-11-26,8,3,453
2025-11-27,8,3,429
2025-11-28,8,3,403
2025-11-29,8,3,383
2025-11-30,8,3,358
2025-12-01,8,3,331
2025-12-02,8,3,305
2025-12-03,8,3,279
2025-12-04,8,3,561
2025-12-05,8,3,536
2025-12-06,8,3,516
2025-12-07,8,3,497
2025-12-08,8,3,474
2025-12-09,8,3,447
2025-12-10,8,3,418
2025-12-11,8,3,395
2025-12-12,8,3,364
2025-12-13,8,3,341
2025-12-14,8,3,317
2025-12-15,8,3,288
2025-12-16,8,3,259
2025-12-17,8,3,234
2025-12-18,8,3,209
2025-12-19,8,3,182
2025-12-20,8,3,161
2025-12-21,8,3,532
2025-12-22,8,3,509
2025-12-23,8,3,474
2025-12-24,8,3,451
2025-12-25,8,3,419
2025-12-26,8,3,383
2025-12-27,8,3,352
2025-12-28,8,3,331
2025-12-29,8,3,305
2025-12-30,8,3,275
2025-12-31,8,3,246
2024-01-01,9,1,2761
2024-01-02,9,1,2715
2024-01-03,9,1,2669
2024-01-04,9,1,2625
2024-01-05,9,1,2578
2024-01-06,9,1,2546
2024-01-07,9,1,2511
2024-01-08,9,1,2466
2024-01-09,9,1,2423
2024-01-10,9,1,2345
2024-01-11,9,1,2277
2024-01-12,9,1,2232
2024-01-13,9,1,2188
2024-01-14,9,1,2147
2024-01-15,9,1,2100
2024-01-16,9,1,2057
2024-01-17,9,1,2012
2024-01-18,9,1,1962
2024-01-19,9,1,1912
2024-01-20,9,1,1874
2024-01-21,9,1,1837
2024-01-22,9,1,1793
2024-01-23,9,1,1725
2024-01-24,9,1,1683
2024-01-25,9,1,1635
2024-01-26,9,1,1583
2024-01-27,9,1,1543
2024-01-28,9,1,1519
2024-01-29,9,1,1464
2024-01-30,9,1,1414
2024-01-31,9,1,2703
2024-02-01,9,1,2643
2024-02-02,9,1,2594
2024-02-03,9,1,2561
2024-02-04,9,1,2522
2024-02-05,9,1,2480
2024-02-06,9,1,2428
2024-02-07,9,1,2379
2024-02-08,9,1,2329
2024-02-09,9,1,2275
2024-02-10,9,1,2237
2024-02-11,9,1,2201
2024-02-12,9,1,2151
2024-02-13,9,1,2105
2024-02-14,9,1,2050
2024-02-15,9,1,2003
2024-02-16,9,1,1964
2024-02-17,9,1,1921
2024-02-18,9,1,1879
2024-02-19,9,1,1826
2024-02-20,9,1,1768
2024-02-21,9,1,1719
2024-02-22,9,1,1665
2024-02-23,9,1,1618
2024-02-24,9,1,1572
2024-02-25,9,1,1539
2024-02-26,9,1,1500
2024-02-27,9,1,1449
2024-02-28,9,1,1406
2024-02-29,9,1,1356
2024-03-01,9,1,2861
2024-03-02,9,1,2822
2024-03-03,9,1,2782
2024-03-04,9,1,2731
2024-03-05,9,1,2677
2024-03-06,9,1,2617
2024-03-07,9,1,2565
2024-03-08,9,1,2505
2024-03-09,9,1,2468
2024-03-10,9,1,2434
2024-03-11,9,1,2371
2024-03-12,9,1,2316
2024-03-13,9,1,2268
2024-03-14,9,1,2213
2024-03-15,9,1,2167
2024-03-16,9,1,2122
2024-03-17,9,1,2074
2024-03-18,9,1,2023
2024-03-19,9,1,1963
2024-03-20,9,1,1902
2024-03-21,9,1,1838
2024-03-22,9,1,1784
2024-03-23,9,1,1751
2024-03-24,9,1,1710
2024-03-25,9,1,1658
2024-03-26,9,1,1599
2024-03-27,9,1,1545
2024-03-28,9,1,1491
2024-03-29,9,1,1437
2024-03-30,9,1,1392
2024-03-31,9,1,2921
2024-04-01,9,1,2840
2024-04-02,9,1,2779
2024-04-03,9,1,2719
2024-04-04,9,1,2661
2024-04-05,9,1,2600
2024-04-06,9,1,2561
2024-04-07,9,1,2515
2024-04-08,9,1,2448
2024-04-09,9,1,2353
2024-04-10,9,1,2302
2024-04-11,9,1,2242
2024-04-12,9,1,2192
2024-04-13,9,1,2143
2024-04-14,9,1,2106
2024-04-15,9,1,2052
2024-04-16,9,1,2006
2024-04-17,9,1,1937
2024-04-18,9,1,1877
2024-04-19,9,1,1820
2024-04-20,9,1,1775
2024-04-21,9,1,1738
2024-04-22,9,1,1690
2024-04-23,9,1,1631
2024-04-24,9,1,1568
2024-04-25,9,1,1517
2024-04-26,9,1,1467
2024-04-27,9,1,1426
2024-04-28,9,1,1389
2024-04-29,9,1,1326
2024-04-30,9,1,2649
2024-05-01,9,1,2595
2024-05-02,9,1,2537
2024-05-03,9,1,2475
2024-05-04,9,1,2429
2024-05-05,9,1,2388
2024-05-06,9,1,2331
2024-05-07,9,1,2277
2024-05-08,9,1,2219
2024-05-09,9,1,2139
2024-05-10,9,1,2084
2024-05-11,9,1,2042
2024-05-12,9,1,1999
2024-05-13,9,1,1937
2024-05-14,9,1,1885
2024-05-15,9,1,1826
2024-05-16,9,1,1765
2024-05-17,9,1,1709
2024-05-18,9,1,1669
2024-05-19,9,1,1632
2024-05-20,9,1,1563
2024-05-21,9,1,1511
2024-05-22,9,1,1455
2024-05-23,9,1,1408
2024-05-24,9,1,1358
2024-05-25,9,1,1312
2024-05-26,9,1,1276
2024-05-27,9,1,1222
2024-05-28,9,1,1169
2024-05-29,9,1,1107
2024-05-30,9,1,2595
2024-05-31,9,1,2541
2024-06-01,9,1,2495
2024-06-02,9,1,2452
2024-06-03,9,1,2405
2024-06-04,9,1,2355
2024-06-05,9,1,2296
2024-06-06,9,1,2251
2024-06-07,9,1,2203
2024-06-08,9,1,2160
2024-06-09,9,1,2119
2024-06-10,9,1,2060
2024-06-11,9,1,1959
2024-06-12,9,1,1898
2024-06-13,9,1,1838
2024-06-14,9,1,1783
2024-06-15,9,1,1747
2024-06-16,9,1,1707
2024-06-17,9,1,1654
2024-06-18,9,1,1611
2024-06-19,9,1,1559
2024-06-20,9,1,1507
2024-06-21,9,1,1457
2024-06-22,9,1,1420
2024-06-23,9,1,1379
2024-06-24,9,1,1325
2024-06-25,9,1,1266
2024-06-26,9,1,1216
2024-06-27,9,1,1157
2024-06-28,9,1,1072
2024-06-29,9,1,2541
2024-06-30,9,1,2477
2024-07-01,9,1,2421
2024-07-02,9,1,2381
2024-07-03,9,1,2307
2024-07-04,9,1,2256
2024-07-05,9,1,2188
2024-07-06,9,1,2155
2024-07-07,9,1,2123
2024-07-08,9,1,2078
2024-07-09,9,1,2034
2024-07-10,9,1,1961
2024-07-11,9,1,1915
2024-07-12,9,1,1870
2024-07-13,9,1,1812
2024-07-14,9,1,1772
2024-07-15,9,1,1715
2024-07-16,9,1,1669
2024-07-17,9,1,1617
2024-07-18,9,1,1570
2024-07-19,9,1,1522
2024-07-20,9,1,1476
2024-07-21,9,1,1438
2024-07-22,9,1,1388
2024-07-23,9,1,1341
2024-07-24,9,1,1295
2024-07-25,9,1,1237
2024-07-26,9,1,1185
2024-07-27,9,1,1152
2024-07-28,9,1,1118
2024-07-29,9,1,2974
2024-07-30,9,1,2928
2024-07-31,9,1,2883
2024-08-01,9,1,2842
2024-08-02,9,1,2805
2024-08-03,9,1,2770
2024-08-04,9,1,2737
2024-08-05,9,1,2695
2024-08-06,9,1,2653
2024-08-07,9,1,2590
2024-08-08,9,1,2546
2024-08-09,9,1,2498
2024-08-10,9,1,2463
2024-08-11,9,1,2431
2024-08-12,9,1,2389
2024-08-13,9,1,2341
2024-08-14,9,1,2295
2024-08-15,9,1,2243
2024-08-16,9,1,2180
2024-08-17,9,1,2147
2024-08-18,9,1,2108
2024-08-19,9,1,2064
2024-08-20,9,1,2023
2024-08-21,9,1,1987
2024-08-22,9,1,1940
2024-08-23,9,1,1894
2024-08-24,9,1,1860
2024-08-25,9,1,1820
2024-08-26,9,1,1756
2024-08-27,9,1,1713
2024-08-28,9,1,2831
2024-08-29,9,1,2788
2024-08-30,9,1,2737
2024-08-31,9,1,2705
2024-09-01,9,1,2669
2024-09-02,9,1,2631
2024-09-03,9,1,2569
2024-09-04,9,1,2532
2024-09-05,9,1,2463
2024-09-06,9,1,2422
2024-09-07,9,1,2389
2024-09-08,9,1,2356
2024-09-09,9,1,2315
2024-09-10,9,1,2271
2024-09-11,9,1,2223
2024-09-12,9,1,2188
2024-09-13,9,1,2141
2024-09-14,9,1,2109
2024-09-15,9,1,2078
2024-09-16,9,1,2033
2024-09-17,9,1,1998
2024-09-18,9,1,1949
2024-09-19,9,1,1912
2024-09-20,9,1,1867
2024-09-21,9,1,1837
2024-09-22,9,1,1803
2024-09-23,9,1,1766
2024-09-24,9,1,1724
2024-09-25,9,1,1685
2024-09-26,9,1,1641
2024-09-27,9,1,2843
2024-09-28,9,1,2800
2024-09-29,9,1,2770
2024-09-30,9,1,2729
2024-10-01,9,1,2681
2024-10-02,9,1,2645
2024-10-03,9,1,2603
2024-10-04,9,1,2570
2024-10-05,9,1,2547
2024-10-06,9,1,2512
2024-10-07,9,1,2470
2024-10-08,9,1,2424
2024-10-09,9,1,2378
2024-10-10,9,1,2338
2024-10-11,9,1,2292
2024-10-12,9,1,2260
2024-10-13,9,1,2233
2024-10-14,9,1,2172
2024-10-15,9,1,2134
2024-10-16,9,1,2099
2024-10-17,9,1,2056
2024-10-18,9,1,2015
2024-10-19,9,1,1980
2024-10-20,9,1,1932
2024-10-21,9,1,1889
2024-10-22,9,1,1850
2024-10-23,9,1,1812
2024-10-24,9,1,1770
2024-10-25,9,1,1702
2024-10-26,9,1,1672
2024-10-27,9,1,2618
2024-10-28,9,1,2554
2024-10-29,9,1,2514
2024-10-30,9,1,2471
2024-10-31,9,1,2423
2024-11-01,9,1,2382
2024-11-02,9,1,2353
2024-11-03,9,1,2324
2024-11-04,9,1,2285
2024-11-05,9,1,2242
2024-11-06,9,1,2199
2024-11-07,9,1,2163
2024-11-08,9,1,2120
2024-11-09,9,1,2090
2024-11-10,9,1,2058
2024-11-11,9,1,2025
2024-11-12,9,1,1982
2024-11-13,9,1,1941
2024-11-14,9,1,1898
2024-11-15,9,1,1857
2024-11-16,9,1,1820
2024-11-17,9,1,1785
2024-11-18,9,1,1742
2024-11-19,9,1,1700
2024-11-20,9,1,1664
2024-11-21,9,1,1619
2024-11-22,9,1,1580
2024-11-23,9,1,1529
2024-11-24,9,1,1495
2024-11-25,9,1,1450
2024-11-26,9,1,2728
2024-11-27,9,1,2689
2024-11-28,9,1,2648
2024-11-29,9,1,2585
2024-11-30,9,1,2560
2024-12-01,9,1,2523
2024-12-02,9,1,2483
2024-12-03,9,1,2443
2024-12-04,9,1,2403
2024-12-05,9,1,2357
2024-12-06,9,1,2321
2024-12-07,9,1,2281
2024-12-08,9,1,2246
2024-12-09,9,1,2201
2024-12-10,9,1,2151
2024-12-11,9,1,2109
2024-12-12,9,1,2063
2024-12-13,9,1,2018
2024-12-14,9,1,1983
2024-12-15,9,1,1953
2024-12-16,9,1,1902
2024-12-17,9,1,1857
2024-12-18,9,1,1782
2024-12-19,9,1,1744
2024-12-20,9,1,1697
2024-12-21,9,1,1660
2024-12-22,9,1,1627
2024-12-23,9,1,1593
2024-12-24,9,1,1556
2024-12-25,9,1,1509
2024-12-26,9,1,2596
2024-12-27,9,1,2550
2024-12-28,9,1,2513
2024-12-29,9,1,2478
2024-12-30,9,1,2435
2024-12-31,9,1,2383
2025-01-01,9,1,2336
2025-01-02,9,1,2282
2025-01-03,9,1,2229
2025-01-04,9,1,2203
2025-01-05,9,1,2163
2025-01-06,9,1,2116
2025-01-07,9,1,2016
2025-01-08,9,1,1966
2025-01-09,9,1,1900
2025-01-10,9,1,1841
2025-01-11,9,1,1799
2025-01-12,9,1,1764
2025-01-13,9,1,1713
2025-01-14,9,1,1662
2025-01-15,9,1,1600
2025-01-16,9,1,1546
2025-01-17,9,1,1499
2025-01-18,9,1,1462
2025-01-19,9,1,1421
2025-01-20,9,1,1376
2025-01-21,9,1,1332
2025-01-22,9,1,1280
2025-01-23,9,1,1230
2025-01-24,9,1,1183
2025-01-25,9,1,2861
2025-01-26,9,1,2826
2025-01-27,9,1,2774
2025-01-28,9,1,2726
2025-01-29,9,1,2680
2025-01-30,9,1,2630
2025-01-31,9,1,2576
2025-02-01,9,1,2531
2025-02-02,9,1,2489
2025-02-03,9,1,2443
2025-02-04,9,1,2386
2025-02-05,9,1,2338
2025-02-06,9,1,2289
2025-02-07,9,1,2244
2025-02-08,9,1,2194
2025-02-09,9,1,2149
2025-02-10,9,1,2099
2025-02-11,9,1,2043
2025-02-12,9,1,1995
2025-02-13,9,1,1942
2025-02-14,9,1,1895
2025-02-15,9,1,1857
2025-02-16,9,1,1816
2025-02-17,9,1,1764
2025-02-18,9,1,1702
2025-02-19,9,1,1622
2025-02-20,9,1,1576
2025-02-21,9,1,1524
2025-02-22,9,1,1486
2025-02-23,9,1,1448
2025-02-24,9,1,2704
2025-02-25,9,1,2655
2025-02-26,9,1,2602
2025-02-27,9,1,2524
2025-02-28,9,1,2466
2025-03-01,9,1,2417
2025-03-02,9,1,2373
2025-03-03,9,1,2227
2025-03-04,9,1,2157
2025-03-05,9,1,2074
2025-03-06,9,1,2020
2025-03-07,9,1,1965
2025-03-08,9,1,1923
2025-03-09,9,1,1881
2025-03-10,9,1,1828
2025-03-11,9,1,1769
2025-03-12,9,1,1714
2025-03-13,9,1,1665
2025-03-14,9,1,1608
2025-03-15,9,1,1562
2025-03-16,9,1,1525
2025-03-17,9,1,1471
2025-03-18,9,1,1413
2025-03-19,9,1,1351
2025-03-20,9,1,1289
2025-03-21,9,1,1231
2025-03-22,9,1,1182
2025-03-23,9,1,1144
2025-03-24,9,1,1092
2025-03-25,9,1,1041
2025-03-26,9,1,3028
2025-03-27,9,1,2976
2025-03-28,9,1,2924
2025-03-29,9,1,2885
2025-03-30,9,1,2845
2025-03-31,9,1,2789
2025-04-01,9,1,2723
2025-04-02,9,1,2655
2025-04-03,9,1,2594
2025-04-04,9,1,2532
2025-04-05,9,1,2496
2025-04-06,9,1,2453
2025-04-07,9,1,2388
2025-04-08,9,1,2340
2025-04-09,9,1,2283
2025-04-10,9,1,2230
2025-04-11,9,1,2183
2025-04-12,9,1,2145
2025-04-13,9,1,2100
2025-04-14,9,1,2044
2025-04-15,9,1,1996
2025-04-16,9,1,1922
2025-04-17,9,1,1850
2025-04-18,9,1,1794
2025-04-19,9,1,1755
2025-04-20,9,1,1709
2025-04-21,9,1,1635
2025-04-22,9,1,1574
2025-04-23,9,1,1511
2025-04-24,9,1,1463
2025-04-25,9,1,2859
2025-04-26,9,1,2819
2025-04-27,9,1,2773
2025-04-28,9,1,2722
2025-04-29,9,1,2670
2025-04-30,9,1,2611
2025-05-01,9,1,2560
2025-05-02,9,1,2510
2025-05-03,9,1,2462
2025-05-04,9,1,2411
2025-05-05,9,1,2353
2025-05-06,9,1,2302
2025-05-07,9,1,2254
2025-05-08,9,1,2199
2025-05-09,9,1,2131
2025-05-10,9,1,2086
2025-05-11,9,1,2043
2025-05-12,9,1,1981
2025-05-13,9,1,1922
2025-05-14,9,1,1860
2025-05-15,9,1,1807
2025-05-16,9,1,1732
2025-05-17,9,1,1689
2025-05-18,9,1,1649
2025-05-19,9,1,1588
2025-05-20,9,1,1525
2025-05-21,9,1,1456
2025-05-22,9,1,1372
2025-05-23,9,1,1319
2025-05-24,9,1,1265
2025-05-25,9,1,2604
2025-05-26,9,1,2552
2025-05-27,9,1,2495
2025-05-28,9,1,2438
2025-05-29,9,1,2389
2025-05-30,9,1,2333
2025-05-31,9,1,2267
2025-06-01,9,1,2228
2025-06-02,9,1,2167
2025-06-03,9,1,2100
2025-06-04,9,1,2042
2025-06-05,9,1,1978
2025-06-06,9,1,1924
2025-06-07,9,1,1881
2025-06-08,9,1,1841
2025-06-09,9,1,1804
2025-06-10,9,1,1764
2025-06-11,9,1,1717
2025-06-12,9,1,1657
2025-06-13,9,1,1607
2025-06-14,9,1,1558
2025-06-15,9,1,1523
2025-06-16,9,1,1474
2025-06-17,9,1,1419
2025-06-18,9,1,1376
2025-06-19,9,1,1331
2025-06-20,9,1,1268
2025-06-21,9,1,1236
2025-06-22,9,1,1193
2025-06-23,9,1,1137
2025-06-24,9,1,2607
2025-06-25,9,1,2505
2025-06-26,9,1,2446
2025-06-27,9,1,2380
2025-06-28,9,1,2348
2025-06-29,9,1,2299
2025-06-30,9,1,2239
2025-07-01,9,1,2190
2025-07-02,9,1,2089
2025-07-03,9,1,2035
2025-07-04,9,1,1993
2025-07-05,9,1,1949
2025-07-06,9,1,1906
2025-07-07,9,1,1863
2025-07-08,9,1,1810
2025-07-09,9,1,1756
2025-07-10,9,1,1708
2025-07-11,9,1,1655
2025-07-12,9,1,1620
2025-07-13,9,1,1579
2025-07-14,9,1,1516
2025-07-15,9,1,1464
2025-07-16,9,1,1415
2025-07-17,9,1,1366
2025-07-18,9,1,1320
2025-07-19,9,1,1278
2025-07-20,9,1,1242
2025-07-21,9,1,1192
2025-07-22,9,1,1142
2025-07-23,9,1,1096
2025-07-24,9,1,2574
2025-07-25,9,1,2520
2025-07-26,9,1,2482
2025-07-27,9,1,2442
2025-07-28,9,1,2391
2025-07-29,9,1,2347
2025-07-30,9,1,2296
2025-07-31,9,1,2244
2025-08-01,9,1,2202
2025-08-02,9,1,2159
2025-08-03,9,1,2120
2025-08-04,9,1,2072
2025-08-05,9,1,2027
2025-08-06,9,1,1982
2025-08-07,9,1,1946
2025-08-08,9,1,1902
2025-08-09,9,1,1855
2025-08-10,9,1,1821
2025-08-11,9,1,1781
2025-08-12,9,1,1739
2025-08-13,9,1,1696
2025-08-14,9,1,1650
2025-08-15,9,1,1579
2025-08-16,9,1,1536
2025-08-17,9,1,1502
2025-08-18,9,1,1453
2025-08-19,9,1,1408
2025-08-20,9,1,1368
2025-08-21,9,1,1319
2025-08-22,9,1,1268
2025-08-23,9,1,2653
2025-08-24,9,1,2616
2025-08-25,9,1,2563
2025-08-26,9,1,2522
2025-08-27,9,1,2472
2025-08-28,9,1,2423
2025-08-29,9,1,2369
2025-08-30,9,1,2341
2025-08-31,9,1,2300
2025-09-01,9,1,2251
2025-09-02,9,1,2201
2025-09-03,9,1,2159
2025-09-04,9,1,2117
2025-09-05,9,1,2074
2025-09-06,9,1,2037
2025-09-07,9,1,2006
2025-09-08,9,1,1959
2025-09-09,9,1,1915
2025-09-10,9,1,1875
2025-09-11,9,1,1828
2025-09-12,9,1,1789
2025-09-13,9,1,1751
2025-09-14,9,1,1709
2025-09-15,9,1,1675
2025-09-16,9,1,1619
2025-09-17,9,1,1560
2025-09-18,9,1,1509
2025-09-19,9,1,1469
2025-09-20,9,1,1435
2025-09-21,9,1,1398
2025-09-22,9,1,2968
2025-09-23,9,1,2896
2025-09-24,9,1,2855
2025-09-25,9,1,2812
2025-09-26,9,1,2767
2025-09-27,9,1,2739
2025-09-28,9,1,2705
2025-09-29,9,1,2653
2025-09-30,9,1,2607
2025-10-01,9,1,2561
2025-10-02,9,1,2517
2025-10-03,9,1,2473
2025-10-04,9,1,2441
2025-10-05,9,1,2405
2025-10-06,9,1,2317
2025-10-07,9,1,2270
2025-10-08,9,1,2225
2025-10-09,9,1,2182
2025-10-10,9,1,2128
2025-10-11,9,1,2094
2025-10-12,9,1,2060
2025-10-13,9,1,2019
2025-10-14,9,1,1979
2025-10-15,9,1,1930
2025-10-16,9,1,1891
2025-10-17,9,1,1847
2025-10-18,9,1,1813
2025-10-19,9,1,1785
2025-10-20,9,1,1741
2025-10-21,9,1,1700
2025-10-22,9,1,2930
2025-10-23,9,1,2883
2025-10-24,9,1,2840
2025-10-25,9,1,2809
2025-10-26,9,1,2737
2025-10-27,9,1,2692
2025-10-28,9,1,2641
2025-10-29,9,1,2597
2025-10-30,9,1,2550
2025-10-31,9,1,2509
2025-11-01,9,1,2476
2025-11-02,9,1,2438
2025-11-03,9,1,2400
2025-11-04,9,1,2361
2025-11-05,9,1,2302
2025-11-06,9,1,2257
2025-11-07,9,1,2199
2025-11-08,9,1,2150
2025-11-09,9,1,2115
2025-11-10,9,1,2077
2025-11-11,9,1,2040
2025-11-12,9,1,1982
2025-11-13,9,1,1939
2025-11-14,9,1,1897
2025-11-15,9,1,1865
2025-11-16,9,1,1833
2025-11-17,9,1,1785
2025-11-18,9,1,1741
2025-11-19,9,1,1703
2025-11-20,9,1,1655
2025-11-21,9,1,2695
2025-11-22,9,1,2660
2025-11-23,9,1,2622
2025-11-24,9,1,2575
2025-11-25,9,1,2529
2025-11-26,9,1,2493
2025-11-27,9,1,2444
2025-11-28,9,1,2406
2025-11-29,9,1,2371
2025-11-30,9,1,2337
2025-12-01,9,1,2294
2025-12-02,9,1,2240
2025-12-03,9,1,2185
2025-12-04,9,1,2132
2025-12-05,9,1,2082
2025-12-06,9,1,2043
2025-12-07,9,1,2006
2025-12-08,9,1,1961
2025-12-09,9,1,1920
2025-12-10,9,1,1868
2025-12-11,9,1,1818
2025-12-12,9,1,1755
2025-12-13,9,1,1717
2025-12-14,9,1,1679
2025-12-15,9,1,1628
2025-12-16,9,1,1576
2025-12-17,9,1,1534
2025-12-18,9,1,1491
2025-12-19,9,1,1354
2025-12-20,9,1,1317
2025-12-21,9,1,2654
2025-12-22,9,1,2610
2025-12-23,9,1,2565
2025-12-24,9,1,2508
2025-12-25,9,1,2466
2025-12-26,9,1,2398
2025-12-27,9,1,2355
2025-12-28,9,1,2315
2025-12-29,9,1,2266
2025-12-30,9,1,2216
2025-12-31,9,1,2169
2024-01-01,9,2,914
2024-01-02,9,2,875
2024-01-03,9,2,836
2024-01-04,9,2,804
2024-01-05,9,2,763
2024-01-06,9,2,737
2024-01-07,9,2,706
2024-01-08,9,2,664
2024-01-09,9,2,626
2024-01-10,9,2,592
2024-01-11,9,2,551
2024-01-12,9,2,512
2024-01-13,9,2,715
2024-01-14,9,2,683
2024-01-15,9,2,647
2024-01-16,9,2,612
2024-01-17,9,2,572
2024-01-18,9,2,533
2024-01-19,9,2,492
2024-01-20,9,2,721
2024-01-21,9,2,688
2024-01-22,9,2,651
2024-01-23,9,2,609
2024-01-24,9,2,576
2024-01-25,9,2,538
2024-01-26,9,2,499
2024-01-27,9,2,472
2024-01-28,9,2,730
2024-01-29,9,2,694
2024-01-30,9,2,652
2024-01-31,9,2,981
2024-02-01,9,2,941
2024-02-02,9,2,905
2024-02-03,9,2,873
2024-02-04,9,2,841
2024-02-05,9,2,802
2024-02-06,9,2,761
2024-02-07,9,2,718
2024-02-08,9,2,676
2024-02-09,9,2,640
2024-02-10,9,2,612
2024-02-11,9,2,738
2024-02-12,9,2,703
2024-02-13,9,2,661
2024-02-14,9,2,618
2024-02-15,9,2,584
2024-02-16,9,2,547
2024-02-17,9,2,522
2024-02-18,9,2,489
2024-02-19,9,2,450
2024-02-20,9,2,414
2024-02-21,9,2,371
2024-02-22,9,2,330
2024-02-23,9,2,619
2024-02-24,9,2,589
2024-02-25,9,2,564
2024-02-26,9,2,529
2024-02-27,9,2,491
2024-02-28,9,2,436
2024-02-29,9,2,697
2024-03-01,9,2,978
2024-03-02,9,2,952
2024-03-03,9,2,917
2024-03-04,9,2,879
2024-03-05,9,2,834
2024-03-06,9,2,798
2024-03-07,9,2,759
2024-03-08,9,2,720
2024-03-09,9,2,686
2024-03-10,9,2,658
2024-03-11,9,2,617
2024-03-12,9,2,842
2024-03-13,9,2,799
2024-03-14,9,2,753
2024-03-15,9,2,708
2024-03-16,9,2,677
2024-03-17,9,2,640
2024-03-18,9,2,762
2024-03-19,9,2,720
2024-03-20,9,2,684
2024-03-21,9,2,644
2024-03-22,9,2,610
2024-03-23,9,2,577
2024-03-24,9,2,542
2024-03-25,9,2,504
2024-03-26,9,2,712
2024-03-27,9,2,672
2024-03-28,9,2,637
2024-03-29,9,2,832
2024-03-30,9,2,796
2024-03-31,9,2,1030
2024-04-01,9,2,986
2024-04-02,9,2,945
2024-04-03,9,2,902
2024-04-04,9,2,856
2024-04-05,9,2,813
2024-04-06,9,2,779
2024-04-07,9,2,751
2024-04-08,9,2,712
2024-04-09,9,2,669
2024-04-10,9,2,624
2024-04-11,9,2,578
2024-04-12,9,2,529
2024-04-13,9,2,498
2024-04-14,9,2,763
2024-04-15,9,2,719
2024-04-16,9,2,680
2024-04-17,9,2,616
2024-04-18,9,2,853
2024-04-19,9,2,816
2024-04-20,9,2,780
2024-04-21,9,2,747
2024-04-22,9,2,712
2024-04-23,9,2,670
2024-04-24,9,2,630
2024-04-25,9,2,881
2024-04-26,9,2,847
2024-04-27,9,2,810
2024-04-28,9,2,778
2024-04-29,9,2,738
2024-04-30,9,2,1007
2024-05-01,9,2,960
2024-05-02,9,2,882
2024-05-03,9,2,847
2024-05-04,9,2,818
2024-05-05,9,2,787
2024-05-06,9,2,743
2024-05-07,9,2,705
2024-05-08,9,2,662
2024-05-09,9,2,618
2024-05-10,9,2,571
2024-05-11,9,2,528
2024-05-12,9,2,678
2024-05-13,9,2,634
2024-05-14,9,2,901
2024-05-15,9,2,863
2024-05-16,9,2,820
2024-05-17,9,2,771
2024-05-18,9,2,742
2024-05-19,9,2,712
2024-05-20,9,2,675
2024-05-21,9,2,632
2024-05-22,9,2,586
2024-05-23,9,2,537
2024-05-24,9,2,498
2024-05-25,9,2,465
2024-05-26,9,2,826
2024-05-27,9,2,772
2024-05-28,9,2,730
2024-05-29,9,2,690
2024-05-30,9,2,1068
2024-05-31,9,2,1019
2024-06-01,9,2,986
2024-06-02,9,2,961
2024-06-03,9,2,918
2024-06-04,9,2,883
2024-06-05,9,2,846
2024-06-06,9,2,803
2024-06-07,9,2,767
2024-06-08,9,2,737
2024-06-09,9,2,707
2024-06-10,9,2,670
2024-06-11,9,2,632
2024-06-12,9,2,825
2024-06-13,9,2,786
2024-06-14,9,2,746
2024-06-15,9,2,709
2024-06-16,9,2,673
2024-06-17,9,2,637
2024-06-18,9,2,596
2024-06-19,9,2,531
2024-06-20,9,2,492
2024-06-21,9,2,453
2024-06-22,9,2,424
2024-06-23,9,2,397
2024-06-24,9,2,356
2024-06-25,9,2,317
2024-06-26,9,2,283
2024-06-27,9,2,485
2024-06-28,9,2,443
2024-06-29,9,2,945
2024-06-30,9,2,919
2024-07-01,9,2,888
2024-07-02,9,2,851
2024-07-03,9,2,792
2024-07-04,9,2,758
2024-07-05,9,2,719
2024-07-06,9,2,693
2024-07-07,9,2,671
2024-07-08,9,2,607
2024-07-09,9,2,566
2024-07-10,9,2,526
2024-07-11,9,2,491
2024-07-12,9,2,459
2024-07-13,9,2,802
2024-07-14,9,2,744
2024-07-15,9,2,701
2024-07-16,9,2,671
2024-07-17,9,2,639
2024-07-18,9,2,601
2024-07-19,9,2,560
2024-07-20,9,2,504
2024-07-21,9,2,473
2024-07-22,9,2,435
2024-07-23,9,2,652
2024-07-24,9,2,625
2024-07-25,9,2,592
2024-07-26,9,2,943
2024-07-27,9,2,911
2024-07-28,9,2,883
2024-07-29,9,2,1008
2024-07-30,9,2,969
2024-07-31,9,2,931
2024-08-01,9,2,898
2024-08-02,9,2,864
2024-08-03,9,2,838
2024-08-04,9,2,814
2024-08-05,9,2,786
2024-08-06,9,2,752
2024-08-07,9,2,715
2024-08-08,9,2,683
2024-08-09,9,2,647
2024-08-10,9,2,621
2024-08-11,9,2,593
2024-08-12,9,2,859
2024-08-13,9,2,827
2024-08-14,9,2,791
2024-08-15,9,2,760
2024-08-16,9,2,708
2024-08-17,9,2,683
2024-08-18,9,2,658
2024-08-19,9,2,624
2024-08-20,9,2,591
2024-08-21,9,2,556
2024-08-22,9,2,521
2024-08-23,9,2,486
2024-08-24,9,2,458
2024-08-25,9,2,433
2024-08-26,9,2,585
2024-08-27,9,2,549
2024-08-28,9,2,942
2024-08-29,9,2,908
2024-08-30,9,2,871
2024-08-31,9,2,841
2024-09-01,9,2,816
2024-09-02,9,2,782
2024-09-03,9,2,754
2024-09-04,9,2,722
2024-09-05,9,2,695
2024-09-06,9,2,662
2024-09-07,9,2,636
2024-09-08,9,2,614
2024-09-09,9,2,577
2024-09-10,9,2,547
2024-09-11,9,2,518
2024-09-12,9,2,487
2024-09-13,9,2,444
2024-09-14,9,2,412
2024-09-15,9,2,386
2024-09-16,9,2,349
2024-09-17,9,2,319
2024-09-18,9,2,290
2024-09-19,9,2,262
2024-09-20,9,2,230
2024-09-21,9,2,202
2024-09-22,9,2,173
2024-09-23,9,2,522
2024-09-24,9,2,494
2024-09-25,9,2,462
2024-09-26,9,2,809
2024-09-27,9,2,984
2024-09-28,9,2,957
2024-09-29,9,2,932
2024-09-30,9,2,901
2024-10-01,9,2,869
2024-10-02,9,2,837
2024-10-03,9,2,803
2024-10-04,9,2,770
2024-10-05,9,2,747
2024-10-06,9,2,723
2024-10-07,9,2,691
2024-10-08,9,2,614
2024-10-09,9,2,591
2024-10-10,9,2,940
2024-10-11,9,2,906
2024-10-12,9,2,880
2024-10-13,9,2,853
2024-10-14,9,2,823
2024-10-15,9,2,786
2024-10-16,9,2,754
2024-10-17,9,2,726
2024-10-18,9,2,694
2024-10-19,9,2,672
2024-10-20,9,2,643
2024-10-21,9,2,609
2024-10-22,9,2,571
2024-10-23,9,2,530
2024-10-24,9,2,672
2024-10-25,9,2,638
2024-10-26,9,2,618
2024-10-27,9,2,1071
2024-10-28,9,2,1043
2024-10-29,9,2,1011
2024-10-30,9,2,979
2024-10-31,9,2,952
2024-11-01,9,2,920
2024-11-02,9,2,893
2024-11-03,9,2,863
2024-11-04,9,2,829
2024-11-05,9,2,797
2024-11-06,9,2,767
2024-11-07,9,2,733
2024-11-08,9,2,701
2024-11-09,9,2,679
2024-11-10,9,2,657
2024-11-11,9,2,629
2024-11-12,9,2,591
2024-11-13,9,2,552
2024-11-14,9,2,521
2024-11-15,9,2,489
2024-11-16,9,2,458
2024-11-17,9,2,424
2024-11-18,9,2,624
2024-11-19,9,2,591
2024-11-20,9,2,553
2024-11-21,9,2,529
2024-11-22,9,2,496
2024-11-23,9,2,854
2024-11-24,9,2,827
2024-11-25,9,2,796
2024-11-26,9,2,1039
2024-11-27,9,2,1007
2024-11-28,9,2,970
2024-11-29,9,2,938
2024-11-30,9,2,913
2024-12-01,9,2,884
2024-12-02,9,2,851
2024-12-03,9,2,815
2024-12-04,9,2,778
2024-12-05,9,2,744
2024-12-06,9,2,707
2024-12-07,9,2,679
2024-12-08,9,2,650
2024-12-09,9,2,615
2024-12-10,9,2,583
2024-12-11,9,2,549
2024-12-12,9,2,518
2024-12-13,9,2,483
2024-12-14,9,2,456
2024-12-15,9,2,762
2024-12-16,9,2,729
2024-12-17,9,2,696
2024-12-18,9,2,661
2024-12-19,9,2,604
2024-12-20,9,2,571
2024-12-21,9,2,545
2024-12-22,9,2,715
2024-12-23,9,2,679
2024-12-24,9,2,632
2024-12-25,9,2,803
2024-12-26,9,2,1010
2024-12-27,9,2,976
2024-12-28,9,2,947
2024-12-29,9,2,920
2024-12-30,9,2,848
2024-12-31,9,2,815
2025-01-01,9,2,774
2025-01-02,9,2,731
2025-01-03,9,2,700
2025-01-04,9,2,672
2025-01-05,9,2,644
2025-01-06,9,2,602
2025-01-07,9,2,908
2025-01-08,9,2,867
2025-01-09,9,2,833
2025-01-10,9,2,795
2025-01-11,9,2,762
2025-01-12,9,2,726
2025-01-13,9,2,689
2025-01-14,9,2,656
2025-01-15,9,2,621
2025-01-16,9,2,584
2025-01-17,9,2,759
2025-01-18,9,2,730
2025-01-19,9,2,693
2025-01-20,9,2,649
2025-01-21,9,2,610
2025-01-22,9,2,572
2025-01-23,9,2,539
2025-01-24,9,2,745
2025-01-25,9,2,1058
2025-01-26,9,2,1034
2025-01-27,9,2,991
2025-01-28,9,2,954
2025-01-29,9,2,863
2025-01-30,9,2,820
2025-01-31,9,2,783
2025-02-01,9,2,756
2025-02-02,9,2,725
2025-02-03,9,2,681
2025-02-04,9,2,644
2025-02-05,9,2,597
2025-02-06,9,2,870
2025-02-07,9,2,830
2025-02-08,9,2,800
2025-02-09,9,2,765
2025-02-10,9,2,714
2025-02-11,9,2,673
2025-02-12,9,2,633
2025-02-13,9,2,567
2025-02-14,9,2,526
2025-02-15,9,2,502
2025-02-16,9,2,468
2025-02-17,9,2,421
2025-02-18,9,2,377
2025-02-19,9,2,693
2025-02-20,9,2,646
2025-02-21,9,2,771
2025-02-22,9,2,739
2025-02-23,9,2,707
2025-02-24,9,2,1043
2025-02-25,9,2,996
2025-02-26,9,2,953
2025-02-27,9,2,915
2025-02-28,9,2,873
2025-03-01,9,2,841
2025-03-02,9,2,805
2025-03-03,9,2,763
2025-03-04,9,2,702
2025-03-05,9,2,663
2025-03-06,9,2,612
2025-03-07,9,2,574
2025-03-08,9,2,535
2025-03-09,9,2,503
2025-03-10,9,2,467
2025-03-11,9,2,430
2025-03-12,9,2,385
2025-03-13,9,2,557
2025-03-14,9,2,521
2025-03-15,9,2,487
2025-03-16,9,2,457
2025-03-17,9,2,735
2025-03-18,9,2,690
2025-03-19,9,2,644
2025-03-20,9,2,596
2025-03-21,9,2,555
2025-03-22,9,2,522
2025-03-23,9,2,492
2025-03-24,9,2,684
2025-03-25,9,2,635
2025-03-26,9,2,956
2025-03-27,9,2,915
2025-03-28,9,2,877
2025-03-29,9,2,844
2025-03-30,9,2,810
2025-03-31,9,2,767
2025-04-01,9,2,720
2025-04-02,9,2,674
2025-04-03,9,2,630
2025-04-04,9,2,591
2025-04-05,9,2,560
2025-04-06,9,2,527
2025-04-07,9,2,483
2025-04-08,9,2,425
2025-04-09,9,2,376
2025-04-10,9,2,335
2025-04-11,9,2,298
2025-04-12,9,2,264
2025-04-13,9,2,580
2025-04-14,9,2,537
2025-04-15,9,2,503
2025-04-16,9,2,454
2025-04-17,9,2,413
2025-04-18,9,2,370
2025-04-19,9,2,331
2025-04-20,9,2,299
2025-04-21,9,2,249
2025-04-22,9,2,207
2025-04-23,9,2,164
2025-04-24,9,2,120
2025-04-25,9,2,1003
2025-04-26,9,2,970
2025-04-27,9,2,943
2025-04-28,9,2,900
2025-04-29,9,2,825
2025-04-30,9,2,775
2025-05-01,9,2,729
2025-05-02,9,2,688
2025-05-03,9,2,647
2025-05-04,9,2,985
2025-05-05,9,2,941
2025-05-06,9,2,898
2025-05-07,9,2,851
2025-05-08,9,2,784
2025-05-09,9,2,730
2025-05-10,9,2,696
2025-05-11,9,2,650
2025-05-12,9,2,608
2025-05-13,9,2,565
2025-05-14,9,2,516
2025-05-15,9,2,470
2025-05-16,9,2,408
2025-05-17,9,2,379
2025-05-18,9,2,339
2025-05-19,9,2,523
2025-05-20,9,2,477
2025-05-21,9,2,431
2025-05-22,9,2,386
2025-05-23,9,2,339
2025-05-24,9,2,311
2025-05-25,9,2,960
2025-05-26,9,2,912
2025-05-27,9,2,859
2025-05-28,9,2,812
2025-05-29,9,2,768
2025-05-30,9,2,728
2025-05-31,9,2,693
2025-06-01,9,2,661
2025-06-02,9,2,621
2025-06-03,9,2,577
2025-06-04,9,2,533
2025-06-05,9,2,492
2025-06-06,9,2,447
2025-06-07,9,2,418
2025-06-08,9,2,598
2025-06-09,9,2,557
2025-06-10,9,2,510
2025-06-11,9,2,442
2025-06-12,9,2,397
2025-06-13,9,2,358
2025-06-14,9,2,533
2025-06-15,9,2,502
2025-06-16,9,2,449
2025-06-17,9,2,409
2025-06-18,9,2,368
2025-06-19,9,2,325
2025-06-20,9,2,544
2025-06-21,9,2,511
2025-06-22,9,2,481
2025-06-23,9,2,443
2025-06-24,9,2,1024
2025-06-25,9,2,965
2025-06-26,9,2,902
2025-06-27,9,2,851
2025-06-28,9,2,815
2025-06-29,9,2,780
2025-06-30,9,2,739
2025-07-01,9,2,700
2025-07-02,9,2,656
2025-07-03,9,2,613
2025-07-04,9,2,574
2025-07-05,9,2,521
2025-07-06,9,2,489
2025-07-07,9,2,451
2025-07-08,9,2,409
2025-07-09,9,2,374
2025-07-10,9,2,333
2025-07-11,9,2,294
2025-07-12,9,2,262
2025-07-13,9,2,228
2025-07-14,9,2,188
2025-07-15,9,2,144
2025-07-16,9,2,102
2025-07-17,9,2,63
2025-07-18,9,2,22
2025-07-19,9,2,0
2025-07-20,9,2,0
2025-07-21,9,2,204
2025-07-22,9,2,147
2025-07-23,9,2,114
2025-07-24,9,2,1143
2025-07-25,9,2,1098
2025-07-26,9,2,1071
2025-07-27,9,2,1042
2025-07-28,9,2,999
2025-07-29,9,2,956
2025-07-30,9,2,920
2025-07-31,9,2,886
2025-08-01,9,2,855
2025-08-02,9,2,832
2025-08-03,9,2,809
2025-08-04,9,2,773
2025-08-05,9,2,737
2025-08-06,9,2,695
2025-08-07,9,2,659
2025-08-08,9,2,622
2025-08-09,9,2,591
2025-08-10,9,2,563
2025-08-11,9,2,531
2025-08-12,9,2,853
2025-08-13,9,2,796
2025-08-14,9,2,763
2025-08-15,9,2,723
2025-08-16,9,2,693
2025-08-17,9,2,669
2025-08-18,9,2,632
2025-08-19,9,2,936
2025-08-20,9,2,897
2025-08-21,9,2,858
2025-08-22,9,2,820
2025-08-23,9,2,1005
2025-08-24,9,2,976
2025-08-25,9,2,943
2025-08-26,9,2,907
2025-08-27,9,2,873
2025-08-28,9,2,839
2025-08-29,9,2,803
2025-08-30,9,2,776
2025-08-31,9,2,747
2025-09-01,9,2,712
2025-09-02,9,2,682
2025-09-03,9,2,652
2025-09-04,9,2,619
2025-09-05,9,2,590
2025-09-06,9,2,563
2025-09-07,9,2,539
2025-09-08,9,2,508
2025-09-09,9,2,471
2025-09-10,9,2,690
2025-09-11,9,2,655
2025-09-12,9,2,621
2025-09-13,9,2,587
2025-09-14,9,2,550
2025-09-15,9,2,502
2025-09-16,9,2,637
2025-09-17,9,2,603
2025-09-18,9,2,568
2025-09-19,9,2,539
2025-09-20,9,2,510
2025-09-21,9,2,483
2025-09-22,9,2,1033
2025-09-23,9,2,994
2025-09-24,9,2,953
2025-09-25,9,2,920
2025-09-26,9,2,881
2025-09-27,9,2,852
2025-09-28,9,2,825
2025-09-29,9,2,792
2025-09-30,9,2,752
2025-10-01,9,2,722
2025-10-02,9,2,688
2025-10-03,9,2,658
2025-10-04,9,2,632
2025-10-05,9,2,976
2025-10-06,9,2,942
2025-10-07,9,2,904
2025-10-08,9,2,869
2025-10-09,9,2,836
2025-10-10,9,2,804
2025-10-11,9,2,776
2025-10-12,9,2,749
2025-10-13,9,2,714
2025-10-14,9,2,683
2025-10-15,9,2,649
2025-10-16,9,2,614
2025-10-17,9,2,578
2025-10-18,9,2,551
2025-10-19,9,2,522
2025-10-20,9,2,491
2025-10-21,9,2,456
2025-10-22,9,2,1098
2025-10-23,9,2,1070
2025-10-24,9,2,1033
2025-10-25,9,2,1005
2025-10-26,9,2,981
2025-10-27,9,2,950
2025-10-28,9,2,911
2025-10-29,9,2,873
2025-10-30,9,2,836
2025-10-31,9,2,797
2025-11-01,9,2,767
2025-11-02,9,2,741
2025-11-03,9,2,709
2025-11-04,9,2,673
2025-11-05,9,2,636
2025-11-06,9,2,597
2025-11-07,9,2,562
2025-11-08,9,2,540
2025-11-09,9,2,514
2025-11-10,9,2,478
2025-11-11,9,2,441
2025-11-12,9,2,783
2025-11-13,9,2,755
2025-11-14,9,2,721
2025-11-15,9,2,695
2025-11-16,9,2,668
2025-11-17,9,2,632
2025-11-18,9,2,596
2025-11-19,9,2,914
2025-11-20,9,2,877
2025-11-21,9,2,1012
2025-11-22,9,2,985
2025-11-23,9,2,957
2025-11-24,9,2,921
2025-11-25,9,2,895
2025-11-26,9,2,860
2025-11-27,9,2,830
2025-11-28,9,2,795
2025-11-29,9,2,764
2025-11-30,9,2,737
2025-12-01,9,2,693
2025-12-02,9,2,656
2025-12-03,9,2,625
2025-12-04,9,2,583
2025-12-05,9,2,545
2025-12-06,9,2,512
2025-12-07,9,2,482
2025-12-08,9,2,439
2025-12-09,9,2,405
2025-12-10,9,2,363
2025-12-11,9,2,329
2025-12-12,9,2,289
2025-12-13,9,2,491
2025-12-14,9,2,463
2025-12-15,9,2,422
2025-12-16,9,2,678
2025-12-17,9,2,643
2025-12-18,9,2,610
2025-12-19,9,2,576
2025-12-20,9,2,549
2025-12-21,9,2,1059
2025-12-22,9,2,1022
2025-12-23,9,2,993
2025-12-24,9,2,950
2025-12-25,9,2,912
2025-12-26,9,2,879
2025-12-27,9,2,848
2025-12-28,9,2,816
2025-12-29,9,2,781
2025-12-30,9,2,745
2025-12-31,9,2,708
2024-01-01,9,3,2423
2024-01-02,9,3,2380
2024-01-03,9,3,2334
2024-01-04,9,3,2295
2024-01-05,9,3,2255
2024-01-06,9,3,2229
2024-01-07,9,3,2200
2024-01-08,9,3,2160
2024-01-09,9,3,2126
2024-01-10,9,3,2081
2024-01-11,9,3,2043
2024-01-12,9,3,2000
2024-01-13,9,3,1971
2024-01-14,9,3,1935
2024-01-15,9,3,1870
2024-01-16,9,3,1827
2024-01-17,9,3,1788
2024-01-18,9,3,1753
2024-01-19,9,3,1712
2024-01-20,9,3,1681
2024-01-21,9,3,1650
2024-01-22,9,3,1601
2024-01-23,9,3,1560
2024-01-24,9,3,1520
2024-01-25,9,3,1481
2024-01-26,9,3,1434
2024-01-27,9,3,1408
2024-01-28,9,3,1376
2024-01-29,9,3,1298
2024-01-30,9,3,1260
2024-01-31,9,3,2932
2024-02-01,9,3,2886
2024-02-02,9,3,2835
2024-02-03,9,3,2802
2024-02-04,9,3,2770
2024-02-05,9,3,2726
2024-02-06,9,3,2678
2024-02-07,9,3,2636
2024-02-08,9,3,2591
2024-02-09,9,3,2551
2024-02-10,9,3,2516
2024-02-11,9,3,2474
2024-02-12,9,3,2432
2024-02-13,9,3,2385
2024-02-14,9,3,2333
2024-02-15,9,3,2287
2024-02-16,9,3,2242
2024-02-17,9,3,2207
2024-02-18,9,3,2172
2024-02-19,9,3,2133
2024-02-20,9,3,2093
2024-02-21,9,3,2052
2024-02-22,9,3,2003
2024-02-23,9,3,1958
2024-02-24,9,3,1926
2024-02-25,9,3,1895
2024-02-26,9,3,1852
2024-02-27,9,3,1804
2024-02-28,9,3,1769
2024-02-29,9,3,1720
2024-03-01,9,3,3100
2024-03-02,9,3,3067
2024-03-03,9,3,3030
2024-03-04,9,3,2982
2024-03-05,9,3,2940
2024-03-06,9,3,2897
2024-03-07,9,3,2853
2024-03-08,9,3,2808
2024-03-09,9,3,2772
2024-03-10,9,3,2732
2024-03-11,9,3,2691
2024-03-12,9,3,2642
2024-03-13,9,3,2601
2024-03-14,9,3,2561
2024-03-15,9,3,2501
2024-03-16,9,3,2446
2024-03-17,9,3,2412
2024-03-18,9,3,2365
2024-03-19,9,3,2331
2024-03-20,9,3,2289
2024-03-21,9,3,2233
2024-03-22,9,3,2195
2024-03-23,9,3,2165
2024-03-24,9,3,2127
2024-03-25,9,3,2082
2024-03-26,9,3,2020
2024-03-27,9,3,1976
2024-03-28,9,3,1936
2024-03-29,9,3,1891
2024-03-30,9,3,1858
2024-03-31,9,3,3121
2024-04-01,9,3,3075
2024-04-02,9,3,3028
2024-04-03,9,3,2983
2024-04-04,9,3,2939
2024-04-05,9,3,2882
2024-04-06,9,3,2839
2024-04-07,9,3,2802
2024-04-08,9,3,2756
2024-04-09,9,3,2708
2024-04-10,9,3,2666
2024-04-11,9,3,2620
2024-04-12,9,3,2566
2024-04-13,9,3,2529
2024-04-14,9,3,2501
2024-04-15,9,3,2466
2024-04-16,9,3,2406
2024-04-17,9,3,2366
2024-04-18,9,3,2312
2024-04-19,9,3,2257
2024-04-20,9,3,2230
2024-04-21,9,3,2190
2024-04-22,9,3,2146
2024-04-23,9,3,2092
2024-04-24,9,3,2049
2024-04-25,9,3,1996
2024-04-26,9,3,1943
2024-04-27,9,3,1906
2024-04-28,9,3,1852
2024-04-29,9,3,1800
2024-04-30,9,3,3007
2024-05-01,9,3,2957
2024-05-02,9,3,2910
2024-05-03,9,3,2864
2024-05-04,9,3,2826
2024-05-05,9,3,2794
2024-05-06,9,3,2755
2024-05-07,9,3,2718
2024-05-08,9,3,2672
2024-05-09,9,3,2624
2024-05-10,9,3,2590
2024-05-11,9,3,2553
2024-05-12,9,3,2500
2024-05-13,9,3,2450
2024-05-14,9,3,2411
2024-05-15,9,3,2370
2024-05-16,9,3,2318
2024-05-17,9,3,2263
2024-05-18,9,3,2238
2024-05-19,9,3,2201
2024-05-20,9,3,2156
2024-05-21,9,3,2109
2024-05-22,9,3,2063
2024-05-23,9,3,2023
2024-05-24,9,3,1977
2024-05-25,9,3,1937
2024-05-26,9,3,1901
2024-05-27,9,3,1855
2024-05-28,9,3,1810
2024-05-29,9,3,1759
2024-05-30,9,3,3043
2024-05-31,9,3,2994
2024-06-01,9,3,2959
2024-06-02,9,3,2925
2024-06-03,9,3,2883
2024-06-04,9,3,2835
2024-06-05,9,3,2789
2024-06-06,9,3,2746
2024-06-07,9,3,2712
2024-06-08,9,3,2677
2024-06-09,9,3,2644
2024-06-10,9,3,2610
2024-06-11,9,3,2563
2024-06-12,9,3,2518
2024-06-13,9,3,2482
2024-06-14,9,3,2431
2024-06-15,9,3,2395
2024-06-16,9,3,2355
2024-06-17,9,3,2308
2024-06-18,9,3,2259
2024-06-19,9,3,2212
2024-06-20,9,3,2167
2024-06-21,9,3,2120
2024-06-22,9,3,2087
2024-06-23,9,3,2057
2024-06-24,9,3,2015
2024-06-25,9,3,1967
2024-06-26,9,3,1926
2024-06-27,9,3,1860
2024-06-28,9,3,1812
2024-06-29,9,3,2990
2024-06-30,9,3,2954
2024-07-01,9,3,2916
2024-07-02,9,3,2875
2024-07-03,9,3,2836
2024-07-04,9,3,2791
2024-07-05,9,3,2758
2024-07-06,9,3,2730
2024-07-07,9,3,2697
2024-07-08,9,3,2633
2024-07-09,9,3,2593
2024-07-10,9,3,2551
2024-07-11,9,3,2510
2024-07-12,9,3,2467
2024-07-13,9,3,2423
2024-07-14,9,3,2392
2024-07-15,9,3,2356
2024-07-16,9,3,2316
2024-07-17,9,3,2280
2024-07-18,9,3,2243
2024-07-19,9,3,2197
2024-07-20,9,3,2168
2024-07-21,9,3,2127
2024-07-22,9,3,2092
2024-07-23,9,3,2049
2024-07-24,9,3,2010
2024-07-25,9,3,1913
2024-07-26,9,3,1871
2024-07-27,9,3,1847
2024-07-28,9,3,1817
2024-07-29,9,3,3145
2024-07-30,9,3,3102
2024-07-31,9,3,3029
2024-08-01,9,3,2992
2024-08-02,9,3,2957
2024-08-03,9,3,2925
2024-08-04,9,3,2896
2024-08-05,9,3,2835
2024-08-06,9,3,2805
2024-08-07,9,3,2773
2024-08-08,9,3,2733
2024-08-09,9,3,2695
2024-08-10,9,3,2661
2024-08-11,9,3,2625
2024-08-12,9,3,2591
2024-08-13,9,3,2527
2024-08-14,9,3,2472
2024-08-15,9,3,2437
2024-08-16,9,3,2396
2024-08-17,9,3,2364
2024-08-18,9,3,2335
2024-08-19,9,3,2306
2024-08-20,9,3,2271
2024-08-21,9,3,2231
2024-08-22,9,3,2194
2024-08-23,9,3,2154
2024-08-24,9,3,2125
2024-08-25,9,3,2098
2024-08-26,9,3,2037
2024-08-27,9,3,1998
2024-08-28,9,3,3120
2024-08-29,9,3,3083
2024-08-30,9,3,3045
2024-08-31,9,3,3012
2024-09-01,9,3,2983
2024-09-02,9,3,2948
2024-09-03,9,3,2913
2024-09-04,9,3,2877
2024-09-05,9,3,2841
2024-09-06,9,3,2806
2024-09-07,9,3,2778
2024-09-08,9,3,2758
2024-09-09,9,3,2717
2024-09-10,9,3,2679
2024-09-11,9,3,2643
2024-09-12,9,3,2603
2024-09-13,9,3,2573
2024-09-14,9,3,2545
2024-09-15,9,3,2517
2024-09-16,9,3,2470
2024-09-17,9,3,2434
2024-09-18,9,3,2403
2024-09-19,9,3,2340
2024-09-20,9,3,2304
2024-09-21,9,3,2274
2024-09-22,9,3,2247
2024-09-23,9,3,2209
2024-09-24,9,3,2177
2024-09-25,9,3,2149
2024-09-26,9,3,2109
2024-09-27,9,3,3187
2024-09-28,9,3,3162
2024-09-29,9,3,3133
2024-09-30,9,3,3086
2024-10-01,9,3,3058
2024-10-02,9,3,3026
2024-10-03,9,3,2986
2024-10-04,9,3,2948
2024-10-05,9,3,2924
2024-10-06,9,3,2902
2024-10-07,9,3,2865
2024-10-08,9,3,2828
2024-10-09,9,3,2791
2024-10-10,9,3,2732
2024-10-11,9,3,2693
2024-10-12,9,3,2662
2024-10-13,9,3,2639
2024-10-14,9,3,2603
2024-10-15,9,3,2563
2024-10-16,9,3,2528
2024-10-17,9,3,2492
2024-10-18,9,3,2413
2024-10-19,9,3,2386
2024-10-20,9,3,2360
2024-10-21,9,3,2317
2024-10-22,9,3,2275
2024-10-23,9,3,2241
2024-10-24,9,3,2207
2024-10-25,9,3,2172
2024-10-26,9,3,2141
2024-10-27,9,3,3168
2024-10-28,9,3,3132
2024-10-29,9,3,3097
2024-10-30,9,3,3062
2024-10-31,9,3,3018
2024-11-01,9,3,2980
2024-11-02,9,3,2950
2024-11-03,9,3,2919
2024-11-04,9,3,2883
2024-11-05,9,3,2826
2024-11-06,9,3,2792
2024-11-07,9,3,2756
2024-11-08,9,3,2718
2024-11-09,9,3,2671
2024-11-10,9,3,2642
2024-11-11,9,3,2604
2024-11-12,9,3,2563
2024-11-13,9,3,2535
2024-11-14,9,3,2499
2024-11-15,9,3,2458
2024-11-16,9,3,2427
2024-11-17,9,3,2403
2024-11-18,9,3,2358
2024-11-19,9,3,2317
2024-11-20,9,3,2282
2024-11-21,9,3,2250
2024-11-22,9,3,2212
2024-11-23,9,3,2185
2024-11-24,9,3,2159
2024-11-25,9,3,2119
2024-11-26,9,3,3057
2024-11-27,9,3,3020
2024-11-28,9,3,2983
2024-11-29,9,3,2942
2024-11-30,9,3,2911
2024-12-01,9,3,2882
2024-12-02,9,3,2844
2024-12-03,9,3,2804
2024-12-04,9,3,2763
2024-12-05,9,3,2728
2024-12-06,9,3,2664
2024-12-07,9,3,2638
2024-12-08,9,3,2611
2024-12-09,9,3,2571
2024-12-10,9,3,2532
2024-12-11,9,3,2496
2024-12-12,9,3,2455
2024-12-13,9,3,2413
2024-12-14,9,3,2382
2024-12-15,9,3,2352
2024-12-16,9,3,2306
2024-12-17,9,3,2245
2024-12-18,9,3,2212
2024-12-19,9,3,2172
2024-12-20,9,3,2128
2024-12-21,9,3,2103
2024-12-22,9,3,2074
2024-12-23,9,3,2041
2024-12-24,9,3,2000
2024-12-25,9,3,1955
2024-12-26,9,3,3223
2024-12-27,9,3,3180
2024-12-28,9,3,3149
2024-12-29,9,3,3117
2024-12-30,9,3,3079
2024-12-31,9,3,3017
2025-01-01,9,3,2971
2025-01-02,9,3,2932
2025-01-03,9,3,2893
2025-01-04,9,3,2858
2025-01-05,9,3,2823
2025-01-06,9,3,2779
2025-01-07,9,3,2739
2025-01-08,9,3,2697
2025-01-09,9,3,2653
2025-01-10,9,3,2603
2025-01-11,9,3,2573
2025-01-12,9,3,2544
2025-01-13,9,3,2503
2025-01-14,9,3,2462
2025-01-15,9,3,2366
2025-01-16,9,3,2332
2025-01-17,9,3,2286
2025-01-18,9,3,2251
2025-01-19,9,3,2221
2025-01-20,9,3,2175
2025-01-21,9,3,2133
2025-01-22,9,3,2095
2025-01-23,9,3,2057
2025-01-24,9,3,2023
2025-01-25,9,3,3009
2025-01-26,9,3,2973
2025-01-27,9,3,2932
2025-01-28,9,3,2891
2025-01-29,9,3,2848
2025-01-30,9,3,2806
2025-01-31,9,3,2768
2025-02-01,9,3,2733
2025-02-02,9,3,2700
2025-02-03,9,3,2654
2025-02-04,9,3,2609
2025-02-05,9,3,2560
2025-02-06,9,3,2514
2025-02-07,9,3,2468
2025-02-08,9,3,2431
2025-02-09,9,3,2398
2025-02-10,9,3,2359
2025-02-11,9,3,2317
2025-02-12,9,3,2271
2025-02-13,9,3,2228
2025-02-14,9,3,2178
2025-02-15,9,3,2140
2025-02-16,9,3,2106
2025-02-17,9,3,2062
2025-02-18,9,3,2017
2025-02-19,9,3,1974
2025-02-20,9,3,1935
2025-02-21,9,3,1888
2025-02-22,9,3,1857
2025-02-23,9,3,1815
2025-02-24,9,3,3181
2025-02-25,9,3,3134
2025-02-26,9,3,3092
2025-02-27,9,3,3051
2025-02-28,9,3,3011
2025-03-01,9,3,2974
2025-03-02,9,3,2932
2025-03-03,9,3,2883
2025-03-04,9,3,2842
2025-03-05,9,3,2793
2025-03-06,9,3,2745
2025-03-07,9,3,2703
2025-03-08,9,3,2669
2025-03-09,9,3,2636
2025-03-10,9,3,2592
2025-03-11,9,3,2543
2025-03-12,9,3,2493
2025-03-13,9,3,2443
2025-03-14,9,3,2407
2025-03-15,9,3,2374
2025-03-16,9,3,2335
2025-03-17,9,3,2283
2025-03-18,9,3,2236
2025-03-19,9,3,2184
2025-03-20,9,3,2131
2025-03-21,9,3,2059
2025-03-22,9,3,2020
2025-03-23,9,3,1983
2025-03-24,9,3,1938
2025-03-25,9,3,1889
2025-03-26,9,3,3176
2025-03-27,9,3,3125
2025-03-28,9,3,3076
2025-03-29,9,3,3042
2025-03-30,9,3,3003
2025-03-31,9,3,2949
2025-04-01,9,3,2895
2025-04-02,9,3,2842
2025-04-03,9,3,2794
2025-04-04,9,3,2742
2025-04-05,9,3,2706
2025-04-06,9,3,2667
2025-04-07,9,3,2622
2025-04-08,9,3,2580
2025-04-09,9,3,2523
2025-04-10,9,3,2480
2025-04-11,9,3,2431
2025-04-12,9,3,2395
2025-04-13,9,3,2356
2025-04-14,9,3,2308
2025-04-15,9,3,2264
2025-04-16,9,3,2225
2025-04-17,9,3,2181
2025-04-18,9,3,2133
2025-04-19,9,3,2094
2025-04-20,9,3,2055
2025-04-21,9,3,2008
2025-04-22,9,3,1954
2025-04-23,9,3,1905
2025-04-24,9,3,1858
2025-04-25,9,3,3023
2025-04-26,9,3,2981
2025-04-27,9,3,2933
2025-04-28,9,3,2880
2025-04-29,9,3,2836
2025-04-30,9,3,2784
2025-05-01,9,3,2734
2025-05-02,9,3,2684
2025-05-03,9,3,2649
2025-05-04,9,3,2616
2025-05-05,9,3,2564
2025-05-06,9,3,2515
2025-05-07,9,3,2464
2025-05-08,9,3,2390
2025-05-09,9,3,2339
2025-05-10,9,3,2303
2025-05-11,9,3,2262
2025-05-12,9,3,2214
2025-05-13,9,3,2169
2025-05-14,9,3,2125
2025-05-15,9,3,2073
2025-05-16,9,3,2018
2025-05-17,9,3,1979
2025-05-18,9,3,1942
2025-05-19,9,3,1890
2025-05-20,9,3,1846
2025-05-21,9,3,1789
2025-05-22,9,3,1748
2025-05-23,9,3,1694
2025-05-24,9,3,1650
2025-05-25,9,3,2989
2025-05-26,9,3,2939
2025-05-27,9,3,2887
2025-05-28,9,3,2839
2025-05-29,9,3,2789
2025-05-30,9,3,2741
2025-05-31,9,3,2706
2025-06-01,9,3,2670
2025-06-02,9,3,2634
2025-06-03,9,3,2594
2025-06-04,9,3,2543
2025-06-05,9,3,2496
2025-06-06,9,3,2452
2025-06-07,9,3,2412
2025-06-08,9,3,2377
2025-06-09,9,3,2327
2025-06-10,9,3,2287
2025-06-11,9,3,2246
2025-06-12,9,3,2206
2025-06-13,9,3,2161
2025-06-14,9,3,2106
2025-06-15,9,3,2067
2025-06-16,9,3,2016
2025-06-17,9,3,1970
2025-06-18,9,3,1925
2025-06-19,9,3,1876
2025-06-20,9,3,1836
2025-06-21,9,3,1795
2025-06-22,9,3,1761
2025-06-23,9,3,1711
2025-06-24,9,3,2956
2025-06-25,9,3,2915
2025-06-26,9,3,2868
2025-06-27,9,3,2823
2025-06-28,9,3,2794
2025-06-29,9,3,2754
2025-06-30,9,3,2701
2025-07-01,9,3,2654
2025-07-02,9,3,2585
2025-07-03,9,3,2542
2025-07-04,9,3,2502
2025-07-05,9,3,2470
2025-07-06,9,3,2436
2025-07-07,9,3,2392
2025-07-08,9,3,2352
2025-07-09,9,3,2303
2025-07-10,9,3,2259
2025-07-11,9,3,2216
2025-07-12,9,3,2179
2025-07-13,9,3,2130
2025-07-14,9,3,2080
2025-07-15,9,3,2031
2025-07-16,9,3,1969
2025-07-17,9,3,1933
2025-07-18,9,3,1892
2025-07-19,9,3,1865
2025-07-20,9,3,1826
2025-07-21,9,3,1782
2025-07-22,9,3,1705
2025-07-23,9,3,1668
2025-07-24,9,3,3182
2025-07-25,9,3,3147
2025-07-26,9,3,3116
2025-07-27,9,3,3080
2025-07-28,9,3,3041
2025-07-29,9,3,3011
2025-07-30,9,3,2967
2025-07-31,9,3,2923
2025-08-01,9,3,2881
2025-08-02,9,3,2854
2025-08-03,9,3,2825
2025-08-04,9,3,2786
2025-08-05,9,3,2747
2025-08-06,9,3,2703
2025-08-07,9,3,2671
2025-08-08,9,3,2636
2025-08-09,9,3,2596
2025-08-10,9,3,2567
2025-08-11,9,3,2534
2025-08-12,9,3,2491
2025-08-13,9,3,2431
2025-08-14,9,3,2384
2025-08-15,9,3,2343
2025-08-16,9,3,2313
2025-08-17,9,3,2284
2025-08-18,9,3,2245
2025-08-19,9,3,2201
2025-08-20,9,3,2164
2025-08-21,9,3,2127
2025-08-22,9,3,2087
2025-08-23,9,3,3084
2025-08-24,9,3,3052
2025-08-25,9,3,3010
2025-08-26,9,3,2970
2025-08-27,9,3,2909
2025-08-28,9,3,2850
2025-08-29,9,3,2817
2025-08-30,9,3,2775
2025-08-31,9,3,2749
2025-09-01,9,3,2713
2025-09-02,9,3,2678
2025-09-03,9,3,2641
2025-09-04,9,3,2569
2025-09-05,9,3,2526
2025-09-06,9,3,2492
2025-09-07,9,3,2465
2025-09-08,9,3,2428
2025-09-09,9,3,2392
2025-09-10,9,3,2348
2025-09-11,9,3,2312
2025-09-12,9,3,2267
2025-09-13,9,3,2239
2025-09-14,9,3,2212
2025-09-15,9,3,2176
2025-09-16,9,3,2138
2025-09-17,9,3,2104
2025-09-18,9,3,2075
2025-09-19,9,3,2040
2025-09-20,9,3,2013
2025-09-21,9,3,1975
2025-09-22,9,3,3306
2025-09-23,9,3,3272
2025-09-24,9,3,3242
2025-09-25,9,3,3205
2025-09-26,9,3,3157
2025-09-27,9,3,3129
2025-09-28,9,3,3099
2025-09-29,9,3,3057
2025-09-30,9,3,3021
2025-10-01,9,3,2985
2025-10-02,9,3,2947
2025-10-03,9,3,2908
2025-10-04,9,3,2880
2025-10-05,9,3,2851
2025-10-06,9,3,2814
2025-10-07,9,3,2780
2025-10-08,9,3,2747
2025-10-09,9,3,2704
2025-10-10,9,3,2660
2025-10-11,9,3,2632
2025-10-12,9,3,2602
2025-10-13,9,3,2569
2025-10-14,9,3,2530
2025-10-15,9,3,2488
2025-10-16,9,3,2435
2025-10-17,9,3,2398
2025-10-18,9,3,2372
2025-10-19,9,3,2343
2025-10-20,9,3,2311
2025-10-21,9,3,2269
2025-10-22,9,3,3164
2025-10-23,9,3,3132
2025-10-24,9,3,3096
2025-10-25,9,3,3066
2025-10-26,9,3,3036
2025-10-27,9,3,2994
2025-10-28,9,3,2952
2025-10-29,9,3,2912
2025-10-30,9,3,2873
2025-10-31,9,3,2837
2025-11-01,9,3,2811
2025-11-02,9,3,2781
2025-11-03,9,3,2745
2025-11-04,9,3,2709
2025-11-05,9,3,2669
2025-11-06,9,3,2609
2025-11-07,9,3,2574
2025-11-08,9,3,2545
2025-11-09,9,3,2515
2025-11-10,9,3,2482
2025-11-11,9,3,2444
2025-11-12,9,3,2403
2025-11-13,9,3,2366
2025-11-14,9,3,2326
2025-11-15,9,3,2295
2025-11-16,9,3,2268
2025-11-17,9,3,2233
2025-11-18,9,3,2194
2025-11-19,9,3,2149
2025-11-20,9,3,2110
2025-11-21,9,3,2970
2025-11-22,9,3,2939
2025-11-23,9,3,2909
2025-11-24,9,3,2870
2025-11-25,9,3,2828
2025-11-26,9,3,2794
2025-11-27,9,3,2755
2025-11-28,9,3,2720
2025-11-29,9,3,2692
2025-11-30,9,3,2658
2025-12-01,9,3,2619
2025-12-02,9,3,2572
2025-12-03,9,3,2535
2025-12-04,9,3,2490
2025-12-05,9,3,2450
2025-12-06,9,3,2413
2025-12-07,9,3,2380
2025-12-08,9,3,2338
2025-12-09,9,3,2297
2025-12-10,9,3,2253
2025-12-11,9,3,2198
2025-12-12,9,3,2159
2025-12-13,9,3,2126
2025-12-14,9,3,2096
2025-12-15,9,3,2054
2025-12-16,9,3,2018
2025-12-17,9,3,1976
2025-12-18,9,3,1941
2025-12-19,9,3,1899
2025-12-20,9,3,1871
2025-12-21,9,3,3079
2025-12-22,9,3,3043
2025-12-23,9,3,3000
2025-12-24,9,3,2947
2025-12-25,9,3,2906
2025-12-26,9,3,2863
2025-12-27,9,3,2831
2025-12-28,9,3,2801
2025-12-29,9,3,2765
2025-12-30,9,3,2734
2025-12-31,9,3,2682
2024-01-01,10,1,1471
2024-01-02,10,1,1400
2024-01-03,10,1,1340
2024-01-04,10,1,1268
2024-01-05,10,1,1883
2024-01-06,10,1,1829
2024-01-07,10,1,1790
2024-01-08,10,1,1724
2024-01-09,10,1,1656
2024-01-10,10,1,1600
2024-01-11,10,1,1535
2024-01-12,10,1,2080
2024-01-13,10,1,2036
2024-01-14,10,1,1991
2024-01-15,10,1,1935
2024-01-16,10,1,1872
2024-01-17,10,1,1782
2024-01-18,10,1,1709
2024-01-19,10,1,1651
2024-01-20,10,1,1599
2024-01-21,10,1,1555
2024-01-22,10,1,1488
2024-01-23,10,1,1419
2024-01-24,10,1,1726
2024-01-25,10,1,1668
2024-01-26,10,1,1615
2024-01-27,10,1,1565
2024-01-28,10,1,2052
2024-01-29,10,1,1981
2024-01-30,10,1,1920
2024-01-31,10,1,2140
2024-02-01,10,1,2075
2024-02-02,10,1,1997
2024-02-03,10,1,1946
2024-02-04,10,1,1869
2024-02-05,10,1,1771
2024-02-06,10,1,1695
2024-02-07,10,1,1641
2024-02-08,10,1,1560
2024-02-09,10,1,1503
2024-02-10,10,1,2101
2024-02-11,10,1,2047
2024-02-12,10,1,1946
2024-02-13,10,1,1881
2024-02-14,10,1,1809
2024-02-15,10,1,1734
2024-02-16,10,1,1653
2024-02-17,10,1,1591
2024-02-18,10,1,1537
2024-02-19,10,1,2125
2024-02-20,10,1,2054
2024-02-21,10,1,1978
2024-02-22,10,1,1926
2024-02-23,10,1,1861
2024-02-24,10,1,1810
2024-02-25,10,1,1764
2024-02-26,10,1,1702
2024-02-27,10,1,1635
2024-02-28,10,1,1572
2024-02-29,10,1,1498
2024-03-01,10,1,2132
2024-03-02,10,1,2076
2024-03-03,10,1,2015
2024-03-04,10,1,1928
2024-03-05,10,1,1852
2024-03-06,10,1,1791
2024-03-07,10,1,1722
2024-03-08,10,1,1649
2024-03-09,10,1,1595
2024-03-10,10,1,1539
2024-03-11,10,1,1471
2024-03-12,10,1,1412
2024-03-13,10,1,1337
2024-03-14,10,1,1263
2024-03-15,10,1,1191
2024-03-16,10,1,1501
2024-03-17,10,1,1444
2024-03-18,10,1,1377
2024-03-19,10,1,1311
2024-03-20,10,1,1244
2024-03-21,10,1,1181
2024-03-22,10,1,1104
2024-03-23,10,1,1053
2024-03-24,10,1,990
2024-03-25,10,1,904
2024-03-26,10,1,1210
2024-03-27,10,1,1150
2024-03-28,10,1,1069
2024-03-29,10,1,1007
2024-03-30,10,1,946
2024-03-31,10,1,2018
2024-04-01,10,1,1953
2024-04-02,10,1,1880
2024-04-03,10,1,1798
2024-04-04,10,1,1731
2024-04-05,10,1,1631
2024-04-06,10,1,1572
2024-04-07,10,1,1519
2024-04-08,10,1,1451
2024-04-09,10,1,1363
2024-04-10,10,1,1293
2024-04-11,10,1,1656
2024-04-12,10,1,1590
2024-04-13,10,1,1539
2024-04-14,10,1,1482
2024-04-15,10,1,1422
2024-04-16,10,1,1795
2024-04-17,10,1,1726
2024-04-18,10,1,1661
2024-04-19,10,1,1598
2024-04-20,10,1,1542
2024-04-21,10,1,1998
2024-04-22,10,1,1926
2024-04-23,10,1,1873
2024-04-24,10,1,1806
2024-04-25,10,1,1737
2024-04-26,10,1,1669
2024-04-27,10,1,1607
2024-04-28,10,1,1555
2024-04-29,10,1,1494
2024-04-30,10,1,2074
2024-05-01,10,1,2004
2024-05-02,10,1,1945
2024-05-03,10,1,1893
2024-05-04,10,1,1844
2024-05-05,10,1,1784
2024-05-06,10,1,1728
2024-05-07,10,1,1662
2024-05-08,10,1,1598
2024-05-09,10,1,1525
2024-05-10,10,1,1466
2024-05-11,10,1,1417
2024-05-12,10,1,1359
2024-05-13,10,1,1908
2024-05-14,10,1,1839
2024-05-15,10,1,1682
2024-05-16,10,1,1596
2024-05-17,10,1,1532
2024-05-18,10,1,1472
2024-05-19,10,1,1422
2024-05-20,10,1,1333
2024-05-21,10,1,1925
2024-05-22,10,1,1852
2024-05-23,10,1,1791
2024-05-24,10,1,1723
2024-05-25,10,1,1672
2024-05-26,10,1,1616
2024-05-27,10,1,1545
2024-05-28,10,1,1471
2024-05-29,10,1,1402
2024-05-30,10,1,2255
2024-05-31,10,1,2189
2024-06-01,10,1,2138
2024-06-02,10,1,2080
2024-06-03,10,1,2019
2024-06-04,10,1,1951
2024-06-05,10,1,1878
2024-06-06,10,1,1798
2024-06-07,10,1,1738
2024-06-08,10,1,1683
2024-06-09,10,1,1627
2024-06-10,10,1,1558
2024-06-11,10,1,1491
2024-06-12,10,1,1425
2024-06-13,10,1,1347
2024-06-14,10,1,1281
2024-06-15,10,1,1235
2024-06-16,10,1,1180
2024-06-17,10,1,1107
2024-06-18,10,1,1033
2024-06-19,10,1,972
2024-06-20,10,1,886
2024-06-21,10,1,817
2024-06-22,10,1,765
2024-06-23,10,1,721
2024-06-24,10,1,646
2024-06-25,10,1,571
2024-06-26,10,1,497
2024-06-27,10,1,424
2024-06-28,10,1,353
2024-06-29,10,1,2368
2024-06-30,10,1,2288
2024-07-01,10,1,2225
2024-07-02,10,1,2152
2024-07-03,10,1,2090
2024-07-04,10,1,2021
2024-07-05,10,1,1937
2024-07-06,10,1,1884
2024-07-07,10,1,1829
2024-07-08,10,1,1760
2024-07-09,10,1,1687
2024-07-10,10,1,1618
2024-07-11,10,1,1558
2024-07-12,10,1,2067
2024-07-13,10,1,2020
2024-07-14,10,1,1979
2024-07-15,10,1,1916
2024-07-16,10,1,1839
2024-07-17,10,1,1782
2024-07-18,10,1,1723
2024-07-19,10,1,1656
2024-07-20,10,1,1613
2024-07-21,10,1,1560
2024-07-22,10,1,1488
2024-07-23,10,1,1425
2024-07-24,10,1,1364
2024-07-25,10,1,1300
2024-07-26,10,1,1192
2024-07-27,10,1,1137
2024-07-28,10,1,1087
2024-07-29,10,1,2178
2024-07-30,10,1,2110
2024-07-31,10,1,2057
2024-08-01,10,1,1989
2024-08-02,10,1,1936
2024-08-03,10,1,1895
2024-08-04,10,1,1838
2024-08-05,10,1,1778
2024-08-06,10,1,1719
2024-08-07,10,1,1661
2024-08-08,10,1,1597
2024-08-09,10,1,1533
2024-08-10,10,1,1489
2024-08-11,10,1,1440
2024-08-12,10,1,1375
2024-08-13,10,1,1305
2024-08-14,10,1,1953
2024-08-15,10,1,1896
2024-08-16,10,1,1842
2024-08-17,10,1,1790
2024-08-18,10,1,1745
2024-08-19,10,1,1689
2024-08-20,10,1,1627
2024-08-21,10,1,1555
2024-08-22,10,1,1498
2024-08-23,10,1,1885
2024-08-24,10,1,1841
2024-08-25,10,1,1790
2024-08-26,10,1,1733
2024-08-27,10,1,1669
2024-08-28,10,1,2146
2024-08-29,10,1,2091
2024-08-30,10,1,2033
2024-08-31,10,1,1990
2024-09-01,10,1,1939
2024-09-02,10,1,1883
2024-09-03,10,1,1814
2024-09-04,10,1,1756
2024-09-05,10,1,1689
2024-09-06,10,1,1629
2024-09-07,10,1,1584
2024-09-08,10,1,1530
2024-09-09,10,1,1469
2024-09-10,10,1,1749
2024-09-11,10,1,1692
2024-09-12,10,1,1629
2024-09-13,10,1,1573
2024-09-14,10,1,1535
2024-09-15,10,1,1493
2024-09-16,10,1,1445
2024-09-17,10,1,1379
2024-09-18,10,1,1309
2024-09-19,10,1,1785
2024-09-20,10,1,1722
2024-09-21,10,1,1672
2024-09-22,10,1,1629
2024-09-23,10,1,1569
2024-09-24,10,1,1511
2024-09-25,10,1,1451
2024-09-26,10,1,1388
2024-09-27,10,1,2100
2024-09-28,10,1,2063
2024-09-29,10,1,2002
2024-09-30,10,1,1946
2024-10-01,10,1,1894
2024-10-02,10,1,1836
2024-10-03,10,1,1787
2024-10-04,10,1,1730
2024-10-05,10,1,1688
2024-10-06,10,1,1645
2024-10-07,10,1,1588
2024-10-08,10,1,1531
2024-10-09,10,1,1479
2024-10-10,10,1,1418
2024-10-11,10,1,1372
2024-10-12,10,1,1913
2024-10-13,10,1,1867
2024-10-14,10,1,1799
2024-10-15,10,1,1742
2024-10-16,10,1,1687
2024-10-17,10,1,1623
2024-10-18,10,1,1563
2024-10-19,10,1,1528
2024-10-20,10,1,2059
2024-10-21,10,1,2008
2024-10-22,10,1,1958
2024-10-23,10,1,1901
2024-10-24,10,1,1830
2024-10-25,10,1,1773
2024-10-26,10,1,1731
2024-10-27,10,1,2150
2024-10-28,10,1,2102
2024-10-29,10,1,2049
2024-10-30,10,1,1993
2024-10-31,10,1,1928
2024-11-01,10,1,1868
2024-11-02,10,1,1816
2024-11-03,10,1,1771
2024-11-04,10,1,1711
2024-11-05,10,1,1631
2024-11-06,10,1,1577
2024-11-07,10,1,1513
2024-11-08,10,1,1458
2024-11-09,10,1,1414
2024-11-10,10,1,1366
2024-11-11,10,1,1304
2024-11-12,10,1,1256
2024-11-13,10,1,1175
2024-11-14,10,1,1114
2024-11-15,10,1,1062
2024-11-16,10,1,1027
2024-11-17,10,1,984
2024-11-18,10,1,881
2024-11-19,10,1,818
2024-11-20,10,1,754
2024-11-21,10,1,699
2024-11-22,10,1,640
2024-11-23,10,1,598
2024-11-24,10,1,557
2024-11-25,10,1,449
2024-11-26,10,1,2179
2024-11-27,10,1,2130
2024-11-28,10,1,2073
2024-11-29,10,1,2012
2024-11-30,10,1,1965
2024-12-01,10,1,1909
2024-12-02,10,1,1852
2024-12-03,10,1,1788
2024-12-04,10,1,1731
2024-12-05,10,1,1671
2024-12-06,10,1,1615
2024-12-07,10,1,1559
2024-12-08,10,1,1517
2024-12-09,10,1,1453
2024-12-10,10,1,1388
2024-12-11,10,1,1333
2024-12-12,10,1,1905
2024-12-13,10,1,1855
2024-12-14,10,1,1806
2024-12-15,10,1,1753
2024-12-16,10,1,1678
2024-12-17,10,1,1620
2024-12-18,10,1,1553
2024-12-19,10,1,1485
2024-12-20,10,1,1829
2024-12-21,10,1,1777
2024-12-22,10,1,1737
2024-12-23,10,1,1673
2024-12-24,10,1,1614
2024-12-25,10,1,1559
2024-12-26,10,1,2113
2024-12-27,10,1,2048
2024-12-28,10,1,1996
2024-12-29,10,1,1947
2024-12-30,10,1,1886
2024-12-31,10,1,1812
2025-01-01,10,1,1737
2025-01-02,10,1,1670
2025-01-03,10,1,1603
2025-01-04,10,1,1551
2025-01-05,10,1,1503
2025-01-06,10,1,1962
2025-01-07,10,1,1899
2025-01-08,10,1,1835
2025-01-09,10,1,1760
2025-01-10,10,1,1697
2025-01-11,10,1,1654
2025-01-12,10,1,1605
2025-01-13,10,1,1555
2025-01-14,10,1,2111
2025-01-15,10,1,2031
2025-01-16,10,1,1978
2025-01-17,10,1,1913
2025-01-18,10,1,1853
2025-01-19,10,1,1794
2025-01-20,10,1,1726
2025-01-21,10,1,1654
2025-01-22,10,1,1582
2025-01-23,10,1,1522
2025-01-24,10,1,1457
2025-01-25,10,1,2238
2025-01-26,10,1,2185
2025-01-27,10,1,2130
2025-01-28,10,1,2071
2025-01-29,10,1,2019
2025-01-30,10,1,1952
2025-01-31,10,1,1884
2025-02-01,10,1,1838
2025-02-02,10,1,1779
2025-02-03,10,1,1719
2025-02-04,10,1,1647
2025-02-05,10,1,1552
2025-02-06,10,1,1484
2025-02-07,10,1,1394
2025-02-08,10,1,1339
2025-02-09,10,1,1270
2025-02-10,10,1,1202
2025-02-11,10,1,1130
2025-02-12,10,1,1055
2025-02-13,10,1,1387
2025-02-14,10,1,1313
2025-02-15,10,1,1247
2025-02-16,10,1,1193
2025-02-17,10,1,1117
2025-02-18,10,1,1058
2025-02-19,10,1,981
2025-02-20,10,1,902
2025-02-21,10,1,839
2025-02-22,10,1,789
2025-02-23,10,1,734
2025-02-24,10,1,2205
2025-02-25,10,1,2136
2025-02-26,10,1,2069
2025-02-27,10,1,2009
2025-02-28,10,1,1896
2025-03-01,10,1,1827
2025-03-02,10,1,1762
2025-03-03,10,1,1692
2025-03-04,10,1,1615
2025-03-05,10,1,1538
2025-03-06,10,1,1468
2025-03-07,10,1,1397
2025-03-08,10,1,1344
2025-03-09,10,1,1294
2025-03-10,10,1,1839
2025-03-11,10,1,1768
2025-03-12,10,1,1707
2025-03-13,10,1,1636
2025-03-14,10,1,1541
2025-03-15,10,1,2148
2025-03-16,10,1,2071
2025-03-17,10,1,2009
2025-03-18,10,1,1916
2025-03-19,10,1,1825
2025-03-20,10,1,1754
2025-03-21,10,1,1691
2025-03-22,10,1,1647
2025-03-23,10,1,1598
2025-03-24,10,1,1947
2025-03-25,10,1,1860
2025-03-26,10,1,2124
2025-03-27,10,1,2032
2025-03-28,10,1,1957
2025-03-29,10,1,1864
2025-03-30,10,1,1806
2025-03-31,10,1,1729
2025-04-01,10,1,1655
2025-04-02,10,1,1580
2025-04-03,10,1,1505
2025-04-04,10,1,1433
2025-04-05,10,1,1378
2025-04-06,10,1,1319
2025-04-07,10,1,1243
2025-04-08,10,1,1164
2025-04-09,10,1,1523
2025-04-10,10,1,1455
2025-04-11,10,1,1385
2025-04-12,10,1,1323
2025-04-13,10,1,1263
2025-04-14,10,1,1199
2025-04-15,10,1,1124
2025-04-16,10,1,1048
2025-04-17,10,1,977
2025-04-18,10,1,1256
2025-04-19,10,1,1195
2025-04-20,10,1,1128
2025-04-21,10,1,1061
2025-04-22,10,1,970
2025-04-23,10,1,885
2025-04-24,10,1,816
2025-04-25,10,1,2020
2025-04-26,10,1,1932
2025-04-27,10,1,1870
2025-04-28,10,1,1783
2025-04-29,10,1,1711
2025-04-30,10,1,1626
2025-05-01,10,1,1552
2025-05-02,10,1,1481
2025-05-03,10,1,1424
2025-05-04,10,1,1360
2025-05-05,10,1,1287
2025-05-06,10,1,1633
2025-05-07,10,1,1551
2025-05-08,10,1,1470
2025-05-09,10,1,2089
2025-05-10,10,1,2037
2025-05-11,10,1,1951
2025-05-12,10,1,1869
2025-05-13,10,1,1793
2025-05-14,10,1,1709
2025-05-15,10,1,1629
2025-05-16,10,1,1564
2025-05-17,10,1,2055
2025-05-18,10,1,1984
2025-05-19,10,1,1898
2025-05-20,10,1,1819
2025-05-21,10,1,1754
2025-05-22,10,1,1681
2025-05-23,10,1,1612
2025-05-24,10,1,1545
2025-05-25,10,1,2128
2025-05-26,10,1,2045
2025-05-27,10,1,1979
2025-05-28,10,1,1902
2025-05-29,10,1,1832
2025-05-30,10,1,1767
2025-05-31,10,1,1709
2025-06-01,10,1,1655
2025-06-02,10,1,1562
2025-06-03,10,1,1489
2025-06-04,10,1,2065
2025-06-05,10,1,2001
2025-06-06,10,1,1925
2025-06-07,10,1,1864
2025-06-08,10,1,1815
2025-06-09,10,1,1747
2025-06-10,10,1,1662
2025-06-11,10,1,1596
2025-06-12,10,1,1529
2025-06-13,10,1,1461
2025-06-14,10,1,1405
2025-06-15,10,1,1348
2025-06-16,10,1,1277
2025-06-17,10,1,1209
2025-06-18,10,1,1126
2025-06-19,10,1,1051
2025-06-20,10,1,981
2025-06-21,10,1,914
2025-06-22,10,1,873
2025-06-23,10,1,783
2025-06-24,10,1,2313
2025-06-25,10,1,2242
2025-06-26,10,1,2173
2025-06-27,10,1,2090
2025-06-28,10,1,2039
2025-06-29,10,1,1985
2025-06-30,10,1,1923
2025-07-01,10,1,1843
2025-07-02,10,1,1779
2025-07-03,10,1,1718
2025-07-04,10,1,1646
2025-07-05,10,1,1561
2025-07-06,10,1,1505
2025-07-07,10,1,1435
2025-07-08,10,1,1358
2025-07-09,10,1,1631
2025-07-10,10,1,1557
2025-07-11,10,1,1493
2025-07-12,10,1,1436
2025-07-13,10,1,1383
2025-07-14,10,1,1322
2025-07-15,10,1,1254
2025-07-16,10,1,1187
2025-07-17,10,1,1112
2025-07-18,10,1,1048
2025-07-19,10,1,995
2025-07-20,10,1,1546
2025-07-21,10,1,1833
2025-07-22,10,1,1754
2025-07-23,10,1,1674
2025-07-24,10,1,2102
2025-07-25,10,1,2031
2025-07-26,10,1,1987
2025-07-27,10,1,1942
2025-07-28,10,1,1866
2025-07-29,10,1,1793
2025-07-30,10,1,1722
2025-07-31,10,1,1644
2025-08-01,10,1,1580
2025-08-02,10,1,1502
2025-08-03,10,1,1456
2025-08-04,10,1,1397
2025-08-05,10,1,1332
2025-08-06,10,1,1264
2025-08-07,10,1,1182
2025-08-08,10,1,1117
2025-08-09,10,1,1067
2025-08-10,10,1,1017
2025-08-11,10,1,1534
2025-08-12,10,1,1991
2025-08-13,10,1,1913
2025-08-14,10,1,1845
2025-08-15,10,1,1776
2025-08-16,10,1,1728
2025-08-17,10,1,1676
2025-08-18,10,1,1622
2025-08-19,10,1,1561
2025-08-20,10,1,1498
2025-08-21,10,1,1426
2025-08-22,10,1,1349
2025-08-23,10,1,2192
2025-08-24,10,1,2138
2025-08-25,10,1,2066
2025-08-26,10,1,1994
2025-08-27,10,1,1927
2025-08-28,10,1,1853
2025-08-29,10,1,1746
2025-08-30,10,1,1698
2025-08-31,10,1,1652
2025-09-01,10,1,1587
2025-09-02,10,1,1950
2025-09-03,10,1,1890
2025-09-04,10,1,1829
2025-09-05,10,1,1754
2025-09-06,10,1,1704
2025-09-07,10,1,1650
2025-09-08,10,1,1592
2025-09-09,10,1,1536
2025-09-10,10,1,1476
2025-09-11,10,1,1413
2025-09-12,10,1,1345
2025-09-13,10,1,1297
2025-09-14,10,1,1251
2025-09-15,10,1,1164
2025-09-16,10,1,1103
2025-09-17,10,1,1046
2025-09-18,10,1,979
2025-09-19,10,1,908
2025-09-20,10,1,856
2025-09-21,10,1,817
2025-09-22,10,1,2268
2025-09-23,10,1,2210
2025-09-24,10,1,2153
2025-09-25,10,1,2089
2025-09-26,10,1,2029
2025-09-27,10,1,1975
2025-09-28,10,1,1925
2025-09-29,10,1,1828
2025-09-30,10,1,1769
2025-10-01,10,1,1704
2025-10-02,10,1,1636
2025-10-03,10,1,1569
2025-10-04,10,1,1519
2025-10-05,10,1,1462
2025-10-06,10,1,1406
2025-10-07,10,1,1342
2025-10-08,10,1,1281
2025-10-09,10,1,1212
2025-10-10,10,1,1628
2025-10-11,10,1,1585
2025-10-12,10,1,1534
2025-10-13,10,1,1474
2025-10-14,10,1,1408
2025-10-15,10,1,1347
2025-10-16,10,1,1284
2025-10-17,10,1,1711
2025-10-18,10,1,1644
2025-10-19,10,1,1589
2025-10-20,10,1,1540
2025-10-21,10,1,1481
2025-10-22,10,1,2196
2025-10-23,10,1,2134
2025-10-24,10,1,2077
2025-10-25,10,1,2030
2025-10-26,10,1,1986
2025-10-27,10,1,1929
2025-10-28,10,1,1869
2025-10-29,10,1,1807
2025-10-30,10,1,1734
2025-10-31,10,1,1676
2025-11-01,10,1,1623
2025-11-02,10,1,1579
2025-11-03,10,1,1517
2025-11-04,10,1,1443
2025-11-05,10,1,1907
2025-11-06,10,1,1828
2025-11-07,10,1,1761
2025-11-08,10,1,1714
2025-11-09,10,1,1662
2025-11-10,10,1,1592
2025-11-11,10,1,1534
2025-11-12,10,1,2072
2025-11-13,10,1,1976
2025-11-14,10,1,1913
2025-11-15,10,1,1872
2025-11-16,10,1,1826
2025-11-17,10,1,1760
2025-11-18,10,1,1695
2025-11-19,10,1,1634
2025-11-20,10,1,1564
2025-11-21,10,1,2217
2025-11-22,10,1,2136
2025-11-23,10,1,2088
2025-11-24,10,1,2026
2025-11-25,10,1,1971
2025-11-26,10,1,1903
2025-11-27,10,1,1849
2025-11-28,10,1,1789
2025-11-29,10,1,1745
2025-11-30,10,1,1693
2025-12-01,10,1,1627
2025-12-02,10,1,1559
2025-12-03,10,1,1496
2025-12-04,10,1,1423
2025-12-05,10,1,1362
2025-12-06,10,1,1312
2025-12-07,10,1,1270
2025-12-08,10,1,1192
2025-12-09,10,1,1134
2025-12-10,10,1,1065
2025-12-11,10,1,990
2025-12-12,10,1,1403
2025-12-13,10,1,1851
2025-12-14,10,1,1797
2025-12-15,10,1,1728
2025-12-16,10,1,1674
2025-12-17,10,1,1630
2025-12-18,10,1,1561
2025-12-19,10,1,1499
2025-12-20,10,1,1456
2025-12-21,10,1,2089
2025-12-22,10,1,2028
2025-12-23,10,1,1964
2025-12-24,10,1,1901
2025-12-25,10,1,1831
2025-12-26,10,1,1778
2025-12-27,10,1,1727
2025-12-28,10,1,1677
2025-12-29,10,1,1604
2025-12-30,10,1,1529
2025-12-31,10,1,1461
2024-01-01,10,2,2523
2024-01-02,10,2,2457
2024-01-03,10,2,2410
2024-01-04,10,2,2367
2024-01-05,10,2,2329
2024-01-06,10,2,2291
2024-01-07,10,2,2258
2024-01-08,10,2,2211
2024-01-09,10,2,2168
2024-01-10,10,2,2124
2024-01-11,10,2,2079
2024-01-12,10,2,2030
2024-01-13,10,2,1996
2024-01-14,10,2,1957
2024-01-15,10,2,1921
2024-01-16,10,2,1868
2024-01-17,10,2,1820
2024-01-18,10,2,1781
2024-01-19,10,2,1733
2024-01-20,10,2,1700
2024-01-21,10,2,1660
2024-01-22,10,2,1613
2024-01-23,10,2,1566
2024-01-24,10,2,1522
2024-01-25,10,2,1486
2024-01-26,10,2,1435
2024-01-27,10,2,1398
2024-01-28,10,2,1359
2024-01-29,10,2,1307
2024-01-30,10,2,1257
2024-01-31,10,2,2068
2024-02-01,10,2,2024
2024-02-02,10,2,1977
2024-02-03,10,2,1935
2024-02-04,10,2,1901
2024-02-05,10,2,1830
2024-02-06,10,2,1781
2024-02-07,10,2,1736
2024-02-08,10,2,1680
2024-02-09,10,2,1629
2024-02-10,10,2,1591
2024-02-11,10,2,1558
2024-02-12,10,2,1509
2024-02-13,10,2,1463
2024-02-14,10,2,1421
2024-02-15,10,2,1361
2024-02-16,10,2,1323
2024-02-17,10,2,1289
2024-02-18,10,2,1255
2024-02-19,10,2,1202
2024-02-20,10,2,1157
2024-02-21,10,2,1615
2024-02-22,10,2,1573
2024-02-23,10,2,1524
2024-02-24,10,2,1486
2024-02-25,10,2,1454
2024-02-26,10,2,1406
2024-02-27,10,2,1358
2024-02-28,10,2,1312
2024-02-29,10,2,1257
2024-03-01,10,2,2133
2024-03-02,10,2,2089
2024-03-03,10,2,2048
2024-03-04,10,2,1993
2024-03-05,10,2,1944
2024-03-06,10,2,1894
2024-03-07,10,2,1849
2024-03-08,10,2,1792
2024-03-09,10,2,1753
2024-03-10,10,2,1720
2024-03-11,10,2,1673
2024-03-12,10,2,1618
2024-03-13,10,2,1573
2024-03-14,10,2,1497
2024-03-15,10,2,1447
2024-03-16,10,2,1405
2024-03-17,10,2,1372
2024-03-18,10,2,1321
2024-03-19,10,2,1265
2024-03-20,10,2,1214
2024-03-21,10,2,1166
2024-03-22,10,2,1111
2024-03-23,10,2,1068
2024-03-24,10,2,1352
2024-03-25,10,2,1294
2024-03-26,10,2,1249
2024-03-27,10,2,1195
2024-03-28,10,2,1144
2024-03-29,10,2,1083
2024-03-30,10,2,1400
2024-03-31,10,2,2248
2024-04-01,10,2,2193
2024-04-02,10,2,2136
2024-04-03,10,2,2080
2024-04-04,10,2,2026
2024-04-05,10,2,1969
2024-04-06,10,2,1926
2024-04-07,10,2,1887
2024-04-08,10,2,1839
2024-04-09,10,2,1755
2024-04-10,10,2,1705
2024-04-11,10,2,1649
2024-04-12,10,2,1609
2024-04-13,10,2,1556
2024-04-14,10,2,1513
2024-04-15,10,2,1457
2024-04-16,10,2,1413
2024-04-17,10,2,1360
2024-04-18,10,2,1313
2024-04-19,10,2,1257
2024-04-20,10,2,1215
2024-04-21,10,2,1175
2024-04-22,10,2,1118
2024-04-23,10,2,1064
2024-04-24,10,2,1017
2024-04-25,10,2,1318
2024-04-26,10,2,1218
2024-04-27,10,2,1157
2024-04-28,10,2,1126
2024-04-29,10,2,1069
2024-04-30,10,2,2081
2024-05-01,10,2,2035
2024-05-02,10,2,1978
2024-05-03,10,2,1922
2024-05-04,10,2,1884
2024-05-05,10,2,1839
2024-05-06,10,2,1785
2024-05-07,10,2,1727
2024-05-08,10,2,1678
2024-05-09,10,2,1625
2024-05-10,10,2,1577
2024-05-11,10,2,1535
2024-05-12,10,2,1494
2024-05-13,10,2,1435
2024-05-14,10,2,1376
2024-05-15,10,2,1286
2024-05-16,10,2,1224
2024-05-17,10,2,1175
2024-05-18,10,2,1135
2024-05-19,10,2,1098
2024-05-20,10,2,1043
2024-05-21,10,2,998
2024-05-22,10,2,947
2024-05-23,10,2,901
2024-05-24,10,2,842
2024-05-25,10,2,803
2024-05-26,10,2,770
2024-05-27,10,2,717
2024-05-28,10,2,657
2024-05-29,10,2,604
2024-05-30,10,2,2284
2024-05-31,10,2,2231
2024-06-01,10,2,2191
2024-06-02,10,2,2153
2024-06-03,10,2,2103
2024-06-04,10,2,2067
2024-06-05,10,2,1997
2024-06-06,10,2,1947
2024-06-07,10,2,1894
2024-06-08,10,2,1858
2024-06-09,10,2,1819
2024-06-10,10,2,1766
2024-06-11,10,2,1720
2024-06-12,10,2,1673
2024-06-13,10,2,1621
2024-06-14,10,2,1583
2024-06-15,10,2,1552
2024-06-16,10,2,1512
2024-06-17,10,2,1463
2024-06-18,10,2,1407
2024-06-19,10,2,1357
2024-06-20,10,2,1314
2024-06-21,10,2,1260
2024-06-22,10,2,1227
2024-06-23,10,2,1187
2024-06-24,10,2,1139
2024-06-25,10,2,1090
2024-06-26,10,2,1043
2024-06-27,10,2,993
2024-06-28,10,2,939
2024-06-29,10,2,2168
2024-06-30,10,2,2127
2024-07-01,10,2,2074
2024-07-02,10,2,2036
2024-07-03,10,2,1980
2024-07-04,10,2,1926
2024-07-05,10,2,1878
2024-07-06,10,2,1842
2024-07-07,10,2,1808
2024-07-08,10,2,1767
2024-07-09,10,2,1729
2024-07-10,10,2,1691
2024-07-11,10,2,1636
2024-07-12,10,2,1589
2024-07-13,10,2,1553
2024-07-14,10,2,1522
2024-07-15,10,2,1478
2024-07-16,10,2,1420
2024-07-17,10,2,1374
2024-07-18,10,2,1329
2024-07-19,10,2,1276
2024-07-20,10,2,1239
2024-07-21,10,2,1203
2024-07-22,10,2,1152
2024-07-23,10,2,1631
2024-07-24,10,2,1590
2024-07-25,10,2,1536
2024-07-26,10,2,1492
2024-07-27,10,2,1452
2024-07-28,10,2,1419
2024-07-29,10,2,2299
2024-07-30,10,2,2252
2024-07-31,10,2,2210
2024-08-01,10,2,2161
2024-08-02,10,2,2095
2024-08-03,10,2,2054
2024-08-04,10,2,2012
2024-08-05,10,2,1961
2024-08-06,10,2,1920
2024-08-07,10,2,1874
2024-08-08,10,2,1825
2024-08-09,10,2,1780
2024-08-10,10,2,1741
2024-08-11,10,2,1701
2024-08-12,10,2,1654
2024-08-13,10,2,1597
2024-08-14,10,2,1546
2024-08-15,10,2,1495
2024-08-16,10,2,1454
2024-08-17,10,2,1406
2024-08-18,10,2,1373
2024-08-19,10,2,1328
2024-08-20,10,2,1278
2024-08-21,10,2,1229
2024-08-22,10,2,1194
2024-08-23,10,2,1143
2024-08-24,10,2,1111
2024-08-25,10,2,1567
2024-08-26,10,2,1522
2024-08-27,10,2,1472
2024-08-28,10,2,2267
2024-08-29,10,2,2217
2024-08-30,10,2,2169
2024-08-31,10,2,2138
2024-09-01,10,2,2101
2024-09-02,10,2,2054
2024-09-03,10,2,2009
2024-09-04,10,2,1966
2024-09-05,10,2,1930
2024-09-06,10,2,1889
2024-09-07,10,2,1858
2024-09-08,10,2,1823
2024-09-09,10,2,1778
2024-09-10,10,2,1743
2024-09-11,10,2,1705
2024-09-12,10,2,1661
2024-09-13,10,2,1619
2024-09-14,10,2,1584
2024-09-15,10,2,1549
2024-09-16,10,2,1495
2024-09-17,10,2,1454
2024-09-18,10,2,1408
2024-09-19,10,2,1346
2024-09-20,10,2,1299
2024-09-21,10,2,1265
2024-09-22,10,2,1233
2024-09-23,10,2,1183
2024-09-24,10,2,1139
2024-09-25,10,2,1103
2024-09-26,10,2,1048
2024-09-27,10,2,2126
2024-09-28,10,2,2099
2024-09-29,10,2,2071
2024-09-30,10,2,2033
2024-10-01,10,2,1985
2024-10-02,10,2,1955
2024-10-03,10,2,1911
2024-10-04,10,2,1870
2024-10-05,10,2,1838
2024-10-06,10,2,1807
2024-10-07,10,2,1771
2024-10-08,10,2,1728
2024-10-09,10,2,1676
2024-10-10,10,2,1635
2024-10-11,10,2,1592
2024-10-12,10,2,1556
2024-10-13,10,2,1529
2024-10-14,10,2,1493
2024-10-15,10,2,1456
2024-10-16,10,2,1411
2024-10-17,10,2,1370
2024-10-18,10,2,1322
2024-10-19,10,2,1288
2024-10-20,10,2,1257
2024-10-21,10,2,1216
2024-10-22,10,2,1176
2024-10-23,10,2,1135
2024-10-24,10,2,1097
2024-10-25,10,2,1057
2024-10-26,10,2,1019
2024-10-27,10,2,2277
2024-10-28,10,2,2233
2024-10-29,10,2,2191
2024-10-30,10,2,2148
2024-10-31,10,2,2107
2024-11-01,10,2,2070
2024-11-02,10,2,2040
2024-11-03,10,2,2004
2024-11-04,10,2,1920
2024-11-05,10,2,1877
2024-11-06,10,2,1830
2024-11-07,10,2,1789
2024-11-08,10,2,1749
2024-11-09,10,2,1707
2024-11-10,10,2,1674
2024-11-11,10,2,1630
2024-11-12,10,2,1588
2024-11-13,10,2,1549
2024-11-14,10,2,1507
2024-11-15,10,2,1463
2024-11-16,10,2,1428
2024-11-17,10,2,1405
2024-11-18,10,2,1357
2024-11-19,10,2,1316
2024-11-20,10,2,1275
2024-11-21,10,2,1237
2024-11-22,10,2,1190
2024-11-23,10,2,1156
2024-11-24,10,2,1121
2024-11-25,10,2,1084
2024-11-26,10,2,2234
2024-11-27,10,2,2192
2024-11-28,10,2,2139
2024-11-29,10,2,2099
2024-11-30,10,2,2073
2024-12-01,10,2,2033
2024-12-02,10,2,1990
2024-12-03,10,2,1951
2024-12-04,10,2,1900
2024-12-05,10,2,1856
2024-12-06,10,2,1804
2024-12-07,10,2,1771
2024-12-08,10,2,1735
2024-12-09,10,2,1695
2024-12-10,10,2,1651
2024-12-11,10,2,1610
2024-12-12,10,2,1564
2024-12-13,10,2,1527
2024-12-14,10,2,1484
2024-12-15,10,2,1445
2024-12-16,10,2,1399
2024-12-17,10,2,1349
2024-12-18,10,2,1300
2024-12-19,10,2,1251
2024-12-20,10,2,1210
2024-12-21,10,2,1169
2024-12-22,10,2,1130
2024-12-23,10,2,1088
2024-12-24,10,2,1047
2024-12-25,10,2,1003
2024-12-26,10,2,2245
2024-12-27,10,2,2187
2024-12-28,10,2,2155
2024-12-29,10,2,2120
2024-12-30,10,2,2046
2024-12-31,10,2,1996
2025-01-01,10,2,1954
2025-01-02,10,2,1908
2025-01-03,10,2,1856
2025-01-04,10,2,1825
2025-01-05,10,2,1785
2025-01-06,10,2,1728
2025-01-07,10,2,1673
2025-01-08,10,2,1626
2025-01-09,10,2,1577
2025-01-10,10,2,1530
2025-01-11,10,2,1487
2025-01-12,10,2,1448
2025-01-13,10,2,1397
2025-01-14,10,2,1353
2025-01-15,10,2,1307
2025-01-16,10,2,1254
2025-01-17,10,2,1213
2025-01-18,10,2,1177
2025-01-19,10,2,1142
2025-01-20,10,2,1081
2025-01-21,10,2,1338
2025-01-22,10,2,1271
2025-01-23,10,2,1229
2025-01-24,10,2,1189
2025-01-25,10,2,2188
2025-01-26,10,2,2148
2025-01-27,10,2,2097
2025-01-28,10,2,2042
2025-01-29,10,2,1994
2025-01-30,10,2,1950
2025-01-31,10,2,1905
2025-02-01,10,2,1848
2025-02-02,10,2,1805
2025-02-03,10,2,1758
2025-02-04,10,2,1698
2025-02-05,10,2,1650
2025-02-06,10,2,1595
2025-02-07,10,2,1542
2025-02-08,10,2,1504
2025-02-09,10,2,1463
2025-02-10,10,2,1418
2025-02-11,10,2,1369
2025-02-12,10,2,1306
2025-02-13,10,2,1251
2025-02-14,10,2,1196
2025-02-15,10,2,1152
2025-02-16,10,2,1111
2025-02-17,10,2,1037
2025-02-18,10,2,979
2025-02-19,10,2,931
2025-02-20,10,2,892
2025-02-21,10,2,1248
2025-02-22,10,2,1214
2025-02-23,10,2,1170
2025-02-24,10,2,2376
2025-02-25,10,2,2324
2025-02-26,10,2,2264
2025-02-27,10,2,2207
2025-02-28,10,2,2157
2025-03-01,10,2,2114
2025-03-02,10,2,2077
2025-03-03,10,2,2016
2025-03-04,10,2,1973
2025-03-05,10,2,1920
2025-03-06,10,2,1874
2025-03-07,10,2,1820
2025-03-08,10,2,1784
2025-03-09,10,2,1737
2025-03-10,10,2,1685
2025-03-11,10,2,1634
2025-03-12,10,2,1576
2025-03-13,10,2,1494
2025-03-14,10,2,1443
2025-03-15,10,2,1410
2025-03-16,10,2,1365
2025-03-17,10,2,1311
2025-03-18,10,2,1265
2025-03-19,10,2,1212
2025-03-20,10,2,1159
2025-03-21,10,2,1101
2025-03-22,10,2,1033
2025-03-23,10,2,1386
2025-03-24,10,2,1336
2025-03-25,10,2,1281
2025-03-26,10,2,2236
2025-03-27,10,2,2175
2025-03-28,10,2,2123
2025-03-29,10,2,2083
2025-03-30,10,2,2020
2025-03-31,10,2,1971
2025-04-01,10,2,1916
2025-04-02,10,2,1866
2025-04-03,10,2,1792
2025-04-04,10,2,1733
2025-04-05,10,2,1693
2025-04-06,10,2,1644
2025-04-07,10,2,1593
2025-04-08,10,2,1535
2025-04-09,10,2,1484
2025-04-10,10,2,1423
2025-04-11,10,2,1369
2025-04-12,10,2,1318
2025-04-13,10,2,1277
2025-04-14,10,2,1225
2025-04-15,10,2,1164
2025-04-16,10,2,1113
2025-04-17,10,2,1045
2025-04-18,10,2,985
2025-04-19,10,2,946
2025-04-20,10,2,895
2025-04-21,10,2,1181
2025-04-22,10,2,1113
2025-04-23,10,2,1055
2025-04-24,10,2,1007
2025-04-25,10,2,2176
2025-04-26,10,2,2131
2025-04-27,10,2,2086
2025-04-28,10,2,2020
2025-04-29,10,2,1962
2025-04-30,10,2,1902
2025-05-01,10,2,1845
2025-05-02,10,2,1799
2025-05-03,10,2,1766
2025-05-04,10,2,1719
2025-05-05,10,2,1664
2025-05-06,10,2,1608
2025-05-07,10,2,1544
2025-05-08,10,2,1470
2025-05-09,10,2,1383
2025-05-10,10,2,1341
2025-05-11,10,2,1280
2025-05-12,10,2,1224
2025-05-13,10,2,1168
2025-05-14,10,2,1110
2025-05-15,10,2,1313
2025-05-16,10,2,1257
2025-05-17,10,2,1211
2025-05-18,10,2,1171
2025-05-19,10,2,1121
2025-05-20,10,2,1488
2025-05-21,10,2,1417
2025-05-22,10,2,1354
2025-05-23,10,2,1298
2025-05-24,10,2,1263
2025-05-25,10,2,2227
2025-05-26,10,2,2165
2025-05-27,10,2,2109
2025-05-28,10,2,2052
2025-05-29,10,2,2002
2025-05-30,10,2,1947
2025-05-31,10,2,1909
2025-06-01,10,2,1865
2025-06-02,10,2,1812
2025-06-03,10,2,1760
2025-06-04,10,2,1704
2025-06-05,10,2,1649
2025-06-06,10,2,1591
2025-06-07,10,2,1554
2025-06-08,10,2,1514
2025-06-09,10,2,1460
2025-06-10,10,2,1412
2025-06-11,10,2,1357
2025-06-12,10,2,1308
2025-06-13,10,2,1249
2025-06-14,10,2,1209
2025-06-15,10,2,1169
2025-06-16,10,2,1111
2025-06-17,10,2,1058
2025-06-18,10,2,999
2025-06-19,10,2,948
2025-06-20,10,2,894
2025-06-21,10,2,832
2025-06-22,10,2,786
2025-06-23,10,2,732
2025-06-24,10,2,2105
2025-06-25,10,2,2044
2025-06-26,10,2,1993
2025-06-27,10,2,1946
2025-06-28,10,2,1904
2025-06-29,10,2,1860
2025-06-30,10,2,1807
2025-07-01,10,2,1750
2025-07-02,10,2,1691
2025-07-03,10,2,1628
2025-07-04,10,2,1576
2025-07-05,10,2,1539
2025-07-06,10,2,1503
2025-07-07,10,2,1452
2025-07-08,10,2,1395
2025-07-09,10,2,1339
2025-07-10,10,2,1295
2025-07-11,10,2,1246
2025-07-12,10,2,1211
2025-07-13,10,2,1168
2025-07-14,10,2,1124
2025-07-15,10,2,1416
2025-07-16,10,2,1363
2025-07-17,10,2,1310
2025-07-18,10,2,1256
2025-07-19,10,2,1216
2025-07-20,10,2,1171
2025-07-21,10,2,1594
2025-07-22,10,2,1502
2025-07-23,10,2,1454
2025-07-24,10,2,2206
2025-07-25,10,2,2162
2025-07-26,10,2,2116
2025-07-27,10,2,2077
2025-07-28,10,2,2022
2025-07-29,10,2,1980
2025-07-30,10,2,1931
2025-07-31,10,2,1874
2025-08-01,10,2,1828
2025-08-02,10,2,1797
2025-08-03,10,2,1760
2025-08-04,10,2,1728
2025-08-05,10,2,1684
2025-08-06,10,2,1631
2025-08-07,10,2,1581
2025-08-08,10,2,1541
2025-08-09,10,2,1505
2025-08-10,10,2,1460
2025-08-11,10,2,1414
2025-08-12,10,2,1364
2025-08-13,10,2,1321
2025-08-14,10,2,1272
2025-08-15,10,2,1219
2025-08-16,10,2,1151
2025-08-17,10,2,1114
2025-08-18,10,2,1436
2025-08-19,10,2,1382
2025-08-20,10,2,1335
2025-08-21,10,2,1284
2025-08-22,10,2,1235
2025-08-23,10,2,2331
2025-08-24,10,2,2293
2025-08-25,10,2,2249
2025-08-26,10,2,2201
2025-08-27,10,2,2161
2025-08-28,10,2,2117
2025-08-29,10,2,2061
2025-08-30,10,2,2032
2025-08-31,10,2,1988
2025-09-01,10,2,1944
2025-09-02,10,2,1864
2025-09-03,10,2,1818
2025-09-04,10,2,1780
2025-09-05,10,2,1733
2025-09-06,10,2,1699
2025-09-07,10,2,1661
2025-09-08,10,2,1625
2025-09-09,10,2,1584
2025-09-10,10,2,1538
2025-09-11,10,2,1492
2025-09-12,10,2,1456
2025-09-13,10,2,1424
2025-09-14,10,2,1393
2025-09-15,10,2,1357
2025-09-16,10,2,1306
2025-09-17,10,2,1262
2025-09-18,10,2,1206
2025-09-19,10,2,1160
2025-09-20,10,2,1125
2025-09-21,10,2,1088
2025-09-22,10,2,2043
2025-09-23,10,2,2005
2025-09-24,10,2,1966
2025-09-25,10,2,1923
2025-09-26,10,2,1873
2025-09-27,10,2,1835
2025-09-28,10,2,1804
2025-09-29,10,2,1762
2025-09-30,10,2,1698
2025-10-01,10,2,1651
2025-10-02,10,2,1597
2025-10-03,10,2,1556
2025-10-04,10,2,1518
2025-10-05,10,2,1478
2025-10-06,10,2,1432
2025-10-07,10,2,1393
2025-10-08,10,2,1351
2025-10-09,10,2,1305
2025-10-10,10,2,1247
2025-10-11,10,2,1210
2025-10-12,10,2,1174
2025-10-13,10,2,1131
2025-10-14,10,2,1088
2025-10-15,10,2,1053
2025-10-16,10,2,1005
2025-10-17,10,2,961
2025-10-18,10,2,930
2025-10-19,10,2,891
2025-10-20,10,2,847
2025-10-21,10,2,807
2025-10-22,10,2,2142
2025-10-23,10,2,2095
2025-10-24,10,2,2055
2025-10-25,10,2,2023
2025-10-26,10,2,1987
2025-10-27,10,2,1944
2025-10-28,10,2,1902
2025-10-29,10,2,1856
2025-10-30,10,2,1811
2025-10-31,10,2,1767
2025-11-01,10,2,1730
2025-11-02,10,2,1694
2025-11-03,10,2,1654
2025-11-04,10,2,1607
2025-11-05,10,2,1562
2025-11-06,10,2,1522
2025-11-07,10,2,1479
2025-11-08,10,2,1450
2025-11-09,10,2,1412
2025-11-10,10,2,1371
2025-11-11,10,2,1327
2025-11-12,10,2,1279
2025-11-13,10,2,1235
2025-11-14,10,2,1191
2025-11-15,10,2,1153
2025-11-16,10,2,1120
2025-11-17,10,2,1072
2025-11-18,10,2,1022
2025-11-19,10,2,970
2025-11-20,10,2,937
2025-11-21,10,2,2267
2025-11-22,10,2,2233
2025-11-23,10,2,2201
2025-11-24,10,2,2155
2025-11-25,10,2,2118
2025-11-26,10,2,2067
2025-11-27,10,2,2016
2025-11-28,10,2,1978
2025-11-29,10,2,1947
2025-11-30,10,2,1910
2025-12-01,10,2,1860
2025-12-02,10,2,1814
2025-12-03,10,2,1759
2025-12-04,10,2,1705
2025-12-05,10,2,1663
2025-12-06,10,2,1623
2025-12-07,10,2,1590
2025-12-08,10,2,1536
2025-12-09,10,2,1486
2025-12-10,10,2,1432
2025-12-11,10,2,1384
2025-12-12,10,2,1335
2025-12-13,10,2,1293
2025-12-14,10,2,1252
2025-12-15,10,2,1203
2025-12-16,10,2,1158
2025-12-17,10,2,1102
2025-12-18,10,2,1055
2025-12-19,10,2,1023
2025-12-20,10,2,1231
2025-12-21,10,2,2191
2025-12-22,10,2,2117
2025-12-23,10,2,2068
2025-12-24,10,2,2021
2025-12-25,10,2,1975
2025-12-26,10,2,1926
2025-12-27,10,2,1889
2025-12-28,10,2,1844
2025-12-29,10,2,1797
2025-12-30,10,2,1743
2025-12-31,10,2,1694
2024-01-01,10,3,2419
2024-01-02,10,3,2368
2024-01-03,10,3,2322
2024-01-04,10,3,2277
2024-01-05,10,3,2217
2024-01-06,10,3,2179
2024-01-07,10,3,2135
2024-01-08,10,3,2084
2024-01-09,10,3,2028
2024-01-10,10,3,1986
2024-01-11,10,3,1930
2024-01-12,10,3,1878
2024-01-13,10,3,1833
2024-01-14,10,3,1798
2024-01-15,10,3,1746
2024-01-16,10,3,1693
2024-01-17,10,3,1641
2024-01-18,10,3,1588
2024-01-19,10,3,1539
2024-01-20,10,3,1491
2024-01-21,10,3,1456
2024-01-22,10,3,1408
2024-01-23,10,3,1356
2024-01-24,10,3,1540
2024-01-25,10,3,1491
2024-01-26,10,3,1438
2024-01-27,10,3,1398
2024-01-28,10,3,1359
2024-01-29,10,3,1305
2024-01-30,10,3,1245
2024-01-31,10,3,2278
2024-02-01,10,3,2210
2024-02-02,10,3,2150
2024-02-03,10,3,2096
2024-02-04,10,3,2054
2024-02-05,10,3,1994
2024-02-06,10,3,1943
2024-02-07,10,3,1885
2024-02-08,10,3,1837
2024-02-09,10,3,1777
2024-02-10,10,3,1728
2024-02-11,10,3,1686
2024-02-12,10,3,1632
2024-02-13,10,3,1580
2024-02-14,10,3,1523
2024-02-15,10,3,1473
2024-02-16,10,3,1424
2024-02-17,10,3,1381
2024-02-18,10,3,1333
2024-02-19,10,3,1276
2024-02-20,10,3,1225
2024-02-21,10,3,1585
2024-02-22,10,3,1531
2024-02-23,10,3,1478
2024-02-24,10,3,1440
2024-02-25,10,3,1405
2024-02-26,10,3,1750
2024-02-27,10,3,1683
2024-02-28,10,3,1623
2024-02-29,10,3,1572
2024-03-01,10,3,2119
2024-03-02,10,3,2073
2024-03-03,10,3,2019
2024-03-04,10,3,1946
2024-03-05,10,3,1882
2024-03-06,10,3,1828
2024-03-07,10,3,1744
2024-03-08,10,3,1689
2024-03-09,10,3,1651
2024-03-10,10,3,1613
2024-03-11,10,3,1554
2024-03-12,10,3,1492
2024-03-13,10,3,1433
2024-03-14,10,3,1370
2024-03-15,10,3,1932
2024-03-16,10,3,1890
2024-03-17,10,3,1843
2024-03-18,10,3,1783
2024-03-19,10,3,1724
2024-03-20,10,3,1666
2024-03-21,10,3,1612
2024-03-22,10,3,1556
2024-03-23,10,3,1512
2024-03-24,10,3,1464
2024-03-25,10,3,1403
2024-03-26,10,3,1343
2024-03-27,10,3,1640
2024-03-28,10,3,1578
2024-03-29,10,3,1514
2024-03-30,10,3,1467
2024-03-31,10,3,2062
2024-04-01,10,3,2010
2024-04-02,10,3,1959
2024-04-03,10,3,1892
2024-04-04,10,3,1829
2024-04-05,10,3,1767
2024-04-06,10,3,1719
2024-04-07,10,3,1671
2024-04-08,10,3,1603
2024-04-09,10,3,1538
2024-04-10,10,3,1482
2024-04-11,10,3,1418
2024-04-12,10,3,1361
2024-04-13,10,3,1323
2024-04-14,10,3,1634
2024-04-15,10,3,1574
2024-04-16,10,3,1511
2024-04-17,10,3,1452
2024-04-18,10,3,1391
2024-04-19,10,3,1336
2024-04-20,10,3,1286
2024-04-21,10,3,1225
2024-04-22,10,3,1532
2024-04-23,10,3,1470
2024-04-24,10,3,1415
2024-04-25,10,3,1354
2024-04-26,10,3,1697
2024-04-27,10,3,1643
2024-04-28,10,3,1593
2024-04-29,10,3,1531
2024-04-30,10,3,2096
2024-05-01,10,3,2042
2024-05-02,10,3,1977
2024-05-03,10,3,1922
2024-05-04,10,3,1873
2024-05-05,10,3,1826
2024-05-06,10,3,1771
2024-05-07,10,3,1707
2024-05-08,10,3,1655
2024-05-09,10,3,1565
2024-05-10,10,3,1507
2024-05-11,10,3,1459
2024-05-12,10,3,1417
2024-05-13,10,3,1363
2024-05-14,10,3,1279
2024-05-15,10,3,1214
2024-05-16,10,3,1153
2024-05-17,10,3,1090
2024-05-18,10,3,976
2024-05-19,10,3,924
2024-05-20,10,3,864
2024-05-21,10,3,796
2024-05-22,10,3,745
2024-05-23,10,3,689
2024-05-24,10,3,640
2024-05-25,10,3,592
2024-05-26,10,3,555
2024-05-27,10,3,498
2024-05-28,10,3,445
2024-05-29,10,3,384
2024-05-30,10,3,2235
2024-05-31,10,3,2172
2024-06-01,10,3,2121
2024-06-02,10,3,2078
2024-06-03,10,3,2014
2024-06-04,10,3,1953
2024-06-05,10,3,1895
2024-06-06,10,3,1841
2024-06-07,10,3,1804
2024-06-08,10,3,1760
2024-06-09,10,3,1715
2024-06-10,10,3,1649
2024-06-11,10,3,1583
2024-06-12,10,3,1527
2024-06-13,10,3,1471
2024-06-14,10,3,1415
2024-06-15,10,3,1371
2024-06-16,10,3,1324
2024-06-17,10,3,1269
2024-06-18,10,3,1188
2024-06-19,10,3,1130
2024-06-20,10,3,1087
2024-06-21,10,3,1507
2024-06-22,10,3,1468
2024-06-23,10,3,1423
2024-06-24,10,3,1371
2024-06-25,10,3,1829
2024-06-26,10,3,1775
2024-06-27,10,3,1718
2024-06-28,10,3,1666
2024-06-29,10,3,2110
2024-06-30,10,3,2063
2024-07-01,10,3,2019
2024-07-02,10,3,1967
2024-07-03,10,3,1908
2024-07-04,10,3,1847
2024-07-05,10,3,1793
2024-07-06,10,3,1753
2024-07-07,10,3,1715
2024-07-08,10,3,1655
2024-07-09,10,3,1606
2024-07-10,10,3,1545
2024-07-11,10,3,1495
2024-07-12,10,3,1440
2024-07-13,10,3,1396
2024-07-14,10,3,1357
2024-07-15,10,3,1296
2024-07-16,10,3,1833
2024-07-17,10,3,1780
2024-07-18,10,3,1695
2024-07-19,10,3,1642
2024-07-20,10,3,1601
2024-07-21,10,3,1559
2024-07-22,10,3,1499
2024-07-23,10,3,1441
2024-07-24,10,3,1393
2024-07-25,10,3,1335
2024-07-26,10,3,1276
2024-07-27,10,3,1235
2024-07-28,10,3,1782
2024-07-29,10,3,2140
2024-07-30,10,3,2045
2024-07-31,10,3,1995
2024-08-01,10,3,1953
2024-08-02,10,3,1892
2024-08-03,10,3,1855
2024-08-04,10,3,1817
2024-08-05,10,3,1770
2024-08-06,10,3,1720
2024-08-07,10,3,1666
2024-08-08,10,3,1616
2024-08-09,10,3,1570
2024-08-10,10,3,1533
2024-08-11,10,3,1497
2024-08-12,10,3,1446
2024-08-13,10,3,1398
2024-08-14,10,3,1749
2024-08-15,10,3,1670
2024-08-16,10,3,1616
2024-08-17,10,3,1571
2024-08-18,10,3,1529
2024-08-19,10,3,1473
2024-08-20,10,3,1427
2024-08-21,10,3,1385
2024-08-22,10,3,1336
2024-08-23,10,3,1280
2024-08-24,10,3,1243
2024-08-25,10,3,1209
2024-08-26,10,3,1159
2024-08-27,10,3,1107
2024-08-28,10,3,2143
2024-08-29,10,3,2089
2024-08-30,10,3,2034
2024-08-31,10,3,1997
2024-09-01,10,3,1952
2024-09-02,10,3,1908
2024-09-03,10,3,1859
2024-09-04,10,3,1808
2024-09-05,10,3,1757
2024-09-06,10,3,1708
2024-09-07,10,3,1669
2024-09-08,10,3,1630
2024-09-09,10,3,1579
2024-09-10,10,3,1528
2024-09-11,10,3,1488
2024-09-12,10,3,1443
2024-09-13,10,3,1396
2024-09-14,10,3,1363
2024-09-15,10,3,1708
2024-09-16,10,3,1659
2024-09-17,10,3,1618
2024-09-18,10,3,1566
2024-09-19,10,3,1526
2024-09-20,10,3,1486
2024-09-21,10,3,1448
2024-09-22,10,3,1412
2024-09-23,10,3,1357
2024-09-24,10,3,1307
2024-09-25,10,3,1263
2024-09-26,10,3,1216
2024-09-27,10,3,2142
2024-09-28,10,3,2109
2024-09-29,10,3,2071
2024-09-30,10,3,2023
2024-10-01,10,3,1979
2024-10-02,10,3,1938
2024-10-03,10,3,1842
2024-10-04,10,3,1790
2024-10-05,10,3,1761
2024-10-06,10,3,1728
2024-10-07,10,3,1684
2024-10-08,10,3,1633
2024-10-09,10,3,1584
2024-10-10,10,3,1538
2024-10-11,10,3,1493
2024-10-12,10,3,1459
2024-10-13,10,3,1420
2024-10-14,10,3,1370
2024-10-15,10,3,1327
2024-10-16,10,3,1278
2024-10-17,10,3,1678
2024-10-18,10,3,1620
2024-10-19,10,3,1581
2024-10-20,10,3,1531
2024-10-21,10,3,1480
2024-10-22,10,3,1435
2024-10-23,10,3,1384
2024-10-24,10,3,1332
2024-10-25,10,3,1756
2024-10-26,10,3,1717
2024-10-27,10,3,2121
2024-10-28,10,3,2075
2024-10-29,10,3,2033
2024-10-30,10,3,1984
2024-10-31,10,3,1927
2024-11-01,10,3,1868
2024-11-02,10,3,1815
2024-11-03,10,3,1775
2024-11-04,10,3,1736
2024-11-05,10,3,1693
2024-11-06,10,3,1637
2024-11-07,10,3,1582
2024-11-08,10,3,1534
2024-11-09,10,3,1502
2024-11-10,10,3,1462
2024-11-11,10,3,1418
2024-11-12,10,3,1372
2024-11-13,10,3,1327
2024-11-14,10,3,1285
2024-11-15,10,3,1230
2024-11-16,10,3,1196
2024-11-17,10,3,1126
2024-11-18,10,3,1080
2024-11-19,10,3,1023
2024-11-20,10,3,971
2024-11-21,10,3,914
2024-11-22,10,3,868
2024-11-23,10,3,1463
2024-11-24,10,3,1432
2024-11-25,10,3,1392
2024-11-26,10,3,2279
2024-11-27,10,3,2203
2024-11-28,10,3,2158
2024-11-29,10,3,2106
2024-11-30,10,3,2073
2024-12-01,10,3,2032
2024-12-02,10,3,1978
2024-12-03,10,3,1933
2024-12-04,10,3,1886
2024-12-05,10,3,1826
2024-12-06,10,3,1782
2024-12-07,10,3,1738
2024-12-08,10,3,1692
2024-12-09,10,3,1642
2024-12-10,10,3,1594
2024-12-11,10,3,1536
2024-12-12,10,3,1485
2024-12-13,10,3,1434
2024-12-14,10,3,1393
2024-12-15,10,3,1354
2024-12-16,10,3,1304
2024-12-17,10,3,1258
2024-12-18,10,3,1202
2024-12-19,10,3,1528
2024-12-20,10,3,1476
2024-12-21,10,3,1429
2024-12-22,10,3,1390
2024-12-23,10,3,1329
2024-12-24,10,3,1273
2024-12-25,10,3,1224
2024-12-26,10,3,2276
2024-12-27,10,3,2227
2024-12-28,10,3,2188
2024-12-29,10,3,2148
2024-12-30,10,3,2056
2024-12-31,10,3,2005
2025-01-01,10,3,1953
2025-01-02,10,3,1904
2025-01-03,10,3,1845
2025-01-04,10,3,1809
2025-01-05,10,3,1770
2025-01-06,10,3,1717
2025-01-07,10,3,1662
2025-01-08,10,3,1608
2025-01-09,10,3,1562
2025-01-10,10,3,1510
2025-01-11,10,3,1466
2025-01-12,10,3,1420
2025-01-13,10,3,1367
2025-01-14,10,3,1311
2025-01-15,10,3,1255
2025-01-16,10,3,1200
2025-01-17,10,3,1134
2025-01-18,10,3,1592
2025-01-19,10,3,1550
2025-01-20,10,3,1493
2025-01-21,10,3,1439
2025-01-22,10,3,1379
2025-01-23,10,3,1318
2025-01-24,10,3,1256
2025-01-25,10,3,2072
2025-01-26,10,3,2001
2025-01-27,10,3,1942
2025-01-28,10,3,1887
2025-01-29,10,3,1828
2025-01-30,10,3,1767
2025-01-31,10,3,1721
2025-02-01,10,3,1672
2025-02-02,10,3,1628
2025-02-03,10,3,1555
2025-02-04,10,3,1495
2025-02-05,10,3,1438
2025-02-06,10,3,1386
2025-02-07,10,3,1324
2025-02-08,10,3,1743
2025-02-09,10,3,1689
2025-02-10,10,3,1631
2025-02-11,10,3,1569
2025-02-12,10,3,1514
2025-02-13,10,3,1452
2025-02-14,10,3,1360
2025-02-15,10,3,1325
2025-02-16,10,3,1757
2025-02-17,10,3,1695
2025-02-18,10,3,1629
2025-02-19,10,3,1564
2025-02-20,10,3,1502
2025-02-21,10,3,1444
2025-02-22,10,3,1404
2025-02-23,10,3,1357
2025-02-24,10,3,2212
2025-02-25,10,3,2149
2025-02-26,10,3,2096
2025-02-27,10,3,2038
2025-02-28,10,3,1973
2025-03-01,10,3,1932
2025-03-02,10,3,1877
2025-03-03,10,3,1812
2025-03-04,10,3,1745
2025-03-05,10,3,1671
2025-03-06,10,3,1617
2025-03-07,10,3,1561
2025-03-08,10,3,1513
2025-03-09,10,3,1475
2025-03-10,10,3,1411
2025-03-11,10,3,1778
2025-03-12,10,3,1714
2025-03-13,10,3,1636
2025-03-14,10,3,1566
2025-03-15,10,3,1517
2025-03-16,10,3,1472
2025-03-17,10,3,1412
2025-03-18,10,3,1349
2025-03-19,10,3,1294
2025-03-20,10,3,1842
2025-03-21,10,3,1790
2025-03-22,10,3,1744
2025-03-23,10,3,1700
2025-03-24,10,3,1637
2025-03-25,10,3,1569
2025-03-26,10,3,2237
2025-03-27,10,3,2177
2025-03-28,10,3,2112
2025-03-29,10,3,2065
2025-03-30,10,3,2005
2025-03-31,10,3,1939
2025-04-01,10,3,1867
2025-04-02,10,3,1783
2025-04-03,10,3,1723
2025-04-04,10,3,1662
2025-04-05,10,3,1616
2025-04-06,10,3,1565
2025-04-07,10,3,1500
2025-04-08,10,3,1440
2025-04-09,10,3,1384
2025-04-10,10,3,1309
2025-04-11,10,3,1257
2025-04-12,10,3,1210
2025-04-13,10,3,1153
2025-04-14,10,3,1085
2025-04-15,10,3,1025
2025-04-16,10,3,1290
2025-04-17,10,3,1220
2025-04-18,10,3,1161
2025-04-19,10,3,1112
2025-04-20,10,3,1494
2025-04-21,10,3,1410
2025-04-22,10,3,1351
2025-04-23,10,3,1286
2025-04-24,10,3,1222
2025-04-25,10,3,2256
2025-04-26,10,3,2206
2025-04-27,10,3,2157
2025-04-28,10,3,2090
2025-04-29,10,3,2034
2025-04-30,10,3,1962
2025-05-01,10,3,1903
2025-05-02,10,3,1835
2025-05-03,10,3,1779
2025-05-04,10,3,1726
2025-05-05,10,3,1666
2025-05-06,10,3,1598
2025-05-07,10,3,1538
2025-05-08,10,3,1479
2025-05-09,10,3,1416
2025-05-10,10,3,1365
2025-05-11,10,3,1311
2025-05-12,10,3,1249
2025-05-13,10,3,1189
2025-05-14,10,3,1122
2025-05-15,10,3,1050
2025-05-16,10,3,995
2025-05-17,10,3,1287
2025-05-18,10,3,1235
2025-05-19,10,3,1167
2025-05-20,10,3,1100
2025-05-21,10,3,1033
2025-05-22,10,3,970
2025-05-23,10,3,898
2025-05-24,10,3,1129
2025-05-25,10,3,2085
2025-05-26,10,3,2034
2025-05-27,10,3,1964
2025-05-28,10,3,1908
2025-05-29,10,3,1843
2025-05-30,10,3,1772
2025-05-31,10,3,1713
2025-06-01,10,3,1663
2025-06-02,10,3,1610
2025-06-03,10,3,1567
2025-06-04,10,3,1498
2025-06-05,10,3,1391
2025-06-06,10,3,1321
2025-06-07,10,3,1270
2025-06-08,10,3,1223
2025-06-09,10,3,1169
2025-06-10,10,3,1680
2025-06-11,10,3,1627
2025-06-12,10,3,1565
2025-06-13,10,3,1511
2025-06-14,10,3,1467
2025-06-15,10,3,1416
2025-06-16,10,3,1359
2025-06-17,10,3,1832
2025-06-18,10,3,1768
2025-06-19,10,3,1685
2025-06-20,10,3,1631
2025-06-21,10,3,1585
2025-06-22,10,3,1545
2025-06-23,10,3,1474
2025-06-24,10,3,2170
2025-06-25,10,3,2108
2025-06-26,10,3,2050
2025-06-27,10,3,1989
2025-06-28,10,3,1942
2025-06-29,10,3,1894
2025-06-30,10,3,1835
2025-07-01,10,3,1780
2025-07-02,10,3,1725
2025-07-03,10,3,1672
2025-07-04,10,3,1603
2025-07-05,10,3,1561
2025-07-06,10,3,1518
2025-07-07,10,3,1462
2025-07-08,10,3,1415
2025-07-09,10,3,1350
2025-07-10,10,3,1288
2025-07-11,10,3,1666
2025-07-12,10,3,1620
2025-07-13,10,3,1567
2025-07-14,10,3,1506
2025-07-15,10,3,1446
2025-07-16,10,3,1392
2025-07-17,10,3,1336
2025-07-18,10,3,1879
2025-07-19,10,3,1829
2025-07-20,10,3,1786
2025-07-21,10,3,1714
2025-07-22,10,3,1654
2025-07-23,10,3,1598
2025-07-24,10,3,2193
2025-07-25,10,3,2146
2025-07-26,10,3,2100
2025-07-27,10,3,2058
2025-07-28,10,3,1996
2025-07-29,10,3,1903
2025-07-30,10,3,1847
2025-07-31,10,3,1799
2025-08-01,10,3,1737
2025-08-02,10,3,1696
2025-08-03,10,3,1647
2025-08-04,10,3,1596
2025-08-05,10,3,1546
2025-08-06,10,3,1492
2025-08-07,10,3,1438
2025-08-08,10,3,1382
2025-08-09,10,3,1341
2025-08-10,10,3,1871
2025-08-11,10,3,1811
2025-08-12,10,3,1763
2025-08-13,10,3,1713
2025-08-14,10,3,1654
2025-08-15,10,3,1603
2025-08-16,10,3,1562
2025-08-17,10,3,1526
2025-08-18,10,3,1470
2025-08-19,10,3,1416
2025-08-20,10,3,1359
2025-08-21,10,3,1295
2025-08-22,10,3,1244
2025-08-23,10,3,2157
2025-08-24,10,3,2117
2025-08-25,10,3,2061
2025-08-26,10,3,1993
2025-08-27,10,3,1943
2025-08-28,10,3,1891
2025-08-29,10,3,1837
2025-08-30,10,3,1799
2025-08-31,10,3,1753
2025-09-01,10,3,1707
2025-09-02,10,3,1659
2025-09-03,10,3,1607
2025-09-04,10,3,1552
2025-09-05,10,3,1508
2025-09-06,10,3,1468
2025-09-07,10,3,1426
2025-09-08,10,3,1361
2025-09-09,10,3,1302
2025-09-10,10,3,1241
2025-09-11,10,3,1483
2025-09-12,10,3,1441
2025-09-13,10,3,1404
2025-09-14,10,3,1364
2025-09-15,10,3,1662
2025-09-16,10,3,1614
2025-09-17,10,3,1569
2025-09-18,10,3,1515
2025-09-19,10,3,1467
2025-09-20,10,3,1421
2025-09-21,10,3,1382
2025-09-22,10,3,2177
2025-09-23,10,3,2121
2025-09-24,10,3,2071
2025-09-25,10,3,2029
2025-09-26,10,3,1983
2025-09-27,10,3,1941
2025-09-28,10,3,1906
2025-09-29,10,3,1854
2025-09-30,10,3,1818
2025-10-01,10,3,1759
2025-10-02,10,3,1707
2025-10-03,10,3,1655
2025-10-04,10,3,1595
2025-10-05,10,3,1533
2025-10-06,10,3,1475
2025-10-07,10,3,1424
2025-10-08,10,3,1371
2025-10-09,10,3,1320
2025-10-10,10,3,1273
2025-10-11,10,3,1238
2025-10-12,10,3,1193
2025-10-13,10,3,1144
2025-10-14,10,3,1087
2025-10-15,10,3,1045
2025-10-16,10,3,1607
2025-10-17,10,3,1552
2025-10-18,10,3,1514
2025-10-19,10,3,1478
2025-10-20,10,3,1407
2025-10-21,10,3,1355
2025-10-22,10,3,2205
2025-10-23,10,3,2156
2025-10-24,10,3,2111
2025-10-25,10,3,2074
2025-10-26,10,3,2033
2025-10-27,10,3,1981
2025-10-28,10,3,1927
2025-10-29,10,3,1877
2025-10-30,10,3,1824
2025-10-31,10,3,1771
2025-11-01,10,3,1739
2025-11-02,10,3,1692
2025-11-03,10,3,1639
2025-11-04,10,3,1589
2025-11-05,10,3,1533
2025-11-06,10,3,1472
2025-11-07,10,3,1415
2025-11-08,10,3,1379
2025-11-09,10,3,1342
2025-11-10,10,3,1291
2025-11-11,10,3,1245
2025-11-12,10,3,1197
2025-11-13,10,3,1438
2025-11-14,10,3,1378
2025-11-15,10,3,1760
2025-11-16,10,3,1716
2025-11-17,10,3,1666
2025-11-18,10,3,1618
2025-11-19,10,3,1564
2025-11-20,10,3,1518
2025-11-21,10,3,2121
2025-11-22,10,3,2051
2025-11-23,10,3,2000
2025-11-24,10,3,1889
2025-11-25,10,3,1834
2025-11-26,10,3,1782
2025-11-27,10,3,1725
2025-11-28,10,3,1671
2025-11-29,10,3,1635
2025-11-30,10,3,1595
2025-12-01,10,3,1537
2025-12-02,10,3,1481
2025-12-03,10,3,1420
2025-12-04,10,3,1356
2025-12-05,10,3,1286
2025-12-06,10,3,1242
2025-12-07,10,3,1203
2025-12-08,10,3,1145
2025-12-09,10,3,1078
2025-12-10,10,3,1030
2025-12-11,10,3,972
2025-12-12,10,3,915
2025-12-13,10,3,843
2025-12-14,10,3,801
2025-12-15,10,3,1041
2025-12-16,10,3,983
2025-12-17,10,3,924
2025-12-18,10,3,1442
2025-12-19,10,3,1380
2025-12-20,10,3,1335
2025-12-21,10,3,2203
2025-12-22,10,3,2160
2025-12-23,10,3,2105
2025-12-24,10,3,2021
2025-12-25,10,3,1938
2025-12-26,10,3,1880
2025-12-27,10,3,1838
2025-12-28,10,3,1794
2025-12-29,10,3,1737
2025-12-30,10,3,1686
2025-12-31,10,3,1638
