sale_date,product_id,warehouse_id,quantity,unit_price,promotion_applied
2024-01-01,1,1,80,999.0,False
2024-01-02,1,1,72,999.0,False
2024-01-03,1,1,86,999.0,False
2024-01-04,1,1,97,999.0,False
2024-01-05,1,1,99,999.0,False
2024-01-06,1,1,72,999.0,False
2024-01-07,1,1,69,999.0,False
2024-01-08,1,1,100,999.0,False
2024-01-09,1,1,108,999.0,True
2024-01-10,1,1,93,999.0,False
2024-01-11,1,1,85,999.0,False
2024-01-12,1,1,99,999.0,False
2024-01-13,1,1,64,999.0,False
2024-01-14,1,1,74,999.0,False
2024-01-15,1,1,90,999.0,False
2024-01-16,1,1,135,999.0,True
2024-01-17,1,1,95,999.0,False
2024-01-18,1,1,85,999.0,False
2024-01-19,1,1,103,999.0,False
2024-01-20,1,1,58,999.0,False
2024-01-21,1,1,74,999.0,False
2024-01-22,1,1,86,999.0,False
2024-01-23,1,1,88,999.0,False
2024-01-24,1,1,81,999.0,False
2024-01-25,1,1,96,999.0,False
2024-01-26,1,1,95,999.0,False
2024-01-27,1,1,91,999.0,False
2024-01-28,1,1,73,999.0,False
2024-01-29,1,1,94,999.0,False
2024-01-30,1,1,89,999.0,False
2024-01-31,1,1,74,999.0,False
2024-02-01,1,1,85,999.0,False
2024-02-02,1,1,90,999.0,False
2024-02-03,1,1,79,999.0,False
2024-02-04,1,1,66,999.0,False
2024-02-05,1,1,78,999.0,False
2024-02-06,1,1,88,999.0,False
2024-02-07,1,1,89,999.0,False
2024-02-08,1,1,109,999.0,False
2024-02-09,1,1,96,999.0,False
2024-02-10,1,1,80,999.0,False
2024-02-11,1,1,65,999.0,False
2024-02-12,1,1,90,999.0,False
2024-02-13,1,1,92,999.0,False
2024-02-14,1,1,97,999.0,False
2024-02-15,1,1,121,999.0,False
2024-02-16,1,1,74,999.0,False
2024-02-17,1,1,105,999.0,True
2024-02-18,1,1,75,999.0,False
2024-02-19,1,1,78,999.0,False
2024-02-20,1,1,97,999.0,False
2024-02-21,1,1,103,999.0,False
2024-02-22,1,1,85,999.0,False
2024-02-23,1,1,86,999.0,False
2024-02-24,1,1,80,999.0,False
2024-02-25,1,1,73,999.0,False
2024-02-26,1,1,90,999.0,False
2024-02-27,1,1,96,999.0,False
2024-02-28,1,1,93,999.0,False
2024-02-29,1,1,96,999.0,False
2024-03-01,1,1,102,999.0,False
2024-03-02,1,1,67,999.0,False
2024-03-03,1,1,89,999.0,False
2024-03-04,1,1,112,999.0,False
2024-03-05,1,1,89,999.0,False
2024-03-06,1,1,125,999.0,True
2024-03-07,1,1,98,999.0,False
2024-03-08,1,1,97,999.0,False
2024-03-09,1,1,70,999.0,False
2024-03-10,1,1,66,999.0,False
2024-03-11,1,1,102,999.0,False
2024-03-12,1,1,107,999.0,False
2024-03-13,1,1,134,999.0,True
2024-03-14,1,1,99,999.0,False
2024-03-15,1,1,100,999.0,False
2024-03-16,1,1,70,999.0,False
2024-03-17,1,1,101,999.0,False
2024-03-18,1,1,91,999.0,False
2024-03-19,1,1,87,999.0,False
2024-03-20,1,1,93,999.0,False
2024-03-21,1,1,97,999.0,False
2024-03-22,1,1,119,999.0,False
2024-03-23,1,1,90,999.0,False
2024-03-24,1,1,74,999.0,False
2024-03-25,1,1,88,999.0,False
2024-03-26,1,1,102,999.0,False
2024-03-27,1,1,116,999.0,False
2024-03-28,1,1,92,999.0,False
2024-03-29,1,1,99,999.0,False
2024-03-30,1,1,97,999.0,True
2024-03-31,1,1,98,999.0,False
2024-04-01,1,1,103,999.0,False
2024-04-02,1,1,102,999.0,False
2024-04-03,1,1,102,999.0,False
2024-04-04,1,1,108,999.0,False
2024-04-05,1,1,94,999.0,False
2024-04-06,1,1,75,999.0,False
2024-04-07,1,1,79,999.0,False
2024-04-08,1,1,97,999.0,False
2024-04-09,1,1,95,999.0,False
2024-04-10,1,1,116,999.0,False
2024-04-11,1,1,96,999.0,False
2024-04-12,1,1,96,999.0,False
2024-04-13,1,1,91,999.0,False
2024-04-14,1,1,91,999.0,False
2024-04-15,1,1,96,999.0,False
2024-04-16,1,1,109,999.0,False
2024-04-17,1,1,97,999.0,False
2024-04-18,1,1,117,999.0,False
2024-04-19,1,1,99,999.0,False
2024-04-20,1,1,89,999.0,False
2024-04-21,1,1,70,999.0,False
2024-04-22,1,1,93,999.0,False
2024-04-23,1,1,111,999.0,False
2024-04-24,1,1,102,999.0,False
2024-04-25,1,1,115,999.0,False
2024-04-26,1,1,105,999.0,False
2024-04-27,1,1,80,999.0,False
2024-04-28,1,1,84,999.0,False
2024-04-29,1,1,102,999.0,False
2024-04-30,1,1,98,999.0,False
2024-05-01,1,1,108,999.0,False
2024-05-02,1,1,113,999.0,False
2024-05-03,1,1,100,999.0,False
2024-05-04,1,1,87,999.0,False
2024-05-05,1,1,81,999.0,False
2024-05-06,1,1,79,999.0,False
2024-05-07,1,1,99,999.0,False
2024-05-08,1,1,86,999.0,False
2024-05-09,1,1,103,999.0,False
2024-05-10,1,1,84,999.0,False
2024-05-11,1,1,73,999.0,False
2024-05-12,1,1,78,999.0,False
2024-05-13,1,1,103,999.0,False
2024-05-14,1,1,100,999.0,False
2024-05-15,1,1,126,999.0,True
2024-05-16,1,1,79,999.0,False
2024-05-17,1,1,75,999.0,False
2024-05-18,1,1,75,999.0,False
2024-05-19,1,1,87,999.0,False
2024-05-20,1,1,112,999.0,False
2024-05-21,1,1,93,999.0,False
2024-05-22,1,1,95,999.0,False
2024-05-23,1,1,85,999.0,False
2024-05-24,1,1,103,999.0,False
2024-05-25,1,1,84,999.0,False
2024-05-26,1,1,69,999.0,False
2024-05-27,1,1,97,999.0,False
2024-05-28,1,1,111,999.0,False
2024-05-29,1,1,109,999.0,False
2024-05-30,1,1,102,999.0,False
2024-05-31,1,1,118,999.0,False
2024-06-01,1,1,76,999.0,False
2024-06-02,1,1,77,999.0,False
2024-06-03,1,1,87,999.0,False
2024-06-04,1,1,85,999.0,False
2024-06-05,1,1,114,999.0,False
2024-06-06,1,1,99,999.0,False
2024-06-07,1,1,97,999.0,False
2024-06-08,1,1,82,999.0,False
2024-06-09,1,1,94,999.0,False
2024-06-10,1,1,96,999.0,False
2024-06-11,1,1,94,999.0,False
2024-06-12,1,1,87,999.0,False
2024-06-13,1,1,102,999.0,False
2024-06-14,1,1,93,999.0,False
2024-06-15,1,1,121,999.0,True
2024-06-16,1,1,63,999.0,False
2024-06-17,1,1,88,999.0,False
2024-06-18,1,1,90,999.0,False
2024-06-19,1,1,90,999.0,False
2024-06-20,1,1,118,999.0,True
2024-06-21,1,1,99,999.0,False
2024-06-22,1,1,81,999.0,False
2024-06-23,1,1,68,999.0,False
2024-06-24,1,1,109,999.0,False
2024-06-25,1,1,97,999.0,False
2024-06-26,1,1,92,999.0,False
2024-06-27,1,1,100,999.0,False
2024-06-28,1,1,90,999.0,False
2024-06-29,1,1,69,999.0,False
2024-06-30,1,1,76,999.0,False
2024-07-01,1,1,89,999.0,False
2024-07-02,1,1,97,999.0,False
2024-07-03,1,1,96,999.0,False
2024-07-04,1,1,90,999.0,False
2024-07-05,1,1,82,999.0,False
2024-07-06,1,1,67,999.0,False
2024-07-07,1,1,73,999.0,False
2024-07-08,1,1,151,999.0,True
2024-07-09,1,1,96,999.0,False
2024-07-10,1,1,90,999.0,False
2024-07-11,1,1,93,999.0,False
2024-07-12,1,1,102,999.0,False
2024-07-13,1,1,54,999.0,False
2024-07-14,1,1,63,999.0,False
2024-07-15,1,1,80,999.0,False
2024-07-16,1,1,106,999.0,False
2024-07-17,1,1,108,999.0,False
2024-07-18,1,1,76,999.0,False
2024-07-19,1,1,86,999.0,False
2024-07-20,1,1,59,999.0,False
2024-07-21,1,1,80,999.0,False
2024-07-22,1,1,128,999.0,True
2024-07-23,1,1,96,999.0,False
2024-07-24,1,1,78,999.0,False
2024-07-25,1,1,102,999.0,True
2024-07-26,1,1,144,999.0,True
2024-07-27,1,1,67,999.0,False
2024-07-28,1,1,68,999.0,False
2024-07-29,1,1,69,999.0,False
2024-07-30,1,1,88,999.0,False
2024-07-31,1,1,89,999.0,False
2024-08-01,1,1,92,999.0,False
2024-08-02,1,1,93,999.0,False
2024-08-03,1,1,65,999.0,False
2024-08-04,1,1,56,999.0,False
2024-08-05,1,1,103,999.0,False
2024-08-06,1,1,105,999.0,True
2024-08-07,1,1,88,999.0,False
2024-08-08,1,1,72,999.0,False
2024-08-09,1,1,84,999.0,False
2024-08-10,1,1,57,999.0,False
2024-08-11,1,1,50,999.0,False
2024-08-12,1,1,81,999.0,False
2024-08-13,1,1,90,999.0,False
2024-08-14,1,1,90,999.0,False
2024-08-15,1,1,94,999.0,False
2024-08-16,1,1,82,999.0,False
2024-08-17,1,1,65,999.0,False
2024-08-18,1,1,78,999.0,False
2024-08-19,1,1,138,999.0,True
2024-08-20,1,1,80,999.0,False
2024-08-21,1,1,78,999.0,False
2024-08-22,1,1,97,999.0,False
2024-08-23,1,1,86,999.0,False
2024-08-24,1,1,62,999.0,False
2024-08-25,1,1,102,999.0,False
2024-08-26,1,1,87,999.0,False
2024-08-27,1,1,73,999.0,False
2024-08-28,1,1,78,999.0,False
2024-08-29,1,1,67,999.0,False
2024-08-30,1,1,100,999.0,False
2024-08-31,1,1,60,999.0,False
2024-09-01,1,1,66,999.0,False
2024-09-02,1,1,155,999.0,True
2024-09-03,1,1,65,999.0,False
2024-09-04,1,1,113,999.0,True
2024-09-05,1,1,99,999.0,False
2024-09-06,1,1,76,999.0,False
2024-09-07,1,1,59,999.0,False
2024-09-08,1,1,73,999.0,False
2024-09-09,1,1,89,999.0,False
2024-09-10,1,1,89,999.0,False
2024-09-11,1,1,109,999.0,True
2024-09-12,1,1,73,999.0,False
2024-09-13,1,1,95,999.0,False
2024-09-14,1,1,65,999.0,False
2024-09-15,1,1,68,999.0,False
2024-09-16,1,1,158,999.0,False
2024-09-17,1,1,84,999.0,False
2024-09-18,1,1,82,999.0,False
2024-09-19,1,1,78,999.0,False
2024-09-20,1,1,123,999.0,True
2024-09-21,1,1,72,999.0,False
2024-09-22,1,1,60,999.0,False
2024-09-23,1,1,87,999.0,False
2024-09-24,1,1,83,999.0,False
2024-09-25,1,1,153,999.0,False
2024-09-26,1,1,80,999.0,False
2024-09-27,1,1,80,999.0,False
2024-09-28,1,1,58,999.0,False
2024-09-29,1,1,58,999.0,False
2024-09-30,1,1,84,999.0,False
2024-10-01,1,1,93,999.0,False
2024-10-02,1,1,96,999.0,False
2024-10-03,1,1,76,999.0,False
2024-10-04,1,1,146,999.0,True
2024-10-05,1,1,65,999.0,False
2024-10-06,1,1,65,999.0,False
2024-10-07,1,1,90,999.0,False
2024-10-08,1,1,80,999.0,False
2024-10-09,1,1,83,999.0,False
2024-10-10,1,1,86,999.0,False
2024-10-11,1,1,88,999.0,False
2024-10-12,1,1,64,999.0,False
2024-10-13,1,1,70,999.0,False
2024-10-14,1,1,107,999.0,True
2024-10-15,1,1,89,999.0,False
2024-10-16,1,1,67,999.0,False
2024-10-17,1,1,82,999.0,False
2024-10-18,1,1,91,999.0,False
2024-10-19,1,1,58,999.0,False
2024-10-20,1,1,62,999.0,False
2024-10-21,1,1,76,999.0,False
2024-10-22,1,1,83,999.0,False
2024-10-23,1,1,77,999.0,False
2024-10-24,1,1,70,999.0,False
2024-10-25,1,1,82,999.0,False
2024-10-26,1,1,78,999.0,False
2024-10-27,1,1,65,999.0,False
2024-10-28,1,1,86,999.0,False
2024-10-29,1,1,91,999.0,False
2024-10-30,1,1,75,999.0,False
2024-10-31,1,1,67,999.0,False
2024-11-01,1,1,85,999.0,False
2024-11-02,1,1,78,999.0,False
2024-11-03,1,1,64,999.0,False
2024-11-04,1,1,88,999.0,False
2024-11-05,1,1,87,999.0,False
2024-11-06,1,1,83,999.0,False
2024-11-07,1,1,86,999.0,False
2024-11-08,1,1,94,999.0,False
2024-11-09,1,1,68,999.0,False
2024-11-10,1,1,42,999.0,False
2024-11-11,1,1,88,999.0,False
2024-11-12,1,1,96,999.0,False
2024-11-13,1,1,84,999.0,False
2024-11-14,1,1,85,999.0,False
2024-11-15,1,1,84,999.0,False
2024-11-16,1,1,61,999.0,False
2024-11-17,1,1,64,999.0,False
2024-11-18,1,1,90,999.0,False
2024-11-19,1,1,94,999.0,False
2024-11-20,1,1,88,999.0,False
2024-11-21,1,1,86,999.0,False
2024-11-22,1,1,90,999.0,False
2024-11-23,1,1,64,999.0,False
2024-11-24,1,1,76,999.0,False
2024-11-25,1,1,83,999.0,False
2024-11-26,1,1,85,999.0,False
2024-11-27,1,1,84,999.0,False
2024-11-28,1,1,90,999.0,False
2024-11-29,1,1,90,999.0,False
2024-11-30,1,1,68,999.0,False
2024-12-01,1,1,65,999.0,False
2024-12-02,1,1,79,999.0,False
2024-12-03,1,1,85,999.0,False
2024-12-04,1,1,91,999.0,False
2024-12-05,1,1,69,999.0,False
2024-12-06,1,1,88,999.0,False
2024-12-07,1,1,77,999.0,False
2024-12-08,1,1,72,999.0,False
2024-12-09,1,1,97,999.0,False
2024-12-10,1,1,94,999.0,False
2024-12-11,1,1,94,999.0,False
2024-12-12,1,1,80,999.0,False
2024-12-13,1,1,80,999.0,False
2024-12-14,1,1,67,999.0,False
2024-12-15,1,1,59,999.0,False
2024-12-16,1,1,92,999.0,False
2024-12-17,1,1,87,999.0,False
2024-12-18,1,1,129,999.0,True
2024-12-19,1,1,92,999.0,False
2024-12-20,1,1,86,999.0,False
2024-12-21,1,1,58,999.0,False
2024-12-22,1,1,78,999.0,False
2024-12-23,1,1,101,999.0,False
2024-12-24,1,1,92,999.0,False
2024-12-25,1,1,84,999.0,False
2024-12-26,1,1,94,999.0,False
2024-12-27,1,1,88,999.0,False
2024-12-28,1,1,64,999.0,False
2024-12-29,1,1,80,999.0,False
2024-12-30,1,1,99,999.0,False
2024-12-31,1,1,93,999.0,False
2025-01-01,1,1,99,999.0,False
2025-01-02,1,1,105,999.0,False
2025-01-03,1,1,90,999.0,False
2025-01-04,1,1,73,999.0,False
2025-01-05,1,1,70,999.0,False
2025-01-06,1,1,154,999.0,False
2025-01-07,1,1,91,999.0,False
2025-01-08,1,1,92,999.0,False
2025-01-09,1,1,85,999.0,False
2025-01-10,1,1,106,999.0,False
2025-01-11,1,1,73,999.0,False
2025-01-12,1,1,73,999.0,False
2025-01-13,1,1,74,999.0,False
2025-01-14,1,1,99,999.0,False
2025-01-15,1,1,102,999.0,False
2025-01-16,1,1,102,999.0,False
2025-01-17,1,1,99,999.0,False
2025-01-18,1,1,83,999.0,False
2025-01-19,1,1,64,999.0,False
2025-01-20,1,1,79,999.0,False
2025-01-21,1,1,141,999.0,True
2025-01-22,1,1,82,999.0,False
2025-01-23,1,1,84,999.0,False
2025-01-24,1,1,86,999.0,False
2025-01-25,1,1,76,999.0,False
2025-01-26,1,1,85,999.0,True
2025-01-27,1,1,90,999.0,False
2025-01-28,1,1,92,999.0,False
2025-01-29,1,1,91,999.0,False
2025-01-30,1,1,111,999.0,False
2025-01-31,1,1,107,999.0,False
2025-02-01,1,1,73,999.0,False
2025-02-02,1,1,71,999.0,False
2025-02-03,1,1,89,999.0,False
2025-02-04,1,1,106,999.0,False
2025-02-05,1,1,91,999.0,False
2025-02-06,1,1,80,999.0,False
2025-02-07,1,1,111,999.0,False
2025-02-08,1,1,107,999.0,True
2025-02-09,1,1,82,999.0,False
2025-02-10,1,1,103,999.0,False
2025-02-11,1,1,86,999.0,False
2025-02-12,1,1,99,999.0,False
2025-02-13,1,1,98,999.0,False
2025-02-14,1,1,113,999.0,False
2025-02-15,1,1,89,999.0,False
2025-02-16,1,1,77,999.0,False
2025-02-17,1,1,96,999.0,False
2025-02-18,1,1,113,999.0,False
2025-02-19,1,1,91,999.0,False
2025-02-20,1,1,98,999.0,False
2025-02-21,1,1,108,999.0,False
2025-02-22,1,1,73,999.0,False
2025-02-23,1,1,70,999.0,False
2025-02-24,1,1,104,999.0,False
2025-02-25,1,1,94,999.0,False
2025-02-26,1,1,98,999.0,False
2025-02-27,1,1,102,999.0,False
2025-02-28,1,1,77,999.0,False
2025-03-01,1,1,80,999.0,False
2025-03-02,1,1,79,999.0,False
2025-03-03,1,1,103,999.0,False
2025-03-04,1,1,80,999.0,False
2025-03-05,1,1,85,999.0,False
2025-03-06,1,1,92,999.0,False
2025-03-07,1,1,76,999.0,False
2025-03-08,1,1,77,999.0,False
2025-03-09,1,1,89,999.0,False
2025-03-10,1,1,90,999.0,False
2025-03-11,1,1,106,999.0,False
2025-03-12,1,1,99,999.0,False
2025-03-13,1,1,114,999.0,False
2025-03-14,1,1,138,999.0,True
2025-03-15,1,1,82,999.0,False
2025-03-16,1,1,85,999.0,False
2025-03-17,1,1,110,999.0,False
2025-03-18,1,1,120,999.0,False
2025-03-19,1,1,129,999.0,False
2025-03-20,1,1,106,999.0,False
2025-03-21,1,1,132,999.0,True
2025-03-22,1,1,132,999.0,True
2025-03-23,1,1,69,999.0,False
2025-03-24,1,1,121,999.0,False
2025-03-25,1,1,96,999.0,False
2025-03-26,1,1,98,999.0,False
2025-03-27,1,1,110,999.0,False
2025-03-28,1,1,90,999.0,False
2025-03-29,1,1,87,999.0,False
2025-03-30,1,1,83,999.0,False
2025-03-31,1,1,105,999.0,False
2025-04-01,1,1,106,999.0,False
2025-04-02,1,1,73,999.0,False
2025-04-03,1,1,85,999.0,False
2025-04-04,1,1,92,999.0,False
2025-04-05,1,1,94,999.0,True
2025-04-06,1,1,65,999.0,False
2025-04-07,1,1,101,999.0,False
2025-04-08,1,1,115,999.0,False
2025-04-09,1,1,98,999.0,False
2025-04-10,1,1,106,999.0,False
2025-04-11,1,1,108,999.0,False
2025-04-12,1,1,68,999.0,False
2025-04-13,1,1,74,999.0,False
2025-04-14,1,1,113,999.0,False
2025-04-15,1,1,101,999.0,False
2025-04-16,1,1,105,999.0,False
2025-04-17,1,1,113,999.0,False
2025-04-18,1,1,100,999.0,False
2025-04-19,1,1,67,999.0,False
2025-04-20,1,1,77,999.0,False
2025-04-21,1,1,115,999.0,False
2025-04-22,1,1,89,999.0,False
2025-04-23,1,1,106,999.0,False
2025-04-24,1,1,100,999.0,False
2025-04-25,1,1,108,999.0,False
2025-04-26,1,1,92,999.0,False
2025-04-27,1,1,81,999.0,False
2025-04-28,1,1,113,999.0,False
2025-04-29,1,1,108,999.0,False
2025-04-30,1,1,90,999.0,False
2025-05-01,1,1,84,999.0,False
2025-05-02,1,1,102,999.0,False
2025-05-03,1,1,78,999.0,False
2025-05-04,1,1,77,999.0,False
2025-05-05,1,1,108,999.0,False
2025-05-06,1,1,110,999.0,False
2025-05-07,1,1,88,999.0,False
2025-05-08,1,1,96,999.0,False
2025-05-09,1,1,91,999.0,False
2025-05-10,1,1,82,999.0,False
2025-05-11,1,1,70,999.0,False
2025-05-12,1,1,116,999.0,False
2025-05-13,1,1,107,999.0,False
2025-05-14,1,1,123,999.0,False
2025-05-15,1,1,108,999.0,False
2025-05-16,1,1,85,999.0,False
2025-05-17,1,1,90,999.0,False
2025-05-18,1,1,70,999.0,False
2025-05-19,1,1,100,999.0,False
2025-05-20,1,1,185,999.0,False
2025-05-21,1,1,108,999.0,False
2025-05-22,1,1,90,999.0,False
2025-05-23,1,1,110,999.0,False
2025-05-24,1,1,92,999.0,False
2025-05-25,1,1,82,999.0,False
2025-05-26,1,1,100,999.0,False
2025-05-27,1,1,108,999.0,False
2025-05-28,1,1,95,999.0,False
2025-05-29,1,1,88,999.0,False
2025-05-30,1,1,110,999.0,False
2025-05-31,1,1,77,999.0,False
2025-06-01,1,1,68,999.0,False
2025-06-02,1,1,87,999.0,False
2025-06-03,1,1,83,999.0,False
2025-06-04,1,1,102,999.0,False
2025-06-05,1,1,144,999.0,False
2025-06-06,1,1,102,999.0,False
2025-06-07,1,1,82,999.0,False
2025-06-08,1,1,65,999.0,False
2025-06-09,1,1,89,999.0,False
2025-06-10,1,1,85,999.0,False
2025-06-11,1,1,103,999.0,False
2025-06-12,1,1,101,999.0,False
2025-06-13,1,1,98,999.0,False
2025-06-14,1,1,66,999.0,False
2025-06-15,1,1,81,999.0,False
2025-06-16,1,1,95,999.0,False
2025-06-17,1,1,99,999.0,False
2025-06-18,1,1,104,999.0,False
2025-06-19,1,1,102,999.0,False
2025-06-20,1,1,100,999.0,False
2025-06-21,1,1,79,999.0,False
2025-06-22,1,1,90,999.0,False
2025-06-23,1,1,87,999.0,False
2025-06-24,1,1,99,999.0,False
2025-06-25,1,1,82,999.0,False
2025-06-26,1,1,97,999.0,False
2025-06-27,1,1,75,999.0,False
2025-06-28,1,1,78,999.0,False
2025-06-29,1,1,76,999.0,False
2025-06-30,1,1,112,999.0,False
2025-07-01,1,1,92,999.0,False
2025-07-02,1,1,78,999.0,False
2025-07-03,1,1,117,999.0,False
2025-07-04,1,1,112,999.0,False
2025-07-05,1,1,75,999.0,False
2025-07-06,1,1,69,999.0,False
2025-07-07,1,1,96,999.0,False
2025-07-08,1,1,79,999.0,False
2025-07-09,1,1,129,999.0,False
2025-07-10,1,1,90,999.0,False
2025-07-11,1,1,135,999.0,True
2025-07-12,1,1,80,999.0,False
2025-07-13,1,1,73,999.0,False
2025-07-14,1,1,96,999.0,False
2025-07-15,1,1,90,999.0,False
2025-07-16,1,1,97,999.0,False
2025-07-17,1,1,96,999.0,False
2025-07-18,1,1,113,999.0,False
2025-07-19,1,1,82,999.0,False
2025-07-20,1,1,57,999.0,False
2025-07-21,1,1,85,999.0,False
2025-07-22,1,1,90,999.0,False
2025-07-23,1,1,105,999.0,False
2025-07-24,1,1,113,999.0,False
2025-07-25,1,1,86,999.0,False
2025-07-26,1,1,74,999.0,False
2025-07-27,1,1,72,999.0,False
2025-07-28,1,1,103,999.0,False
2025-07-29,1,1,87,999.0,False
2025-07-30,1,1,109,999.0,False
2025-07-31,1,1,101,999.0,False
2025-08-01,1,1,93,999.0,False
2025-08-02,1,1,65,999.0,False
2025-08-03,1,1,66,999.0,False
2025-08-04,1,1,105,999.0,False
2025-08-05,1,1,91,999.0,False
2025-08-06,1,1,84,999.0,False
2025-08-07,1,1,89,999.0,False
2025-08-08,1,1,82,999.0,False
2025-08-09,1,1,68,999.0,False
2025-08-10,1,1,61,999.0,False
2025-08-11,1,1,93,999.0,False
2025-08-12,1,1,80,999.0,False
2025-08-13,1,1,91,999.0,False
2025-08-14,1,1,96,999.0,False
2025-08-15,1,1,76,999.0,False
2025-08-16,1,1,93,999.0,False
2025-08-17,1,1,57,999.0,False
2025-08-18,1,1,89,999.0,False
2025-08-19,1,1,90,999.0,False
2025-08-20,1,1,87,999.0,False
2025-08-21,1,1,95,999.0,False
2025-08-22,1,1,99,999.0,False
2025-08-23,1,1,72,999.0,False
2025-08-24,1,1,67,999.0,False
2025-08-25,1,1,95,999.0,False
2025-08-26,1,1,97,999.0,False
2025-08-27,1,1,82,999.0,False
2025-08-28,1,1,104,999.0,False
2025-08-29,1,1,97,999.0,False
2025-08-30,1,1,73,999.0,False
2025-08-31,1,1,72,999.0,False
2025-09-01,1,1,79,999.0,False
2025-09-02,1,1,95,999.0,False
2025-09-03,1,1,69,999.0,False
2025-09-04,1,1,84,999.0,False
2025-09-05,1,1,89,999.0,False
2025-09-06,1,1,106,999.0,True
2025-09-07,1,1,71,999.0,False
2025-09-08,1,1,78,999.0,False
2025-09-09,1,1,130,999.0,False
2025-09-10,1,1,84,999.0,False
2025-09-11,1,1,82,999.0,False
2025-09-12,1,1,78,999.0,False
2025-09-13,1,1,80,999.0,False
2025-09-14,1,1,73,999.0,False
2025-09-15,1,1,88,999.0,False
2025-09-16,1,1,78,999.0,False
2025-09-17,1,1,92,999.0,False
2025-09-18,1,1,99,999.0,True
2025-09-19,1,1,74,999.0,False
2025-09-20,1,1,61,999.0,False
2025-09-21,1,1,134,999.0,False
2025-09-22,1,1,87,999.0,False
2025-09-23,1,1,91,999.0,False
2025-09-24,1,1,92,999.0,False
2025-09-25,1,1,61,999.0,False
2025-09-26,1,1,84,999.0,False
2025-09-27,1,1,75,999.0,False
2025-09-28,1,1,68,999.0,False
2025-09-29,1,1,78,999.0,False
2025-09-30,1,1,72,999.0,False
2025-10-01,1,1,97,999.0,False
2025-10-02,1,1,86,999.0,False
2025-10-03,1,1,79,999.0,False
2025-10-04,1,1,59,999.0,False
2025-10-05,1,1,55,999.0,False
2025-10-06,1,1,78,999.0,False
2025-10-07,1,1,88,999.0,False
2025-10-08,1,1,88,999.0,False
2025-10-09,1,1,76,999.0,False
2025-10-10,1,1,87,999.0,False
2025-10-11,1,1,85,999.0,True
2025-10-12,1,1,67,999.0,False
2025-10-13,1,1,119,999.0,True
2025-10-14,1,1,74,999.0,False
2025-10-15,1,1,88,999.0,False
2025-10-16,1,1,87,999.0,False
2025-10-17,1,1,116,999.0,True
2025-10-18,1,1,62,999.0,False
2025-10-19,1,1,98,999.0,True
2025-10-20,1,1,87,999.0,False
2025-10-21,1,1,85,999.0,False
2025-10-22,1,1,82,999.0,False
2025-10-23,1,1,88,999.0,False
2025-10-24,1,1,85,999.0,False
2025-10-25,1,1,71,999.0,False
2025-10-26,1,1,72,999.0,False
2025-10-27,1,1,100,999.0,False
2025-10-28,1,1,80,999.0,False
2025-10-29,1,1,86,999.0,False
2025-10-30,1,1,86,999.0,False
2025-10-31,1,1,91,999.0,False
2025-11-01,1,1,65,999.0,False
2025-11-02,1,1,73,999.0,False
2025-11-03,1,1,94,999.0,False
2025-11-04,1,1,79,999.0,False
2025-11-05,1,1,93,999.0,False
2025-11-06,1,1,75,999.0,False
2025-11-07,1,1,92,999.0,False
2025-11-08,1,1,74,999.0,False
2025-11-09,1,1,88,999.0,False
2025-11-10,1,1,93,999.0,False
2025-11-11,1,1,82,999.0,False
2025-11-12,1,1,103,999.0,False
2025-11-13,1,1,85,999.0,False
2025-11-14,1,1,87,999.0,False
2025-11-15,1,1,66,999.0,False
2025-11-16,1,1,67,999.0,False
2025-11-17,1,1,76,999.0,False
2025-11-18,1,1,69,999.0,False
2025-11-19,1,1,91,999.0,False
2025-11-20,1,1,97,999.0,False
2025-11-21,1,1,83,999.0,False
2025-11-22,1,1,70,999.0,False
2025-11-23,1,1,74,999.0,False
2025-11-24,1,1,95,999.0,False
2025-11-25,1,1,101,999.0,False
2025-11-26,1,1,81,999.0,False
2025-11-27,1,1,83,999.0,False
2025-11-28,1,1,81,999.0,False
2025-11-29,1,1,72,999.0,False
2025-11-30,1,1,72,999.0,False
2025-12-01,1,1,92,999.0,False
2025-12-02,1,1,96,999.0,False
2025-12-03,1,1,92,999.0,False
2025-12-04,1,1,111,999.0,False
2025-12-05,1,1,101,999.0,False
2025-12-06,1,1,69,999.0,False
2025-12-07,1,1,69,999.0,False
2025-12-08,1,1,94,999.0,False
2025-12-09,1,1,88,999.0,False
2025-12-10,1,1,85,999.0,False
2025-12-11,1,1,100,999.0,False
2025-12-12,1,1,91,999.0,False
2025-12-13,1,1,64,999.0,False
2025-12-14,1,1,74,999.0,False
2025-12-15,1,1,85,999.0,False
2025-12-16,1,1,103,999.0,False
2025-12-17,1,1,103,999.0,False
2025-12-18,1,1,85,999.0,False
2025-12-19,1,1,82,999.0,False
2025-12-20,1,1,74,999.0,False
2025-12-21,1,1,75,999.0,False
2025-12-22,1,1,111,999.0,False
2025-12-23,1,1,82,999.0,False
2025-12-24,1,1,90,999.0,False
2025-12-25,1,1,96,999.0,False
2025-12-26,1,1,82,999.0,False
2025-12-27,1,1,58,999.0,False
2025-12-28,1,1,70,999.0,False
2025-12-29,1,1,90,999.0,False
2025-12-30,1,1,101,999.0,False
2025-12-31,1,1,95,999.0,False
2024-01-01,1,2,80,999.0,False
2024-01-02,1,2,66,999.0,False
2024-01-03,1,2,72,999.0,False
2024-01-04,1,2,73,999.0,False
2024-01-05,1,2,93,999.0,True
2024-01-06,1,2,60,999.0,False
2024-01-07,1,2,59,999.0,False
2024-01-08,1,2,84,999.0,False
2024-01-09,1,2,72,999.0,False
2024-01-10,1,2,70,999.0,False
2024-01-11,1,2,63,999.0,False
2024-01-12,1,2,82,999.0,True
2024-01-13,1,2,63,999.0,False
2024-01-14,1,2,61,999.0,False
2024-01-15,1,2,64,999.0,False
2024-01-16,1,2,81,999.0,False
2024-01-17,1,2,67,999.0,False
2024-01-18,1,2,76,999.0,False
2024-01-19,1,2,71,999.0,False
2024-01-20,1,2,59,999.0,False
2024-01-21,1,2,62,999.0,False
2024-01-22,1,2,63,999.0,False
2024-01-23,1,2,58,999.0,False
2024-01-24,1,2,81,999.0,False
2024-01-25,1,2,75,999.0,False
2024-01-26,1,2,80,999.0,False
2024-01-27,1,2,63,999.0,False
2024-01-28,1,2,63,999.0,False
2024-01-29,1,2,82,999.0,True
2024-01-30,1,2,66,999.0,False
2024-01-31,1,2,76,999.0,False
2024-02-01,1,2,77,999.0,False
2024-02-02,1,2,83,999.0,False
2024-02-03,1,2,60,999.0,False
2024-02-04,1,2,58,999.0,False
2024-02-05,1,2,74,999.0,False
2024-02-06,1,2,85,999.0,False
2024-02-07,1,2,80,999.0,False
2024-02-08,1,2,78,999.0,False
2024-02-09,1,2,79,999.0,True
2024-02-10,1,2,88,999.0,True
2024-02-11,1,2,65,999.0,False
2024-02-12,1,2,102,999.0,False
2024-02-13,1,2,75,999.0,False
2024-02-14,1,2,82,999.0,False
2024-02-15,1,2,76,999.0,False
2024-02-16,1,2,60,999.0,False
2024-02-17,1,2,67,999.0,False
2024-02-18,1,2,54,999.0,False
2024-02-19,1,2,96,999.0,False
2024-02-20,1,2,74,999.0,False
2024-02-21,1,2,68,999.0,False
2024-02-22,1,2,89,999.0,False
2024-02-23,1,2,81,999.0,False
2024-02-24,1,2,59,999.0,False
2024-02-25,1,2,51,999.0,False
2024-02-26,1,2,72,999.0,False
2024-02-27,1,2,85,999.0,False
2024-02-28,1,2,82,999.0,False
2024-02-29,1,2,94,999.0,True
2024-03-01,1,2,74,999.0,False
2024-03-02,1,2,68,999.0,False
2024-03-03,1,2,57,999.0,False
2024-03-04,1,2,77,999.0,False
2024-03-05,1,2,72,999.0,False
2024-03-06,1,2,68,999.0,False
2024-03-07,1,2,74,999.0,False
2024-03-08,1,2,61,999.0,False
2024-03-09,1,2,72,999.0,False
2024-03-10,1,2,69,999.0,False
2024-03-11,1,2,79,999.0,False
2024-03-12,1,2,88,999.0,False
2024-03-13,1,2,78,999.0,False
2024-03-14,1,2,66,999.0,False
2024-03-15,1,2,87,999.0,False
2024-03-16,1,2,66,999.0,False
2024-03-17,1,2,97,999.0,True
2024-03-18,1,2,86,999.0,False
2024-03-19,1,2,76,999.0,False
2024-03-20,1,2,76,999.0,False
2024-03-21,1,2,75,999.0,False
2024-03-22,1,2,70,999.0,False
2024-03-23,1,2,55,999.0,False
2024-03-24,1,2,59,999.0,False
2024-03-25,1,2,80,999.0,False
2024-03-26,1,2,82,999.0,False
2024-03-27,1,2,80,999.0,False
2024-03-28,1,2,161,999.0,False
2024-03-29,1,2,112,999.0,True
2024-03-30,1,2,63,999.0,False
2024-03-31,1,2,62,999.0,False
2024-04-01,1,2,87,999.0,False
2024-04-02,1,2,98,999.0,False
2024-04-03,1,2,98,999.0,True
2024-04-04,1,2,89,999.0,False
2024-04-05,1,2,88,999.0,False
2024-04-06,1,2,85,999.0,True
2024-04-07,1,2,90,999.0,True
2024-04-08,1,2,81,999.0,False
2024-04-09,1,2,67,999.0,False
2024-04-10,1,2,79,999.0,False
2024-04-11,1,2,138,999.0,False
2024-04-12,1,2,76,999.0,False
2024-04-13,1,2,65,999.0,False
2024-04-14,1,2,70,999.0,False
2024-04-15,1,2,86,999.0,False
2024-04-16,1,2,84,999.0,False
2024-04-17,1,2,80,999.0,False
2024-04-18,1,2,97,999.0,False
2024-04-19,1,2,67,999.0,False
2024-04-20,1,2,50,999.0,False
2024-04-21,1,2,50,999.0,False
2024-04-22,1,2,93,999.0,False
2024-04-23,1,2,92,999.0,False
2024-04-24,1,2,73,999.0,False
2024-04-25,1,2,66,999.0,False
2024-04-26,1,2,86,999.0,False
2024-04-27,1,2,63,999.0,False
2024-04-28,1,2,57,999.0,False
2024-04-29,1,2,73,999.0,False
2024-04-30,1,2,84,999.0,False
2024-05-01,1,2,81,999.0,False
2024-05-02,1,2,85,999.0,False
2024-05-03,1,2,84,999.0,False
2024-05-04,1,2,57,999.0,False
2024-05-05,1,2,50,999.0,False
2024-05-06,1,2,91,999.0,False
2024-05-07,1,2,89,999.0,False
2024-05-08,1,2,78,999.0,False
2024-05-09,1,2,67,999.0,False
2024-05-10,1,2,77,999.0,False
2024-05-11,1,2,62,999.0,False
2024-05-12,1,2,73,999.0,False
2024-05-13,1,2,92,999.0,False
2024-05-14,1,2,79,999.0,False
2024-05-15,1,2,74,999.0,False
2024-05-16,1,2,72,999.0,False
2024-05-17,1,2,89,999.0,False
2024-05-18,1,2,70,999.0,False
2024-05-19,1,2,67,999.0,False
2024-05-20,1,2,79,999.0,False
2024-05-21,1,2,92,999.0,False
2024-05-22,1,2,76,999.0,False
2024-05-23,1,2,72,999.0,False
2024-05-24,1,2,90,999.0,False
2024-05-25,1,2,98,999.0,False
2024-05-26,1,2,65,999.0,False
2024-05-27,1,2,77,999.0,False
2024-05-28,1,2,81,999.0,False
2024-05-29,1,2,80,999.0,False
2024-05-30,1,2,92,999.0,False
2024-05-31,1,2,78,999.0,False
2024-06-01,1,2,64,999.0,False
2024-06-02,1,2,68,999.0,False
2024-06-03,1,2,72,999.0,False
2024-06-04,1,2,64,999.0,False
2024-06-05,1,2,63,999.0,False
2024-06-06,1,2,77,999.0,False
2024-06-07,1,2,85,999.0,False
2024-06-08,1,2,63,999.0,False
2024-06-09,1,2,54,999.0,False
2024-06-10,1,2,79,999.0,False
2024-06-11,1,2,55,999.0,False
2024-06-12,1,2,77,999.0,False
2024-06-13,1,2,69,999.0,False
2024-06-14,1,2,78,999.0,False
2024-06-15,1,2,54,999.0,False
2024-06-16,1,2,50,999.0,False
2024-06-17,1,2,75,999.0,False
2024-06-18,1,2,92,999.0,False
2024-06-19,1,2,68,999.0,False
2024-06-20,1,2,77,999.0,False
2024-06-21,1,2,76,999.0,False
2024-06-22,1,2,55,999.0,False
2024-06-23,1,2,50,999.0,False
2024-06-24,1,2,129,999.0,True
2024-06-25,1,2,97,999.0,True
2024-06-26,1,2,79,999.0,False
2024-06-27,1,2,83,999.0,False
2024-06-28,1,2,84,999.0,False
2024-06-29,1,2,57,999.0,False
2024-06-30,1,2,56,999.0,False
2024-07-01,1,2,80,999.0,False
2024-07-02,1,2,78,999.0,False
2024-07-03,1,2,105,999.0,True
2024-07-04,1,2,78,999.0,False
2024-07-05,1,2,69,999.0,False
2024-07-06,1,2,60,999.0,False
2024-07-07,1,2,58,999.0,False
2024-07-08,1,2,85,999.0,False
2024-07-09,1,2,70,999.0,False
2024-07-10,1,2,70,999.0,False
2024-07-11,1,2,78,999.0,False
2024-07-12,1,2,81,999.0,False
2024-07-13,1,2,53,999.0,False
2024-07-14,1,2,70,999.0,False
2024-07-15,1,2,69,999.0,False
2024-07-16,1,2,101,999.0,False
2024-07-17,1,2,80,999.0,False
2024-07-18,1,2,117,999.0,False
2024-07-19,1,2,74,999.0,False
2024-07-20,1,2,69,999.0,False
2024-07-21,1,2,53,999.0,False
2024-07-22,1,2,67,999.0,False
2024-07-23,1,2,78,999.0,False
2024-07-24,1,2,75,999.0,False
2024-07-25,1,2,79,999.0,False
2024-07-26,1,2,66,999.0,False
2024-07-27,1,2,63,999.0,False
2024-07-28,1,2,96,999.0,True
2024-07-29,1,2,124,999.0,False
2024-07-30,1,2,68,999.0,False
2024-07-31,1,2,68,999.0,False
2024-08-01,1,2,62,999.0,False
2024-08-02,1,2,71,999.0,False
2024-08-03,1,2,51,999.0,False
2024-08-04,1,2,56,999.0,False
2024-08-05,1,2,67,999.0,False
2024-08-06,1,2,73,999.0,False
2024-08-07,1,2,79,999.0,False
2024-08-08,1,2,74,999.0,False
2024-08-09,1,2,68,999.0,False
2024-08-10,1,2,55,999.0,False
2024-08-11,1,2,52,999.0,False
2024-08-12,1,2,78,999.0,False
2024-08-13,1,2,76,999.0,False
2024-08-14,1,2,78,999.0,False
2024-08-15,1,2,71,999.0,False
2024-08-16,1,2,62,999.0,False
2024-08-17,1,2,66,999.0,False
2024-08-18,1,2,57,999.0,False
2024-08-19,1,2,84,999.0,False
2024-08-20,1,2,66,999.0,False
2024-08-21,1,2,66,999.0,False
2024-08-22,1,2,76,999.0,False
2024-08-23,1,2,69,999.0,False
2024-08-24,1,2,62,999.0,False
2024-08-25,1,2,40,999.0,False
2024-08-26,1,2,68,999.0,False
2024-08-27,1,2,80,999.0,False
2024-08-28,1,2,70,999.0,False
2024-08-29,1,2,74,999.0,False
2024-08-30,1,2,63,999.0,False
2024-08-31,1,2,53,999.0,False
2024-09-01,1,2,48,999.0,False
2024-09-02,1,2,69,999.0,False
2024-09-03,1,2,68,999.0,False
2024-09-04,1,2,68,999.0,False
2024-09-05,1,2,80,999.0,True
2024-09-06,1,2,68,999.0,False
2024-09-07,1,2,54,999.0,False
2024-09-08,1,2,46,999.0,False
2024-09-09,1,2,64,999.0,False
2024-09-10,1,2,79,999.0,False
2024-09-11,1,2,59,999.0,False
2024-09-12,1,2,70,999.0,False
2024-09-13,1,2,78,999.0,False
2024-09-14,1,2,53,999.0,False
2024-09-15,1,2,49,999.0,False
2024-09-16,1,2,139,999.0,False
2024-09-17,1,2,82,999.0,False
2024-09-18,1,2,65,999.0,False
2024-09-19,1,2,66,999.0,False
2024-09-20,1,2,66,999.0,False
2024-09-21,1,2,59,999.0,False
2024-09-22,1,2,59,999.0,False
2024-09-23,1,2,65,999.0,False
2024-09-24,1,2,78,999.0,False
2024-09-25,1,2,67,999.0,False
2024-09-26,1,2,73,999.0,False
2024-09-27,1,2,70,999.0,False
2024-09-28,1,2,47,999.0,False
2024-09-29,1,2,56,999.0,False
2024-09-30,1,2,63,999.0,False
2024-10-01,1,2,66,999.0,False
2024-10-02,1,2,69,999.0,False
2024-10-03,1,2,71,999.0,False
2024-10-04,1,2,74,999.0,False
2024-10-05,1,2,52,999.0,False
2024-10-06,1,2,50,999.0,False
2024-10-07,1,2,65,999.0,False
2024-10-08,1,2,84,999.0,False
2024-10-09,1,2,67,999.0,False
2024-10-10,1,2,81,999.0,False
2024-10-11,1,2,69,999.0,False
2024-10-12,1,2,84,999.0,True
2024-10-13,1,2,46,999.0,False
2024-10-14,1,2,60,999.0,False
2024-10-15,1,2,64,999.0,False
2024-10-16,1,2,61,999.0,False
2024-10-17,1,2,76,999.0,False
2024-10-18,1,2,62,999.0,False
2024-10-19,1,2,60,999.0,False
2024-10-20,1,2,84,999.0,True
2024-10-21,1,2,121,999.0,False
2024-10-22,1,2,68,999.0,False
2024-10-23,1,2,69,999.0,False
2024-10-24,1,2,73,999.0,False
2024-10-25,1,2,63,999.0,False
2024-10-26,1,2,46,999.0,False
2024-10-27,1,2,56,999.0,False
2024-10-28,1,2,71,999.0,False
2024-10-29,1,2,63,999.0,False
2024-10-30,1,2,87,999.0,False
2024-10-31,1,2,60,999.0,False
2024-11-01,1,2,72,999.0,False
2024-11-02,1,2,105,999.0,False
2024-11-03,1,2,56,999.0,False
2024-11-04,1,2,81,999.0,False
2024-11-05,1,2,62,999.0,False
2024-11-06,1,2,64,999.0,False
2024-11-07,1,2,67,999.0,False
2024-11-08,1,2,68,999.0,False
2024-11-09,1,2,57,999.0,False
2024-11-10,1,2,49,999.0,False
2024-11-11,1,2,60,999.0,False
2024-11-12,1,2,75,999.0,False
2024-11-13,1,2,57,999.0,False
2024-11-14,1,2,73,999.0,False
2024-11-15,1,2,58,999.0,False
2024-11-16,1,2,57,999.0,False
2024-11-17,1,2,50,999.0,False
2024-11-18,1,2,59,999.0,False
2024-11-19,1,2,61,999.0,False
2024-11-20,1,2,60,999.0,False
2024-11-21,1,2,66,999.0,False
2024-11-22,1,2,67,999.0,False
2024-11-23,1,2,52,999.0,False
2024-11-24,1,2,59,999.0,False
2024-11-25,1,2,68,999.0,False
2024-11-26,1,2,76,999.0,False
2024-11-27,1,2,77,999.0,False
2024-11-28,1,2,79,999.0,False
2024-11-29,1,2,56,999.0,False
2024-11-30,1,2,49,999.0,False
2024-12-01,1,2,49,999.0,False
2024-12-02,1,2,68,999.0,False
2024-12-03,1,2,78,999.0,False
2024-12-04,1,2,79,999.0,False
2024-12-05,1,2,63,999.0,False
2024-12-06,1,2,117,999.0,False
2024-12-07,1,2,51,999.0,False
2024-12-08,1,2,57,999.0,False
2024-12-09,1,2,62,999.0,False
2024-12-10,1,2,74,999.0,False
2024-12-11,1,2,65,999.0,False
2024-12-12,1,2,64,999.0,False
2024-12-13,1,2,68,999.0,False
2024-12-14,1,2,56,999.0,False
2024-12-15,1,2,62,999.0,False
2024-12-16,1,2,91,999.0,True
2024-12-17,1,2,57,999.0,False
2024-12-18,1,2,84,999.0,False
2024-12-19,1,2,81,999.0,False
2024-12-20,1,2,62,999.0,False
2024-12-21,1,2,50,999.0,False
2024-12-22,1,2,80,999.0,True
2024-12-23,1,2,75,999.0,False
2024-12-24,1,2,73,999.0,False
2024-12-25,1,2,78,999.0,False
2024-12-26,1,2,75,999.0,False
2024-12-27,1,2,64,999.0,False
2024-12-28,1,2,60,999.0,False
2024-12-29,1,2,91,999.0,True
2024-12-30,1,2,80,999.0,False
2024-12-31,1,2,69,999.0,False
2025-01-01,1,2,82,999.0,False
2025-01-02,1,2,76,999.0,False
2025-01-03,1,2,76,999.0,False
2025-01-04,1,2,57,999.0,False
2025-01-05,1,2,58,999.0,False
2025-01-06,1,2,63,999.0,False
2025-01-07,1,2,88,999.0,False
2025-01-08,1,2,74,999.0,False
2025-01-09,1,2,80,999.0,False
2025-01-10,1,2,79,999.0,False
2025-01-11,1,2,57,999.0,False
2025-01-12,1,2,66,999.0,False
2025-01-13,1,2,129,999.0,False
2025-01-14,1,2,69,999.0,False
2025-01-15,1,2,76,999.0,False
2025-01-16,1,2,77,999.0,False
2025-01-17,1,2,78,999.0,True
2025-01-18,1,2,63,999.0,False
2025-01-19,1,2,103,999.0,False
2025-01-20,1,2,106,999.0,False
2025-01-21,1,2,72,999.0,False
2025-01-22,1,2,68,999.0,False
2025-01-23,1,2,68,999.0,False
2025-01-24,1,2,69,999.0,False
2025-01-25,1,2,56,999.0,False
2025-01-26,1,2,55,999.0,False
2025-01-27,1,2,66,999.0,False
2025-01-28,1,2,73,999.0,False
2025-01-29,1,2,75,999.0,False
2025-01-30,1,2,77,999.0,False
2025-01-31,1,2,76,999.0,False
2025-02-01,1,2,90,999.0,True
2025-02-02,1,2,69,999.0,False
2025-02-03,1,2,83,999.0,False
2025-02-04,1,2,95,999.0,False
2025-02-05,1,2,91,999.0,False
2025-02-06,1,2,69,999.0,False
2025-02-07,1,2,80,999.0,False
2025-02-08,1,2,74,999.0,False
2025-02-09,1,2,60,999.0,False
2025-02-10,1,2,92,999.0,True
2025-02-11,1,2,67,999.0,False
2025-02-12,1,2,85,999.0,False
2025-02-13,1,2,82,999.0,False
2025-02-14,1,2,86,999.0,False
2025-02-15,1,2,54,999.0,False
2025-02-16,1,2,75,999.0,False
2025-02-17,1,2,91,999.0,False
2025-02-18,1,2,77,999.0,False
2025-02-19,1,2,69,999.0,False
2025-02-20,1,2,78,999.0,False
2025-02-21,1,2,76,999.0,False
2025-02-22,1,2,70,999.0,False
2025-02-23,1,2,67,999.0,False
2025-02-24,1,2,78,999.0,False
2025-02-25,1,2,77,999.0,False
2025-02-26,1,2,79,999.0,False
2025-02-27,1,2,78,999.0,False
2025-02-28,1,2,90,999.0,False
2025-03-01,1,2,66,999.0,False
2025-03-02,1,2,67,999.0,False
2025-03-03,1,2,134,999.0,True
2025-03-04,1,2,86,999.0,False
2025-03-05,1,2,82,999.0,False
2025-03-06,1,2,109,999.0,False
2025-03-07,1,2,75,999.0,False
2025-03-08,1,2,56,999.0,False
2025-03-09,1,2,75,999.0,False
2025-03-10,1,2,86,999.0,False
2025-03-11,1,2,90,999.0,False
2025-03-12,1,2,76,999.0,False
2025-03-13,1,2,81,999.0,False
2025-03-14,1,2,77,999.0,False
2025-03-15,1,2,60,999.0,False
2025-03-16,1,2,57,999.0,False
2025-03-17,1,2,90,999.0,False
2025-03-18,1,2,86,999.0,False
2025-03-19,1,2,89,999.0,False
2025-03-20,1,2,81,999.0,False
2025-03-21,1,2,89,999.0,False
2025-03-22,1,2,70,999.0,False
2025-03-23,1,2,67,999.0,False
2025-03-24,1,2,78,999.0,False
2025-03-25,1,2,84,999.0,False
2025-03-26,1,2,88,999.0,False
2025-03-27,1,2,82,999.0,False
2025-03-28,1,2,74,999.0,False
2025-03-29,1,2,61,999.0,False
2025-03-30,1,2,76,999.0,False
2025-03-31,1,2,103,999.0,False
2025-04-01,1,2,69,999.0,False
2025-04-02,1,2,104,999.0,False
2025-04-03,1,2,84,999.0,False
2025-04-04,1,2,96,999.0,False
2025-04-05,1,2,84,999.0,True
2025-04-06,1,2,53,999.0,False
2025-04-07,1,2,78,999.0,False
2025-04-08,1,2,87,999.0,False
2025-04-09,1,2,93,999.0,False
2025-04-10,1,2,84,999.0,False
2025-04-11,1,2,89,999.0,False
2025-04-12,1,2,61,999.0,False
2025-04-13,1,2,57,999.0,False
2025-04-14,1,2,86,999.0,False
2025-04-15,1,2,98,999.0,False
2025-04-16,1,2,82,999.0,False
2025-04-17,1,2,81,999.0,False
2025-04-18,1,2,96,999.0,False
2025-04-19,1,2,70,999.0,False
2025-04-20,1,2,64,999.0,False
2025-04-21,1,2,84,999.0,False
2025-04-22,1,2,80,999.0,False
2025-04-23,1,2,71,999.0,False
2025-04-24,1,2,69,999.0,False
2025-04-25,1,2,88,999.0,False
2025-04-26,1,2,57,999.0,False
2025-04-27,1,2,70,999.0,False
2025-04-28,1,2,79,999.0,False
2025-04-29,1,2,80,999.0,False
2025-04-30,1,2,74,999.0,False
2025-05-01,1,2,94,999.0,False
2025-05-02,1,2,67,999.0,False
2025-05-03,1,2,60,999.0,False
2025-05-04,1,2,58,999.0,False
2025-05-05,1,2,76,999.0,False
2025-05-06,1,2,125,999.0,False
2025-05-07,1,2,82,999.0,False
2025-05-08,1,2,113,999.0,True
2025-05-09,1,2,95,999.0,True
2025-05-10,1,2,67,999.0,False
2025-05-11,1,2,71,999.0,False
2025-05-12,1,2,95,999.0,False
2025-05-13,1,2,86,999.0,False
2025-05-14,1,2,89,999.0,False
2025-05-15,1,2,122,999.0,True
2025-05-16,1,2,78,999.0,False
2025-05-17,1,2,60,999.0,False
2025-05-18,1,2,83,999.0,False
2025-05-19,1,2,91,999.0,False
2025-05-20,1,2,81,999.0,False
2025-05-21,1,2,90,999.0,False
2025-05-22,1,2,82,999.0,False
2025-05-23,1,2,68,999.0,False
2025-05-24,1,2,67,999.0,False
2025-05-25,1,2,73,999.0,False
2025-05-26,1,2,91,999.0,False
2025-05-27,1,2,72,999.0,False
2025-05-28,1,2,92,999.0,False
2025-05-29,1,2,87,999.0,False
2025-05-30,1,2,86,999.0,False
2025-05-31,1,2,74,999.0,False
2025-06-01,1,2,154,999.0,True
2025-06-02,1,2,93,999.0,False
2025-06-03,1,2,106,999.0,True
2025-06-04,1,2,72,999.0,False
2025-06-05,1,2,78,999.0,False
2025-06-06,1,2,83,999.0,False
2025-06-07,1,2,58,999.0,False
2025-06-08,1,2,65,999.0,False
2025-06-09,1,2,76,999.0,False
2025-06-10,1,2,77,999.0,False
2025-06-11,1,2,82,999.0,False
2025-06-12,1,2,88,999.0,False
2025-06-13,1,2,79,999.0,False
2025-06-14,1,2,68,999.0,False
2025-06-15,1,2,56,999.0,False
2025-06-16,1,2,79,999.0,False
2025-06-17,1,2,83,999.0,False
2025-06-18,1,2,78,999.0,False
2025-06-19,1,2,80,999.0,False
2025-06-20,1,2,81,999.0,False
2025-06-21,1,2,80,999.0,False
2025-06-22,1,2,67,999.0,False
2025-06-23,1,2,78,999.0,False
2025-06-24,1,2,71,999.0,False
2025-06-25,1,2,84,999.0,False
2025-06-26,1,2,71,999.0,False
2025-06-27,1,2,72,999.0,False
2025-06-28,1,2,65,999.0,False
2025-06-29,1,2,57,999.0,False
2025-06-30,1,2,70,999.0,False
2025-07-01,1,2,68,999.0,False
2025-07-02,1,2,79,999.0,False
2025-07-03,1,2,79,999.0,False
2025-07-04,1,2,77,999.0,False
2025-07-05,1,2,59,999.0,False
2025-07-06,1,2,52,999.0,False
2025-07-07,1,2,82,999.0,False
2025-07-08,1,2,91,999.0,False
2025-07-09,1,2,82,999.0,False
2025-07-10,1,2,75,999.0,False
2025-07-11,1,2,65,999.0,False
2025-07-12,1,2,51,999.0,False
2025-07-13,1,2,57,999.0,False
2025-07-14,1,2,75,999.0,False
2025-07-15,1,2,79,999.0,False
2025-07-16,1,2,75,999.0,False
2025-07-17,1,2,77,999.0,False
2025-07-18,1,2,66,999.0,False
2025-07-19,1,2,54,999.0,False
2025-07-20,1,2,67,999.0,False
2025-07-21,1,2,86,999.0,False
2025-07-22,1,2,89,999.0,False
2025-07-23,1,2,71,999.0,False
2025-07-24,1,2,77,999.0,False
2025-07-25,1,2,77,999.0,False
2025-07-26,1,2,75,999.0,False
2025-07-27,1,2,60,999.0,False
2025-07-28,1,2,85,999.0,False
2025-07-29,1,2,87,999.0,False
2025-07-30,1,2,74,999.0,False
2025-07-31,1,2,70,999.0,False
2025-08-01,1,2,66,999.0,False
2025-08-02,1,2,59,999.0,False
2025-08-03,1,2,59,999.0,False
2025-08-04,1,2,106,999.0,True
2025-08-05,1,2,71,999.0,False
2025-08-06,1,2,69,999.0,False
2025-08-07,1,2,82,999.0,False
2025-08-08,1,2,66,999.0,False
2025-08-09,1,2,61,999.0,False
2025-08-10,1,2,56,999.0,False
2025-08-11,1,2,75,999.0,False
2025-08-12,1,2,90,999.0,False
2025-08-13,1,2,71,999.0,False
2025-08-14,1,2,82,999.0,False
2025-08-15,1,2,78,999.0,False
2025-08-16,1,2,57,999.0,False
2025-08-17,1,2,56,999.0,False
2025-08-18,1,2,76,999.0,False
2025-08-19,1,2,67,999.0,False
2025-08-20,1,2,78,999.0,False
2025-08-21,1,2,64,999.0,False
2025-08-22,1,2,78,999.0,False
2025-08-23,1,2,70,999.0,False
2025-08-24,1,2,78,999.0,True
2025-08-25,1,2,63,999.0,False
2025-08-26,1,2,96,999.0,True
2025-08-27,1,2,115,999.0,True
2025-08-28,1,2,78,999.0,False
2025-08-29,1,2,71,999.0,False
2025-08-30,1,2,112,999.0,False
2025-08-31,1,2,54,999.0,False
2025-09-01,1,2,74,999.0,False
2025-09-02,1,2,94,999.0,True
2025-09-03,1,2,70,999.0,False
2025-09-04,1,2,65,999.0,False
2025-09-05,1,2,68,999.0,False
2025-09-06,1,2,60,999.0,False
2025-09-07,1,2,61,999.0,False
2025-09-08,1,2,59,999.0,False
2025-09-09,1,2,87,999.0,False
2025-09-10,1,2,62,999.0,False
2025-09-11,1,2,75,999.0,False
2025-09-12,1,2,69,999.0,False
2025-09-13,1,2,51,999.0,False
2025-09-14,1,2,60,999.0,False
2025-09-15,1,2,81,999.0,False
2025-09-16,1,2,75,999.0,False
2025-09-17,1,2,65,999.0,False
2025-09-18,1,2,78,999.0,False
2025-09-19,1,2,66,999.0,False
2025-09-20,1,2,75,999.0,True
2025-09-21,1,2,54,999.0,False
2025-09-22,1,2,78,999.0,False
2025-09-23,1,2,103,999.0,True
2025-09-24,1,2,72,999.0,False
2025-09-25,1,2,70,999.0,False
2025-09-26,1,2,73,999.0,False
2025-09-27,1,2,45,999.0,False
2025-09-28,1,2,69,999.0,True
2025-09-29,1,2,74,999.0,False
2025-09-30,1,2,67,999.0,False
2025-10-01,1,2,77,999.0,False
2025-10-02,1,2,61,999.0,False
2025-10-03,1,2,68,999.0,False
2025-10-04,1,2,49,999.0,False
2025-10-05,1,2,60,999.0,False
2025-10-06,1,2,65,999.0,False
2025-10-07,1,2,73,999.0,False
2025-10-08,1,2,85,999.0,True
2025-10-09,1,2,86,999.0,False
2025-10-10,1,2,73,999.0,False
2025-10-11,1,2,66,999.0,False
2025-10-12,1,2,58,999.0,False
2025-10-13,1,2,64,999.0,False
2025-10-14,1,2,56,999.0,False
2025-10-15,1,2,56,999.0,False
2025-10-16,1,2,113,999.0,False
2025-10-17,1,2,78,999.0,False
2025-10-18,1,2,56,999.0,False
2025-10-19,1,2,54,999.0,False
2025-10-20,1,2,73,999.0,False
2025-10-21,1,2,81,999.0,False
2025-10-22,1,2,62,999.0,False
2025-10-23,1,2,73,999.0,False
2025-10-24,1,2,76,999.0,False
2025-10-25,1,2,49,999.0,False
2025-10-26,1,2,79,999.0,False
2025-10-27,1,2,75,999.0,False
2025-10-28,1,2,62,999.0,False
2025-10-29,1,2,65,999.0,False
2025-10-30,1,2,72,999.0,False
2025-10-31,1,2,80,999.0,False
2025-11-01,1,2,58,999.0,False
2025-11-02,1,2,61,999.0,False
2025-11-03,1,2,82,999.0,False
2025-11-04,1,2,79,999.0,False
2025-11-05,1,2,77,999.0,False
2025-11-06,1,2,66,999.0,False
2025-11-07,1,2,70,999.0,False
2025-11-08,1,2,58,999.0,False
2025-11-09,1,2,53,999.0,False
2025-11-10,1,2,69,999.0,False
2025-11-11,1,2,53,999.0,False
2025-11-12,1,2,68,999.0,False
2025-11-13,1,2,66,999.0,False
2025-11-14,1,2,68,999.0,False
2025-11-15,1,2,63,999.0,False
2025-11-16,1,2,54,999.0,False
2025-11-17,1,2,70,999.0,False
2025-11-18,1,2,66,999.0,False
2025-11-19,1,2,71,999.0,False
2025-11-20,1,2,74,999.0,False
2025-11-21,1,2,72,999.0,False
2025-11-22,1,2,93,999.0,False
2025-11-23,1,2,53,999.0,False
2025-11-24,1,2,66,999.0,False
2025-11-25,1,2,94,999.0,True
2025-11-26,1,2,75,999.0,False
2025-11-27,1,2,84,999.0,False
2025-11-28,1,2,79,999.0,False
2025-11-29,1,2,57,999.0,False
2025-11-30,1,2,54,999.0,False
2025-12-01,1,2,74,999.0,False
2025-12-02,1,2,77,999.0,False
2025-12-03,1,2,77,999.0,False
2025-12-04,1,2,66,999.0,False
2025-12-05,1,2,67,999.0,False
2025-12-06,1,2,56,999.0,False
2025-12-07,1,2,60,999.0,False
2025-12-08,1,2,70,999.0,False
2025-12-09,1,2,78,999.0,False
2025-12-10,1,2,80,999.0,False
2025-12-11,1,2,66,999.0,False
2025-12-12,1,2,58,999.0,False
2025-12-13,1,2,55,999.0,False
2025-12-14,1,2,60,999.0,False
2025-12-15,1,2,80,999.0,False
2025-12-16,1,2,79,999.0,False
2025-12-17,1,2,76,999.0,False
2025-12-18,1,2,68,999.0,False
2025-12-19,1,2,75,999.0,False
2025-12-20,1,2,51,999.0,False
2025-12-21,1,2,54,999.0,False
2025-12-22,1,2,84,999.0,False
2025-12-23,1,2,74,999.0,False
2025-12-24,1,2,73,999.0,False
2025-12-25,1,2,73,999.0,False
2025-12-26,1,2,77,999.0,False
2025-12-27,1,2,65,999.0,False
2025-12-28,1,2,54,999.0,False
2025-12-29,1,2,76,999.0,False
2025-12-30,1,2,63,999.0,False
2025-12-31,1,2,78,999.0,False
2024-01-01,1,3,81,999.0,False
2024-01-02,1,3,65,999.0,False
2024-01-03,1,3,59,999.0,False
2024-01-04,1,3,76,999.0,False
2024-01-05,1,3,75,999.0,False
2024-01-06,1,3,54,999.0,False
2024-01-07,1,3,61,999.0,False
2024-01-08,1,3,70,999.0,False
2024-01-09,1,3,77,999.0,False
2024-01-10,1,3,83,999.0,False
2024-01-11,1,3,79,999.0,False
2024-01-12,1,3,93,999.0,False
2024-01-13,1,3,54,999.0,False
2024-01-14,1,3,55,999.0,False
2024-01-15,1,3,71,999.0,False
2024-01-16,1,3,77,999.0,False
2024-01-17,1,3,77,999.0,False
2024-01-18,1,3,88,999.0,False
2024-01-19,1,3,73,999.0,False
2024-01-20,1,3,54,999.0,False
2024-01-21,1,3,51,999.0,False
2024-01-22,1,3,77,999.0,False
2024-01-23,1,3,83,999.0,False
2024-01-24,1,3,70,999.0,False
2024-01-25,1,3,68,999.0,False
2024-01-26,1,3,73,999.0,False
2024-01-27,1,3,54,999.0,False
2024-01-28,1,3,64,999.0,False
2024-01-29,1,3,62,999.0,False
2024-01-30,1,3,67,999.0,False
2024-01-31,1,3,76,999.0,False
2024-02-01,1,3,77,999.0,False
2024-02-02,1,3,90,999.0,False
2024-02-03,1,3,100,999.0,True
2024-02-04,1,3,56,999.0,False
2024-02-05,1,3,85,999.0,False
2024-02-06,1,3,65,999.0,False
2024-02-07,1,3,79,999.0,False
2024-02-08,1,3,89,999.0,False
2024-02-09,1,3,87,999.0,False
2024-02-10,1,3,64,999.0,False
2024-02-11,1,3,64,999.0,False
2024-02-12,1,3,69,999.0,False
2024-02-13,1,3,110,999.0,True
2024-02-14,1,3,83,999.0,False
2024-02-15,1,3,81,999.0,False
2024-02-16,1,3,72,999.0,False
2024-02-17,1,3,72,999.0,False
2024-02-18,1,3,64,999.0,False
2024-02-19,1,3,82,999.0,False
2024-02-20,1,3,76,999.0,False
2024-02-21,1,3,86,999.0,False
2024-02-22,1,3,77,999.0,False
2024-02-23,1,3,91,999.0,False
2024-02-24,1,3,61,999.0,False
2024-02-25,1,3,63,999.0,False
2024-02-26,1,3,82,999.0,False
2024-02-27,1,3,77,999.0,False
2024-02-28,1,3,94,999.0,False
2024-02-29,1,3,79,999.0,False
2024-03-01,1,3,84,999.0,False
2024-03-02,1,3,57,999.0,False
2024-03-03,1,3,77,999.0,False
2024-03-04,1,3,78,999.0,False
2024-03-05,1,3,74,999.0,False
2024-03-06,1,3,73,999.0,False
2024-03-07,1,3,89,999.0,False
2024-03-08,1,3,105,999.0,True
2024-03-09,1,3,53,999.0,False
2024-03-10,1,3,57,999.0,False
2024-03-11,1,3,56,999.0,False
2024-03-12,1,3,77,999.0,False
2024-03-13,1,3,90,999.0,False
2024-03-14,1,3,75,999.0,False
2024-03-15,1,3,84,999.0,False
2024-03-16,1,3,71,999.0,False
2024-03-17,1,3,128,999.0,True
2024-03-18,1,3,75,999.0,False
2024-03-19,1,3,87,999.0,False
2024-03-20,1,3,90,999.0,False
2024-03-21,1,3,98,999.0,False
2024-03-22,1,3,81,999.0,False
2024-03-23,1,3,65,999.0,False
2024-03-24,1,3,67,999.0,False
2024-03-25,1,3,73,999.0,False
2024-03-26,1,3,105,999.0,True
2024-03-27,1,3,72,999.0,False
2024-03-28,1,3,78,999.0,False
2024-03-29,1,3,85,999.0,False
2024-03-30,1,3,86,999.0,True
2024-03-31,1,3,64,999.0,False
2024-04-01,1,3,68,999.0,False
2024-04-02,1,3,88,999.0,False
2024-04-03,1,3,77,999.0,False
2024-04-04,1,3,79,999.0,False
2024-04-05,1,3,79,999.0,False
2024-04-06,1,3,78,999.0,True
2024-04-07,1,3,59,999.0,False
2024-04-08,1,3,86,999.0,False
2024-04-09,1,3,75,999.0,False
2024-04-10,1,3,82,999.0,False
2024-04-11,1,3,65,999.0,False
2024-04-12,1,3,77,999.0,False
2024-04-13,1,3,98,999.0,False
2024-04-14,1,3,65,999.0,False
2024-04-15,1,3,90,999.0,False
2024-04-16,1,3,69,999.0,False
2024-04-17,1,3,88,999.0,False
2024-04-18,1,3,79,999.0,False
2024-04-19,1,3,75,999.0,False
2024-04-20,1,3,84,999.0,False
2024-04-21,1,3,73,999.0,False
2024-04-22,1,3,92,999.0,False
2024-04-23,1,3,85,999.0,False
2024-04-24,1,3,81,999.0,False
2024-04-25,1,3,90,999.0,False
2024-04-26,1,3,83,999.0,False
2024-04-27,1,3,73,999.0,False
2024-04-28,1,3,66,999.0,False
2024-04-29,1,3,84,999.0,False
2024-04-30,1,3,69,999.0,False
2024-05-01,1,3,82,999.0,False
2024-05-02,1,3,86,999.0,False
2024-05-03,1,3,79,999.0,False
2024-05-04,1,3,67,999.0,False
2024-05-05,1,3,71,999.0,False
2024-05-06,1,3,99,999.0,False
2024-05-07,1,3,82,999.0,False
2024-05-08,1,3,83,999.0,False
2024-05-09,1,3,63,999.0,False
2024-05-10,1,3,88,999.0,False
2024-05-11,1,3,60,999.0,False
2024-05-12,1,3,70,999.0,False
2024-05-13,1,3,81,999.0,False
2024-05-14,1,3,72,999.0,False
2024-05-15,1,3,76,999.0,False
2024-05-16,1,3,66,999.0,False
2024-05-17,1,3,86,999.0,False
2024-05-18,1,3,73,999.0,True
2024-05-19,1,3,71,999.0,False
2024-05-20,1,3,83,999.0,False
2024-05-21,1,3,100,999.0,False
2024-05-22,1,3,93,999.0,False
2024-05-23,1,3,79,999.0,False
2024-05-24,1,3,88,999.0,False
2024-05-25,1,3,59,999.0,False
2024-05-26,1,3,94,999.0,True
2024-05-27,1,3,84,999.0,False
2024-05-28,1,3,74,999.0,False
2024-05-29,1,3,88,999.0,False
2024-05-30,1,3,78,999.0,False
2024-05-31,1,3,81,999.0,False
2024-06-01,1,3,64,999.0,False
2024-06-02,1,3,70,999.0,False
2024-06-03,1,3,71,999.0,False
2024-06-04,1,3,79,999.0,False
2024-06-05,1,3,83,999.0,False
2024-06-06,1,3,81,999.0,False
2024-06-07,1,3,97,999.0,False
2024-06-08,1,3,85,999.0,True
2024-06-09,1,3,66,999.0,False
2024-06-10,1,3,90,999.0,False
2024-06-11,1,3,80,999.0,False
2024-06-12,1,3,78,999.0,False
2024-06-13,1,3,70,999.0,False
2024-06-14,1,3,90,999.0,False
2024-06-15,1,3,69,999.0,False
2024-06-16,1,3,74,999.0,False
2024-06-17,1,3,75,999.0,False
2024-06-18,1,3,86,999.0,False
2024-06-19,1,3,76,999.0,False
2024-06-20,1,3,79,999.0,False
2024-06-21,1,3,83,999.0,False
2024-06-22,1,3,70,999.0,False
2024-06-23,1,3,51,999.0,False
2024-06-24,1,3,81,999.0,False
2024-06-25,1,3,73,999.0,False
2024-06-26,1,3,82,999.0,False
2024-06-27,1,3,81,999.0,False
2024-06-28,1,3,78,999.0,False
2024-06-29,1,3,54,999.0,False
2024-06-30,1,3,60,999.0,False
2024-07-01,1,3,81,999.0,False
2024-07-02,1,3,137,999.0,False
2024-07-03,1,3,66,999.0,False
2024-07-04,1,3,79,999.0,False
2024-07-05,1,3,65,999.0,False
2024-07-06,1,3,56,999.0,False
2024-07-07,1,3,58,999.0,False
2024-07-08,1,3,70,999.0,False
2024-07-09,1,3,97,999.0,True
2024-07-10,1,3,64,999.0,False
2024-07-11,1,3,79,999.0,False
2024-07-12,1,3,66,999.0,False
2024-07-13,1,3,62,999.0,False
2024-07-14,1,3,57,999.0,False
2024-07-15,1,3,71,999.0,False
2024-07-16,1,3,69,999.0,False
2024-07-17,1,3,76,999.0,False
2024-07-18,1,3,62,999.0,False
2024-07-19,1,3,132,999.0,False
2024-07-20,1,3,64,999.0,False
2024-07-21,1,3,53,999.0,False
2024-07-22,1,3,80,999.0,False
2024-07-23,1,3,87,999.0,False
2024-07-24,1,3,69,999.0,False
2024-07-25,1,3,101,999.0,True
2024-07-26,1,3,77,999.0,False
2024-07-27,1,3,83,999.0,True
2024-07-28,1,3,90,999.0,True
2024-07-29,1,3,80,999.0,False
2024-07-30,1,3,72,999.0,False
2024-07-31,1,3,76,999.0,False
2024-08-01,1,3,82,999.0,False
2024-08-02,1,3,74,999.0,False
2024-08-03,1,3,63,999.0,True
2024-08-04,1,3,61,999.0,False
2024-08-05,1,3,68,999.0,False
2024-08-06,1,3,75,999.0,False
2024-08-07,1,3,73,999.0,False
2024-08-08,1,3,81,999.0,False
2024-08-09,1,3,66,999.0,False
2024-08-10,1,3,80,999.0,True
2024-08-11,1,3,62,999.0,False
2024-08-12,1,3,78,999.0,False
2024-08-13,1,3,73,999.0,False
2024-08-14,1,3,77,999.0,False
2024-08-15,1,3,68,999.0,False
2024-08-16,1,3,63,999.0,False
2024-08-17,1,3,54,999.0,False
2024-08-18,1,3,65,999.0,False
2024-08-19,1,3,66,999.0,False
2024-08-20,1,3,63,999.0,False
2024-08-21,1,3,76,999.0,False
2024-08-22,1,3,77,999.0,False
2024-08-23,1,3,70,999.0,False
2024-08-24,1,3,58,999.0,False
2024-08-25,1,3,57,999.0,False
2024-08-26,1,3,73,999.0,False
2024-08-27,1,3,78,999.0,False
2024-08-28,1,3,77,999.0,False
2024-08-29,1,3,73,999.0,False
2024-08-30,1,3,75,999.0,False
2024-08-31,1,3,46,999.0,False
2024-09-01,1,3,67,999.0,False
2024-09-02,1,3,67,999.0,False
2024-09-03,1,3,69,999.0,False
2024-09-04,1,3,58,999.0,False
2024-09-05,1,3,70,999.0,False
2024-09-06,1,3,73,999.0,False
2024-09-07,1,3,58,999.0,False
2024-09-08,1,3,56,999.0,False
2024-09-09,1,3,74,999.0,False
2024-09-10,1,3,80,999.0,False
2024-09-11,1,3,62,999.0,False
2024-09-12,1,3,72,999.0,False
2024-09-13,1,3,62,999.0,False
2024-09-14,1,3,47,999.0,False
2024-09-15,1,3,48,999.0,False
2024-09-16,1,3,67,999.0,False
2024-09-17,1,3,66,999.0,False
2024-09-18,1,3,77,999.0,False
2024-09-19,1,3,57,999.0,False
2024-09-20,1,3,78,999.0,False
2024-09-21,1,3,54,999.0,False
2024-09-22,1,3,60,999.0,False
2024-09-23,1,3,85,999.0,False
2024-09-24,1,3,64,999.0,False
2024-09-25,1,3,69,999.0,False
2024-09-26,1,3,76,999.0,False
2024-09-27,1,3,101,999.0,True
2024-09-28,1,3,57,999.0,False
2024-09-29,1,3,63,999.0,False
2024-09-30,1,3,76,999.0,False
2024-10-01,1,3,61,999.0,False
2024-10-02,1,3,73,999.0,False
2024-10-03,1,3,73,999.0,False
2024-10-04,1,3,59,999.0,False
2024-10-05,1,3,50,999.0,False
2024-10-06,1,3,51,999.0,False
2024-10-07,1,3,57,999.0,False
2024-10-08,1,3,67,999.0,False
2024-10-09,1,3,72,999.0,False
2024-10-10,1,3,72,999.0,False
2024-10-11,1,3,64,999.0,False
2024-10-12,1,3,57,999.0,False
2024-10-13,1,3,68,999.0,False
2024-10-14,1,3,120,999.0,False
2024-10-15,1,3,64,999.0,False
2024-10-16,1,3,78,999.0,False
2024-10-17,1,3,71,999.0,False
2024-10-18,1,3,75,999.0,False
2024-10-19,1,3,57,999.0,False
2024-10-20,1,3,60,999.0,False
2024-10-21,1,3,56,999.0,False
2024-10-22,1,3,59,999.0,False
2024-10-23,1,3,70,999.0,False
2024-10-24,1,3,64,999.0,False
2024-10-25,1,3,73,999.0,False
2024-10-26,1,3,64,999.0,False
2024-10-27,1,3,59,999.0,False
2024-10-28,1,3,78,999.0,False
2024-10-29,1,3,71,999.0,False
2024-10-30,1,3,65,999.0,False
2024-10-31,1,3,73,999.0,False
2024-11-01,1,3,73,999.0,False
2024-11-02,1,3,84,999.0,False
2024-11-03,1,3,55,999.0,False
2024-11-04,1,3,67,999.0,False
2024-11-05,1,3,69,999.0,False
2024-11-06,1,3,67,999.0,False
2024-11-07,1,3,108,999.0,True
2024-11-08,1,3,67,999.0,False
2024-11-09,1,3,55,999.0,False
2024-11-10,1,3,54,999.0,False
2024-11-11,1,3,80,999.0,False
2024-11-12,1,3,74,999.0,False
2024-11-13,1,3,62,999.0,False
2024-11-14,1,3,69,999.0,False
2024-11-15,1,3,60,999.0,False
2024-11-16,1,3,59,999.0,False
2024-11-17,1,3,59,999.0,False
2024-11-18,1,3,79,999.0,False
2024-11-19,1,3,62,999.0,False
2024-11-20,1,3,122,999.0,True
2024-11-21,1,3,75,999.0,False
2024-11-22,1,3,67,999.0,False
2024-11-23,1,3,46,999.0,False
2024-11-24,1,3,54,999.0,False
2024-11-25,1,3,63,999.0,False
2024-11-26,1,3,76,999.0,False
2024-11-27,1,3,72,999.0,False
2024-11-28,1,3,60,999.0,False
2024-11-29,1,3,78,999.0,False
2024-11-30,1,3,52,999.0,False
2024-12-01,1,3,61,999.0,False
2024-12-02,1,3,79,999.0,False
2024-12-03,1,3,69,999.0,False
2024-12-04,1,3,84,999.0,False
2024-12-05,1,3,68,999.0,False
2024-12-06,1,3,69,999.0,False
2024-12-07,1,3,65,999.0,False
2024-12-08,1,3,102,999.0,False
2024-12-09,1,3,67,999.0,False
2024-12-10,1,3,85,999.0,False
2024-12-11,1,3,72,999.0,False
2024-12-12,1,3,71,999.0,False
2024-12-13,1,3,98,999.0,True
2024-12-14,1,3,62,999.0,False
2024-12-15,1,3,66,999.0,False
2024-12-16,1,3,88,999.0,False
2024-12-17,1,3,69,999.0,False
2024-12-18,1,3,73,999.0,False
2024-12-19,1,3,77,999.0,False
2024-12-20,1,3,79,999.0,False
2024-12-21,1,3,45,999.0,False
2024-12-22,1,3,81,999.0,True
2024-12-23,1,3,75,999.0,False
2024-12-24,1,3,74,999.0,False
2024-12-25,1,3,63,999.0,False
2024-12-26,1,3,71,999.0,False
2024-12-27,1,3,80,999.0,False
2024-12-28,1,3,62,999.0,False
2024-12-29,1,3,57,999.0,False
2024-12-30,1,3,76,999.0,False
2024-12-31,1,3,69,999.0,False
2025-01-01,1,3,79,999.0,False
2025-01-02,1,3,71,999.0,False
2025-01-03,1,3,69,999.0,False
2025-01-04,1,3,65,999.0,False
2025-01-05,1,3,71,999.0,False
2025-01-06,1,3,81,999.0,False
2025-01-07,1,3,77,999.0,False
2025-01-08,1,3,77,999.0,False
2025-01-09,1,3,82,999.0,False
2025-01-10,1,3,91,999.0,False
2025-01-11,1,3,53,999.0,False
2025-01-12,1,3,69,999.0,False
2025-01-13,1,3,80,999.0,False
2025-01-14,1,3,66,999.0,False
2025-01-15,1,3,78,999.0,False
2025-01-16,1,3,72,999.0,False
2025-01-17,1,3,82,999.0,False
2025-01-18,1,3,58,999.0,False
2025-01-19,1,3,66,999.0,False
2025-01-20,1,3,79,999.0,False
2025-01-21,1,3,81,999.0,False
2025-01-22,1,3,77,999.0,False
2025-01-23,1,3,76,999.0,False
2025-01-24,1,3,83,999.0,False
2025-01-25,1,3,53,999.0,False
2025-01-26,1,3,63,999.0,False
2025-01-27,1,3,73,999.0,False
2025-01-28,1,3,84,999.0,False
2025-01-29,1,3,78,999.0,False
2025-01-30,1,3,98,999.0,False
2025-01-31,1,3,65,999.0,False
2025-02-01,1,3,67,999.0,False
2025-02-02,1,3,53,999.0,False
2025-02-03,1,3,66,999.0,False
2025-02-04,1,3,90,999.0,False
2025-02-05,1,3,125,999.0,True
2025-02-06,1,3,79,999.0,False
2025-02-07,1,3,97,999.0,False
2025-02-08,1,3,55,999.0,False
2025-02-09,1,3,65,999.0,False
2025-02-10,1,3,89,999.0,False
2025-02-11,1,3,81,999.0,False
2025-02-12,1,3,82,999.0,False
2025-02-13,1,3,84,999.0,False
2025-02-14,1,3,91,999.0,False
2025-02-15,1,3,63,999.0,False
2025-02-16,1,3,61,999.0,False
2025-02-17,1,3,80,999.0,False
2025-02-18,1,3,69,999.0,False
2025-02-19,1,3,89,999.0,False
2025-02-20,1,3,79,999.0,False
2025-02-21,1,3,68,999.0,False
2025-02-22,1,3,68,999.0,False
2025-02-23,1,3,62,999.0,False
2025-02-24,1,3,88,999.0,False
2025-02-25,1,3,79,999.0,False
2025-02-26,1,3,80,999.0,False
2025-02-27,1,3,83,999.0,False
2025-02-28,1,3,91,999.0,False
2025-03-01,1,3,61,999.0,False
2025-03-02,1,3,69,999.0,False
2025-03-03,1,3,124,999.0,True
2025-03-04,1,3,89,999.0,False
2025-03-05,1,3,122,999.0,True
2025-03-06,1,3,71,999.0,False
2025-03-07,1,3,74,999.0,False
2025-03-08,1,3,76,999.0,False
2025-03-09,1,3,54,999.0,False
2025-03-10,1,3,70,999.0,False
2025-03-11,1,3,95,999.0,False
2025-03-12,1,3,90,999.0,False
2025-03-13,1,3,73,999.0,False
2025-03-14,1,3,89,999.0,False
2025-03-15,1,3,74,999.0,False
2025-03-16,1,3,61,999.0,False
2025-03-17,1,3,56,999.0,False
2025-03-18,1,3,100,999.0,True
2025-03-19,1,3,81,999.0,False
2025-03-20,1,3,87,999.0,False
2025-03-21,1,3,85,999.0,False
2025-03-22,1,3,69,999.0,False
2025-03-23,1,3,76,999.0,False
2025-03-24,1,3,72,999.0,False
2025-03-25,1,3,85,999.0,False
2025-03-26,1,3,78,999.0,False
2025-03-27,1,3,147,999.0,True
2025-03-28,1,3,77,999.0,False
2025-03-29,1,3,65,999.0,False
2025-03-30,1,3,70,999.0,False
2025-03-31,1,3,92,999.0,False
2025-04-01,1,3,83,999.0,False
2025-04-02,1,3,82,999.0,False
2025-04-03,1,3,91,999.0,False
2025-04-04,1,3,93,999.0,False
2025-04-05,1,3,66,999.0,False
2025-04-06,1,3,82,999.0,True
2025-04-07,1,3,70,999.0,False
2025-04-08,1,3,109,999.0,False
2025-04-09,1,3,77,999.0,False
2025-04-10,1,3,80,999.0,False
2025-04-11,1,3,95,999.0,False
2025-04-12,1,3,58,999.0,False
2025-04-13,1,3,68,999.0,False
2025-04-14,1,3,93,999.0,False
2025-04-15,1,3,92,999.0,False
2025-04-16,1,3,96,999.0,False
2025-04-17,1,3,80,999.0,False
2025-04-18,1,3,87,999.0,False
2025-04-19,1,3,76,999.0,False
2025-04-20,1,3,71,999.0,False
2025-04-21,1,3,84,999.0,False
2025-04-22,1,3,104,999.0,False
2025-04-23,1,3,88,999.0,False
2025-04-24,1,3,97,999.0,False
2025-04-25,1,3,98,999.0,False
2025-04-26,1,3,65,999.0,False
2025-04-27,1,3,73,999.0,False
2025-04-28,1,3,104,999.0,False
2025-04-29,1,3,94,999.0,False
2025-04-30,1,3,85,999.0,False
2025-05-01,1,3,84,999.0,False
2025-05-02,1,3,132,999.0,True
2025-05-03,1,3,66,999.0,False
2025-05-04,1,3,66,999.0,False
2025-05-05,1,3,92,999.0,False
2025-05-06,1,3,88,999.0,False
2025-05-07,1,3,91,999.0,False
2025-05-08,1,3,87,999.0,False
2025-05-09,1,3,84,999.0,False
2025-05-10,1,3,59,999.0,False
2025-05-11,1,3,67,999.0,False
2025-05-12,1,3,88,999.0,False
2025-05-13,1,3,84,999.0,False
2025-05-14,1,3,76,999.0,False
2025-05-15,1,3,88,999.0,False
2025-05-16,1,3,73,999.0,False
2025-05-17,1,3,75,999.0,False
2025-05-18,1,3,61,999.0,False
2025-05-19,1,3,67,999.0,False
2025-05-20,1,3,81,999.0,False
2025-05-21,1,3,87,999.0,False
2025-05-22,1,3,74,999.0,False
2025-05-23,1,3,74,999.0,False
2025-05-24,1,3,80,999.0,False
2025-05-25,1,3,67,999.0,False
2025-05-26,1,3,90,999.0,False
2025-05-27,1,3,105,999.0,True
2025-05-28,1,3,81,999.0,False
2025-05-29,1,3,80,999.0,False
2025-05-30,1,3,86,999.0,False
2025-05-31,1,3,71,999.0,False
2025-06-01,1,3,66,999.0,False
2025-06-02,1,3,91,999.0,False
2025-06-03,1,3,75,999.0,False
2025-06-04,1,3,97,999.0,False
2025-06-05,1,3,85,999.0,False
2025-06-06,1,3,88,999.0,False
2025-06-07,1,3,59,999.0,False
2025-06-08,1,3,68,999.0,False
2025-06-09,1,3,167,999.0,False
2025-06-10,1,3,92,999.0,False
2025-06-11,1,3,82,999.0,False
2025-06-12,1,3,82,999.0,False
2025-06-13,1,3,88,999.0,False
2025-06-14,1,3,71,999.0,False
2025-06-15,1,3,76,999.0,False
2025-06-16,1,3,81,999.0,False
2025-06-17,1,3,88,999.0,False
2025-06-18,1,3,101,999.0,False
2025-06-19,1,3,72,999.0,False
2025-06-20,1,3,122,999.0,True
2025-06-21,1,3,60,999.0,False
2025-06-22,1,3,78,999.0,False
2025-06-23,1,3,89,999.0,False
2025-06-24,1,3,75,999.0,False
2025-06-25,1,3,116,999.0,True
2025-06-26,1,3,84,999.0,False
2025-06-27,1,3,87,999.0,False
2025-06-28,1,3,58,999.0,False
2025-06-29,1,3,57,999.0,False
2025-06-30,1,3,84,999.0,False
2025-07-01,1,3,72,999.0,False
2025-07-02,1,3,73,999.0,False
2025-07-03,1,3,71,999.0,False
2025-07-04,1,3,86,999.0,False
2025-07-05,1,3,58,999.0,False
2025-07-06,1,3,60,999.0,False
2025-07-07,1,3,88,999.0,False
2025-07-08,1,3,88,999.0,False
2025-07-09,1,3,74,999.0,False
2025-07-10,1,3,82,999.0,False
2025-07-11,1,3,99,999.0,False
2025-07-12,1,3,61,999.0,False
2025-07-13,1,3,58,999.0,False
2025-07-14,1,3,84,999.0,True
2025-07-15,1,3,96,999.0,False
2025-07-16,1,3,78,999.0,False
2025-07-17,1,3,86,999.0,False
2025-07-18,1,3,83,999.0,False
2025-07-19,1,3,63,999.0,False
2025-07-20,1,3,67,999.0,False
2025-07-21,1,3,63,999.0,False
2025-07-22,1,3,93,999.0,False
2025-07-23,1,3,79,999.0,False
2025-07-24,1,3,76,999.0,False
2025-07-25,1,3,90,999.0,False
2025-07-26,1,3,58,999.0,False
2025-07-27,1,3,61,999.0,False
2025-07-28,1,3,67,999.0,False
2025-07-29,1,3,88,999.0,False
2025-07-30,1,3,80,999.0,False
2025-07-31,1,3,84,999.0,False
2025-08-01,1,3,75,999.0,False
2025-08-02,1,3,48,999.0,False
2025-08-03,1,3,69,999.0,False
2025-08-04,1,3,78,999.0,False
2025-08-05,1,3,56,999.0,False
2025-08-06,1,3,82,999.0,False
2025-08-07,1,3,84,999.0,False
2025-08-08,1,3,76,999.0,False
2025-08-09,1,3,58,999.0,False
2025-08-10,1,3,58,999.0,False
2025-08-11,1,3,82,999.0,False
2025-08-12,1,3,68,999.0,False
2025-08-13,1,3,87,999.0,False
2025-08-14,1,3,75,999.0,False
2025-08-15,1,3,87,999.0,False
2025-08-16,1,3,56,999.0,False
2025-08-17,1,3,56,999.0,False
2025-08-18,1,3,78,999.0,False
2025-08-19,1,3,76,999.0,False
2025-08-20,1,3,71,999.0,False
2025-08-21,1,3,76,999.0,False
2025-08-22,1,3,74,999.0,False
2025-08-23,1,3,55,999.0,False
2025-08-24,1,3,65,999.0,False
2025-08-25,1,3,75,999.0,False
2025-08-26,1,3,66,999.0,False
2025-08-27,1,3,139,999.0,False
2025-08-28,1,3,88,999.0,False
2025-08-29,1,3,106,999.0,True
2025-08-30,1,3,64,999.0,False
2025-08-31,1,3,61,999.0,False
2025-09-01,1,3,73,999.0,False
2025-09-02,1,3,69,999.0,False
2025-09-03,1,3,97,999.0,False
2025-09-04,1,3,81,999.0,False
2025-09-05,1,3,76,999.0,False
2025-09-06,1,3,75,999.0,False
2025-09-07,1,3,61,999.0,False
2025-09-08,1,3,57,999.0,False
2025-09-09,1,3,78,999.0,False
2025-09-10,1,3,64,999.0,False
2025-09-11,1,3,74,999.0,False
2025-09-12,1,3,84,999.0,False
2025-09-13,1,3,51,999.0,False
2025-09-14,1,3,58,999.0,False
2025-09-15,1,3,85,999.0,False
2025-09-16,1,3,65,999.0,False
2025-09-17,1,3,61,999.0,False
2025-09-18,1,3,71,999.0,False
2025-09-19,1,3,114,999.0,True
2025-09-20,1,3,60,999.0,False
2025-09-21,1,3,57,999.0,False
2025-09-22,1,3,81,999.0,False
2025-09-23,1,3,115,999.0,True
2025-09-24,1,3,72,999.0,False
2025-09-25,1,3,102,999.0,True
2025-09-26,1,3,60,999.0,False
2025-09-27,1,3,59,999.0,False
2025-09-28,1,3,88,999.0,True
2025-09-29,1,3,67,999.0,False
2025-09-30,1,3,76,999.0,False
2025-10-01,1,3,72,999.0,False
2025-10-02,1,3,87,999.0,False
2025-10-03,1,3,71,999.0,False
2025-10-04,1,3,63,999.0,False
2025-10-05,1,3,67,999.0,False
2025-10-06,1,3,69,999.0,False
2025-10-07,1,3,65,999.0,False
2025-10-08,1,3,77,999.0,False
2025-10-09,1,3,73,999.0,False
2025-10-10,1,3,60,999.0,False
2025-10-11,1,3,78,999.0,True
2025-10-12,1,3,50,999.0,False
2025-10-13,1,3,83,999.0,False
2025-10-14,1,3,75,999.0,False
2025-10-15,1,3,75,999.0,False
2025-10-16,1,3,71,999.0,False
2025-10-17,1,3,65,999.0,False
2025-10-18,1,3,51,999.0,False
2025-10-19,1,3,56,999.0,False
2025-10-20,1,3,71,999.0,False
2025-10-21,1,3,85,999.0,False
2025-10-22,1,3,70,999.0,False
2025-10-23,1,3,82,999.0,False
2025-10-24,1,3,135,999.0,False
2025-10-25,1,3,58,999.0,False
2025-10-26,1,3,62,999.0,False
2025-10-27,1,3,61,999.0,False
2025-10-28,1,3,82,999.0,True
2025-10-29,1,3,75,999.0,False
2025-10-30,1,3,80,999.0,False
2025-10-31,1,3,134,999.0,False
2025-11-01,1,3,58,999.0,False
2025-11-02,1,3,57,999.0,False
2025-11-03,1,3,80,999.0,False
2025-11-04,1,3,183,999.0,True
2025-11-05,1,3,71,999.0,False
2025-11-06,1,3,81,999.0,False
2025-11-07,1,3,74,999.0,False
2025-11-08,1,3,58,999.0,False
2025-11-09,1,3,92,999.0,True
2025-11-10,1,3,61,999.0,False
2025-11-11,1,3,89,999.0,True
2025-11-12,1,3,69,999.0,False
2025-11-13,1,3,79,999.0,False
2025-11-14,1,3,74,999.0,False
2025-11-15,1,3,63,999.0,False
2025-11-16,1,3,57,999.0,False
2025-11-17,1,3,73,999.0,False
2025-11-18,1,3,90,999.0,False
2025-11-19,1,3,94,999.0,False
2025-11-20,1,3,81,999.0,False
2025-11-21,1,3,94,999.0,True
2025-11-22,1,3,60,999.0,False
2025-11-23,1,3,49,999.0,False
2025-11-24,1,3,77,999.0,False
2025-11-25,1,3,79,999.0,False
2025-11-26,1,3,75,999.0,False
2025-11-27,1,3,77,999.0,False
2025-11-28,1,3,72,999.0,False
2025-11-29,1,3,67,999.0,False
2025-11-30,1,3,51,999.0,False
2025-12-01,1,3,74,999.0,False
2025-12-02,1,3,82,999.0,False
2025-12-03,1,3,77,999.0,False
2025-12-04,1,3,55,999.0,False
2025-12-05,1,3,69,999.0,False
2025-12-06,1,3,56,999.0,False
2025-12-07,1,3,59,999.0,False
2025-12-08,1,3,77,999.0,False
2025-12-09,1,3,73,999.0,False
2025-12-10,1,3,121,999.0,True
2025-12-11,1,3,71,999.0,False
2025-12-12,1,3,84,999.0,True
2025-12-13,1,3,49,999.0,False
2025-12-14,1,3,63,999.0,True
2025-12-15,1,3,76,999.0,False
2025-12-16,1,3,79,999.0,False
2025-12-17,1,3,112,999.0,True
2025-12-18,1,3,72,999.0,False
2025-12-19,1,3,76,999.0,False
2025-12-20,1,3,65,999.0,False
2025-12-21,1,3,61,999.0,False
2025-12-22,1,3,76,999.0,False
2025-12-23,1,3,72,999.0,False
2025-12-24,1,3,77,999.0,False
2025-12-25,1,3,82,999.0,False
2025-12-26,1,3,86,999.0,False
2025-12-27,1,3,54,999.0,False
2025-12-28,1,3,63,999.0,False
2025-12-29,1,3,81,999.0,False
2025-12-30,1,3,72,999.0,False
2025-12-31,1,3,74,999.0,False
2024-01-01,2,1,107,699.0,False
2024-01-02,2,1,118,699.0,False
2024-01-03,2,1,104,699.0,False
2024-01-04,2,1,111,699.0,False
2024-01-05,2,1,100,699.0,False
2024-01-06,2,1,82,699.0,False
2024-01-07,2,1,90,699.0,False
2024-01-08,2,1,108,699.0,False
2024-01-09,2,1,132,699.0,False
2024-01-10,2,1,110,699.0,False
2024-01-11,2,1,106,699.0,False
2024-01-12,2,1,101,699.0,False
2024-01-13,2,1,76,699.0,False
2024-01-14,2,1,81,699.0,False
2024-01-15,2,1,106,699.0,False
2024-01-16,2,1,117,699.0,False
2024-01-17,2,1,106,699.0,False
2024-01-18,2,1,120,699.0,False
2024-01-19,2,1,131,699.0,False
2024-01-20,2,1,76,699.0,False
2024-01-21,2,1,110,699.0,True
2024-01-22,2,1,122,699.0,False
2024-01-23,2,1,96,699.0,False
2024-01-24,2,1,111,699.0,False
2024-01-25,2,1,120,699.0,False
2024-01-26,2,1,107,699.0,False
2024-01-27,2,1,78,699.0,False
2024-01-28,2,1,89,699.0,False
2024-01-29,2,1,128,699.0,False
2024-01-30,2,1,96,699.0,False
2024-01-31,2,1,208,699.0,False
2024-02-01,2,1,129,699.0,False
2024-02-02,2,1,102,699.0,False
2024-02-03,2,1,109,699.0,False
2024-02-04,2,1,83,699.0,False
2024-02-05,2,1,109,699.0,False
2024-02-06,2,1,117,699.0,False
2024-02-07,2,1,114,699.0,False
2024-02-08,2,1,114,699.0,False
2024-02-09,2,1,109,699.0,False
2024-02-10,2,1,97,699.0,False
2024-02-11,2,1,108,699.0,False
2024-02-12,2,1,114,699.0,False
2024-02-13,2,1,114,699.0,False
2024-02-14,2,1,118,699.0,False
2024-02-15,2,1,124,699.0,False
2024-02-16,2,1,115,699.0,False
2024-02-17,2,1,85,699.0,False
2024-02-18,2,1,107,699.0,False
2024-02-19,2,1,105,699.0,False
2024-02-20,2,1,105,699.0,False
2024-02-21,2,1,101,699.0,False
2024-02-22,2,1,114,699.0,False
2024-02-23,2,1,119,699.0,False
2024-02-24,2,1,96,699.0,False
2024-02-25,2,1,131,699.0,True
2024-02-26,2,1,126,699.0,False
2024-02-27,2,1,110,699.0,False
2024-02-28,2,1,123,699.0,False
2024-02-29,2,1,129,699.0,True
2024-03-01,2,1,123,699.0,False
2024-03-02,2,1,95,699.0,False
2024-03-03,2,1,107,699.0,False
2024-03-04,2,1,99,699.0,False
2024-03-05,2,1,107,699.0,False
2024-03-06,2,1,135,699.0,False
2024-03-07,2,1,124,699.0,False
2024-03-08,2,1,246,699.0,False
2024-03-09,2,1,126,699.0,True
2024-03-10,2,1,94,699.0,False
2024-03-11,2,1,140,699.0,False
2024-03-12,2,1,120,699.0,False
2024-03-13,2,1,138,699.0,True
2024-03-14,2,1,144,699.0,False
2024-03-15,2,1,124,699.0,False
2024-03-16,2,1,98,699.0,False
2024-03-17,2,1,91,699.0,False
2024-03-18,2,1,106,699.0,False
2024-03-19,2,1,138,699.0,False
2024-03-20,2,1,109,699.0,False
2024-03-21,2,1,118,699.0,False
2024-03-22,2,1,103,699.0,False
2024-03-23,2,1,121,699.0,True
2024-03-24,2,1,87,699.0,False
2024-03-25,2,1,111,699.0,False
2024-03-26,2,1,136,699.0,False
2024-03-27,2,1,125,699.0,False
2024-03-28,2,1,106,699.0,False
2024-03-29,2,1,115,699.0,False
2024-03-30,2,1,104,699.0,False
2024-03-31,2,1,98,699.0,False
2024-04-01,2,1,119,699.0,False
2024-04-02,2,1,106,699.0,False
2024-04-03,2,1,121,699.0,False
2024-04-04,2,1,190,699.0,True
2024-04-05,2,1,126,699.0,False
2024-04-06,2,1,96,699.0,False
2024-04-07,2,1,85,699.0,False
2024-04-08,2,1,129,699.0,False
2024-04-09,2,1,117,699.0,False
2024-04-10,2,1,125,699.0,False
2024-04-11,2,1,183,699.0,True
2024-04-12,2,1,151,699.0,False
2024-04-13,2,1,106,699.0,False
2024-04-14,2,1,108,699.0,False
2024-04-15,2,1,126,699.0,False
2024-04-16,2,1,117,699.0,False
2024-04-17,2,1,148,699.0,False
2024-04-18,2,1,145,699.0,False
2024-04-19,2,1,111,699.0,False
2024-04-20,2,1,101,699.0,False
2024-04-21,2,1,96,699.0,False
2024-04-22,2,1,134,699.0,False
2024-04-23,2,1,107,699.0,False
2024-04-24,2,1,121,699.0,False
2024-04-25,2,1,132,699.0,False
2024-04-26,2,1,118,699.0,False
2024-04-27,2,1,167,699.0,False
2024-04-28,2,1,110,699.0,False
2024-04-29,2,1,128,699.0,False
2024-04-30,2,1,116,699.0,False
2024-05-01,2,1,116,699.0,False
2024-05-02,2,1,105,699.0,False
2024-05-03,2,1,107,699.0,False
2024-05-04,2,1,94,699.0,False
2024-05-05,2,1,112,699.0,False
2024-05-06,2,1,126,699.0,False
2024-05-07,2,1,118,699.0,False
2024-05-08,2,1,126,699.0,False
2024-05-09,2,1,161,699.0,True
2024-05-10,2,1,146,699.0,False
2024-05-11,2,1,93,699.0,False
2024-05-12,2,1,90,699.0,False
2024-05-13,2,1,127,699.0,False
2024-05-14,2,1,151,699.0,False
2024-05-15,2,1,174,699.0,True
2024-05-16,2,1,132,699.0,False
2024-05-17,2,1,150,699.0,False
2024-05-18,2,1,124,699.0,False
2024-05-19,2,1,98,699.0,False
2024-05-20,2,1,133,699.0,False
2024-05-21,2,1,131,699.0,False
2024-05-22,2,1,125,699.0,False
2024-05-23,2,1,138,699.0,False
2024-05-24,2,1,140,699.0,False
2024-05-25,2,1,95,699.0,False
2024-05-26,2,1,110,699.0,False
2024-05-27,2,1,191,699.0,True
2024-05-28,2,1,118,699.0,False
2024-05-29,2,1,113,699.0,False
2024-05-30,2,1,176,699.0,False
2024-05-31,2,1,125,699.0,False
2024-06-01,2,1,106,699.0,False
2024-06-02,2,1,104,699.0,False
2024-06-03,2,1,126,699.0,False
2024-06-04,2,1,128,699.0,False
2024-06-05,2,1,135,699.0,False
2024-06-06,2,1,120,699.0,False
2024-06-07,2,1,117,699.0,False
2024-06-08,2,1,96,699.0,False
2024-06-09,2,1,94,699.0,False
2024-06-10,2,1,111,699.0,False
2024-06-11,2,1,121,699.0,False
2024-06-12,2,1,116,699.0,False
2024-06-13,2,1,112,699.0,False
2024-06-14,2,1,126,699.0,False
2024-06-15,2,1,86,699.0,False
2024-06-16,2,1,90,699.0,False
2024-06-17,2,1,133,699.0,False
2024-06-18,2,1,129,699.0,False
2024-06-19,2,1,143,699.0,False
2024-06-20,2,1,124,699.0,False
2024-06-21,2,1,120,699.0,False
2024-06-22,2,1,98,699.0,False
2024-06-23,2,1,101,699.0,False
2024-06-24,2,1,143,699.0,False
2024-06-25,2,1,117,699.0,False
2024-06-26,2,1,138,699.0,False
2024-06-27,2,1,129,699.0,False
2024-06-28,2,1,126,699.0,False
2024-06-29,2,1,97,699.0,False
2024-06-30,2,1,102,699.0,False
2024-07-01,2,1,109,699.0,False
2024-07-02,2,1,104,699.0,False
2024-07-03,2,1,108,699.0,False
2024-07-04,2,1,124,699.0,False
2024-07-05,2,1,121,699.0,False
2024-07-06,2,1,82,699.0,False
2024-07-07,2,1,107,699.0,True
2024-07-08,2,1,172,699.0,False
2024-07-09,2,1,97,699.0,False
2024-07-10,2,1,105,699.0,False
2024-07-11,2,1,122,699.0,False
2024-07-12,2,1,173,699.0,True
2024-07-13,2,1,95,699.0,False
2024-07-14,2,1,87,699.0,False
2024-07-15,2,1,107,699.0,False
2024-07-16,2,1,134,699.0,False
2024-07-17,2,1,112,699.0,False
2024-07-18,2,1,120,699.0,False
2024-07-19,2,1,120,699.0,False
2024-07-20,2,1,98,699.0,False
2024-07-21,2,1,86,699.0,False
2024-07-22,2,1,116,699.0,False
2024-07-23,2,1,107,699.0,False
2024-07-24,2,1,116,699.0,False
2024-07-25,2,1,110,699.0,False
2024-07-26,2,1,109,699.0,False
2024-07-27,2,1,96,699.0,False
2024-07-28,2,1,95,699.0,False
2024-07-29,2,1,121,699.0,False
2024-07-30,2,1,140,699.0,False
2024-07-31,2,1,129,699.0,False
2024-08-01,2,1,179,699.0,False
2024-08-02,2,1,104,699.0,False
2024-08-03,2,1,94,699.0,False
2024-08-04,2,1,83,699.0,False
2024-08-05,2,1,111,699.0,False
2024-08-06,2,1,109,699.0,False
2024-08-07,2,1,110,699.0,False
2024-08-08,2,1,236,699.0,True
2024-08-09,2,1,101,699.0,False
2024-08-10,2,1,99,699.0,False
2024-08-11,2,1,81,699.0,False
2024-08-12,2,1,107,699.0,False
2024-08-13,2,1,81,699.0,False
2024-08-14,2,1,118,699.0,False
2024-08-15,2,1,116,699.0,False
2024-08-16,2,1,121,699.0,False
2024-08-17,2,1,100,699.0,True
2024-08-18,2,1,99,699.0,False
2024-08-19,2,1,98,699.0,False
2024-08-20,2,1,107,699.0,False
2024-08-21,2,1,89,699.0,False
2024-08-22,2,1,115,699.0,False
2024-08-23,2,1,108,699.0,False
2024-08-24,2,1,87,699.0,False
2024-08-25,2,1,82,699.0,False
2024-08-26,2,1,103,699.0,False
2024-08-27,2,1,225,699.0,False
2024-08-28,2,1,114,699.0,False
2024-08-29,2,1,117,699.0,False
2024-08-30,2,1,100,699.0,False
2024-08-31,2,1,76,699.0,False
2024-09-01,2,1,113,699.0,True
2024-09-02,2,1,100,699.0,False
2024-09-03,2,1,111,699.0,False
2024-09-04,2,1,103,699.0,False
2024-09-05,2,1,150,699.0,False
2024-09-06,2,1,79,699.0,False
2024-09-07,2,1,75,699.0,False
2024-09-08,2,1,94,699.0,False
2024-09-09,2,1,133,699.0,False
2024-09-10,2,1,98,699.0,False
2024-09-11,2,1,113,699.0,False
2024-09-12,2,1,114,699.0,False
2024-09-13,2,1,102,699.0,False
2024-09-14,2,1,71,699.0,False
2024-09-15,2,1,86,699.0,False
2024-09-16,2,1,89,699.0,False
2024-09-17,2,1,103,699.0,False
2024-09-18,2,1,118,699.0,False
2024-09-19,2,1,94,699.0,False
2024-09-20,2,1,106,699.0,False
2024-09-21,2,1,111,699.0,True
2024-09-22,2,1,81,699.0,False
2024-09-23,2,1,161,699.0,True
2024-09-24,2,1,93,699.0,False
2024-09-25,2,1,101,699.0,False
2024-09-26,2,1,99,699.0,False
2024-09-27,2,1,108,699.0,False
2024-09-28,2,1,75,699.0,False
2024-09-29,2,1,85,699.0,False
2024-09-30,2,1,106,699.0,False
2024-10-01,2,1,107,699.0,False
2024-10-02,2,1,115,699.0,False
2024-10-03,2,1,105,699.0,False
2024-10-04,2,1,113,699.0,False
2024-10-05,2,1,56,699.0,False
2024-10-06,2,1,84,699.0,False
2024-10-07,2,1,101,699.0,False
2024-10-08,2,1,90,699.0,False
2024-10-09,2,1,177,699.0,True
2024-10-10,2,1,85,699.0,False
2024-10-11,2,1,97,699.0,False
2024-10-12,2,1,82,699.0,False
2024-10-13,2,1,74,699.0,False
2024-10-14,2,1,113,699.0,False
2024-10-15,2,1,105,699.0,False
2024-10-16,2,1,111,699.0,False
2024-10-17,2,1,88,699.0,False
2024-10-18,2,1,108,699.0,False
2024-10-19,2,1,129,699.0,True
2024-10-20,2,1,94,699.0,False
2024-10-21,2,1,88,699.0,False
2024-10-22,2,1,108,699.0,False
2024-10-23,2,1,90,699.0,False
2024-10-24,2,1,99,699.0,False
2024-10-25,2,1,89,699.0,False
2024-10-26,2,1,79,699.0,False
2024-10-27,2,1,83,699.0,False
2024-10-28,2,1,110,699.0,False
2024-10-29,2,1,101,699.0,False
2024-10-30,2,1,107,699.0,False
2024-10-31,2,1,95,699.0,False
2024-11-01,2,1,90,699.0,False
2024-11-02,2,1,93,699.0,False
2024-11-03,2,1,88,699.0,False
2024-11-04,2,1,105,699.0,False
2024-11-05,2,1,105,699.0,False
2024-11-06,2,1,117,699.0,False
2024-11-07,2,1,87,699.0,False
2024-11-08,2,1,113,699.0,False
2024-11-09,2,1,99,699.0,False
2024-11-10,2,1,83,699.0,False
2024-11-11,2,1,92,699.0,False
2024-11-12,2,1,101,699.0,False
2024-11-13,2,1,90,699.0,False
2024-11-14,2,1,100,699.0,False
2024-11-15,2,1,93,699.0,False
2024-11-16,2,1,82,699.0,False
2024-11-17,2,1,78,699.0,False
2024-11-18,2,1,120,699.0,False
2024-11-19,2,1,150,699.0,True
2024-11-20,2,1,109,699.0,False
2024-11-21,2,1,109,699.0,False
2024-11-22,2,1,102,699.0,False
2024-11-23,2,1,79,699.0,False
2024-11-24,2,1,82,699.0,False
2024-11-25,2,1,101,699.0,False
2024-11-26,2,1,115,699.0,False
2024-11-27,2,1,111,699.0,False
2024-11-28,2,1,120,699.0,False
2024-11-29,2,1,74,699.0,False
2024-11-30,2,1,82,699.0,False
2024-12-01,2,1,77,699.0,False
2024-12-02,2,1,114,699.0,False
2024-12-03,2,1,104,699.0,False
2024-12-04,2,1,123,699.0,False
2024-12-05,2,1,121,699.0,False
2024-12-06,2,1,155,699.0,True
2024-12-07,2,1,110,699.0,False
2024-12-08,2,1,104,699.0,True
2024-12-09,2,1,90,699.0,False
2024-12-10,2,1,114,699.0,False
2024-12-11,2,1,135,699.0,True
2024-12-12,2,1,120,699.0,False
2024-12-13,2,1,105,699.0,False
2024-12-14,2,1,93,699.0,False
2024-12-15,2,1,66,699.0,False
2024-12-16,2,1,107,699.0,False
2024-12-17,2,1,105,699.0,False
2024-12-18,2,1,123,699.0,False
2024-12-19,2,1,103,699.0,False
2024-12-20,2,1,124,699.0,False
2024-12-21,2,1,76,699.0,False
2024-12-22,2,1,69,699.0,False
2024-12-23,2,1,109,699.0,False
2024-12-24,2,1,99,699.0,False
2024-12-25,2,1,101,699.0,False
2024-12-26,2,1,101,699.0,False
2024-12-27,2,1,111,699.0,False
2024-12-28,2,1,92,699.0,False
2024-12-29,2,1,66,699.0,False
2024-12-30,2,1,119,699.0,False
2024-12-31,2,1,104,699.0,False
2025-01-01,2,1,121,699.0,False
2025-01-02,2,1,123,699.0,False
2025-01-03,2,1,122,699.0,False
2025-01-04,2,1,94,699.0,False
2025-01-05,2,1,97,699.0,False
2025-01-06,2,1,126,699.0,False
2025-01-07,2,1,118,699.0,False
2025-01-08,2,1,116,699.0,False
2025-01-09,2,1,151,699.0,True
2025-01-10,2,1,181,699.0,True
2025-01-11,2,1,91,699.0,False
2025-01-12,2,1,91,699.0,False
2025-01-13,2,1,115,699.0,False
2025-01-14,2,1,117,699.0,False
2025-01-15,2,1,105,699.0,False
2025-01-16,2,1,127,699.0,False
2025-01-17,2,1,109,699.0,False
2025-01-18,2,1,92,699.0,False
2025-01-19,2,1,101,699.0,False
2025-01-20,2,1,121,699.0,False
2025-01-21,2,1,108,699.0,False
2025-01-22,2,1,112,699.0,False
2025-01-23,2,1,107,699.0,False
2025-01-24,2,1,120,699.0,False
2025-01-25,2,1,108,699.0,False
2025-01-26,2,1,100,699.0,False
2025-01-27,2,1,114,699.0,False
2025-01-28,2,1,123,699.0,False
2025-01-29,2,1,105,699.0,False
2025-01-30,2,1,185,699.0,True
2025-01-31,2,1,117,699.0,False
2025-02-01,2,1,109,699.0,False
2025-02-02,2,1,84,699.0,False
2025-02-03,2,1,143,699.0,False
2025-02-04,2,1,122,699.0,False
2025-02-05,2,1,127,699.0,False
2025-02-06,2,1,113,699.0,False
2025-02-07,2,1,122,699.0,False
2025-02-08,2,1,97,699.0,False
2025-02-09,2,1,99,699.0,False
2025-02-10,2,1,127,699.0,False
2025-02-11,2,1,136,699.0,False
2025-02-12,2,1,117,699.0,False
2025-02-13,2,1,204,699.0,False
2025-02-14,2,1,108,699.0,False
2025-02-15,2,1,86,699.0,False
2025-02-16,2,1,94,699.0,False
2025-02-17,2,1,148,699.0,False
2025-02-18,2,1,137,699.0,False
2025-02-19,2,1,120,699.0,False
2025-02-20,2,1,121,699.0,False
2025-02-21,2,1,135,699.0,False
2025-02-22,2,1,96,699.0,True
2025-02-23,2,1,83,699.0,False
2025-02-24,2,1,119,699.0,False
2025-02-25,2,1,156,699.0,False
2025-02-26,2,1,117,699.0,False
2025-02-27,2,1,107,699.0,False
2025-02-28,2,1,102,699.0,False
2025-03-01,2,1,87,699.0,False
2025-03-02,2,1,115,699.0,False
2025-03-03,2,1,137,699.0,False
2025-03-04,2,1,132,699.0,False
2025-03-05,2,1,135,699.0,False
2025-03-06,2,1,141,699.0,False
2025-03-07,2,1,150,699.0,False
2025-03-08,2,1,104,699.0,False
2025-03-09,2,1,86,699.0,False
2025-03-10,2,1,142,699.0,False
2025-03-11,2,1,112,699.0,False
2025-03-12,2,1,152,699.0,False
2025-03-13,2,1,141,699.0,False
2025-03-14,2,1,134,699.0,False
2025-03-15,2,1,111,699.0,False
2025-03-16,2,1,122,699.0,False
2025-03-17,2,1,140,699.0,False
2025-03-18,2,1,133,699.0,False
2025-03-19,2,1,135,699.0,False
2025-03-20,2,1,132,699.0,False
2025-03-21,2,1,125,699.0,False
2025-03-22,2,1,89,699.0,False
2025-03-23,2,1,125,699.0,False
2025-03-24,2,1,137,699.0,False
2025-03-25,2,1,130,699.0,False
2025-03-26,2,1,136,699.0,False
2025-03-27,2,1,123,699.0,False
2025-03-28,2,1,139,699.0,False
2025-03-29,2,1,91,699.0,False
2025-03-30,2,1,110,699.0,False
2025-03-31,2,1,123,699.0,False
2025-04-01,2,1,146,699.0,False
2025-04-02,2,1,144,699.0,False
2025-04-03,2,1,138,699.0,False
2025-04-04,2,1,140,699.0,False
2025-04-05,2,1,115,699.0,False
2025-04-06,2,1,91,699.0,False
2025-04-07,2,1,129,699.0,False
2025-04-08,2,1,108,699.0,False
2025-04-09,2,1,96,699.0,False
2025-04-10,2,1,149,699.0,False
2025-04-11,2,1,139,699.0,False
2025-04-12,2,1,107,699.0,False
2025-04-13,2,1,122,699.0,False
2025-04-14,2,1,123,699.0,False
2025-04-15,2,1,140,699.0,False
2025-04-16,2,1,121,699.0,False
2025-04-17,2,1,158,699.0,False
2025-04-18,2,1,139,699.0,False
2025-04-19,2,1,105,699.0,False
2025-04-20,2,1,132,699.0,False
2025-04-21,2,1,153,699.0,False
2025-04-22,2,1,135,699.0,False
2025-04-23,2,1,142,699.0,False
2025-04-24,2,1,275,699.0,True
2025-04-25,2,1,127,699.0,False
2025-04-26,2,1,106,699.0,False
2025-04-27,2,1,105,699.0,False
2025-04-28,2,1,135,699.0,False
2025-04-29,2,1,150,699.0,False
2025-04-30,2,1,176,699.0,True
2025-05-01,2,1,144,699.0,False
2025-05-02,2,1,119,699.0,False
2025-05-03,2,1,108,699.0,False
2025-05-04,2,1,97,699.0,False
2025-05-05,2,1,151,699.0,False
2025-05-06,2,1,125,699.0,False
2025-05-07,2,1,117,699.0,False
2025-05-08,2,1,143,699.0,False
2025-05-09,2,1,141,699.0,False
2025-05-10,2,1,116,699.0,False
2025-05-11,2,1,91,699.0,False
2025-05-12,2,1,181,699.0,False
2025-05-13,2,1,132,699.0,False
2025-05-14,2,1,139,699.0,False
2025-05-15,2,1,111,699.0,False
2025-05-16,2,1,132,699.0,False
2025-05-17,2,1,93,699.0,False
2025-05-18,2,1,116,699.0,False
2025-05-19,2,1,116,699.0,False
2025-05-20,2,1,125,699.0,False
2025-05-21,2,1,141,699.0,False
2025-05-22,2,1,133,699.0,False
2025-05-23,2,1,138,699.0,False
2025-05-24,2,1,111,699.0,False
2025-05-25,2,1,124,699.0,False
2025-05-26,2,1,138,699.0,False
2025-05-27,2,1,142,699.0,False
2025-05-28,2,1,126,699.0,False
2025-05-29,2,1,121,699.0,False
2025-05-30,2,1,112,699.0,False
2025-05-31,2,1,119,699.0,False
2025-06-01,2,1,102,699.0,False
2025-06-02,2,1,130,699.0,False
2025-06-03,2,1,117,699.0,False
2025-06-04,2,1,115,699.0,False
2025-06-05,2,1,137,699.0,False
2025-06-06,2,1,118,699.0,False
2025-06-07,2,1,97,699.0,False
2025-06-08,2,1,129,699.0,False
2025-06-09,2,1,133,699.0,False
2025-06-10,2,1,126,699.0,False
2025-06-11,2,1,135,699.0,False
2025-06-12,2,1,117,699.0,False
2025-06-13,2,1,132,699.0,False
2025-06-14,2,1,90,699.0,False
2025-06-15,2,1,95,699.0,False
2025-06-16,2,1,147,699.0,False
2025-06-17,2,1,137,699.0,False
2025-06-18,2,1,134,699.0,False
2025-06-19,2,1,129,699.0,False
2025-06-20,2,1,133,699.0,False
2025-06-21,2,1,127,699.0,True
2025-06-22,2,1,130,699.0,False
2025-06-23,2,1,159,699.0,True
2025-06-24,2,1,135,699.0,False
2025-06-25,2,1,125,699.0,False
2025-06-26,2,1,141,699.0,False
2025-06-27,2,1,122,699.0,False
2025-06-28,2,1,118,699.0,False
2025-06-29,2,1,130,699.0,True
2025-06-30,2,1,124,699.0,False
2025-07-01,2,1,116,699.0,False
2025-07-02,2,1,106,699.0,False
2025-07-03,2,1,131,699.0,False
2025-07-04,2,1,107,699.0,False
2025-07-05,2,1,88,699.0,False
2025-07-06,2,1,101,699.0,False
2025-07-07,2,1,130,699.0,False
2025-07-08,2,1,100,699.0,False
2025-07-09,2,1,165,699.0,True
2025-07-10,2,1,134,699.0,False
2025-07-11,2,1,151,699.0,False
2025-07-12,2,1,125,699.0,True
2025-07-13,2,1,111,699.0,False
2025-07-14,2,1,108,699.0,False
2025-07-15,2,1,135,699.0,False
2025-07-16,2,1,113,699.0,False
2025-07-17,2,1,119,699.0,False
2025-07-18,2,1,114,699.0,False
2025-07-19,2,1,75,699.0,False
2025-07-20,2,1,97,699.0,False
2025-07-21,2,1,134,699.0,False
2025-07-22,2,1,123,699.0,False
2025-07-23,2,1,127,699.0,False
2025-07-24,2,1,118,699.0,False
2025-07-25,2,1,121,699.0,False
2025-07-26,2,1,167,699.0,False
2025-07-27,2,1,96,699.0,False
2025-07-28,2,1,182,699.0,True
2025-07-29,2,1,129,699.0,False
2025-07-30,2,1,114,699.0,False
2025-07-31,2,1,130,699.0,False
2025-08-01,2,1,122,699.0,False
2025-08-02,2,1,86,699.0,False
2025-08-03,2,1,92,699.0,False
2025-08-04,2,1,125,699.0,False
2025-08-05,2,1,128,699.0,False
2025-08-06,2,1,124,699.0,False
2025-08-07,2,1,124,699.0,False
2025-08-08,2,1,149,699.0,True
2025-08-09,2,1,88,699.0,False
2025-08-10,2,1,129,699.0,True
2025-08-11,2,1,137,699.0,False
2025-08-12,2,1,155,699.0,True
2025-08-13,2,1,126,699.0,False
2025-08-14,2,1,128,699.0,False
2025-08-15,2,1,132,699.0,False
2025-08-16,2,1,97,699.0,False
2025-08-17,2,1,98,699.0,False
2025-08-18,2,1,129,699.0,False
2025-08-19,2,1,123,699.0,False
2025-08-20,2,1,125,699.0,False
2025-08-21,2,1,121,699.0,False
2025-08-22,2,1,101,699.0,False
2025-08-23,2,1,97,699.0,False
2025-08-24,2,1,91,699.0,False
2025-08-25,2,1,111,699.0,False
2025-08-26,2,1,119,699.0,False
2025-08-27,2,1,141,699.0,False
2025-08-28,2,1,170,699.0,True
2025-08-29,2,1,143,699.0,True
2025-08-30,2,1,85,699.0,False
2025-08-31,2,1,110,699.0,False
2025-09-01,2,1,107,699.0,False
2025-09-02,2,1,134,699.0,False
2025-09-03,2,1,148,699.0,True
2025-09-04,2,1,99,699.0,False
2025-09-05,2,1,130,699.0,False
2025-09-06,2,1,124,699.0,True
2025-09-07,2,1,71,699.0,False
2025-09-08,2,1,113,699.0,False
2025-09-09,2,1,101,699.0,False
2025-09-10,2,1,129,699.0,False
2025-09-11,2,1,139,699.0,False
2025-09-12,2,1,119,699.0,False
2025-09-13,2,1,152,699.0,False
2025-09-14,2,1,105,699.0,False
2025-09-15,2,1,121,699.0,False
2025-09-16,2,1,122,699.0,False
2025-09-17,2,1,106,699.0,False
2025-09-18,2,1,132,699.0,False
2025-09-19,2,1,108,699.0,False
2025-09-20,2,1,78,699.0,False
2025-09-21,2,1,86,699.0,False
2025-09-22,2,1,124,699.0,False
2025-09-23,2,1,98,699.0,False
2025-09-24,2,1,112,699.0,False
2025-09-25,2,1,100,699.0,False
2025-09-26,2,1,101,699.0,False
2025-09-27,2,1,72,699.0,False
2025-09-28,2,1,102,699.0,False
2025-09-29,2,1,101,699.0,False
2025-09-30,2,1,126,699.0,False
2025-10-01,2,1,118,699.0,False
2025-10-02,2,1,101,699.0,False
2025-10-03,2,1,109,699.0,False
2025-10-04,2,1,91,699.0,False
2025-10-05,2,1,89,699.0,False
2025-10-06,2,1,109,699.0,False
2025-10-07,2,1,130,699.0,False
2025-10-08,2,1,100,699.0,False
2025-10-09,2,1,105,699.0,False
2025-10-10,2,1,107,699.0,False
2025-10-11,2,1,87,699.0,False
2025-10-12,2,1,97,699.0,False
2025-10-13,2,1,98,699.0,False
2025-10-14,2,1,97,699.0,False
2025-10-15,2,1,112,699.0,False
2025-10-16,2,1,122,699.0,False
2025-10-17,2,1,113,699.0,False
2025-10-18,2,1,80,699.0,False
2025-10-19,2,1,81,699.0,False
2025-10-20,2,1,107,699.0,False
2025-10-21,2,1,105,699.0,False
2025-10-22,2,1,127,699.0,False
2025-10-23,2,1,97,699.0,False
2025-10-24,2,1,93,699.0,False
2025-10-25,2,1,83,699.0,False
2025-10-26,2,1,92,699.0,False
2025-10-27,2,1,143,699.0,True
2025-10-28,2,1,111,699.0,False
2025-10-29,2,1,96,699.0,False
2025-10-30,2,1,178,699.0,False
2025-10-31,2,1,107,699.0,False
2025-11-01,2,1,89,699.0,False
2025-11-02,2,1,88,699.0,False
2025-11-03,2,1,98,699.0,False
2025-11-04,2,1,119,699.0,False
2025-11-05,2,1,111,699.0,False
2025-11-06,2,1,120,699.0,False
2025-11-07,2,1,126,699.0,False
2025-11-08,2,1,77,699.0,False
2025-11-09,2,1,83,699.0,False
2025-11-10,2,1,119,699.0,False
2025-11-11,2,1,98,699.0,False
2025-11-12,2,1,114,699.0,False
2025-11-13,2,1,106,699.0,False
2025-11-14,2,1,114,699.0,False
2025-11-15,2,1,92,699.0,False
2025-11-16,2,1,94,699.0,False
2025-11-17,2,1,117,699.0,False
2025-11-18,2,1,113,699.0,False
2025-11-19,2,1,110,699.0,False
2025-11-20,2,1,130,699.0,False
2025-11-21,2,1,118,699.0,False
2025-11-22,2,1,77,699.0,False
2025-11-23,2,1,143,699.0,True
2025-11-24,2,1,93,699.0,False
2025-11-25,2,1,105,699.0,False
2025-11-26,2,1,114,699.0,False
2025-11-27,2,1,105,699.0,False
2025-11-28,2,1,126,699.0,False
2025-11-29,2,1,91,699.0,False
2025-11-30,2,1,84,699.0,False
2025-12-01,2,1,130,699.0,False
2025-12-02,2,1,99,699.0,False
2025-12-03,2,1,105,699.0,False
2025-12-04,2,1,118,699.0,False
2025-12-05,2,1,87,699.0,False
2025-12-06,2,1,108,699.0,False
2025-12-07,2,1,90,699.0,False
2025-12-08,2,1,190,699.0,True
2025-12-09,2,1,133,699.0,False
2025-12-10,2,1,115,699.0,False
2025-12-11,2,1,117,699.0,False
2025-12-12,2,1,139,699.0,False
2025-12-13,2,1,96,699.0,False
2025-12-14,2,1,111,699.0,False
2025-12-15,2,1,140,699.0,False
2025-12-16,2,1,145,699.0,False
2025-12-17,2,1,124,699.0,False
2025-12-18,2,1,128,699.0,False
2025-12-19,2,1,158,699.0,True
2025-12-20,2,1,92,699.0,False
2025-12-21,2,1,82,699.0,False
2025-12-22,2,1,114,699.0,False
2025-12-23,2,1,96,699.0,False
2025-12-24,2,1,129,699.0,False
2025-12-25,2,1,175,699.0,True
2025-12-26,2,1,134,699.0,False
2025-12-27,2,1,88,699.0,False
2025-12-28,2,1,83,699.0,False
2025-12-29,2,1,105,699.0,False
2025-12-30,2,1,115,699.0,False
2025-12-31,2,1,119,699.0,False
2024-01-01,2,2,73,699.0,False
2024-01-02,2,2,77,699.0,True
2024-01-03,2,2,79,699.0,False
2024-01-04,2,2,71,699.0,False
2024-01-05,2,2,78,699.0,False
2024-01-06,2,2,63,699.0,False
2024-01-07,2,2,57,699.0,False
2024-01-08,2,2,76,699.0,False
2024-01-09,2,2,82,699.0,False
2024-01-10,2,2,84,699.0,False
2024-01-11,2,2,70,699.0,False
2024-01-12,2,2,66,699.0,False
2024-01-13,2,2,61,699.0,False
2024-01-14,2,2,57,699.0,False
2024-01-15,2,2,65,699.0,False
2024-01-16,2,2,85,699.0,False
2024-01-17,2,2,81,699.0,False
2024-01-18,2,2,81,699.0,False
2024-01-19,2,2,80,699.0,False
2024-01-20,2,2,60,699.0,False
2024-01-21,2,2,56,699.0,False
2024-01-22,2,2,69,699.0,False
2024-01-23,2,2,85,699.0,False
2024-01-24,2,2,88,699.0,False
2024-01-25,2,2,77,699.0,False
2024-01-26,2,2,70,699.0,False
2024-01-27,2,2,58,699.0,False
2024-01-28,2,2,68,699.0,False
2024-01-29,2,2,84,699.0,False
2024-01-30,2,2,61,699.0,False
2024-01-31,2,2,97,699.0,False
2024-02-01,2,2,69,699.0,False
2024-02-02,2,2,79,699.0,False
2024-02-03,2,2,57,699.0,False
2024-02-04,2,2,64,699.0,False
2024-02-05,2,2,96,699.0,False
2024-02-06,2,2,66,699.0,False
2024-02-07,2,2,84,699.0,False
2024-02-08,2,2,85,699.0,False
2024-02-09,2,2,64,699.0,False
2024-02-10,2,2,103,699.0,True
2024-02-11,2,2,64,699.0,False
2024-02-12,2,2,69,699.0,False
2024-02-13,2,2,121,699.0,True
2024-02-14,2,2,92,699.0,False
2024-02-15,2,2,77,699.0,False
2024-02-16,2,2,141,699.0,True
2024-02-17,2,2,74,699.0,False
2024-02-18,2,2,65,699.0,False
2024-02-19,2,2,86,699.0,False
2024-02-20,2,2,86,699.0,False
2024-02-21,2,2,87,699.0,False
2024-02-22,2,2,88,699.0,False
2024-02-23,2,2,102,699.0,False
2024-02-24,2,2,69,699.0,False
2024-02-25,2,2,73,699.0,False
2024-02-26,2,2,87,699.0,False
2024-02-27,2,2,78,699.0,False
2024-02-28,2,2,89,699.0,False
2024-02-29,2,2,76,699.0,False
2024-03-01,2,2,78,699.0,False
2024-03-02,2,2,64,699.0,False
2024-03-03,2,2,66,699.0,False
2024-03-04,2,2,97,699.0,False
2024-03-05,2,2,80,699.0,False
2024-03-06,2,2,99,699.0,False
2024-03-07,2,2,93,699.0,False
2024-03-08,2,2,95,699.0,False
2024-03-09,2,2,60,699.0,False
2024-03-10,2,2,63,699.0,False
2024-03-11,2,2,84,699.0,False
2024-03-12,2,2,89,699.0,False
2024-03-13,2,2,71,699.0,False
2024-03-14,2,2,88,699.0,False
2024-03-15,2,2,81,699.0,False
2024-03-16,2,2,74,699.0,False
2024-03-17,2,2,77,699.0,False
2024-03-18,2,2,88,699.0,False
2024-03-19,2,2,91,699.0,False
2024-03-20,2,2,85,699.0,False
2024-03-21,2,2,90,699.0,False
2024-03-22,2,2,79,699.0,False
2024-03-23,2,2,70,699.0,False
2024-03-24,2,2,70,699.0,False
2024-03-25,2,2,90,699.0,False
2024-03-26,2,2,147,699.0,False
2024-03-27,2,2,87,699.0,False
2024-03-28,2,2,135,699.0,True
2024-03-29,2,2,85,699.0,False
2024-03-30,2,2,71,699.0,False
2024-03-31,2,2,70,699.0,False
2024-04-01,2,2,84,699.0,False
2024-04-02,2,2,90,699.0,False
2024-04-03,2,2,78,699.0,False
2024-04-04,2,2,89,699.0,False
2024-04-05,2,2,82,699.0,False
2024-04-06,2,2,76,699.0,False
2024-04-07,2,2,80,699.0,False
2024-04-08,2,2,84,699.0,False
2024-04-09,2,2,79,699.0,False
2024-04-10,2,2,118,699.0,True
2024-04-11,2,2,98,699.0,False
2024-04-12,2,2,73,699.0,False
2024-04-13,2,2,79,699.0,False
2024-04-14,2,2,73,699.0,False
2024-04-15,2,2,96,699.0,False
2024-04-16,2,2,76,699.0,False
2024-04-17,2,2,85,699.0,False
2024-04-18,2,2,107,699.0,False
2024-04-19,2,2,79,699.0,False
2024-04-20,2,2,67,699.0,False
2024-04-21,2,2,67,699.0,False
2024-04-22,2,2,59,699.0,False
2024-04-23,2,2,82,699.0,False
2024-04-24,2,2,76,699.0,False
2024-04-25,2,2,99,699.0,False
2024-04-26,2,2,84,699.0,False
2024-04-27,2,2,62,699.0,False
2024-04-28,2,2,60,699.0,False
2024-04-29,2,2,84,699.0,False
2024-04-30,2,2,106,699.0,False
2024-05-01,2,2,87,699.0,False
2024-05-02,2,2,86,699.0,False
2024-05-03,2,2,92,699.0,False
2024-05-04,2,2,68,699.0,False
2024-05-05,2,2,67,699.0,False
2024-05-06,2,2,98,699.0,False
2024-05-07,2,2,93,699.0,False
2024-05-08,2,2,86,699.0,False
2024-05-09,2,2,81,699.0,False
2024-05-10,2,2,99,699.0,False
2024-05-11,2,2,58,699.0,False
2024-05-12,2,2,60,699.0,False
2024-05-13,2,2,85,699.0,False
2024-05-14,2,2,84,699.0,False
2024-05-15,2,2,79,699.0,False
2024-05-16,2,2,76,699.0,False
2024-05-17,2,2,72,699.0,False
2024-05-18,2,2,68,699.0,False
2024-05-19,2,2,68,699.0,False
2024-05-20,2,2,73,699.0,False
2024-05-21,2,2,90,699.0,False
2024-05-22,2,2,79,699.0,False
2024-05-23,2,2,79,699.0,False
2024-05-24,2,2,113,699.0,True
2024-05-25,2,2,65,699.0,False
2024-05-26,2,2,63,699.0,False
2024-05-27,2,2,94,699.0,False
2024-05-28,2,2,82,699.0,False
2024-05-29,2,2,94,699.0,False
2024-05-30,2,2,83,699.0,False
2024-05-31,2,2,94,699.0,False
2024-06-01,2,2,67,699.0,False
2024-06-02,2,2,67,699.0,False
2024-06-03,2,2,68,699.0,False
2024-06-04,2,2,125,699.0,False
2024-06-05,2,2,82,699.0,False
2024-06-06,2,2,83,699.0,False
2024-06-07,2,2,82,699.0,False
2024-06-08,2,2,68,699.0,False
2024-06-09,2,2,59,699.0,False
2024-06-10,2,2,74,699.0,False
2024-06-11,2,2,81,699.0,False
2024-06-12,2,2,79,699.0,False
2024-06-13,2,2,91,699.0,False
2024-06-14,2,2,95,699.0,False
2024-06-15,2,2,64,699.0,False
2024-06-16,2,2,68,699.0,False
2024-06-17,2,2,101,699.0,False
2024-06-18,2,2,92,699.0,False
2024-06-19,2,2,85,699.0,False
2024-06-20,2,2,87,699.0,False
2024-06-21,2,2,84,699.0,False
2024-06-22,2,2,56,699.0,False
2024-06-23,2,2,67,699.0,False
2024-06-24,2,2,109,699.0,False
2024-06-25,2,2,92,699.0,False
2024-06-26,2,2,73,699.0,False
2024-06-27,2,2,71,699.0,False
2024-06-28,2,2,76,699.0,False
2024-06-29,2,2,56,699.0,False
2024-06-30,2,2,108,699.0,False
2024-07-01,2,2,85,699.0,False
2024-07-02,2,2,77,699.0,False
2024-07-03,2,2,70,699.0,False
2024-07-04,2,2,80,699.0,False
2024-07-05,2,2,73,699.0,False
2024-07-06,2,2,86,699.0,True
2024-07-07,2,2,60,699.0,False
2024-07-08,2,2,79,699.0,False
2024-07-09,2,2,70,699.0,False
2024-07-10,2,2,82,699.0,False
2024-07-11,2,2,73,699.0,False
2024-07-12,2,2,78,699.0,False
2024-07-13,2,2,71,699.0,False
2024-07-14,2,2,66,699.0,False
2024-07-15,2,2,125,699.0,True
2024-07-16,2,2,68,699.0,False
2024-07-17,2,2,69,699.0,False
2024-07-18,2,2,85,699.0,False
2024-07-19,2,2,89,699.0,False
2024-07-20,2,2,54,699.0,False
2024-07-21,2,2,67,699.0,False
2024-07-22,2,2,80,699.0,False
2024-07-23,2,2,84,699.0,False
2024-07-24,2,2,83,699.0,False
2024-07-25,2,2,80,699.0,False
2024-07-26,2,2,97,699.0,True
2024-07-27,2,2,69,699.0,False
2024-07-28,2,2,58,699.0,False
2024-07-29,2,2,80,699.0,False
2024-07-30,2,2,79,699.0,False
2024-07-31,2,2,83,699.0,False
2024-08-01,2,2,73,699.0,False
2024-08-02,2,2,80,699.0,False
2024-08-03,2,2,57,699.0,False
2024-08-04,2,2,62,699.0,False
2024-08-05,2,2,83,699.0,False
2024-08-06,2,2,109,699.0,True
2024-08-07,2,2,68,699.0,False
2024-08-08,2,2,74,699.0,False
2024-08-09,2,2,80,699.0,False
2024-08-10,2,2,54,699.0,False
2024-08-11,2,2,55,699.0,False
2024-08-12,2,2,83,699.0,False
2024-08-13,2,2,72,699.0,False
2024-08-14,2,2,96,699.0,False
2024-08-15,2,2,80,699.0,False
2024-08-16,2,2,72,699.0,False
2024-08-17,2,2,58,699.0,False
2024-08-18,2,2,52,699.0,False
2024-08-19,2,2,84,699.0,True
2024-08-20,2,2,92,699.0,False
2024-08-21,2,2,81,699.0,False
2024-08-22,2,2,73,699.0,False
2024-08-23,2,2,68,699.0,False
2024-08-24,2,2,63,699.0,False
2024-08-25,2,2,59,699.0,False
2024-08-26,2,2,85,699.0,True
2024-08-27,2,2,73,699.0,False
2024-08-28,2,2,72,699.0,False
2024-08-29,2,2,75,699.0,False
2024-08-30,2,2,77,699.0,False
2024-08-31,2,2,66,699.0,False
2024-09-01,2,2,55,699.0,False
2024-09-02,2,2,78,699.0,False
2024-09-03,2,2,86,699.0,False
2024-09-04,2,2,62,699.0,False
2024-09-05,2,2,95,699.0,True
2024-09-06,2,2,79,699.0,False
2024-09-07,2,2,63,699.0,False
2024-09-08,2,2,66,699.0,False
2024-09-09,2,2,76,699.0,False
2024-09-10,2,2,69,699.0,False
2024-09-11,2,2,73,699.0,False
2024-09-12,2,2,68,699.0,False
2024-09-13,2,2,78,699.0,False
2024-09-14,2,2,49,699.0,False
2024-09-15,2,2,60,699.0,False
2024-09-16,2,2,78,699.0,False
2024-09-17,2,2,85,699.0,True
2024-09-18,2,2,123,699.0,True
2024-09-19,2,2,69,699.0,False
2024-09-20,2,2,67,699.0,False
2024-09-21,2,2,63,699.0,False
2024-09-22,2,2,57,699.0,False
2024-09-23,2,2,69,699.0,False
2024-09-24,2,2,63,699.0,False
2024-09-25,2,2,72,699.0,False
2024-09-26,2,2,67,699.0,False
2024-09-27,2,2,58,699.0,False
2024-09-28,2,2,74,699.0,True
2024-09-29,2,2,79,699.0,True
2024-09-30,2,2,72,699.0,False
2024-10-01,2,2,81,699.0,False
2024-10-02,2,2,75,699.0,False
2024-10-03,2,2,70,699.0,False
2024-10-04,2,2,59,699.0,False
2024-10-05,2,2,55,699.0,False
2024-10-06,2,2,46,699.0,False
2024-10-07,2,2,72,699.0,False
2024-10-08,2,2,57,699.0,False
2024-10-09,2,2,59,699.0,False
2024-10-10,2,2,63,699.0,False
2024-10-11,2,2,87,699.0,True
2024-10-12,2,2,48,699.0,False
2024-10-13,2,2,53,699.0,False
2024-10-14,2,2,80,699.0,False
2024-10-15,2,2,58,699.0,False
2024-10-16,2,2,66,699.0,False
2024-10-17,2,2,70,699.0,False
2024-10-18,2,2,76,699.0,False
2024-10-19,2,2,51,699.0,False
2024-10-20,2,2,59,699.0,False
2024-10-21,2,2,70,699.0,False
2024-10-22,2,2,63,699.0,False
2024-10-23,2,2,75,699.0,False
2024-10-24,2,2,80,699.0,False
2024-10-25,2,2,70,699.0,False
2024-10-26,2,2,60,699.0,False
2024-10-27,2,2,55,699.0,False
2024-10-28,2,2,67,699.0,False
2024-10-29,2,2,73,699.0,False
2024-10-30,2,2,76,699.0,False
2024-10-31,2,2,59,699.0,False
2024-11-01,2,2,72,699.0,False
2024-11-02,2,2,60,699.0,False
2024-11-03,2,2,49,699.0,False
2024-11-04,2,2,80,699.0,False
2024-11-05,2,2,97,699.0,True
2024-11-06,2,2,62,699.0,False
2024-11-07,2,2,77,699.0,False
2024-11-08,2,2,127,699.0,False
2024-11-09,2,2,66,699.0,True
2024-11-10,2,2,75,699.0,False
2024-11-11,2,2,63,699.0,False
2024-11-12,2,2,80,699.0,False
2024-11-13,2,2,70,699.0,False
2024-11-14,2,2,71,699.0,False
2024-11-15,2,2,72,699.0,False
2024-11-16,2,2,60,699.0,False
2024-11-17,2,2,65,699.0,False
2024-11-18,2,2,73,699.0,False
2024-11-19,2,2,69,699.0,False
2024-11-20,2,2,71,699.0,False
2024-11-21,2,2,68,699.0,False
2024-11-22,2,2,92,699.0,True
2024-11-23,2,2,58,699.0,False
2024-11-24,2,2,60,699.0,False
2024-11-25,2,2,75,699.0,False
2024-11-26,2,2,80,699.0,False
2024-11-27,2,2,58,699.0,False
2024-11-28,2,2,141,699.0,False
2024-11-29,2,2,77,699.0,False
2024-11-30,2,2,66,699.0,False
2024-12-01,2,2,60,699.0,False
2024-12-02,2,2,78,699.0,False
2024-12-03,2,2,76,699.0,False
2024-12-04,2,2,73,699.0,False
2024-12-05,2,2,86,699.0,False
2024-12-06,2,2,147,699.0,True
2024-12-07,2,2,53,699.0,False
2024-12-08,2,2,78,699.0,False
2024-12-09,2,2,70,699.0,False
2024-12-10,2,2,73,699.0,False
2024-12-11,2,2,93,699.0,False
2024-12-12,2,2,84,699.0,False
2024-12-13,2,2,87,699.0,False
2024-12-14,2,2,51,699.0,False
2024-12-15,2,2,63,699.0,False
2024-12-16,2,2,77,699.0,False
2024-12-17,2,2,66,699.0,False
2024-12-18,2,2,67,699.0,False
2024-12-19,2,2,77,699.0,False
2024-12-20,2,2,107,699.0,True
2024-12-21,2,2,65,699.0,False
2024-12-22,2,2,71,699.0,False
2024-12-23,2,2,109,699.0,True
2024-12-24,2,2,83,699.0,False
2024-12-25,2,2,76,699.0,False
2024-12-26,2,2,75,699.0,False
2024-12-27,2,2,86,699.0,False
2024-12-28,2,2,80,699.0,True
2024-12-29,2,2,60,699.0,False
2024-12-30,2,2,106,699.0,True
2024-12-31,2,2,85,699.0,False
2025-01-01,2,2,89,699.0,False
2025-01-02,2,2,67,699.0,False
2025-01-03,2,2,77,699.0,False
2025-01-04,2,2,65,699.0,False
2025-01-05,2,2,66,699.0,False
2025-01-06,2,2,90,699.0,False
2025-01-07,2,2,133,699.0,False
2025-01-08,2,2,92,699.0,True
2025-01-09,2,2,86,699.0,False
2025-01-10,2,2,77,699.0,False
2025-01-11,2,2,57,699.0,False
2025-01-12,2,2,67,699.0,False
2025-01-13,2,2,93,699.0,False
2025-01-14,2,2,70,699.0,False
2025-01-15,2,2,85,699.0,False
2025-01-16,2,2,100,699.0,False
2025-01-17,2,2,74,699.0,False
2025-01-18,2,2,65,699.0,False
2025-01-19,2,2,68,699.0,False
2025-01-20,2,2,69,699.0,False
2025-01-21,2,2,77,699.0,False
2025-01-22,2,2,81,699.0,False
2025-01-23,2,2,91,699.0,False
2025-01-24,2,2,73,699.0,False
2025-01-25,2,2,67,699.0,False
2025-01-26,2,2,68,699.0,False
2025-01-27,2,2,77,699.0,False
2025-01-28,2,2,103,699.0,False
2025-01-29,2,2,86,699.0,False
2025-01-30,2,2,62,699.0,False
2025-01-31,2,2,86,699.0,False
2025-02-01,2,2,67,699.0,False
2025-02-02,2,2,65,699.0,False
2025-02-03,2,2,87,699.0,False
2025-02-04,2,2,77,699.0,False
2025-02-05,2,2,106,699.0,True
2025-02-06,2,2,85,699.0,False
2025-02-07,2,2,80,699.0,False
2025-02-08,2,2,107,699.0,False
2025-02-09,2,2,60,699.0,False
2025-02-10,2,2,109,699.0,False
2025-02-11,2,2,82,699.0,False
2025-02-12,2,2,96,699.0,False
2025-02-13,2,2,92,699.0,False
2025-02-14,2,2,97,699.0,False
2025-02-15,2,2,74,699.0,False
2025-02-16,2,2,65,699.0,False
2025-02-17,2,2,125,699.0,True
2025-02-18,2,2,78,699.0,False
2025-02-19,2,2,79,699.0,False
2025-02-20,2,2,91,699.0,False
2025-02-21,2,2,90,699.0,False
2025-02-22,2,2,65,699.0,False
2025-02-23,2,2,70,699.0,False
2025-02-24,2,2,97,699.0,False
2025-02-25,2,2,90,699.0,False
2025-02-26,2,2,91,699.0,False
2025-02-27,2,2,81,699.0,False
2025-02-28,2,2,73,699.0,False
2025-03-01,2,2,68,699.0,False
2025-03-02,2,2,88,699.0,True
2025-03-03,2,2,92,699.0,False
2025-03-04,2,2,149,699.0,True
2025-03-05,2,2,96,699.0,False
2025-03-06,2,2,91,699.0,False
2025-03-07,2,2,81,699.0,False
2025-03-08,2,2,108,699.0,False
2025-03-09,2,2,92,699.0,False
2025-03-10,2,2,74,699.0,False
2025-03-11,2,2,100,699.0,False
2025-03-12,2,2,84,699.0,False
2025-03-13,2,2,87,699.0,False
2025-03-14,2,2,85,699.0,False
2025-03-15,2,2,71,699.0,False
2025-03-16,2,2,60,699.0,False
2025-03-17,2,2,95,699.0,False
2025-03-18,2,2,109,699.0,True
2025-03-19,2,2,93,699.0,False
2025-03-20,2,2,90,699.0,False
2025-03-21,2,2,81,699.0,False
2025-03-22,2,2,82,699.0,False
2025-03-23,2,2,80,699.0,False
2025-03-24,2,2,94,699.0,False
2025-03-25,2,2,100,699.0,False
2025-03-26,2,2,92,699.0,False
2025-03-27,2,2,71,699.0,False
2025-03-28,2,2,80,699.0,False
2025-03-29,2,2,70,699.0,False
2025-03-30,2,2,77,699.0,False
2025-03-31,2,2,111,699.0,False
2025-04-01,2,2,81,699.0,False
2025-04-02,2,2,119,699.0,True
2025-04-03,2,2,98,699.0,False
2025-04-04,2,2,89,699.0,False
2025-04-05,2,2,82,699.0,False
2025-04-06,2,2,87,699.0,False
2025-04-07,2,2,92,699.0,False
2025-04-08,2,2,86,699.0,False
2025-04-09,2,2,106,699.0,False
2025-04-10,2,2,99,699.0,False
2025-04-11,2,2,100,699.0,False
2025-04-12,2,2,72,699.0,False
2025-04-13,2,2,71,699.0,False
2025-04-14,2,2,92,699.0,False
2025-04-15,2,2,82,699.0,False
2025-04-16,2,2,102,699.0,False
2025-04-17,2,2,81,699.0,False
2025-04-18,2,2,88,699.0,False
2025-04-19,2,2,66,699.0,False
2025-04-20,2,2,74,699.0,False
2025-04-21,2,2,94,699.0,False
2025-04-22,2,2,105,699.0,False
2025-04-23,2,2,107,699.0,False
2025-04-24,2,2,93,699.0,False
2025-04-25,2,2,92,699.0,False
2025-04-26,2,2,70,699.0,False
2025-04-27,2,2,73,699.0,False
2025-04-28,2,2,90,699.0,False
2025-04-29,2,2,93,699.0,False
2025-04-30,2,2,90,699.0,False
2025-05-01,2,2,86,699.0,False
2025-05-02,2,2,88,699.0,False
2025-05-03,2,2,56,699.0,False
2025-05-04,2,2,70,699.0,False
2025-05-05,2,2,76,699.0,False
2025-05-06,2,2,95,699.0,False
2025-05-07,2,2,94,699.0,False
2025-05-08,2,2,93,699.0,False
2025-05-09,2,2,81,699.0,False
2025-05-10,2,2,78,699.0,False
2025-05-11,2,2,80,699.0,False
2025-05-12,2,2,88,699.0,False
2025-05-13,2,2,89,699.0,False
2025-05-14,2,2,94,699.0,False
2025-05-15,2,2,102,699.0,False
2025-05-16,2,2,87,699.0,False
2025-05-17,2,2,76,699.0,False
2025-05-18,2,2,79,699.0,False
2025-05-19,2,2,91,699.0,False
2025-05-20,2,2,90,699.0,False
2025-05-21,2,2,103,699.0,False
2025-05-22,2,2,95,699.0,False
2025-05-23,2,2,92,699.0,False
2025-05-24,2,2,71,699.0,False
2025-05-25,2,2,78,699.0,False
2025-05-26,2,2,103,699.0,False
2025-05-27,2,2,87,699.0,False
2025-05-28,2,2,105,699.0,False
2025-05-29,2,2,103,699.0,False
2025-05-30,2,2,87,699.0,False
2025-05-31,2,2,66,699.0,False
2025-06-01,2,2,82,699.0,False
2025-06-02,2,2,83,699.0,False
2025-06-03,2,2,84,699.0,False
2025-06-04,2,2,90,699.0,False
2025-06-05,2,2,88,699.0,False
2025-06-06,2,2,99,699.0,False
2025-06-07,2,2,80,699.0,False
2025-06-08,2,2,78,699.0,False
2025-06-09,2,2,93,699.0,False
2025-06-10,2,2,125,699.0,True
2025-06-11,2,2,127,699.0,True
2025-06-12,2,2,78,699.0,False
2025-06-13,2,2,99,699.0,False
2025-06-14,2,2,70,699.0,False
2025-06-15,2,2,83,699.0,False
2025-06-16,2,2,103,699.0,False
2025-06-17,2,2,91,699.0,False
2025-06-18,2,2,96,699.0,False
2025-06-19,2,2,89,699.0,False
2025-06-20,2,2,95,699.0,False
2025-06-21,2,2,69,699.0,False
2025-06-22,2,2,72,699.0,False
2025-06-23,2,2,98,699.0,False
2025-06-24,2,2,95,699.0,False
2025-06-25,2,2,72,699.0,False
2025-06-26,2,2,80,699.0,False
2025-06-27,2,2,103,699.0,False
2025-06-28,2,2,74,699.0,False
2025-06-29,2,2,61,699.0,False
2025-06-30,2,2,101,699.0,False
2025-07-01,2,2,67,699.0,False
2025-07-02,2,2,95,699.0,False
2025-07-03,2,2,84,699.0,False
2025-07-04,2,2,88,699.0,False
2025-07-05,2,2,70,699.0,False
2025-07-06,2,2,74,699.0,False
2025-07-07,2,2,74,699.0,False
2025-07-08,2,2,74,699.0,False
2025-07-09,2,2,92,699.0,False
2025-07-10,2,2,93,699.0,False
2025-07-11,2,2,72,699.0,False
2025-07-12,2,2,62,699.0,False
2025-07-13,2,2,63,699.0,False
2025-07-14,2,2,76,699.0,False
2025-07-15,2,2,80,699.0,False
2025-07-16,2,2,73,699.0,False
2025-07-17,2,2,118,699.0,True
2025-07-18,2,2,92,699.0,False
2025-07-19,2,2,76,699.0,False
2025-07-20,2,2,60,699.0,False
2025-07-21,2,2,71,699.0,False
2025-07-22,2,2,91,699.0,False
2025-07-23,2,2,88,699.0,False
2025-07-24,2,2,91,699.0,False
2025-07-25,2,2,88,699.0,False
2025-07-26,2,2,73,699.0,False
2025-07-27,2,2,70,699.0,False
2025-07-28,2,2,71,699.0,False
2025-07-29,2,2,90,699.0,False
2025-07-30,2,2,78,699.0,False
2025-07-31,2,2,81,699.0,False
2025-08-01,2,2,88,699.0,False
2025-08-02,2,2,69,699.0,False
2025-08-03,2,2,70,699.0,False
2025-08-04,2,2,79,699.0,False
2025-08-05,2,2,75,699.0,False
2025-08-06,2,2,88,699.0,False
2025-08-07,2,2,91,699.0,False
2025-08-08,2,2,83,699.0,False
2025-08-09,2,2,59,699.0,False
2025-08-10,2,2,49,699.0,False
2025-08-11,2,2,79,699.0,False
2025-08-12,2,2,85,699.0,False
2025-08-13,2,2,83,699.0,False
2025-08-14,2,2,89,699.0,False
2025-08-15,2,2,81,699.0,False
2025-08-16,2,2,75,699.0,False
2025-08-17,2,2,60,699.0,False
2025-08-18,2,2,79,699.0,False
2025-08-19,2,2,85,699.0,False
2025-08-20,2,2,78,699.0,False
2025-08-21,2,2,97,699.0,False
2025-08-22,2,2,77,699.0,False
2025-08-23,2,2,60,699.0,False
2025-08-24,2,2,71,699.0,False
2025-08-25,2,2,93,699.0,False
2025-08-26,2,2,85,699.0,False
2025-08-27,2,2,96,699.0,False
2025-08-28,2,2,73,699.0,False
2025-08-29,2,2,77,699.0,False
2025-08-30,2,2,67,699.0,False
2025-08-31,2,2,60,699.0,False
2025-09-01,2,2,82,699.0,False
2025-09-02,2,2,81,699.0,False
2025-09-03,2,2,84,699.0,False
2025-09-04,2,2,70,699.0,False
2025-09-05,2,2,79,699.0,False
2025-09-06,2,2,54,699.0,False
2025-09-07,2,2,60,699.0,False
2025-09-08,2,2,91,699.0,False
2025-09-09,2,2,66,699.0,False
2025-09-10,2,2,76,699.0,False
2025-09-11,2,2,83,699.0,False
2025-09-12,2,2,69,699.0,False
2025-09-13,2,2,65,699.0,False
2025-09-14,2,2,60,699.0,False
2025-09-15,2,2,73,699.0,False
2025-09-16,2,2,70,699.0,False
2025-09-17,2,2,79,699.0,False
2025-09-18,2,2,82,699.0,False
2025-09-19,2,2,126,699.0,True
2025-09-20,2,2,65,699.0,False
2025-09-21,2,2,62,699.0,False
2025-09-22,2,2,67,699.0,False
2025-09-23,2,2,68,699.0,False
2025-09-24,2,2,65,699.0,False
2025-09-25,2,2,75,699.0,False
2025-09-26,2,2,79,699.0,False
2025-09-27,2,2,61,699.0,False
2025-09-28,2,2,53,699.0,False
2025-09-29,2,2,70,699.0,False
2025-09-30,2,2,74,699.0,False
2025-10-01,2,2,73,699.0,False
2025-10-02,2,2,74,699.0,False
2025-10-03,2,2,78,699.0,False
2025-10-04,2,2,73,699.0,False
2025-10-05,2,2,54,699.0,False
2025-10-06,2,2,74,699.0,False
2025-10-07,2,2,76,699.0,False
2025-10-08,2,2,72,699.0,False
2025-10-09,2,2,87,699.0,False
2025-10-10,2,2,68,699.0,False
2025-10-11,2,2,45,699.0,False
2025-10-12,2,2,64,699.0,False
2025-10-13,2,2,71,699.0,False
2025-10-14,2,2,88,699.0,False
2025-10-15,2,2,68,699.0,False
2025-10-16,2,2,78,699.0,False
2025-10-17,2,2,95,699.0,False
2025-10-18,2,2,52,699.0,False
2025-10-19,2,2,64,699.0,False
2025-10-20,2,2,78,699.0,False
2025-10-21,2,2,86,699.0,False
2025-10-22,2,2,82,699.0,False
2025-10-23,2,2,62,699.0,False
2025-10-24,2,2,75,699.0,False
2025-10-25,2,2,58,699.0,False
2025-10-26,2,2,63,699.0,False
2025-10-27,2,2,89,699.0,False
2025-10-28,2,2,75,699.0,False
2025-10-29,2,2,64,699.0,False
2025-10-30,2,2,74,699.0,False
2025-10-31,2,2,94,699.0,False
2025-11-01,2,2,58,699.0,False
2025-11-02,2,2,56,699.0,False
2025-11-03,2,2,72,699.0,False
2025-11-04,2,2,109,699.0,True
2025-11-05,2,2,63,699.0,False
2025-11-06,2,2,92,699.0,False
2025-11-07,2,2,69,699.0,False
2025-11-08,2,2,56,699.0,False
2025-11-09,2,2,106,699.0,False
2025-11-10,2,2,83,699.0,False
2025-11-11,2,2,79,699.0,False
2025-11-12,2,2,82,699.0,False
2025-11-13,2,2,67,699.0,False
2025-11-14,2,2,76,699.0,False
2025-11-15,2,2,73,699.0,False
2025-11-16,2,2,60,699.0,False
2025-11-17,2,2,86,699.0,False
2025-11-18,2,2,63,699.0,False
2025-11-19,2,2,77,699.0,False
2025-11-20,2,2,74,699.0,False
2025-11-21,2,2,79,699.0,False
2025-11-22,2,2,45,699.0,False
2025-11-23,2,2,71,699.0,False
2025-11-24,2,2,77,699.0,False
2025-11-25,2,2,94,699.0,False
2025-11-26,2,2,87,699.0,False
2025-11-27,2,2,87,699.0,False
2025-11-28,2,2,62,699.0,False
2025-11-29,2,2,61,699.0,False
2025-11-30,2,2,55,699.0,False
2025-12-01,2,2,83,699.0,False
2025-12-02,2,2,88,699.0,False
2025-12-03,2,2,86,699.0,False
2025-12-04,2,2,96,699.0,False
2025-12-05,2,2,88,699.0,False
2025-12-06,2,2,66,699.0,False
2025-12-07,2,2,74,699.0,True
2025-12-08,2,2,85,699.0,False
2025-12-09,2,2,76,699.0,False
2025-12-10,2,2,81,699.0,False
2025-12-11,2,2,92,699.0,False
2025-12-12,2,2,83,699.0,False
2025-12-13,2,2,70,699.0,False
2025-12-14,2,2,61,699.0,False
2025-12-15,2,2,75,699.0,False
2025-12-16,2,2,104,699.0,False
2025-12-17,2,2,83,699.0,False
2025-12-18,2,2,83,699.0,False
2025-12-19,2,2,91,699.0,False
2025-12-20,2,2,82,699.0,True
2025-12-21,2,2,67,699.0,False
2025-12-22,2,2,84,699.0,False
2025-12-23,2,2,169,699.0,False
2025-12-24,2,2,87,699.0,False
2025-12-25,2,2,108,699.0,False
2025-12-26,2,2,86,699.0,False
2025-12-27,2,2,78,699.0,False
2025-12-28,2,2,62,699.0,False
2025-12-29,2,2,86,699.0,False
2025-12-30,2,2,85,699.0,False
2025-12-31,2,2,87,699.0,False
2024-01-01,2,3,100,699.0,False
2024-01-02,2,3,90,699.0,False
2024-01-03,2,3,93,699.0,False
2024-01-04,2,3,82,699.0,False
2024-01-05,2,3,100,699.0,False
2024-01-06,2,3,88,699.0,False
2024-01-07,2,3,71,699.0,False
2024-01-08,2,3,106,699.0,False
2024-01-09,2,3,105,699.0,False
2024-01-10,2,3,97,699.0,False
2024-01-11,2,3,91,699.0,False
2024-01-12,2,3,84,699.0,False
2024-01-13,2,3,69,699.0,False
2024-01-14,2,3,71,699.0,False
2024-01-15,2,3,89,699.0,False
2024-01-16,2,3,90,699.0,False
2024-01-17,2,3,94,699.0,False
2024-01-18,2,3,114,699.0,False
2024-01-19,2,3,119,699.0,False
2024-01-20,2,3,75,699.0,False
2024-01-21,2,3,72,699.0,False
2024-01-22,2,3,99,699.0,False
2024-01-23,2,3,89,699.0,False
2024-01-24,2,3,102,699.0,False
2024-01-25,2,3,99,699.0,False
2024-01-26,2,3,120,699.0,False
2024-01-27,2,3,101,699.0,False
2024-01-28,2,3,65,699.0,False
2024-01-29,2,3,146,699.0,True
2024-01-30,2,3,92,699.0,False
2024-01-31,2,3,83,699.0,False
2024-02-01,2,3,110,699.0,False
2024-02-02,2,3,101,699.0,False
2024-02-03,2,3,79,699.0,False
2024-02-04,2,3,86,699.0,False
2024-02-05,2,3,108,699.0,False
2024-02-06,2,3,92,699.0,False
2024-02-07,2,3,159,699.0,False
2024-02-08,2,3,105,699.0,False
2024-02-09,2,3,116,699.0,False
2024-02-10,2,3,72,699.0,False
2024-02-11,2,3,70,699.0,False
2024-02-12,2,3,164,699.0,False
2024-02-13,2,3,101,699.0,False
2024-02-14,2,3,122,699.0,False
2024-02-15,2,3,97,699.0,False
2024-02-16,2,3,91,699.0,False
2024-02-17,2,3,106,699.0,True
2024-02-18,2,3,107,699.0,True
2024-02-19,2,3,101,699.0,False
2024-02-20,2,3,99,699.0,False
2024-02-21,2,3,106,699.0,False
2024-02-22,2,3,105,699.0,False
2024-02-23,2,3,100,699.0,False
2024-02-24,2,3,71,699.0,False
2024-02-25,2,3,78,699.0,False
2024-02-26,2,3,116,699.0,False
2024-02-27,2,3,158,699.0,False
2024-02-28,2,3,99,699.0,False
2024-02-29,2,3,142,699.0,True
2024-03-01,2,3,90,699.0,False
2024-03-02,2,3,92,699.0,False
2024-03-03,2,3,79,699.0,False
2024-03-04,2,3,125,699.0,False
2024-03-05,2,3,113,699.0,False
2024-03-06,2,3,105,699.0,False
2024-03-07,2,3,107,699.0,False
2024-03-08,2,3,115,699.0,False
2024-03-09,2,3,101,699.0,False
2024-03-10,2,3,80,699.0,False
2024-03-11,2,3,106,699.0,False
2024-03-12,2,3,121,699.0,False
2024-03-13,2,3,113,699.0,False
2024-03-14,2,3,114,699.0,False
2024-03-15,2,3,97,699.0,False
2024-03-16,2,3,90,699.0,False
2024-03-17,2,3,74,699.0,False
2024-03-18,2,3,92,699.0,False
2024-03-19,2,3,90,699.0,False
2024-03-20,2,3,129,699.0,False
2024-03-21,2,3,106,699.0,False
2024-03-22,2,3,102,699.0,False
2024-03-23,2,3,93,699.0,False
2024-03-24,2,3,71,699.0,False
2024-03-25,2,3,107,699.0,False
2024-03-26,2,3,109,699.0,False
2024-03-27,2,3,113,699.0,False
2024-03-28,2,3,106,699.0,False
2024-03-29,2,3,106,699.0,False
2024-03-30,2,3,95,699.0,False
2024-03-31,2,3,92,699.0,False
2024-04-01,2,3,89,699.0,False
2024-04-02,2,3,99,699.0,False
2024-04-03,2,3,109,699.0,False
2024-04-04,2,3,106,699.0,False
2024-04-05,2,3,101,699.0,False
2024-04-06,2,3,84,699.0,False
2024-04-07,2,3,95,699.0,False
2024-04-08,2,3,102,699.0,False
2024-04-09,2,3,116,699.0,False
2024-04-10,2,3,124,699.0,False
2024-04-11,2,3,107,699.0,False
2024-04-12,2,3,105,699.0,False
2024-04-13,2,3,88,699.0,False
2024-04-14,2,3,79,699.0,False
2024-04-15,2,3,123,699.0,False
2024-04-16,2,3,138,699.0,True
2024-04-17,2,3,100,699.0,False
2024-04-18,2,3,93,699.0,False
2024-04-19,2,3,102,699.0,False
2024-04-20,2,3,70,699.0,False
2024-04-21,2,3,101,699.0,False
2024-04-22,2,3,129,699.0,False
2024-04-23,2,3,117,699.0,False
2024-04-24,2,3,106,699.0,False
2024-04-25,2,3,115,699.0,False
2024-04-26,2,3,111,699.0,False
2024-04-27,2,3,86,699.0,False
2024-04-28,2,3,91,699.0,False
2024-04-29,2,3,127,699.0,False
2024-04-30,2,3,120,699.0,False
2024-05-01,2,3,104,699.0,False
2024-05-02,2,3,101,699.0,False
2024-05-03,2,3,108,699.0,False
2024-05-04,2,3,91,699.0,False
2024-05-05,2,3,96,699.0,False
2024-05-06,2,3,91,699.0,False
2024-05-07,2,3,98,699.0,False
2024-05-08,2,3,98,699.0,False
2024-05-09,2,3,129,699.0,False
2024-05-10,2,3,116,699.0,False
2024-05-11,2,3,89,699.0,False
2024-05-12,2,3,94,699.0,False
2024-05-13,2,3,102,699.0,False
2024-05-14,2,3,98,699.0,False
2024-05-15,2,3,116,699.0,False
2024-05-16,2,3,112,699.0,False
2024-05-17,2,3,156,699.0,True
2024-05-18,2,3,86,699.0,False
2024-05-19,2,3,103,699.0,True
2024-05-20,2,3,131,699.0,False
2024-05-21,2,3,119,699.0,False
2024-05-22,2,3,149,699.0,True
2024-05-23,2,3,101,699.0,False
2024-05-24,2,3,125,699.0,False
2024-05-25,2,3,93,699.0,False
2024-05-26,2,3,96,699.0,False
2024-05-27,2,3,105,699.0,False
2024-05-28,2,3,105,699.0,False
2024-05-29,2,3,101,699.0,False
2024-05-30,2,3,99,699.0,False
2024-05-31,2,3,131,699.0,False
2024-06-01,2,3,93,699.0,False
2024-06-02,2,3,88,699.0,False
2024-06-03,2,3,114,699.0,False
2024-06-04,2,3,103,699.0,False
2024-06-05,2,3,93,699.0,False
2024-06-06,2,3,102,699.0,False
2024-06-07,2,3,120,699.0,False
2024-06-08,2,3,73,699.0,False
2024-06-09,2,3,157,699.0,False
2024-06-10,2,3,106,699.0,False
2024-06-11,2,3,134,699.0,False
2024-06-12,2,3,113,699.0,False
2024-06-13,2,3,107,699.0,False
2024-06-14,2,3,89,699.0,False
2024-06-15,2,3,89,699.0,False
2024-06-16,2,3,95,699.0,False
2024-06-17,2,3,118,699.0,False
2024-06-18,2,3,112,699.0,False
2024-06-19,2,3,95,699.0,False
2024-06-20,2,3,191,699.0,False
2024-06-21,2,3,134,699.0,True
2024-06-22,2,3,79,699.0,False
2024-06-23,2,3,89,699.0,False
2024-06-24,2,3,127,699.0,False
2024-06-25,2,3,108,699.0,False
2024-06-26,2,3,102,699.0,False
2024-06-27,2,3,108,699.0,False
2024-06-28,2,3,120,699.0,False
2024-06-29,2,3,81,699.0,False
2024-06-30,2,3,68,699.0,False
2024-07-01,2,3,86,699.0,False
2024-07-02,2,3,110,699.0,False
2024-07-03,2,3,108,699.0,False
2024-07-04,2,3,121,699.0,False
2024-07-05,2,3,90,699.0,False
2024-07-06,2,3,69,699.0,False
2024-07-07,2,3,69,699.0,False
2024-07-08,2,3,95,699.0,False
2024-07-09,2,3,102,699.0,False
2024-07-10,2,3,100,699.0,False
2024-07-11,2,3,91,699.0,False
2024-07-12,2,3,122,699.0,False
2024-07-13,2,3,80,699.0,False
2024-07-14,2,3,77,699.0,False
2024-07-15,2,3,120,699.0,False
2024-07-16,2,3,99,699.0,False
2024-07-17,2,3,102,699.0,False
2024-07-18,2,3,111,699.0,False
2024-07-19,2,3,89,699.0,False
2024-07-20,2,3,75,699.0,False
2024-07-21,2,3,94,699.0,False
2024-07-22,2,3,108,699.0,False
2024-07-23,2,3,94,699.0,False
2024-07-24,2,3,101,699.0,False
2024-07-25,2,3,95,699.0,False
2024-07-26,2,3,109,699.0,False
2024-07-27,2,3,73,699.0,False
2024-07-28,2,3,76,699.0,False
2024-07-29,2,3,125,699.0,False
2024-07-30,2,3,96,699.0,False
2024-07-31,2,3,82,699.0,False
2024-08-01,2,3,92,699.0,False
2024-08-02,2,3,96,699.0,False
2024-08-03,2,3,74,699.0,False
2024-08-04,2,3,70,699.0,False
2024-08-05,2,3,95,699.0,False
2024-08-06,2,3,103,699.0,False
2024-08-07,2,3,98,699.0,False
2024-08-08,2,3,97,699.0,False
2024-08-09,2,3,99,699.0,False
2024-08-10,2,3,76,699.0,False
2024-08-11,2,3,76,699.0,False
2024-08-12,2,3,104,699.0,False
2024-08-13,2,3,84,699.0,False
2024-08-14,2,3,105,699.0,False
2024-08-15,2,3,86,699.0,False
2024-08-16,2,3,95,699.0,False
2024-08-17,2,3,74,699.0,False
2024-08-18,2,3,70,699.0,False
2024-08-19,2,3,85,699.0,False
2024-08-20,2,3,96,699.0,False
2024-08-21,2,3,80,699.0,False
2024-08-22,2,3,92,699.0,False
2024-08-23,2,3,110,699.0,False
2024-08-24,2,3,98,699.0,True
2024-08-25,2,3,65,699.0,False
2024-08-26,2,3,96,699.0,False
2024-08-27,2,3,96,699.0,False
2024-08-28,2,3,93,699.0,False
2024-08-29,2,3,98,699.0,False
2024-08-30,2,3,96,699.0,False
2024-08-31,2,3,77,699.0,False
2024-09-01,2,3,71,699.0,False
2024-09-02,2,3,81,699.0,False
2024-09-03,2,3,90,699.0,False
2024-09-04,2,3,89,699.0,False
2024-09-05,2,3,139,699.0,False
2024-09-06,2,3,72,699.0,False
2024-09-07,2,3,69,699.0,False
2024-09-08,2,3,73,699.0,False
2024-09-09,2,3,93,699.0,False
2024-09-10,2,3,105,699.0,False
2024-09-11,2,3,82,699.0,False
2024-09-12,2,3,85,699.0,False
2024-09-13,2,3,84,699.0,False
2024-09-14,2,3,72,699.0,False
2024-09-15,2,3,73,699.0,False
2024-09-16,2,3,96,699.0,False
2024-09-17,2,3,98,699.0,False
2024-09-18,2,3,89,699.0,False
2024-09-19,2,3,96,699.0,False
2024-09-20,2,3,111,699.0,False
2024-09-21,2,3,86,699.0,True
2024-09-22,2,3,70,699.0,False
2024-09-23,2,3,112,699.0,False
2024-09-24,2,3,94,699.0,False
2024-09-25,2,3,111,699.0,False
2024-09-26,2,3,102,699.0,False
2024-09-27,2,3,90,699.0,False
2024-09-28,2,3,80,699.0,False
2024-09-29,2,3,73,699.0,False
2024-09-30,2,3,91,699.0,False
2024-10-01,2,3,74,699.0,False
2024-10-02,2,3,76,699.0,False
2024-10-03,2,3,87,699.0,False
2024-10-04,2,3,87,699.0,False
2024-10-05,2,3,71,699.0,False
2024-10-06,2,3,73,699.0,False
2024-10-07,2,3,113,699.0,False
2024-10-08,2,3,88,699.0,False
2024-10-09,2,3,97,699.0,False
2024-10-10,2,3,86,699.0,False
2024-10-11,2,3,87,699.0,False
2024-10-12,2,3,82,699.0,False
2024-10-13,2,3,137,699.0,False
2024-10-14,2,3,105,699.0,False
2024-10-15,2,3,96,699.0,False
2024-10-16,2,3,95,699.0,False
2024-10-17,2,3,77,699.0,False
2024-10-18,2,3,117,699.0,False
2024-10-19,2,3,61,699.0,False
2024-10-20,2,3,65,699.0,False
2024-10-21,2,3,97,699.0,False
2024-10-22,2,3,93,699.0,False
2024-10-23,2,3,153,699.0,False
2024-10-24,2,3,98,699.0,False
2024-10-25,2,3,99,699.0,False
2024-10-26,2,3,90,699.0,True
2024-10-27,2,3,62,699.0,False
2024-10-28,2,3,90,699.0,False
2024-10-29,2,3,87,699.0,False
2024-10-30,2,3,90,699.0,False
2024-10-31,2,3,78,699.0,False
2024-11-01,2,3,81,699.0,False
2024-11-02,2,3,67,699.0,False
2024-11-03,2,3,68,699.0,False
2024-11-04,2,3,96,699.0,False
2024-11-05,2,3,96,699.0,False
2024-11-06,2,3,96,699.0,False
2024-11-07,2,3,82,699.0,False
2024-11-08,2,3,100,699.0,False
2024-11-09,2,3,79,699.0,False
2024-11-10,2,3,76,699.0,False
2024-11-11,2,3,101,699.0,False
2024-11-12,2,3,99,699.0,False
2024-11-13,2,3,91,699.0,False
2024-11-14,2,3,95,699.0,False
2024-11-15,2,3,96,699.0,False
2024-11-16,2,3,72,699.0,False
2024-11-17,2,3,80,699.0,False
2024-11-18,2,3,81,699.0,False
2024-11-19,2,3,108,699.0,False
2024-11-20,2,3,65,699.0,False
2024-11-21,2,3,91,699.0,False
2024-11-22,2,3,98,699.0,False
2024-11-23,2,3,72,699.0,False
2024-11-24,2,3,62,699.0,False
2024-11-25,2,3,113,699.0,False
2024-11-26,2,3,88,699.0,False
2024-11-27,2,3,114,699.0,False
2024-11-28,2,3,85,699.0,False
2024-11-29,2,3,87,699.0,False
2024-11-30,2,3,101,699.0,False
2024-12-01,2,3,67,699.0,False
2024-12-02,2,3,99,699.0,False
2024-12-03,2,3,102,699.0,False
2024-12-04,2,3,99,699.0,False
2024-12-05,2,3,98,699.0,False
2024-12-06,2,3,100,699.0,False
2024-12-07,2,3,67,699.0,False
2024-12-08,2,3,92,699.0,False
2024-12-09,2,3,102,699.0,False
2024-12-10,2,3,90,699.0,False
2024-12-11,2,3,105,699.0,False
2024-12-12,2,3,100,699.0,False
2024-12-13,2,3,95,699.0,False
2024-12-14,2,3,132,699.0,False
2024-12-15,2,3,73,699.0,False
2024-12-16,2,3,138,699.0,True
2024-12-17,2,3,96,699.0,False
2024-12-18,2,3,99,699.0,False
2024-12-19,2,3,84,699.0,False
2024-12-20,2,3,125,699.0,False
2024-12-21,2,3,71,699.0,False
2024-12-22,2,3,62,699.0,False
2024-12-23,2,3,91,699.0,False
2024-12-24,2,3,86,699.0,False
2024-12-25,2,3,93,699.0,False
2024-12-26,2,3,98,699.0,False
2024-12-27,2,3,91,699.0,False
2024-12-28,2,3,64,699.0,False
2024-12-29,2,3,69,699.0,False
2024-12-30,2,3,86,699.0,False
2024-12-31,2,3,79,699.0,False
2025-01-01,2,3,102,699.0,False
2025-01-02,2,3,108,699.0,False
2025-01-03,2,3,91,699.0,False
2025-01-04,2,3,75,699.0,False
2025-01-05,2,3,80,699.0,False
2025-01-06,2,3,136,699.0,True
2025-01-07,2,3,124,699.0,False
2025-01-08,2,3,118,699.0,False
2025-01-09,2,3,96,699.0,False
2025-01-10,2,3,98,699.0,False
2025-01-11,2,3,75,699.0,False
2025-01-12,2,3,82,699.0,False
2025-01-13,2,3,106,699.0,False
2025-01-14,2,3,99,699.0,False
2025-01-15,2,3,104,699.0,False
2025-01-16,2,3,97,699.0,False
2025-01-17,2,3,117,699.0,False
2025-01-18,2,3,112,699.0,True
2025-01-19,2,3,86,699.0,False
2025-01-20,2,3,105,699.0,False
2025-01-21,2,3,118,699.0,False
2025-01-22,2,3,99,699.0,False
2025-01-23,2,3,96,699.0,False
2025-01-24,2,3,96,699.0,False
2025-01-25,2,3,85,699.0,False
2025-01-26,2,3,87,699.0,False
2025-01-27,2,3,104,699.0,False
2025-01-28,2,3,102,699.0,False
2025-01-29,2,3,106,699.0,False
2025-01-30,2,3,86,699.0,False
2025-01-31,2,3,108,699.0,False
2025-02-01,2,3,99,699.0,False
2025-02-02,2,3,90,699.0,False
2025-02-03,2,3,88,699.0,False
2025-02-04,2,3,85,699.0,False
2025-02-05,2,3,104,699.0,False
2025-02-06,2,3,112,699.0,False
2025-02-07,2,3,104,699.0,False
2025-02-08,2,3,91,699.0,False
2025-02-09,2,3,84,699.0,False
2025-02-10,2,3,131,699.0,False
2025-02-11,2,3,107,699.0,False
2025-02-12,2,3,116,699.0,False
2025-02-13,2,3,103,699.0,False
2025-02-14,2,3,110,699.0,False
2025-02-15,2,3,84,699.0,False
2025-02-16,2,3,93,699.0,False
2025-02-17,2,3,116,699.0,False
2025-02-18,2,3,122,699.0,False
2025-02-19,2,3,114,699.0,False
2025-02-20,2,3,97,699.0,False
2025-02-21,2,3,108,699.0,False
2025-02-22,2,3,75,699.0,False
2025-02-23,2,3,104,699.0,True
2025-02-24,2,3,107,699.0,False
2025-02-25,2,3,109,699.0,False
2025-02-26,2,3,107,699.0,False
2025-02-27,2,3,117,699.0,False
2025-02-28,2,3,114,699.0,False
2025-03-01,2,3,97,699.0,False
2025-03-02,2,3,80,699.0,False
2025-03-03,2,3,126,699.0,False
2025-03-04,2,3,123,699.0,False
2025-03-05,2,3,128,699.0,False
2025-03-06,2,3,127,699.0,False
2025-03-07,2,3,109,699.0,False
2025-03-08,2,3,87,699.0,False
2025-03-09,2,3,95,699.0,False
2025-03-10,2,3,119,699.0,True
2025-03-11,2,3,96,699.0,False
2025-03-12,2,3,112,699.0,False
2025-03-13,2,3,132,699.0,False
2025-03-14,2,3,124,699.0,False
2025-03-15,2,3,99,699.0,False
2025-03-16,2,3,85,699.0,False
2025-03-17,2,3,109,699.0,False
2025-03-18,2,3,104,699.0,False
2025-03-19,2,3,134,699.0,False
2025-03-20,2,3,92,699.0,False
2025-03-21,2,3,110,699.0,False
2025-03-22,2,3,82,699.0,False
2025-03-23,2,3,138,699.0,True
2025-03-24,2,3,103,699.0,False
2025-03-25,2,3,124,699.0,False
2025-03-26,2,3,111,699.0,False
2025-03-27,2,3,101,699.0,False
2025-03-28,2,3,126,699.0,False
2025-03-29,2,3,85,699.0,False
2025-03-30,2,3,80,699.0,False
2025-03-31,2,3,115,699.0,False
2025-04-01,2,3,108,699.0,False
2025-04-02,2,3,119,699.0,False
2025-04-03,2,3,110,699.0,False
2025-04-04,2,3,126,699.0,False
2025-04-05,2,3,81,699.0,False
2025-04-06,2,3,89,699.0,False
2025-04-07,2,3,129,699.0,False
2025-04-08,2,3,118,699.0,False
2025-04-09,2,3,130,699.0,False
2025-04-10,2,3,145,699.0,True
2025-04-11,2,3,117,699.0,False
2025-04-12,2,3,83,699.0,False
2025-04-13,2,3,87,699.0,False
2025-04-14,2,3,113,699.0,False
2025-04-15,2,3,146,699.0,True
2025-04-16,2,3,168,699.0,True
2025-04-17,2,3,119,699.0,False
2025-04-18,2,3,102,699.0,False
2025-04-19,2,3,110,699.0,False
2025-04-20,2,3,80,699.0,False
2025-04-21,2,3,117,699.0,False
2025-04-22,2,3,128,699.0,False
2025-04-23,2,3,106,699.0,False
2025-04-24,2,3,118,699.0,False
2025-04-25,2,3,125,699.0,False
2025-04-26,2,3,97,699.0,False
2025-04-27,2,3,130,699.0,True
2025-04-28,2,3,126,699.0,False
2025-04-29,2,3,130,699.0,False
2025-04-30,2,3,140,699.0,False
2025-05-01,2,3,105,699.0,False
2025-05-02,2,3,155,699.0,True
2025-05-03,2,3,100,699.0,False
2025-05-04,2,3,93,699.0,False
2025-05-05,2,3,113,699.0,False
2025-05-06,2,3,119,699.0,False
2025-05-07,2,3,101,699.0,False
2025-05-08,2,3,115,699.0,False
2025-05-09,2,3,179,699.0,True
2025-05-10,2,3,107,699.0,False
2025-05-11,2,3,101,699.0,False
2025-05-12,2,3,133,699.0,False
2025-05-13,2,3,146,699.0,False
2025-05-14,2,3,128,699.0,False
2025-05-15,2,3,129,699.0,False
2025-05-16,2,3,117,699.0,False
2025-05-17,2,3,102,699.0,False
2025-05-18,2,3,91,699.0,False
2025-05-19,2,3,102,699.0,False
2025-05-20,2,3,115,699.0,False
2025-05-21,2,3,142,699.0,True
2025-05-22,2,3,110,699.0,False
2025-05-23,2,3,115,699.0,False
2025-05-24,2,3,108,699.0,False
2025-05-25,2,3,89,699.0,False
2025-05-26,2,3,142,699.0,False
2025-05-27,2,3,120,699.0,False
2025-05-28,2,3,129,699.0,False
2025-05-29,2,3,141,699.0,False
2025-05-30,2,3,123,699.0,False
2025-05-31,2,3,91,699.0,False
2025-06-01,2,3,87,699.0,False
2025-06-02,2,3,112,699.0,False
2025-06-03,2,3,118,699.0,False
2025-06-04,2,3,116,699.0,False
2025-06-05,2,3,111,699.0,False
2025-06-06,2,3,112,699.0,False
2025-06-07,2,3,81,699.0,False
2025-06-08,2,3,91,699.0,False
2025-06-09,2,3,111,699.0,False
2025-06-10,2,3,103,699.0,False
2025-06-11,2,3,129,699.0,True
2025-06-12,2,3,109,699.0,False
2025-06-13,2,3,108,699.0,False
2025-06-14,2,3,79,699.0,False
2025-06-15,2,3,86,699.0,False
2025-06-16,2,3,129,699.0,False
2025-06-17,2,3,112,699.0,False
2025-06-18,2,3,115,699.0,False
2025-06-19,2,3,100,699.0,False
2025-06-20,2,3,106,699.0,False
2025-06-21,2,3,86,699.0,False
2025-06-22,2,3,89,699.0,False
2025-06-23,2,3,133,699.0,False
2025-06-24,2,3,144,699.0,False
2025-06-25,2,3,107,699.0,False
2025-06-26,2,3,112,699.0,False
2025-06-27,2,3,128,699.0,False
2025-06-28,2,3,73,699.0,False
2025-06-29,2,3,148,699.0,False
2025-06-30,2,3,198,699.0,False
2025-07-01,2,3,92,699.0,False
2025-07-02,2,3,120,699.0,False
2025-07-03,2,3,100,699.0,False
2025-07-04,2,3,91,699.0,False
2025-07-05,2,3,77,699.0,False
2025-07-06,2,3,84,699.0,False
2025-07-07,2,3,89,699.0,False
2025-07-08,2,3,106,699.0,False
2025-07-09,2,3,102,699.0,False
2025-07-10,2,3,207,699.0,False
2025-07-11,2,3,105,699.0,False
2025-07-12,2,3,88,699.0,False
2025-07-13,2,3,87,699.0,False
2025-07-14,2,3,106,699.0,False
2025-07-15,2,3,103,699.0,False
2025-07-16,2,3,109,699.0,False
2025-07-17,2,3,118,699.0,False
2025-07-18,2,3,105,699.0,False
2025-07-19,2,3,97,699.0,False
2025-07-20,2,3,80,699.0,False
2025-07-21,2,3,143,699.0,True
2025-07-22,2,3,104,699.0,False
2025-07-23,2,3,142,699.0,False
2025-07-24,2,3,101,699.0,False
2025-07-25,2,3,95,699.0,False
2025-07-26,2,3,92,699.0,False
2025-07-27,2,3,91,699.0,False
2025-07-28,2,3,113,699.0,False
2025-07-29,2,3,102,699.0,False
2025-07-30,2,3,92,699.0,False
2025-07-31,2,3,94,699.0,False
2025-08-01,2,3,84,699.0,False
2025-08-02,2,3,84,699.0,False
2025-08-03,2,3,74,699.0,False
2025-08-04,2,3,102,699.0,False
2025-08-05,2,3,97,699.0,False
2025-08-06,2,3,108,699.0,False
2025-08-07,2,3,113,699.0,False
2025-08-08,2,3,110,699.0,False
2025-08-09,2,3,78,699.0,False
2025-08-10,2,3,123,699.0,False
2025-08-11,2,3,98,699.0,False
2025-08-12,2,3,95,699.0,False
2025-08-13,2,3,87,699.0,False
2025-08-14,2,3,122,699.0,False
2025-08-15,2,3,87,699.0,False
2025-08-16,2,3,93,699.0,False
2025-08-17,2,3,73,699.0,False
2025-08-18,2,3,120,699.0,False
2025-08-19,2,3,119,699.0,False
2025-08-20,2,3,108,699.0,False
2025-08-21,2,3,95,699.0,False
2025-08-22,2,3,158,699.0,True
2025-08-23,2,3,124,699.0,False
2025-08-24,2,3,84,699.0,False
2025-08-25,2,3,101,699.0,False
2025-08-26,2,3,111,699.0,False
2025-08-27,2,3,104,699.0,False
2025-08-28,2,3,96,699.0,False
2025-08-29,2,3,100,699.0,False
2025-08-30,2,3,85,699.0,False
2025-08-31,2,3,90,699.0,False
2025-09-01,2,3,92,699.0,False
2025-09-02,2,3,109,699.0,False
2025-09-03,2,3,75,699.0,False
2025-09-04,2,3,104,699.0,False
2025-09-05,2,3,98,699.0,False
2025-09-06,2,3,76,699.0,False
2025-09-07,2,3,83,699.0,False
2025-09-08,2,3,128,699.0,True
2025-09-09,2,3,94,699.0,True
2025-09-10,2,3,103,699.0,False
2025-09-11,2,3,91,699.0,False
2025-09-12,2,3,88,699.0,False
2025-09-13,2,3,76,699.0,False
2025-09-14,2,3,73,699.0,False
2025-09-15,2,3,101,699.0,False
2025-09-16,2,3,104,699.0,False
2025-09-17,2,3,151,699.0,True
2025-09-18,2,3,83,699.0,False
2025-09-19,2,3,95,699.0,False
2025-09-20,2,3,78,699.0,False
2025-09-21,2,3,76,699.0,False
2025-09-22,2,3,95,699.0,False
2025-09-23,2,3,94,699.0,False
2025-09-24,2,3,100,699.0,False
2025-09-25,2,3,109,699.0,False
2025-09-26,2,3,97,699.0,False
2025-09-27,2,3,78,699.0,False
2025-09-28,2,3,84,699.0,False
2025-09-29,2,3,100,699.0,False
2025-09-30,2,3,101,699.0,False
2025-10-01,2,3,102,699.0,False
2025-10-02,2,3,97,699.0,False
2025-10-03,2,3,98,699.0,False
2025-10-04,2,3,70,699.0,False
2025-10-05,2,3,67,699.0,False
2025-10-06,2,3,93,699.0,False
2025-10-07,2,3,93,699.0,False
2025-10-08,2,3,100,699.0,False
2025-10-09,2,3,89,699.0,False
2025-10-10,2,3,115,699.0,False
2025-10-11,2,3,71,699.0,False
2025-10-12,2,3,114,699.0,True
2025-10-13,2,3,81,699.0,False
2025-10-14,2,3,94,699.0,False
2025-10-15,2,3,99,699.0,False
2025-10-16,2,3,101,699.0,False
2025-10-17,2,3,95,699.0,False
2025-10-18,2,3,74,699.0,False
2025-10-19,2,3,96,699.0,True
2025-10-20,2,3,91,699.0,False
2025-10-21,2,3,111,699.0,False
2025-10-22,2,3,111,699.0,False
2025-10-23,2,3,95,699.0,False
2025-10-24,2,3,83,699.0,False
2025-10-25,2,3,64,699.0,False
2025-10-26,2,3,64,699.0,False
2025-10-27,2,3,117,699.0,False
2025-10-28,2,3,111,699.0,False
2025-10-29,2,3,86,699.0,False
2025-10-30,2,3,99,699.0,False
2025-10-31,2,3,98,699.0,False
2025-11-01,2,3,79,699.0,False
2025-11-02,2,3,83,699.0,False
2025-11-03,2,3,113,699.0,False
2025-11-04,2,3,112,699.0,False
2025-11-05,2,3,91,699.0,False
2025-11-06,2,3,103,699.0,False
2025-11-07,2,3,107,699.0,False
2025-11-08,2,3,81,699.0,False
2025-11-09,2,3,78,699.0,False
2025-11-10,2,3,106,699.0,False
2025-11-11,2,3,96,699.0,False
2025-11-12,2,3,101,699.0,False
2025-11-13,2,3,117,699.0,False
2025-11-14,2,3,109,699.0,False
2025-11-15,2,3,86,699.0,False
2025-11-16,2,3,73,699.0,False
2025-11-17,2,3,115,699.0,False
2025-11-18,2,3,108,699.0,False
2025-11-19,2,3,95,699.0,False
2025-11-20,2,3,93,699.0,False
2025-11-21,2,3,102,699.0,False
2025-11-22,2,3,76,699.0,False
2025-11-23,2,3,90,699.0,False
2025-11-24,2,3,92,699.0,False
2025-11-25,2,3,90,699.0,False
2025-11-26,2,3,97,699.0,False
2025-11-27,2,3,94,699.0,False
2025-11-28,2,3,100,699.0,False
2025-11-29,2,3,83,699.0,False
2025-11-30,2,3,68,699.0,False
2025-12-01,2,3,104,699.0,False
2025-12-02,2,3,87,699.0,False
2025-12-03,2,3,95,699.0,False
2025-12-04,2,3,101,699.0,False
2025-12-05,2,3,116,699.0,False
2025-12-06,2,3,69,699.0,False
2025-12-07,2,3,78,699.0,False
2025-12-08,2,3,121,699.0,False
2025-12-09,2,3,101,699.0,False
2025-12-10,2,3,89,699.0,False
2025-12-11,2,3,101,699.0,False
2025-12-12,2,3,86,699.0,False
2025-12-13,2,3,80,699.0,False
2025-12-14,2,3,89,699.0,False
2025-12-15,2,3,97,699.0,False
2025-12-16,2,3,149,699.0,True
2025-12-17,2,3,97,699.0,False
2025-12-18,2,3,117,699.0,False
2025-12-19,2,3,104,699.0,False
2025-12-20,2,3,73,699.0,False
2025-12-21,2,3,85,699.0,False
2025-12-22,2,3,96,699.0,False
2025-12-23,2,3,93,699.0,False
2025-12-24,2,3,107,699.0,False
2025-12-25,2,3,91,699.0,False
2025-12-26,2,3,106,699.0,False
2025-12-27,2,3,84,699.0,False
2025-12-28,2,3,103,699.0,False
2025-12-29,2,3,100,699.0,False
2025-12-30,2,3,114,699.0,False
2025-12-31,2,3,143,699.0,True
2024-01-01,3,1,58,1499.0,False
2024-01-02,3,1,42,1499.0,False
2024-01-03,3,1,53,1499.0,False
2024-01-04,3,1,52,1499.0,False
2024-01-05,3,1,58,1499.0,False
2024-01-06,3,1,39,1499.0,False
2024-01-07,3,1,37,1499.0,False
2024-01-08,3,1,52,1499.0,False
2024-01-09,3,1,56,1499.0,False
2024-01-10,3,1,53,1499.0,False
2024-01-11,3,1,54,1499.0,False
2024-01-12,3,1,52,1499.0,False
2024-01-13,3,1,43,1499.0,False
2024-01-14,3,1,34,1499.0,False
2024-01-15,3,1,52,1499.0,False
2024-01-16,3,1,59,1499.0,False
2024-01-17,3,1,63,1499.0,False
2024-01-18,3,1,44,1499.0,False
2024-01-19,3,1,51,1499.0,False
2024-01-20,3,1,35,1499.0,False
2024-01-21,3,1,47,1499.0,False
2024-01-22,3,1,42,1499.0,False
2024-01-23,3,1,47,1499.0,False
2024-01-24,3,1,48,1499.0,False
2024-01-25,3,1,54,1499.0,False
2024-01-26,3,1,44,1499.0,False
2024-01-27,3,1,37,1499.0,False
2024-01-28,3,1,42,1499.0,False
2024-01-29,3,1,49,1499.0,False
2024-01-30,3,1,56,1499.0,False
2024-01-31,3,1,58,1499.0,False
2024-02-01,3,1,72,1499.0,False
2024-02-02,3,1,59,1499.0,False
2024-02-03,3,1,47,1499.0,False
2024-02-04,3,1,49,1499.0,False
2024-02-05,3,1,60,1499.0,False
2024-02-06,3,1,57,1499.0,False
2024-02-07,3,1,59,1499.0,False
2024-02-08,3,1,47,1499.0,False
2024-02-09,3,1,56,1499.0,False
2024-02-10,3,1,42,1499.0,False
2024-02-11,3,1,48,1499.0,False
2024-02-12,3,1,47,1499.0,False
2024-02-13,3,1,53,1499.0,False
2024-02-14,3,1,71,1499.0,False
2024-02-15,3,1,50,1499.0,False
2024-02-16,3,1,62,1499.0,False
2024-02-17,3,1,43,1499.0,False
2024-02-18,3,1,35,1499.0,False
2024-02-19,3,1,62,1499.0,False
2024-02-20,3,1,59,1499.0,False
2024-02-21,3,1,61,1499.0,False
2024-02-22,3,1,57,1499.0,False
2024-02-23,3,1,63,1499.0,False
2024-02-24,3,1,46,1499.0,False
2024-02-25,3,1,41,1499.0,False
2024-02-26,3,1,49,1499.0,False
2024-02-27,3,1,110,1499.0,False
2024-02-28,3,1,64,1499.0,False
2024-02-29,3,1,57,1499.0,False
2024-03-01,3,1,61,1499.0,False
2024-03-02,3,1,48,1499.0,False
2024-03-03,3,1,49,1499.0,False
2024-03-04,3,1,58,1499.0,False
2024-03-05,3,1,78,1499.0,False
2024-03-06,3,1,54,1499.0,False
2024-03-07,3,1,55,1499.0,False
2024-03-08,3,1,59,1499.0,False
2024-03-09,3,1,50,1499.0,False
2024-03-10,3,1,37,1499.0,False
2024-03-11,3,1,65,1499.0,False
2024-03-12,3,1,66,1499.0,False
2024-03-13,3,1,80,1499.0,True
2024-03-14,3,1,53,1499.0,False
2024-03-15,3,1,57,1499.0,False
2024-03-16,3,1,47,1499.0,False
2024-03-17,3,1,49,1499.0,False
2024-03-18,3,1,70,1499.0,False
2024-03-19,3,1,60,1499.0,False
2024-03-20,3,1,46,1499.0,False
2024-03-21,3,1,64,1499.0,False
2024-03-22,3,1,66,1499.0,False
2024-03-23,3,1,45,1499.0,False
2024-03-24,3,1,44,1499.0,False
2024-03-25,3,1,53,1499.0,False
2024-03-26,3,1,62,1499.0,False
2024-03-27,3,1,62,1499.0,False
2024-03-28,3,1,58,1499.0,False
2024-03-29,3,1,58,1499.0,False
2024-03-30,3,1,43,1499.0,False
2024-03-31,3,1,47,1499.0,False
2024-04-01,3,1,60,1499.0,False
2024-04-02,3,1,64,1499.0,False
2024-04-03,3,1,68,1499.0,False
2024-04-04,3,1,62,1499.0,False
2024-04-05,3,1,58,1499.0,False
2024-04-06,3,1,46,1499.0,False
2024-04-07,3,1,50,1499.0,False
2024-04-08,3,1,65,1499.0,False
2024-04-09,3,1,63,1499.0,False
2024-04-10,3,1,58,1499.0,False
2024-04-11,3,1,56,1499.0,False
2024-04-12,3,1,57,1499.0,False
2024-04-13,3,1,49,1499.0,False
2024-04-14,3,1,54,1499.0,False
2024-04-15,3,1,68,1499.0,False
2024-04-16,3,1,61,1499.0,False
2024-04-17,3,1,67,1499.0,False
2024-04-18,3,1,61,1499.0,False
2024-04-19,3,1,59,1499.0,False
2024-04-20,3,1,78,1499.0,False
2024-04-21,3,1,45,1499.0,False
2024-04-22,3,1,67,1499.0,False
2024-04-23,3,1,51,1499.0,False
2024-04-24,3,1,63,1499.0,False
2024-04-25,3,1,62,1499.0,False
2024-04-26,3,1,73,1499.0,False
2024-04-27,3,1,43,1499.0,False
2024-04-28,3,1,78,1499.0,False
2024-04-29,3,1,57,1499.0,False
2024-04-30,3,1,52,1499.0,False
2024-05-01,3,1,60,1499.0,False
2024-05-02,3,1,55,1499.0,False
2024-05-03,3,1,49,1499.0,False
2024-05-04,3,1,69,1499.0,False
2024-05-05,3,1,48,1499.0,False
2024-05-06,3,1,58,1499.0,False
2024-05-07,3,1,54,1499.0,False
2024-05-08,3,1,55,1499.0,False
2024-05-09,3,1,70,1499.0,False
2024-05-10,3,1,61,1499.0,False
2024-05-11,3,1,51,1499.0,False
2024-05-12,3,1,47,1499.0,False
2024-05-13,3,1,68,1499.0,False
2024-05-14,3,1,60,1499.0,False
2024-05-15,3,1,60,1499.0,False
2024-05-16,3,1,61,1499.0,False
2024-05-17,3,1,55,1499.0,False
2024-05-18,3,1,54,1499.0,False
2024-05-19,3,1,57,1499.0,False
2024-05-20,3,1,67,1499.0,False
2024-05-21,3,1,56,1499.0,False
2024-05-22,3,1,73,1499.0,True
2024-05-23,3,1,65,1499.0,False
2024-05-24,3,1,62,1499.0,False
2024-05-25,3,1,47,1499.0,False
2024-05-26,3,1,48,1499.0,False
2024-05-27,3,1,61,1499.0,False
2024-05-28,3,1,68,1499.0,False
2024-05-29,3,1,53,1499.0,False
2024-05-30,3,1,71,1499.0,False
2024-05-31,3,1,62,1499.0,False
2024-06-01,3,1,43,1499.0,False
2024-06-02,3,1,41,1499.0,False
2024-06-03,3,1,81,1499.0,True
2024-06-04,3,1,65,1499.0,False
2024-06-05,3,1,61,1499.0,False
2024-06-06,3,1,59,1499.0,False
2024-06-07,3,1,60,1499.0,False
2024-06-08,3,1,52,1499.0,False
2024-06-09,3,1,48,1499.0,False
2024-06-10,3,1,58,1499.0,False
2024-06-11,3,1,69,1499.0,False
2024-06-12,3,1,72,1499.0,False
2024-06-13,3,1,78,1499.0,True
2024-06-14,3,1,57,1499.0,False
2024-06-15,3,1,44,1499.0,False
2024-06-16,3,1,47,1499.0,False
2024-06-17,3,1,60,1499.0,False
2024-06-18,3,1,61,1499.0,False
2024-06-19,3,1,74,1499.0,False
2024-06-20,3,1,45,1499.0,False
2024-06-21,3,1,58,1499.0,False
2024-06-22,3,1,42,1499.0,False
2024-06-23,3,1,49,1499.0,False
2024-06-24,3,1,62,1499.0,False
2024-06-25,3,1,53,1499.0,False
2024-06-26,3,1,61,1499.0,False
2024-06-27,3,1,70,1499.0,False
2024-06-28,3,1,44,1499.0,False
2024-06-29,3,1,50,1499.0,False
2024-06-30,3,1,42,1499.0,False
2024-07-01,3,1,54,1499.0,False
2024-07-02,3,1,63,1499.0,False
2024-07-03,3,1,52,1499.0,False
2024-07-04,3,1,43,1499.0,False
2024-07-05,3,1,60,1499.0,False
2024-07-06,3,1,40,1499.0,False
2024-07-07,3,1,39,1499.0,False
2024-07-08,3,1,57,1499.0,False
2024-07-09,3,1,55,1499.0,False
2024-07-10,3,1,58,1499.0,False
2024-07-11,3,1,58,1499.0,False
2024-07-12,3,1,54,1499.0,False
2024-07-13,3,1,38,1499.0,False
2024-07-14,3,1,44,1499.0,False
2024-07-15,3,1,56,1499.0,False
2024-07-16,3,1,55,1499.0,False
2024-07-17,3,1,56,1499.0,False
2024-07-18,3,1,62,1499.0,False
2024-07-19,3,1,72,1499.0,False
2024-07-20,3,1,28,1499.0,False
2024-07-21,3,1,41,1499.0,False
2024-07-22,3,1,51,1499.0,False
2024-07-23,3,1,75,1499.0,False
2024-07-24,3,1,62,1499.0,False
2024-07-25,3,1,45,1499.0,False
2024-07-26,3,1,55,1499.0,False
2024-07-27,3,1,74,1499.0,True
2024-07-28,3,1,75,1499.0,False
2024-07-29,3,1,51,1499.0,False
2024-07-30,3,1,59,1499.0,False
2024-07-31,3,1,62,1499.0,False
2024-08-01,3,1,51,1499.0,False
2024-08-02,3,1,48,1499.0,False
2024-08-03,3,1,42,1499.0,False
2024-08-04,3,1,42,1499.0,False
2024-08-05,3,1,55,1499.0,False
2024-08-06,3,1,50,1499.0,False
2024-08-07,3,1,45,1499.0,False
2024-08-08,3,1,50,1499.0,False
2024-08-09,3,1,52,1499.0,False
2024-08-10,3,1,48,1499.0,False
2024-08-11,3,1,42,1499.0,False
2024-08-12,3,1,47,1499.0,False
2024-08-13,3,1,55,1499.0,False
2024-08-14,3,1,54,1499.0,False
2024-08-15,3,1,46,1499.0,False
2024-08-16,3,1,38,1499.0,False
2024-08-17,3,1,41,1499.0,False
2024-08-18,3,1,32,1499.0,False
2024-08-19,3,1,50,1499.0,False
2024-08-20,3,1,58,1499.0,False
2024-08-21,3,1,77,1499.0,True
2024-08-22,3,1,46,1499.0,False
2024-08-23,3,1,58,1499.0,False
2024-08-24,3,1,42,1499.0,False
2024-08-25,3,1,62,1499.0,True
2024-08-26,3,1,83,1499.0,True
2024-08-27,3,1,52,1499.0,False
2024-08-28,3,1,53,1499.0,False
2024-08-29,3,1,51,1499.0,False
2024-08-30,3,1,52,1499.0,False
2024-08-31,3,1,39,1499.0,False
2024-09-01,3,1,39,1499.0,False
2024-09-02,3,1,48,1499.0,False
2024-09-03,3,1,60,1499.0,False
2024-09-04,3,1,49,1499.0,False
2024-09-05,3,1,41,1499.0,False
2024-09-06,3,1,57,1499.0,True
2024-09-07,3,1,35,1499.0,False
2024-09-08,3,1,40,1499.0,False
2024-09-09,3,1,50,1499.0,False
2024-09-10,3,1,39,1499.0,False
2024-09-11,3,1,46,1499.0,False
2024-09-12,3,1,51,1499.0,False
2024-09-13,3,1,52,1499.0,False
2024-09-14,3,1,38,1499.0,False
2024-09-15,3,1,48,1499.0,False
2024-09-16,3,1,47,1499.0,False
2024-09-17,3,1,58,1499.0,False
2024-09-18,3,1,50,1499.0,False
2024-09-19,3,1,44,1499.0,False
2024-09-20,3,1,41,1499.0,False
2024-09-21,3,1,42,1499.0,False
2024-09-22,3,1,61,1499.0,True
2024-09-23,3,1,46,1499.0,False
2024-09-24,3,1,55,1499.0,False
2024-09-25,3,1,48,1499.0,False
2024-09-26,3,1,40,1499.0,False
2024-09-27,3,1,41,1499.0,False
2024-09-28,3,1,35,1499.0,False
2024-09-29,3,1,31,1499.0,False
2024-09-30,3,1,47,1499.0,False
2024-10-01,3,1,50,1499.0,False
2024-10-02,3,1,48,1499.0,False
2024-10-03,3,1,47,1499.0,False
2024-10-04,3,1,51,1499.0,True
2024-10-05,3,1,39,1499.0,False
2024-10-06,3,1,53,1499.0,True
2024-10-07,3,1,47,1499.0,False
2024-10-08,3,1,49,1499.0,False
2024-10-09,3,1,51,1499.0,False
2024-10-10,3,1,51,1499.0,False
2024-10-11,3,1,47,1499.0,False
2024-10-12,3,1,38,1499.0,False
2024-10-13,3,1,34,1499.0,False
2024-10-14,3,1,44,1499.0,False
2024-10-15,3,1,57,1499.0,False
2024-10-16,3,1,52,1499.0,False
2024-10-17,3,1,52,1499.0,False
2024-10-18,3,1,47,1499.0,False
2024-10-19,3,1,36,1499.0,False
2024-10-20,3,1,42,1499.0,False
2024-10-21,3,1,50,1499.0,False
2024-10-22,3,1,45,1499.0,False
2024-10-23,3,1,50,1499.0,False
2024-10-24,3,1,49,1499.0,False
2024-10-25,3,1,55,1499.0,False
2024-10-26,3,1,35,1499.0,False
2024-10-27,3,1,42,1499.0,False
2024-10-28,3,1,51,1499.0,False
2024-10-29,3,1,65,1499.0,True
2024-10-30,3,1,44,1499.0,False
2024-10-31,3,1,61,1499.0,True
2024-11-01,3,1,48,1499.0,False
2024-11-02,3,1,34,1499.0,False
2024-11-03,3,1,32,1499.0,False
2024-11-04,3,1,48,1499.0,False
2024-11-05,3,1,41,1499.0,False
2024-11-06,3,1,56,1499.0,False
2024-11-07,3,1,47,1499.0,False
2024-11-08,3,1,47,1499.0,False
2024-11-09,3,1,41,1499.0,False
2024-11-10,3,1,40,1499.0,False
2024-11-11,3,1,49,1499.0,False
2024-11-12,3,1,56,1499.0,False
2024-11-13,3,1,48,1499.0,False
2024-11-14,3,1,51,1499.0,False
2024-11-15,3,1,58,1499.0,False
2024-11-16,3,1,34,1499.0,False
2024-11-17,3,1,43,1499.0,False
2024-11-18,3,1,69,1499.0,False
2024-11-19,3,1,66,1499.0,True
2024-11-20,3,1,42,1499.0,False
2024-11-21,3,1,54,1499.0,False
2024-11-22,3,1,37,1499.0,False
2024-11-23,3,1,39,1499.0,False
2024-11-24,3,1,52,1499.0,True
2024-11-25,3,1,43,1499.0,False
2024-11-26,3,1,59,1499.0,False
2024-11-27,3,1,49,1499.0,False
2024-11-28,3,1,51,1499.0,False
2024-11-29,3,1,45,1499.0,False
2024-11-30,3,1,38,1499.0,False
2024-12-01,3,1,48,1499.0,False
2024-12-02,3,1,43,1499.0,False
2024-12-03,3,1,56,1499.0,False
2024-12-04,3,1,51,1499.0,False
2024-12-05,3,1,82,1499.0,False
2024-12-06,3,1,59,1499.0,False
2024-12-07,3,1,39,1499.0,False
2024-12-08,3,1,38,1499.0,False
2024-12-09,3,1,48,1499.0,False
2024-12-10,3,1,51,1499.0,False
2024-12-11,3,1,59,1499.0,False
2024-12-12,3,1,55,1499.0,False
2024-12-13,3,1,53,1499.0,False
2024-12-14,3,1,46,1499.0,False
2024-12-15,3,1,40,1499.0,False
2024-12-16,3,1,60,1499.0,False
2024-12-17,3,1,56,1499.0,False
2024-12-18,3,1,68,1499.0,True
2024-12-19,3,1,58,1499.0,False
2024-12-20,3,1,56,1499.0,False
2024-12-21,3,1,52,1499.0,True
2024-12-22,3,1,35,1499.0,False
2024-12-23,3,1,52,1499.0,False
2024-12-24,3,1,63,1499.0,False
2024-12-25,3,1,54,1499.0,False
2024-12-26,3,1,37,1499.0,False
2024-12-27,3,1,51,1499.0,False
2024-12-28,3,1,42,1499.0,False
2024-12-29,3,1,45,1499.0,False
2024-12-30,3,1,51,1499.0,False
2024-12-31,3,1,46,1499.0,False
2025-01-01,3,1,50,1499.0,False
2025-01-02,3,1,50,1499.0,False
2025-01-03,3,1,56,1499.0,False
2025-01-04,3,1,58,1499.0,True
2025-01-05,3,1,44,1499.0,False
2025-01-06,3,1,67,1499.0,False
2025-01-07,3,1,57,1499.0,False
2025-01-08,3,1,57,1499.0,False
2025-01-09,3,1,51,1499.0,False
2025-01-10,3,1,57,1499.0,False
2025-01-11,3,1,44,1499.0,False
2025-01-12,3,1,38,1499.0,False
2025-01-13,3,1,58,1499.0,False
2025-01-14,3,1,64,1499.0,False
2025-01-15,3,1,56,1499.0,False
2025-01-16,3,1,57,1499.0,False
2025-01-17,3,1,62,1499.0,False
2025-01-18,3,1,46,1499.0,False
2025-01-19,3,1,52,1499.0,False
2025-01-20,3,1,87,1499.0,True
2025-01-21,3,1,69,1499.0,True
2025-01-22,3,1,48,1499.0,False
2025-01-23,3,1,81,1499.0,True
2025-01-24,3,1,56,1499.0,False
2025-01-25,3,1,45,1499.0,False
2025-01-26,3,1,50,1499.0,False
2025-01-27,3,1,63,1499.0,False
2025-01-28,3,1,54,1499.0,False
2025-01-29,3,1,78,1499.0,True
2025-01-30,3,1,61,1499.0,False
2025-01-31,3,1,59,1499.0,False
2025-02-01,3,1,40,1499.0,False
2025-02-02,3,1,37,1499.0,False
2025-02-03,3,1,57,1499.0,False
2025-02-04,3,1,75,1499.0,False
2025-02-05,3,1,62,1499.0,False
2025-02-06,3,1,66,1499.0,False
2025-02-07,3,1,84,1499.0,True
2025-02-08,3,1,44,1499.0,False
2025-02-09,3,1,52,1499.0,False
2025-02-10,3,1,53,1499.0,False
2025-02-11,3,1,79,1499.0,True
2025-02-12,3,1,57,1499.0,False
2025-02-13,3,1,65,1499.0,False
2025-02-14,3,1,70,1499.0,False
2025-02-15,3,1,53,1499.0,False
2025-02-16,3,1,50,1499.0,False
2025-02-17,3,1,54,1499.0,False
2025-02-18,3,1,63,1499.0,False
2025-02-19,3,1,52,1499.0,False
2025-02-20,3,1,61,1499.0,False
2025-02-21,3,1,62,1499.0,False
2025-02-22,3,1,73,1499.0,True
2025-02-23,3,1,46,1499.0,False
2025-02-24,3,1,53,1499.0,False
2025-02-25,3,1,60,1499.0,False
2025-02-26,3,1,64,1499.0,False
2025-02-27,3,1,69,1499.0,False
2025-02-28,3,1,53,1499.0,False
2025-03-01,3,1,51,1499.0,False
2025-03-02,3,1,47,1499.0,False
2025-03-03,3,1,65,1499.0,False
2025-03-04,3,1,58,1499.0,False
2025-03-05,3,1,62,1499.0,False
2025-03-06,3,1,68,1499.0,False
2025-03-07,3,1,65,1499.0,False
2025-03-08,3,1,41,1499.0,False
2025-03-09,3,1,49,1499.0,False
2025-03-10,3,1,63,1499.0,False
2025-03-11,3,1,65,1499.0,False
2025-03-12,3,1,60,1499.0,False
2025-03-13,3,1,56,1499.0,False
2025-03-14,3,1,60,1499.0,False
2025-03-15,3,1,44,1499.0,False
2025-03-16,3,1,46,1499.0,False
2025-03-17,3,1,68,1499.0,False
2025-03-18,3,1,59,1499.0,False
2025-03-19,3,1,53,1499.0,False
2025-03-20,3,1,65,1499.0,False
2025-03-21,3,1,65,1499.0,False
2025-03-22,3,1,45,1499.0,False
2025-03-23,3,1,56,1499.0,False
2025-03-24,3,1,56,1499.0,False
2025-03-25,3,1,65,1499.0,False
2025-03-26,3,1,68,1499.0,False
2025-03-27,3,1,58,1499.0,False
2025-03-28,3,1,62,1499.0,False
2025-03-29,3,1,48,1499.0,False
2025-03-30,3,1,52,1499.0,False
2025-03-31,3,1,57,1499.0,False
2025-04-01,3,1,53,1499.0,False
2025-04-02,3,1,65,1499.0,False
2025-04-03,3,1,88,1499.0,True
2025-04-04,3,1,67,1499.0,False
2025-04-05,3,1,45,1499.0,False
2025-04-06,3,1,52,1499.0,False
2025-04-07,3,1,67,1499.0,False
2025-04-08,3,1,72,1499.0,False
2025-04-09,3,1,63,1499.0,False
2025-04-10,3,1,76,1499.0,False
2025-04-11,3,1,65,1499.0,False
2025-04-12,3,1,44,1499.0,False
2025-04-13,3,1,50,1499.0,False
2025-04-14,3,1,69,1499.0,False
2025-04-15,3,1,62,1499.0,False
2025-04-16,3,1,65,1499.0,False
2025-04-17,3,1,65,1499.0,False
2025-04-18,3,1,71,1499.0,False
2025-04-19,3,1,55,1499.0,False
2025-04-20,3,1,49,1499.0,False
2025-04-21,3,1,74,1499.0,False
2025-04-22,3,1,67,1499.0,False
2025-04-23,3,1,75,1499.0,False
2025-04-24,3,1,79,1499.0,False
2025-04-25,3,1,80,1499.0,False
2025-04-26,3,1,45,1499.0,False
2025-04-27,3,1,62,1499.0,False
2025-04-28,3,1,73,1499.0,True
2025-04-29,3,1,61,1499.0,False
2025-04-30,3,1,62,1499.0,False
2025-05-01,3,1,66,1499.0,False
2025-05-02,3,1,61,1499.0,False
2025-05-03,3,1,45,1499.0,False
2025-05-04,3,1,46,1499.0,False
2025-05-05,3,1,60,1499.0,False
2025-05-06,3,1,61,1499.0,False
2025-05-07,3,1,70,1499.0,False
2025-05-08,3,1,53,1499.0,False
2025-05-09,3,1,91,1499.0,True
2025-05-10,3,1,46,1499.0,False
2025-05-11,3,1,49,1499.0,False
2025-05-12,3,1,63,1499.0,False
2025-05-13,3,1,49,1499.0,False
2025-05-14,3,1,57,1499.0,False
2025-05-15,3,1,69,1499.0,False
2025-05-16,3,1,63,1499.0,False
2025-05-17,3,1,71,1499.0,True
2025-05-18,3,1,42,1499.0,False
2025-05-19,3,1,60,1499.0,False
2025-05-20,3,1,71,1499.0,False
2025-05-21,3,1,55,1499.0,False
2025-05-22,3,1,59,1499.0,False
2025-05-23,3,1,60,1499.0,False
2025-05-24,3,1,55,1499.0,False
2025-05-25,3,1,44,1499.0,False
2025-05-26,3,1,60,1499.0,False
2025-05-27,3,1,61,1499.0,False
2025-05-28,3,1,64,1499.0,False
2025-05-29,3,1,78,1499.0,False
2025-05-30,3,1,60,1499.0,False
2025-05-31,3,1,50,1499.0,False
2025-06-01,3,1,49,1499.0,False
2025-06-02,3,1,62,1499.0,False
2025-06-03,3,1,63,1499.0,False
2025-06-04,3,1,60,1499.0,False
2025-06-05,3,1,58,1499.0,False
2025-06-06,3,1,72,1499.0,False
2025-06-07,3,1,39,1499.0,False
2025-06-08,3,1,43,1499.0,False
2025-06-09,3,1,56,1499.0,False
2025-06-10,3,1,55,1499.0,False
2025-06-11,3,1,66,1499.0,False
2025-06-12,3,1,67,1499.0,False
2025-06-13,3,1,55,1499.0,False
2025-06-14,3,1,64,1499.0,True
2025-06-15,3,1,55,1499.0,False
2025-06-16,3,1,55,1499.0,False
2025-06-17,3,1,54,1499.0,False
2025-06-18,3,1,55,1499.0,False
2025-06-19,3,1,53,1499.0,False
2025-06-20,3,1,62,1499.0,False
2025-06-21,3,1,53,1499.0,False
2025-06-22,3,1,46,1499.0,False
2025-06-23,3,1,69,1499.0,False
2025-06-24,3,1,63,1499.0,False
2025-06-25,3,1,71,1499.0,False
2025-06-26,3,1,64,1499.0,False
2025-06-27,3,1,71,1499.0,False
2025-06-28,3,1,44,1499.0,False
2025-06-29,3,1,52,1499.0,False
2025-06-30,3,1,51,1499.0,False
2025-07-01,3,1,58,1499.0,False
2025-07-02,3,1,52,1499.0,False
2025-07-03,3,1,54,1499.0,False
2025-07-04,3,1,55,1499.0,False
2025-07-05,3,1,44,1499.0,False
2025-07-06,3,1,44,1499.0,False
2025-07-07,3,1,57,1499.0,False
2025-07-08,3,1,57,1499.0,False
2025-07-09,3,1,53,1499.0,False
2025-07-10,3,1,56,1499.0,False
2025-07-11,3,1,60,1499.0,False
2025-07-12,3,1,46,1499.0,False
2025-07-13,3,1,38,1499.0,False
2025-07-14,3,1,58,1499.0,False
2025-07-15,3,1,54,1499.0,False
2025-07-16,3,1,53,1499.0,False
2025-07-17,3,1,57,1499.0,False
2025-07-18,3,1,54,1499.0,False
2025-07-19,3,1,39,1499.0,False
2025-07-20,3,1,49,1499.0,False
2025-07-21,3,1,60,1499.0,False
2025-07-22,3,1,60,1499.0,False
2025-07-23,3,1,60,1499.0,False
2025-07-24,3,1,51,1499.0,False
2025-07-25,3,1,45,1499.0,False
2025-07-26,3,1,49,1499.0,False
2025-07-27,3,1,46,1499.0,False
2025-07-28,3,1,60,1499.0,False
2025-07-29,3,1,57,1499.0,False
2025-07-30,3,1,55,1499.0,False
2025-07-31,3,1,53,1499.0,False
2025-08-01,3,1,60,1499.0,False
2025-08-02,3,1,54,1499.0,False
2025-08-03,3,1,45,1499.0,False
2025-08-04,3,1,54,1499.0,False
2025-08-05,3,1,82,1499.0,False
2025-08-06,3,1,78,1499.0,True
2025-08-07,3,1,51,1499.0,False
2025-08-08,3,1,57,1499.0,False
2025-08-09,3,1,38,1499.0,False
2025-08-10,3,1,47,1499.0,False
2025-08-11,3,1,59,1499.0,False
2025-08-12,3,1,63,1499.0,False
2025-08-13,3,1,59,1499.0,False
2025-08-14,3,1,55,1499.0,False
2025-08-15,3,1,62,1499.0,False
2025-08-16,3,1,38,1499.0,False
2025-08-17,3,1,39,1499.0,False
2025-08-18,3,1,57,1499.0,False
2025-08-19,3,1,54,1499.0,False
2025-08-20,3,1,50,1499.0,False
2025-08-21,3,1,51,1499.0,False
2025-08-22,3,1,51,1499.0,False
2025-08-23,3,1,50,1499.0,False
2025-08-24,3,1,38,1499.0,False
2025-08-25,3,1,58,1499.0,False
2025-08-26,3,1,40,1499.0,False
2025-08-27,3,1,45,1499.0,False
2025-08-28,3,1,56,1499.0,False
2025-08-29,3,1,46,1499.0,False
2025-08-30,3,1,45,1499.0,False
2025-08-31,3,1,39,1499.0,False
2025-09-01,3,1,53,1499.0,False
2025-09-02,3,1,56,1499.0,False
2025-09-03,3,1,58,1499.0,False
2025-09-04,3,1,48,1499.0,False
2025-09-05,3,1,46,1499.0,False
2025-09-06,3,1,43,1499.0,False
2025-09-07,3,1,39,1499.0,False
2025-09-08,3,1,54,1499.0,False
2025-09-09,3,1,53,1499.0,False
2025-09-10,3,1,46,1499.0,False
2025-09-11,3,1,68,1499.0,True
2025-09-12,3,1,45,1499.0,False
2025-09-13,3,1,38,1499.0,False
2025-09-14,3,1,33,1499.0,False
2025-09-15,3,1,43,1499.0,False
2025-09-16,3,1,51,1499.0,False
2025-09-17,3,1,48,1499.0,False
2025-09-18,3,1,45,1499.0,False
2025-09-19,3,1,58,1499.0,False
2025-09-20,3,1,37,1499.0,False
2025-09-21,3,1,45,1499.0,False
2025-09-22,3,1,51,1499.0,False
2025-09-23,3,1,52,1499.0,False
2025-09-24,3,1,74,1499.0,True
2025-09-25,3,1,58,1499.0,False
2025-09-26,3,1,41,1499.0,False
2025-09-27,3,1,40,1499.0,False
2025-09-28,3,1,40,1499.0,False
2025-09-29,3,1,51,1499.0,False
2025-09-30,3,1,66,1499.0,True
2025-10-01,3,1,42,1499.0,False
2025-10-02,3,1,60,1499.0,True
2025-10-03,3,1,51,1499.0,False
2025-10-04,3,1,33,1499.0,False
2025-10-05,3,1,53,1499.0,True
2025-10-06,3,1,50,1499.0,False
2025-10-07,3,1,56,1499.0,False
2025-10-08,3,1,53,1499.0,False
2025-10-09,3,1,53,1499.0,False
2025-10-10,3,1,46,1499.0,False
2025-10-11,3,1,39,1499.0,False
2025-10-12,3,1,40,1499.0,False
2025-10-13,3,1,62,1499.0,True
2025-10-14,3,1,76,1499.0,False
2025-10-15,3,1,50,1499.0,False
2025-10-16,3,1,48,1499.0,False
2025-10-17,3,1,84,1499.0,True
2025-10-18,3,1,30,1499.0,False
2025-10-19,3,1,38,1499.0,False
2025-10-20,3,1,48,1499.0,False
2025-10-21,3,1,48,1499.0,False
2025-10-22,3,1,41,1499.0,False
2025-10-23,3,1,48,1499.0,False
2025-10-24,3,1,47,1499.0,False
2025-10-25,3,1,38,1499.0,False
2025-10-26,3,1,57,1499.0,True
2025-10-27,3,1,50,1499.0,False
2025-10-28,3,1,44,1499.0,False
2025-10-29,3,1,57,1499.0,False
2025-10-30,3,1,49,1499.0,False
2025-10-31,3,1,87,1499.0,False
2025-11-01,3,1,38,1499.0,False
2025-11-02,3,1,45,1499.0,False
2025-11-03,3,1,57,1499.0,False
2025-11-04,3,1,51,1499.0,False
2025-11-05,3,1,54,1499.0,False
2025-11-06,3,1,47,1499.0,False
2025-11-07,3,1,39,1499.0,False
2025-11-08,3,1,38,1499.0,False
2025-11-09,3,1,36,1499.0,False
2025-11-10,3,1,52,1499.0,False
2025-11-11,3,1,54,1499.0,False
2025-11-12,3,1,48,1499.0,False
2025-11-13,3,1,60,1499.0,False
2025-11-14,3,1,45,1499.0,False
2025-11-15,3,1,39,1499.0,False
2025-11-16,3,1,42,1499.0,False
2025-11-17,3,1,49,1499.0,False
2025-11-18,3,1,55,1499.0,False
2025-11-19,3,1,55,1499.0,False
2025-11-20,3,1,59,1499.0,False
2025-11-21,3,1,48,1499.0,False
2025-11-22,3,1,39,1499.0,False
2025-11-23,3,1,40,1499.0,False
2025-11-24,3,1,77,1499.0,True
2025-11-25,3,1,56,1499.0,False
2025-11-26,3,1,54,1499.0,False
2025-11-27,3,1,84,1499.0,False
2025-11-28,3,1,90,1499.0,True
2025-11-29,3,1,44,1499.0,False
2025-11-30,3,1,35,1499.0,False
2025-12-01,3,1,51,1499.0,False
2025-12-02,3,1,76,1499.0,True
2025-12-03,3,1,62,1499.0,False
2025-12-04,3,1,61,1499.0,False
2025-12-05,3,1,69,1499.0,False
2025-12-06,3,1,43,1499.0,False
2025-12-07,3,1,49,1499.0,False
2025-12-08,3,1,92,1499.0,True
2025-12-09,3,1,53,1499.0,False
2025-12-10,3,1,59,1499.0,False
2025-12-11,3,1,47,1499.0,False
2025-12-12,3,1,51,1499.0,False
2025-12-13,3,1,56,1499.0,True
2025-12-14,3,1,42,1499.0,False
2025-12-15,3,1,59,1499.0,False
2025-12-16,3,1,57,1499.0,False
2025-12-17,3,1,62,1499.0,False
2025-12-18,3,1,44,1499.0,False
2025-12-19,3,1,53,1499.0,False
2025-12-20,3,1,50,1499.0,False
2025-12-21,3,1,38,1499.0,False
2025-12-22,3,1,45,1499.0,False
2025-12-23,3,1,49,1499.0,False
2025-12-24,3,1,65,1499.0,False
2025-12-25,3,1,58,1499.0,False
2025-12-26,3,1,62,1499.0,False
2025-12-27,3,1,41,1499.0,False
2025-12-28,3,1,56,1499.0,True
2025-12-29,3,1,53,1499.0,False
2025-12-30,3,1,60,1499.0,False
2025-12-31,3,1,59,1499.0,False
2024-01-01,3,2,42,1499.0,False
2024-01-02,3,2,48,1499.0,False
2024-01-03,3,2,40,1499.0,False
2024-01-04,3,2,42,1499.0,False
2024-01-05,3,2,71,1499.0,False
2024-01-06,3,2,36,1499.0,False
2024-01-07,3,2,37,1499.0,False
2024-01-08,3,2,48,1499.0,False
2024-01-09,3,2,37,1499.0,False
2024-01-10,3,2,46,1499.0,False
2024-01-11,3,2,50,1499.0,False
2024-01-12,3,2,50,1499.0,False
2024-01-13,3,2,33,1499.0,False
2024-01-14,3,2,30,1499.0,False
2024-01-15,3,2,46,1499.0,False
2024-01-16,3,2,51,1499.0,False
2024-01-17,3,2,47,1499.0,False
2024-01-18,3,2,54,1499.0,True
2024-01-19,3,2,39,1499.0,False
2024-01-20,3,2,32,1499.0,False
2024-01-21,3,2,38,1499.0,False
2024-01-22,3,2,44,1499.0,False
2024-01-23,3,2,46,1499.0,False
2024-01-24,3,2,52,1499.0,False
2024-01-25,3,2,45,1499.0,False
2024-01-26,3,2,43,1499.0,False
2024-01-27,3,2,33,1499.0,False
2024-01-28,3,2,36,1499.0,False
2024-01-29,3,2,52,1499.0,True
2024-01-30,3,2,48,1499.0,False
2024-01-31,3,2,45,1499.0,False
2024-02-01,3,2,54,1499.0,False
2024-02-02,3,2,46,1499.0,False
2024-02-03,3,2,37,1499.0,False
2024-02-04,3,2,44,1499.0,False
2024-02-05,3,2,47,1499.0,False
2024-02-06,3,2,49,1499.0,False
2024-02-07,3,2,56,1499.0,False
2024-02-08,3,2,43,1499.0,False
2024-02-09,3,2,43,1499.0,False
2024-02-10,3,2,39,1499.0,False
2024-02-11,3,2,44,1499.0,False
2024-02-12,3,2,59,1499.0,False
2024-02-13,3,2,43,1499.0,False
2024-02-14,3,2,50,1499.0,False
2024-02-15,3,2,46,1499.0,False
2024-02-16,3,2,49,1499.0,False
2024-02-17,3,2,42,1499.0,False
2024-02-18,3,2,35,1499.0,False
2024-02-19,3,2,48,1499.0,False
2024-02-20,3,2,48,1499.0,False
2024-02-21,3,2,49,1499.0,False
2024-02-22,3,2,53,1499.0,False
2024-02-23,3,2,54,1499.0,False
2024-02-24,3,2,40,1499.0,False
2024-02-25,3,2,36,1499.0,False
2024-02-26,3,2,45,1499.0,False
2024-02-27,3,2,66,1499.0,True
2024-02-28,3,2,48,1499.0,False
2024-02-29,3,2,46,1499.0,False
2024-03-01,3,2,59,1499.0,False
2024-03-02,3,2,37,1499.0,False
2024-03-03,3,2,49,1499.0,False
2024-03-04,3,2,86,1499.0,False
2024-03-05,3,2,52,1499.0,False
2024-03-06,3,2,55,1499.0,False
2024-03-07,3,2,52,1499.0,False
2024-03-08,3,2,43,1499.0,False
2024-03-09,3,2,48,1499.0,False
2024-03-10,3,2,43,1499.0,False
2024-03-11,3,2,54,1499.0,False
2024-03-12,3,2,74,1499.0,True
2024-03-13,3,2,46,1499.0,False
2024-03-14,3,2,51,1499.0,False
2024-03-15,3,2,53,1499.0,False
2024-03-16,3,2,44,1499.0,False
2024-03-17,3,2,60,1499.0,True
2024-03-18,3,2,51,1499.0,False
2024-03-19,3,2,60,1499.0,False
2024-03-20,3,2,55,1499.0,False
2024-03-21,3,2,57,1499.0,False
2024-03-22,3,2,60,1499.0,False
2024-03-23,3,2,37,1499.0,False
2024-03-24,3,2,43,1499.0,False
2024-03-25,3,2,64,1499.0,False
2024-03-26,3,2,53,1499.0,False
2024-03-27,3,2,44,1499.0,False
2024-03-28,3,2,39,1499.0,False
2024-03-29,3,2,48,1499.0,False
2024-03-30,3,2,40,1499.0,False
2024-03-31,3,2,47,1499.0,False
2024-04-01,3,2,59,1499.0,False
2024-04-02,3,2,58,1499.0,False
2024-04-03,3,2,56,1499.0,False
2024-04-04,3,2,50,1499.0,False
2024-04-05,3,2,59,1499.0,False
2024-04-06,3,2,44,1499.0,False
2024-04-07,3,2,34,1499.0,False
2024-04-08,3,2,48,1499.0,False
2024-04-09,3,2,44,1499.0,False
2024-04-10,3,2,52,1499.0,False
2024-04-11,3,2,46,1499.0,False
2024-04-12,3,2,68,1499.0,True
2024-04-13,3,2,60,1499.0,True
2024-04-14,3,2,44,1499.0,False
2024-04-15,3,2,54,1499.0,False
2024-04-16,3,2,53,1499.0,False
2024-04-17,3,2,49,1499.0,False
2024-04-18,3,2,54,1499.0,False
2024-04-19,3,2,52,1499.0,False
2024-04-20,3,2,45,1499.0,False
2024-04-21,3,2,36,1499.0,False
2024-04-22,3,2,58,1499.0,False
2024-04-23,3,2,70,1499.0,False
2024-04-24,3,2,55,1499.0,False
2024-04-25,3,2,60,1499.0,False
2024-04-26,3,2,61,1499.0,False
2024-04-27,3,2,43,1499.0,False
2024-04-28,3,2,47,1499.0,False
2024-04-29,3,2,83,1499.0,True
2024-04-30,3,2,52,1499.0,False
2024-05-01,3,2,56,1499.0,False
2024-05-02,3,2,67,1499.0,False
2024-05-03,3,2,50,1499.0,False
2024-05-04,3,2,37,1499.0,False
2024-05-05,3,2,35,1499.0,False
2024-05-06,3,2,47,1499.0,False
2024-05-07,3,2,64,1499.0,True
2024-05-08,3,2,53,1499.0,False
2024-05-09,3,2,49,1499.0,False
2024-05-10,3,2,50,1499.0,False
2024-05-11,3,2,46,1499.0,False
2024-05-12,3,2,44,1499.0,False
2024-05-13,3,2,51,1499.0,False
2024-05-14,3,2,54,1499.0,False
2024-05-15,3,2,56,1499.0,False
2024-05-16,3,2,40,1499.0,False
2024-05-17,3,2,49,1499.0,False
2024-05-18,3,2,39,1499.0,False
2024-05-19,3,2,41,1499.0,False
2024-05-20,3,2,52,1499.0,False
2024-05-21,3,2,52,1499.0,False
2024-05-22,3,2,55,1499.0,False
2024-05-23,3,2,60,1499.0,False
2024-05-24,3,2,40,1499.0,False
2024-05-25,3,2,102,1499.0,True
2024-05-26,3,2,39,1499.0,False
2024-05-27,3,2,54,1499.0,False
2024-05-28,3,2,52,1499.0,False
2024-05-29,3,2,53,1499.0,False
2024-05-30,3,2,51,1499.0,False
2024-05-31,3,2,54,1499.0,False
2024-06-01,3,2,40,1499.0,False
2024-06-02,3,2,41,1499.0,False
2024-06-03,3,2,49,1499.0,False
2024-06-04,3,2,51,1499.0,False
2024-06-05,3,2,53,1499.0,False
2024-06-06,3,2,43,1499.0,False
2024-06-07,3,2,39,1499.0,False
2024-06-08,3,2,44,1499.0,False
2024-06-09,3,2,45,1499.0,False
2024-06-10,3,2,41,1499.0,False
2024-06-11,3,2,49,1499.0,False
2024-06-12,3,2,52,1499.0,False
2024-06-13,3,2,48,1499.0,False
2024-06-14,3,2,42,1499.0,False
2024-06-15,3,2,41,1499.0,False
2024-06-16,3,2,39,1499.0,False
2024-06-17,3,2,55,1499.0,False
2024-06-18,3,2,43,1499.0,False
2024-06-19,3,2,51,1499.0,False
2024-06-20,3,2,59,1499.0,False
2024-06-21,3,2,51,1499.0,False
2024-06-22,3,2,69,1499.0,False
2024-06-23,3,2,43,1499.0,False
2024-06-24,3,2,42,1499.0,False
2024-06-25,3,2,54,1499.0,False
2024-06-26,3,2,49,1499.0,False
2024-06-27,3,2,45,1499.0,False
2024-06-28,3,2,59,1499.0,False
2024-06-29,3,2,41,1499.0,False
2024-06-30,3,2,38,1499.0,False
2024-07-01,3,2,51,1499.0,False
2024-07-02,3,2,44,1499.0,False
2024-07-03,3,2,46,1499.0,False
2024-07-04,3,2,48,1499.0,False
2024-07-05,3,2,54,1499.0,False
2024-07-06,3,2,35,1499.0,False
2024-07-07,3,2,36,1499.0,False
2024-07-08,3,2,53,1499.0,False
2024-07-09,3,2,45,1499.0,False
2024-07-10,3,2,53,1499.0,False
2024-07-11,3,2,38,1499.0,False
2024-07-12,3,2,66,1499.0,True
2024-07-13,3,2,35,1499.0,False
2024-07-14,3,2,41,1499.0,False
2024-07-15,3,2,48,1499.0,False
2024-07-16,3,2,47,1499.0,False
2024-07-17,3,2,51,1499.0,False
2024-07-18,3,2,51,1499.0,False
2024-07-19,3,2,47,1499.0,False
2024-07-20,3,2,31,1499.0,False
2024-07-21,3,2,39,1499.0,False
2024-07-22,3,2,52,1499.0,False
2024-07-23,3,2,52,1499.0,False
2024-07-24,3,2,45,1499.0,False
2024-07-25,3,2,44,1499.0,False
2024-07-26,3,2,52,1499.0,False
2024-07-27,3,2,36,1499.0,False
2024-07-28,3,2,35,1499.0,False
2024-07-29,3,2,39,1499.0,False
2024-07-30,3,2,41,1499.0,False
2024-07-31,3,2,52,1499.0,False
2024-08-01,3,2,37,1499.0,False
2024-08-02,3,2,50,1499.0,False
2024-08-03,3,2,35,1499.0,False
2024-08-04,3,2,36,1499.0,False
2024-08-05,3,2,47,1499.0,False
2024-08-06,3,2,44,1499.0,False
2024-08-07,3,2,40,1499.0,False
2024-08-08,3,2,46,1499.0,False
2024-08-09,3,2,69,1499.0,True
2024-08-10,3,2,71,1499.0,False
2024-08-11,3,2,33,1499.0,False
2024-08-12,3,2,41,1499.0,False
2024-08-13,3,2,37,1499.0,False
2024-08-14,3,2,45,1499.0,False
2024-08-15,3,2,49,1499.0,False
2024-08-16,3,2,40,1499.0,False
2024-08-17,3,2,40,1499.0,False
2024-08-18,3,2,56,1499.0,True
2024-08-19,3,2,51,1499.0,False
2024-08-20,3,2,42,1499.0,False
2024-08-21,3,2,44,1499.0,False
2024-08-22,3,2,42,1499.0,False
2024-08-23,3,2,60,1499.0,True
2024-08-24,3,2,33,1499.0,False
2024-08-25,3,2,59,1499.0,True
2024-08-26,3,2,48,1499.0,False
2024-08-27,3,2,49,1499.0,False
2024-08-28,3,2,49,1499.0,False
2024-08-29,3,2,42,1499.0,False
2024-08-30,3,2,39,1499.0,False
2024-08-31,3,2,33,1499.0,False
2024-09-01,3,2,36,1499.0,False
2024-09-02,3,2,41,1499.0,False
2024-09-03,3,2,42,1499.0,False
2024-09-04,3,2,47,1499.0,False
2024-09-05,3,2,43,1499.0,False
2024-09-06,3,2,40,1499.0,False
2024-09-07,3,2,29,1499.0,False
2024-09-08,3,2,24,1499.0,False
2024-09-09,3,2,35,1499.0,False
2024-09-10,3,2,42,1499.0,False
2024-09-11,3,2,36,1499.0,False
2024-09-12,3,2,39,1499.0,False
2024-09-13,3,2,42,1499.0,False
2024-09-14,3,2,35,1499.0,False
2024-09-15,3,2,24,1499.0,False
2024-09-16,3,2,38,1499.0,False
2024-09-17,3,2,42,1499.0,False
2024-09-18,3,2,41,1499.0,False
2024-09-19,3,2,38,1499.0,False
2024-09-20,3,2,46,1499.0,False
2024-09-21,3,2,29,1499.0,False
2024-09-22,3,2,34,1499.0,False
2024-09-23,3,2,42,1499.0,False
2024-09-24,3,2,43,1499.0,False
2024-09-25,3,2,44,1499.0,False
2024-09-26,3,2,46,1499.0,False
2024-09-27,3,2,49,1499.0,False
2024-09-28,3,2,43,1499.0,False
2024-09-29,3,2,32,1499.0,False
2024-09-30,3,2,39,1499.0,False
2024-10-01,3,2,41,1499.0,False
2024-10-02,3,2,35,1499.0,False
2024-10-03,3,2,42,1499.0,False
2024-10-04,3,2,40,1499.0,False
2024-10-05,3,2,30,1499.0,False
2024-10-06,3,2,31,1499.0,False
2024-10-07,3,2,42,1499.0,False
2024-10-08,3,2,44,1499.0,False
2024-10-09,3,2,41,1499.0,False
2024-10-10,3,2,43,1499.0,False
2024-10-11,3,2,44,1499.0,False
2024-10-12,3,2,31,1499.0,False
2024-10-13,3,2,33,1499.0,False
2024-10-14,3,2,64,1499.0,False
2024-10-15,3,2,64,1499.0,True
2024-10-16,3,2,31,1499.0,False
2024-10-17,3,2,44,1499.0,False
2024-10-18,3,2,37,1499.0,False
2024-10-19,3,2,34,1499.0,False
2024-10-20,3,2,35,1499.0,False
2024-10-21,3,2,42,1499.0,False
2024-10-22,3,2,44,1499.0,False
2024-10-23,3,2,37,1499.0,False
2024-10-24,3,2,44,1499.0,False
2024-10-25,3,2,41,1499.0,False
2024-10-26,3,2,31,1499.0,False
2024-10-27,3,2,41,1499.0,True
2024-10-28,3,2,75,1499.0,False
2024-10-29,3,2,42,1499.0,False
2024-10-30,3,2,46,1499.0,False
2024-10-31,3,2,41,1499.0,False
2024-11-01,3,2,47,1499.0,False
2024-11-02,3,2,31,1499.0,False
2024-11-03,3,2,34,1499.0,False
2024-11-04,3,2,39,1499.0,False
2024-11-05,3,2,45,1499.0,False
2024-11-06,3,2,44,1499.0,False
2024-11-07,3,2,74,1499.0,False
2024-11-08,3,2,43,1499.0,False
2024-11-09,3,2,38,1499.0,False
2024-11-10,3,2,29,1499.0,False
2024-11-11,3,2,38,1499.0,False
2024-11-12,3,2,46,1499.0,False
2024-11-13,3,2,41,1499.0,False
2024-11-14,3,2,70,1499.0,True
2024-11-15,3,2,43,1499.0,False
2024-11-16,3,2,30,1499.0,False
2024-11-17,3,2,31,1499.0,False
2024-11-18,3,2,47,1499.0,False
2024-11-19,3,2,43,1499.0,False
2024-11-20,3,2,40,1499.0,False
2024-11-21,3,2,43,1499.0,False
2024-11-22,3,2,42,1499.0,False
2024-11-23,3,2,33,1499.0,False
2024-11-24,3,2,30,1499.0,False
2024-11-25,3,2,41,1499.0,False
2024-11-26,3,2,54,1499.0,True
2024-11-27,3,2,43,1499.0,False
2024-11-28,3,2,48,1499.0,False
2024-11-29,3,2,45,1499.0,False
2024-11-30,3,2,34,1499.0,False
2024-12-01,3,2,28,1499.0,False
2024-12-02,3,2,41,1499.0,False
2024-12-03,3,2,52,1499.0,False
2024-12-04,3,2,41,1499.0,False
2024-12-05,3,2,40,1499.0,False
2024-12-06,3,2,45,1499.0,False
2024-12-07,3,2,42,1499.0,False
2024-12-08,3,2,36,1499.0,False
2024-12-09,3,2,47,1499.0,False
2024-12-10,3,2,47,1499.0,False
2024-12-11,3,2,41,1499.0,False
2024-12-12,3,2,34,1499.0,False
2024-12-13,3,2,44,1499.0,False
2024-12-14,3,2,34,1499.0,False
2024-12-15,3,2,62,1499.0,True
2024-12-16,3,2,43,1499.0,False
2024-12-17,3,2,48,1499.0,False
2024-12-18,3,2,42,1499.0,False
2024-12-19,3,2,48,1499.0,False
2024-12-20,3,2,42,1499.0,False
2024-12-21,3,2,51,1499.0,True
2024-12-22,3,2,35,1499.0,False
2024-12-23,3,2,49,1499.0,False
2024-12-24,3,2,53,1499.0,False
2024-12-25,3,2,48,1499.0,False
2024-12-26,3,2,42,1499.0,False
2024-12-27,3,2,49,1499.0,False
2024-12-28,3,2,36,1499.0,False
2024-12-29,3,2,36,1499.0,False
2024-12-30,3,2,44,1499.0,False
2024-12-31,3,2,52,1499.0,False
2025-01-01,3,2,55,1499.0,False
2025-01-02,3,2,53,1499.0,False
2025-01-03,3,2,41,1499.0,False
2025-01-04,3,2,37,1499.0,False
2025-01-05,3,2,33,1499.0,False
2025-01-06,3,2,46,1499.0,False
2025-01-07,3,2,41,1499.0,False
2025-01-08,3,2,47,1499.0,False
2025-01-09,3,2,52,1499.0,False
2025-01-10,3,2,55,1499.0,False
2025-01-11,3,2,39,1499.0,False
2025-01-12,3,2,39,1499.0,False
2025-01-13,3,2,48,1499.0,False
2025-01-14,3,2,81,1499.0,False
2025-01-15,3,2,85,1499.0,False
2025-01-16,3,2,50,1499.0,False
2025-01-17,3,2,43,1499.0,False
2025-01-18,3,2,26,1499.0,False
2025-01-19,3,2,37,1499.0,False
2025-01-20,3,2,50,1499.0,False
2025-01-21,3,2,53,1499.0,False
2025-01-22,3,2,52,1499.0,False
2025-01-23,3,2,56,1499.0,False
2025-01-24,3,2,54,1499.0,False
2025-01-25,3,2,33,1499.0,False
2025-01-26,3,2,52,1499.0,True
2025-01-27,3,2,54,1499.0,False
2025-01-28,3,2,44,1499.0,False
2025-01-29,3,2,78,1499.0,True
2025-01-30,3,2,52,1499.0,False
2025-01-31,3,2,56,1499.0,False
2025-02-01,3,2,43,1499.0,False
2025-02-02,3,2,41,1499.0,False
2025-02-03,3,2,50,1499.0,False
2025-02-04,3,2,54,1499.0,False
2025-02-05,3,2,58,1499.0,False
2025-02-06,3,2,36,1499.0,False
2025-02-07,3,2,55,1499.0,False
2025-02-08,3,2,48,1499.0,False
2025-02-09,3,2,46,1499.0,False
2025-02-10,3,2,45,1499.0,False
2025-02-11,3,2,58,1499.0,False
2025-02-12,3,2,39,1499.0,False
2025-02-13,3,2,54,1499.0,False
2025-02-14,3,2,55,1499.0,False
2025-02-15,3,2,44,1499.0,False
2025-02-16,3,2,48,1499.0,False
2025-02-17,3,2,44,1499.0,False
2025-02-18,3,2,54,1499.0,False
2025-02-19,3,2,44,1499.0,False
2025-02-20,3,2,50,1499.0,False
2025-02-21,3,2,59,1499.0,False
2025-02-22,3,2,40,1499.0,False
2025-02-23,3,2,39,1499.0,False
2025-02-24,3,2,41,1499.0,False
2025-02-25,3,2,52,1499.0,False
2025-02-26,3,2,54,1499.0,False
2025-02-27,3,2,51,1499.0,False
2025-02-28,3,2,44,1499.0,False
2025-03-01,3,2,43,1499.0,False
2025-03-02,3,2,43,1499.0,False
2025-03-03,3,2,61,1499.0,False
2025-03-04,3,2,53,1499.0,False
2025-03-05,3,2,42,1499.0,False
2025-03-06,3,2,59,1499.0,False
2025-03-07,3,2,60,1499.0,False
2025-03-08,3,2,48,1499.0,False
2025-03-09,3,2,37,1499.0,False
2025-03-10,3,2,54,1499.0,False
2025-03-11,3,2,63,1499.0,False
2025-03-12,3,2,60,1499.0,False
2025-03-13,3,2,57,1499.0,False
2025-03-14,3,2,65,1499.0,False
2025-03-15,3,2,47,1499.0,False
2025-03-16,3,2,48,1499.0,False
2025-03-17,3,2,50,1499.0,False
2025-03-18,3,2,47,1499.0,False
2025-03-19,3,2,54,1499.0,False
2025-03-20,3,2,54,1499.0,False
2025-03-21,3,2,56,1499.0,False
2025-03-22,3,2,40,1499.0,False
2025-03-23,3,2,45,1499.0,False
2025-03-24,3,2,111,1499.0,False
2025-03-25,3,2,49,1499.0,False
2025-03-26,3,2,56,1499.0,False
2025-03-27,3,2,106,1499.0,False
2025-03-28,3,2,74,1499.0,True
2025-03-29,3,2,44,1499.0,False
2025-03-30,3,2,43,1499.0,False
2025-03-31,3,2,60,1499.0,False
2025-04-01,3,2,65,1499.0,False
2025-04-02,3,2,58,1499.0,False
2025-04-03,3,2,60,1499.0,False
2025-04-04,3,2,117,1499.0,False
2025-04-05,3,2,36,1499.0,False
2025-04-06,3,2,47,1499.0,False
2025-04-07,3,2,56,1499.0,False
2025-04-08,3,2,95,1499.0,True
2025-04-09,3,2,60,1499.0,False
2025-04-10,3,2,54,1499.0,False
2025-04-11,3,2,87,1499.0,True
2025-04-12,3,2,46,1499.0,False
2025-04-13,3,2,44,1499.0,False
2025-04-14,3,2,58,1499.0,False
2025-04-15,3,2,68,1499.0,False
2025-04-16,3,2,70,1499.0,False
2025-04-17,3,2,52,1499.0,False
2025-04-18,3,2,58,1499.0,False
2025-04-19,3,2,43,1499.0,False
2025-04-20,3,2,50,1499.0,False
2025-04-21,3,2,62,1499.0,False
2025-04-22,3,2,59,1499.0,False
2025-04-23,3,2,51,1499.0,False
2025-04-24,3,2,52,1499.0,False
2025-04-25,3,2,58,1499.0,False
2025-04-26,3,2,38,1499.0,False
2025-04-27,3,2,73,1499.0,True
2025-04-28,3,2,104,1499.0,False
2025-04-29,3,2,67,1499.0,False
2025-04-30,3,2,66,1499.0,False
2025-05-01,3,2,48,1499.0,False
2025-05-02,3,2,47,1499.0,False
2025-05-03,3,2,70,1499.0,False
2025-05-04,3,2,45,1499.0,False
2025-05-05,3,2,51,1499.0,False
2025-05-06,3,2,84,1499.0,True
2025-05-07,3,2,80,1499.0,True
2025-05-08,3,2,57,1499.0,False
2025-05-09,3,2,61,1499.0,False
2025-05-10,3,2,37,1499.0,False
2025-05-11,3,2,45,1499.0,False
2025-05-12,3,2,66,1499.0,False
2025-05-13,3,2,50,1499.0,False
2025-05-14,3,2,59,1499.0,False
2025-05-15,3,2,110,1499.0,False
2025-05-16,3,2,54,1499.0,False
2025-05-17,3,2,37,1499.0,False
2025-05-18,3,2,44,1499.0,False
2025-05-19,3,2,50,1499.0,False
2025-05-20,3,2,54,1499.0,False
2025-05-21,3,2,58,1499.0,False
2025-05-22,3,2,55,1499.0,False
2025-05-23,3,2,57,1499.0,False
2025-05-24,3,2,40,1499.0,False
2025-05-25,3,2,50,1499.0,False
2025-05-26,3,2,49,1499.0,False
2025-05-27,3,2,55,1499.0,False
2025-05-28,3,2,44,1499.0,False
2025-05-29,3,2,57,1499.0,False
2025-05-30,3,2,50,1499.0,False
2025-05-31,3,2,48,1499.0,False
2025-06-01,3,2,35,1499.0,False
2025-06-02,3,2,54,1499.0,False
2025-06-03,3,2,57,1499.0,False
2025-06-04,3,2,49,1499.0,False
2025-06-05,3,2,62,1499.0,False
2025-06-06,3,2,53,1499.0,False
2025-06-07,3,2,40,1499.0,False
2025-06-08,3,2,45,1499.0,False
2025-06-09,3,2,50,1499.0,False
2025-06-10,3,2,61,1499.0,False
2025-06-11,3,2,48,1499.0,False
2025-06-12,3,2,52,1499.0,False
2025-06-13,3,2,51,1499.0,False
2025-06-14,3,2,43,1499.0,False
2025-06-15,3,2,38,1499.0,False
2025-06-16,3,2,54,1499.0,False
2025-06-17,3,2,65,1499.0,False
2025-06-18,3,2,57,1499.0,False
2025-06-19,3,2,53,1499.0,False
2025-06-20,3,2,50,1499.0,False
2025-06-21,3,2,47,1499.0,False
2025-06-22,3,2,47,1499.0,False
2025-06-23,3,2,59,1499.0,False
2025-06-24,3,2,51,1499.0,False
2025-06-25,3,2,98,1499.0,False
2025-06-26,3,2,59,1499.0,False
2025-06-27,3,2,54,1499.0,False
2025-06-28,3,2,46,1499.0,False
2025-06-29,3,2,43,1499.0,False
2025-06-30,3,2,40,1499.0,False
2025-07-01,3,2,55,1499.0,False
2025-07-02,3,2,48,1499.0,False
2025-07-03,3,2,41,1499.0,False
2025-07-04,3,2,42,1499.0,False
2025-07-05,3,2,39,1499.0,False
2025-07-06,3,2,37,1499.0,False
2025-07-07,3,2,42,1499.0,False
2025-07-08,3,2,51,1499.0,False
2025-07-09,3,2,54,1499.0,False
2025-07-10,3,2,55,1499.0,False
2025-07-11,3,2,58,1499.0,False
2025-07-12,3,2,35,1499.0,False
2025-07-13,3,2,36,1499.0,False
2025-07-14,3,2,58,1499.0,False
2025-07-15,3,2,55,1499.0,False
2025-07-16,3,2,51,1499.0,False
2025-07-17,3,2,49,1499.0,False
2025-07-18,3,2,46,1499.0,False
2025-07-19,3,2,40,1499.0,False
2025-07-20,3,2,44,1499.0,False
2025-07-21,3,2,56,1499.0,False
2025-07-22,3,2,55,1499.0,False
2025-07-23,3,2,51,1499.0,False
2025-07-24,3,2,54,1499.0,False
2025-07-25,3,2,48,1499.0,False
2025-07-26,3,2,43,1499.0,False
2025-07-27,3,2,49,1499.0,False
2025-07-28,3,2,44,1499.0,False
2025-07-29,3,2,54,1499.0,False
2025-07-30,3,2,48,1499.0,False
2025-07-31,3,2,51,1499.0,False
2025-08-01,3,2,66,1499.0,False
2025-08-02,3,2,40,1499.0,False
2025-08-03,3,2,41,1499.0,False
2025-08-04,3,2,44,1499.0,False
2025-08-05,3,2,90,1499.0,False
2025-08-06,3,2,43,1499.0,False
2025-08-07,3,2,43,1499.0,False
2025-08-08,3,2,44,1499.0,False
2025-08-09,3,2,33,1499.0,False
2025-08-10,3,2,31,1499.0,False
2025-08-11,3,2,45,1499.0,False
2025-08-12,3,2,47,1499.0,False
2025-08-13,3,2,42,1499.0,False
2025-08-14,3,2,45,1499.0,False
2025-08-15,3,2,48,1499.0,False
2025-08-16,3,2,48,1499.0,False
2025-08-17,3,2,34,1499.0,False
2025-08-18,3,2,47,1499.0,False
2025-08-19,3,2,48,1499.0,False
2025-08-20,3,2,48,1499.0,False
2025-08-21,3,2,43,1499.0,False
2025-08-22,3,2,45,1499.0,False
2025-08-23,3,2,30,1499.0,False
2025-08-24,3,2,36,1499.0,False
2025-08-25,3,2,46,1499.0,False
2025-08-26,3,2,43,1499.0,False
2025-08-27,3,2,48,1499.0,False
2025-08-28,3,2,53,1499.0,False
2025-08-29,3,2,49,1499.0,False
2025-08-30,3,2,34,1499.0,False
2025-08-31,3,2,36,1499.0,False
2025-09-01,3,2,50,1499.0,False
2025-09-02,3,2,41,1499.0,False
2025-09-03,3,2,40,1499.0,False
2025-09-04,3,2,41,1499.0,False
2025-09-05,3,2,38,1499.0,False
2025-09-06,3,2,36,1499.0,False
2025-09-07,3,2,27,1499.0,False
2025-09-08,3,2,42,1499.0,False
2025-09-09,3,2,46,1499.0,False
2025-09-10,3,2,51,1499.0,False
2025-09-11,3,2,48,1499.0,False
2025-09-12,3,2,46,1499.0,False
2025-09-13,3,2,40,1499.0,False
2025-09-14,3,2,31,1499.0,False
2025-09-15,3,2,40,1499.0,False
2025-09-16,3,2,38,1499.0,False
2025-09-17,3,2,44,1499.0,False
2025-09-18,3,2,42,1499.0,False
2025-09-19,3,2,52,1499.0,False
2025-09-20,3,2,33,1499.0,False
2025-09-21,3,2,32,1499.0,False
2025-09-22,3,2,38,1499.0,False
2025-09-23,3,2,43,1499.0,False
2025-09-24,3,2,37,1499.0,False
2025-09-25,3,2,45,1499.0,False
2025-09-26,3,2,62,1499.0,True
2025-09-27,3,2,33,1499.0,False
2025-09-28,3,2,39,1499.0,False
2025-09-29,3,2,43,1499.0,False
2025-09-30,3,2,41,1499.0,False
2025-10-01,3,2,44,1499.0,False
2025-10-02,3,2,52,1499.0,False
2025-10-03,3,2,63,1499.0,False
2025-10-04,3,2,32,1499.0,False
2025-10-05,3,2,34,1499.0,False
2025-10-06,3,2,41,1499.0,False
2025-10-07,3,2,40,1499.0,False
2025-10-08,3,2,42,1499.0,False
2025-10-09,3,2,56,1499.0,True
2025-10-10,3,2,44,1499.0,False
2025-10-11,3,2,34,1499.0,False
2025-10-12,3,2,28,1499.0,False
2025-10-13,3,2,43,1499.0,False
2025-10-14,3,2,35,1499.0,False
2025-10-15,3,2,47,1499.0,False
2025-10-16,3,2,46,1499.0,False
2025-10-17,3,2,43,1499.0,False
2025-10-18,3,2,30,1499.0,False
2025-10-19,3,2,30,1499.0,False
2025-10-20,3,2,45,1499.0,False
2025-10-21,3,2,63,1499.0,False
2025-10-22,3,2,50,1499.0,False
2025-10-23,3,2,35,1499.0,False
2025-10-24,3,2,43,1499.0,False
2025-10-25,3,2,37,1499.0,False
2025-10-26,3,2,30,1499.0,False
2025-10-27,3,2,44,1499.0,False
2025-10-28,3,2,41,1499.0,False
2025-10-29,3,2,45,1499.0,False
2025-10-30,3,2,46,1499.0,False
2025-10-31,3,2,43,1499.0,False
2025-11-01,3,2,35,1499.0,False
2025-11-02,3,2,39,1499.0,False
2025-11-03,3,2,43,1499.0,False
2025-11-04,3,2,42,1499.0,False
2025-11-05,3,2,49,1499.0,True
2025-11-06,3,2,42,1499.0,False
2025-11-07,3,2,48,1499.0,False
2025-11-08,3,2,29,1499.0,False
2025-11-09,3,2,31,1499.0,False
2025-11-10,3,2,35,1499.0,False
2025-11-11,3,2,46,1499.0,False
2025-11-12,3,2,45,1499.0,False
2025-11-13,3,2,43,1499.0,False
2025-11-14,3,2,41,1499.0,False
2025-11-15,3,2,36,1499.0,False
2025-11-16,3,2,39,1499.0,False
2025-11-17,3,2,46,1499.0,False
2025-11-18,3,2,50,1499.0,False
2025-11-19,3,2,49,1499.0,False
2025-11-20,3,2,79,1499.0,False
2025-11-21,3,2,35,1499.0,False
2025-11-22,3,2,32,1499.0,False
2025-11-23,3,2,34,1499.0,False
2025-11-24,3,2,46,1499.0,False
2025-11-25,3,2,49,1499.0,False
2025-11-26,3,2,43,1499.0,False
2025-11-27,3,2,48,1499.0,False
2025-11-28,3,2,73,1499.0,True
2025-11-29,3,2,33,1499.0,False
2025-11-30,3,2,37,1499.0,False
2025-12-01,3,2,48,1499.0,False
2025-12-02,3,2,40,1499.0,False
2025-12-03,3,2,51,1499.0,False
2025-12-04,3,2,51,1499.0,False
2025-12-05,3,2,57,1499.0,False
2025-12-06,3,2,39,1499.0,False
2025-12-07,3,2,38,1499.0,False
2025-12-08,3,2,47,1499.0,False
2025-12-09,3,2,46,1499.0,False
2025-12-10,3,2,40,1499.0,False
2025-12-11,3,2,48,1499.0,False
2025-12-12,3,2,45,1499.0,False
2025-12-13,3,2,38,1499.0,False
2025-12-14,3,2,42,1499.0,False
2025-12-15,3,2,42,1499.0,False
2025-12-16,3,2,54,1499.0,False
2025-12-17,3,2,47,1499.0,False
2025-12-18,3,2,43,1499.0,False
2025-12-19,3,2,58,1499.0,False
2025-12-20,3,2,39,1499.0,False
2025-12-21,3,2,48,1499.0,True
2025-12-22,3,2,51,1499.0,False
2025-12-23,3,2,49,1499.0,False
2025-12-24,3,2,44,1499.0,False
2025-12-25,3,2,49,1499.0,False
2025-12-26,3,2,49,1499.0,False
2025-12-27,3,2,44,1499.0,False
2025-12-28,3,2,38,1499.0,False
2025-12-29,3,2,57,1499.0,False
2025-12-30,3,2,55,1499.0,False
2025-12-31,3,2,44,1499.0,False
2024-01-01,3,3,93,1499.0,False
2024-01-02,3,3,48,1499.0,False
2024-01-03,3,3,52,1499.0,False
2024-01-04,3,3,71,1499.0,True
2024-01-05,3,3,58,1499.0,False
2024-01-06,3,3,42,1499.0,False
2024-01-07,3,3,41,1499.0,False
2024-01-08,3,3,56,1499.0,False
2024-01-09,3,3,49,1499.0,False
2024-01-10,3,3,53,1499.0,False
2024-01-11,3,3,50,1499.0,False
2024-01-12,3,3,46,1499.0,False
2024-01-13,3,3,52,1499.0,True
2024-01-14,3,3,36,1499.0,False
2024-01-15,3,3,54,1499.0,False
2024-01-16,3,3,51,1499.0,False
2024-01-17,3,3,55,1499.0,False
2024-01-18,3,3,47,1499.0,False
2024-01-19,3,3,54,1499.0,False
2024-01-20,3,3,61,1499.0,True
2024-01-21,3,3,39,1499.0,False
2024-01-22,3,3,62,1499.0,False
2024-01-23,3,3,54,1499.0,False
2024-01-24,3,3,74,1499.0,True
2024-01-25,3,3,42,1499.0,False
2024-01-26,3,3,50,1499.0,False
2024-01-27,3,3,43,1499.0,False
2024-01-28,3,3,38,1499.0,False
2024-01-29,3,3,49,1499.0,False
2024-01-30,3,3,58,1499.0,False
2024-01-31,3,3,53,1499.0,False
2024-02-01,3,3,51,1499.0,False
2024-02-02,3,3,52,1499.0,False
2024-02-03,3,3,40,1499.0,False
2024-02-04,3,3,45,1499.0,False
2024-02-05,3,3,55,1499.0,False
2024-02-06,3,3,57,1499.0,False
2024-02-07,3,3,50,1499.0,False
2024-02-08,3,3,65,1499.0,False
2024-02-09,3,3,58,1499.0,False
2024-02-10,3,3,36,1499.0,False
2024-02-11,3,3,52,1499.0,False
2024-02-12,3,3,52,1499.0,False
2024-02-13,3,3,63,1499.0,False
2024-02-14,3,3,56,1499.0,False
2024-02-15,3,3,46,1499.0,False
2024-02-16,3,3,46,1499.0,False
2024-02-17,3,3,75,1499.0,True
2024-02-18,3,3,46,1499.0,False
2024-02-19,3,3,57,1499.0,False
2024-02-20,3,3,64,1499.0,False
2024-02-21,3,3,55,1499.0,False
2024-02-22,3,3,58,1499.0,False
2024-02-23,3,3,54,1499.0,False
2024-02-24,3,3,44,1499.0,False
2024-02-25,3,3,47,1499.0,False
2024-02-26,3,3,64,1499.0,False
2024-02-27,3,3,59,1499.0,False
2024-02-28,3,3,59,1499.0,False
2024-02-29,3,3,59,1499.0,False
2024-03-01,3,3,63,1499.0,False
2024-03-02,3,3,69,1499.0,False
2024-03-03,3,3,39,1499.0,False
2024-03-04,3,3,64,1499.0,False
2024-03-05,3,3,59,1499.0,False
2024-03-06,3,3,61,1499.0,False
2024-03-07,3,3,66,1499.0,False
2024-03-08,3,3,58,1499.0,False
2024-03-09,3,3,43,1499.0,False
2024-03-10,3,3,45,1499.0,False
2024-03-11,3,3,53,1499.0,False
2024-03-12,3,3,55,1499.0,False
2024-03-13,3,3,50,1499.0,False
2024-03-14,3,3,63,1499.0,False
2024-03-15,3,3,63,1499.0,False
2024-03-16,3,3,46,1499.0,False
2024-03-17,3,3,43,1499.0,False
2024-03-18,3,3,71,1499.0,False
2024-03-19,3,3,56,1499.0,False
2024-03-20,3,3,61,1499.0,False
2024-03-21,3,3,99,1499.0,False
2024-03-22,3,3,64,1499.0,False
2024-03-23,3,3,48,1499.0,False
2024-03-24,3,3,46,1499.0,False
2024-03-25,3,3,58,1499.0,False
2024-03-26,3,3,59,1499.0,False
2024-03-27,3,3,61,1499.0,False
2024-03-28,3,3,51,1499.0,False
2024-03-29,3,3,68,1499.0,False
2024-03-30,3,3,40,1499.0,False
2024-03-31,3,3,51,1499.0,False
2024-04-01,3,3,65,1499.0,False
2024-04-02,3,3,60,1499.0,False
2024-04-03,3,3,50,1499.0,False
2024-04-04,3,3,70,1499.0,False
2024-04-05,3,3,59,1499.0,False
2024-04-06,3,3,50,1499.0,False
2024-04-07,3,3,44,1499.0,False
2024-04-08,3,3,52,1499.0,False
2024-04-09,3,3,61,1499.0,False
2024-04-10,3,3,60,1499.0,False
2024-04-11,3,3,65,1499.0,False
2024-04-12,3,3,60,1499.0,False
2024-04-13,3,3,54,1499.0,False
2024-04-14,3,3,41,1499.0,False
2024-04-15,3,3,58,1499.0,False
2024-04-16,3,3,60,1499.0,False
2024-04-17,3,3,64,1499.0,False
2024-04-18,3,3,58,1499.0,False
2024-04-19,3,3,65,1499.0,False
2024-04-20,3,3,43,1499.0,False
2024-04-21,3,3,50,1499.0,False
2024-04-22,3,3,65,1499.0,False
2024-04-23,3,3,51,1499.0,False
2024-04-24,3,3,64,1499.0,False
2024-04-25,3,3,63,1499.0,False
2024-04-26,3,3,65,1499.0,False
2024-04-27,3,3,46,1499.0,False
2024-04-28,3,3,47,1499.0,False
2024-04-29,3,3,65,1499.0,False
2024-04-30,3,3,65,1499.0,False
2024-05-01,3,3,62,1499.0,False
2024-05-02,3,3,50,1499.0,False
2024-05-03,3,3,63,1499.0,False
2024-05-04,3,3,47,1499.0,False
2024-05-05,3,3,50,1499.0,False
2024-05-06,3,3,64,1499.0,False
2024-05-07,3,3,71,1499.0,False
2024-05-08,3,3,54,1499.0,False
2024-05-09,3,3,96,1499.0,True
2024-05-10,3,3,70,1499.0,False
2024-05-11,3,3,50,1499.0,False
2024-05-12,3,3,57,1499.0,False
2024-05-13,3,3,63,1499.0,False
2024-05-14,3,3,70,1499.0,False
2024-05-15,3,3,69,1499.0,False
2024-05-16,3,3,70,1499.0,False
2024-05-17,3,3,55,1499.0,False
2024-05-18,3,3,47,1499.0,False
2024-05-19,3,3,45,1499.0,False
2024-05-20,3,3,64,1499.0,False
2024-05-21,3,3,63,1499.0,False
2024-05-22,3,3,59,1499.0,False
2024-05-23,3,3,75,1499.0,False
2024-05-24,3,3,65,1499.0,False
2024-05-25,3,3,44,1499.0,False
2024-05-26,3,3,46,1499.0,False
2024-05-27,3,3,59,1499.0,False
2024-05-28,3,3,61,1499.0,False
2024-05-29,3,3,59,1499.0,False
2024-05-30,3,3,69,1499.0,False
2024-05-31,3,3,56,1499.0,False
2024-06-01,3,3,72,1499.0,True
2024-06-02,3,3,42,1499.0,False
2024-06-03,3,3,62,1499.0,False
2024-06-04,3,3,54,1499.0,False
2024-06-05,3,3,42,1499.0,False
2024-06-06,3,3,55,1499.0,False
2024-06-07,3,3,60,1499.0,False
2024-06-08,3,3,41,1499.0,False
2024-06-09,3,3,43,1499.0,False
2024-06-10,3,3,55,1499.0,False
2024-06-11,3,3,54,1499.0,False
2024-06-12,3,3,57,1499.0,False
2024-06-13,3,3,63,1499.0,False
2024-06-14,3,3,55,1499.0,False
2024-06-15,3,3,87,1499.0,False
2024-06-16,3,3,42,1499.0,False
2024-06-17,3,3,87,1499.0,False
2024-06-18,3,3,48,1499.0,False
2024-06-19,3,3,57,1499.0,False
2024-06-20,3,3,50,1499.0,False
2024-06-21,3,3,62,1499.0,False
2024-06-22,3,3,43,1499.0,False
2024-06-23,3,3,41,1499.0,False
2024-06-24,3,3,59,1499.0,False
2024-06-25,3,3,54,1499.0,False
2024-06-26,3,3,56,1499.0,False
2024-06-27,3,3,56,1499.0,False
2024-06-28,3,3,59,1499.0,False
2024-06-29,3,3,49,1499.0,False
2024-06-30,3,3,47,1499.0,False
2024-07-01,3,3,63,1499.0,False
2024-07-02,3,3,46,1499.0,False
2024-07-03,3,3,53,1499.0,False
2024-07-04,3,3,71,1499.0,True
2024-07-05,3,3,47,1499.0,False
2024-07-06,3,3,42,1499.0,False
2024-07-07,3,3,39,1499.0,False
2024-07-08,3,3,52,1499.0,False
2024-07-09,3,3,47,1499.0,False
2024-07-10,3,3,71,1499.0,False
2024-07-11,3,3,58,1499.0,False
2024-07-12,3,3,66,1499.0,True
2024-07-13,3,3,45,1499.0,False
2024-07-14,3,3,45,1499.0,False
2024-07-15,3,3,65,1499.0,False
2024-07-16,3,3,61,1499.0,False
2024-07-17,3,3,51,1499.0,False
2024-07-18,3,3,53,1499.0,False
2024-07-19,3,3,49,1499.0,False
2024-07-20,3,3,38,1499.0,False
2024-07-21,3,3,42,1499.0,False
2024-07-22,3,3,63,1499.0,False
2024-07-23,3,3,60,1499.0,False
2024-07-24,3,3,56,1499.0,False
2024-07-25,3,3,45,1499.0,False
2024-07-26,3,3,56,1499.0,False
2024-07-27,3,3,65,1499.0,True
2024-07-28,3,3,38,1499.0,False
2024-07-29,3,3,56,1499.0,False
2024-07-30,3,3,49,1499.0,False
2024-07-31,3,3,47,1499.0,False
2024-08-01,3,3,51,1499.0,False
2024-08-02,3,3,60,1499.0,False
2024-08-03,3,3,38,1499.0,False
2024-08-04,3,3,39,1499.0,False
2024-08-05,3,3,52,1499.0,False
2024-08-06,3,3,44,1499.0,False
2024-08-07,3,3,49,1499.0,False
2024-08-08,3,3,47,1499.0,False
2024-08-09,3,3,53,1499.0,False
2024-08-10,3,3,44,1499.0,False
2024-08-11,3,3,45,1499.0,False
2024-08-12,3,3,54,1499.0,False
2024-08-13,3,3,44,1499.0,False
2024-08-14,3,3,61,1499.0,False
2024-08-15,3,3,58,1499.0,False
2024-08-16,3,3,49,1499.0,False
2024-08-17,3,3,60,1499.0,True
2024-08-18,3,3,43,1499.0,False
2024-08-19,3,3,54,1499.0,False
2024-08-20,3,3,61,1499.0,False
2024-08-21,3,3,54,1499.0,False
2024-08-22,3,3,53,1499.0,False
2024-08-23,3,3,46,1499.0,False
2024-08-24,3,3,29,1499.0,False
2024-08-25,3,3,45,1499.0,False
2024-08-26,3,3,47,1499.0,False
2024-08-27,3,3,48,1499.0,False
2024-08-28,3,3,44,1499.0,False
2024-08-29,3,3,49,1499.0,False
2024-08-30,3,3,46,1499.0,False
2024-08-31,3,3,40,1499.0,False
2024-09-01,3,3,65,1499.0,False
2024-09-02,3,3,41,1499.0,False
2024-09-03,3,3,53,1499.0,False
2024-09-04,3,3,39,1499.0,False
2024-09-05,3,3,54,1499.0,False
2024-09-06,3,3,47,1499.0,False
2024-09-07,3,3,31,1499.0,False
2024-09-08,3,3,28,1499.0,False
2024-09-09,3,3,53,1499.0,False
2024-09-10,3,3,51,1499.0,False
2024-09-11,3,3,49,1499.0,False
2024-09-12,3,3,67,1499.0,True
2024-09-13,3,3,64,1499.0,True
2024-09-14,3,3,40,1499.0,False
2024-09-15,3,3,38,1499.0,False
2024-09-16,3,3,45,1499.0,False
2024-09-17,3,3,48,1499.0,False
2024-09-18,3,3,46,1499.0,False
2024-09-19,3,3,45,1499.0,False
2024-09-20,3,3,46,1499.0,False
2024-09-21,3,3,46,1499.0,True
2024-09-22,3,3,40,1499.0,False
2024-09-23,3,3,43,1499.0,False
2024-09-24,3,3,45,1499.0,False
2024-09-25,3,3,50,1499.0,False
2024-09-26,3,3,55,1499.0,False
2024-09-27,3,3,97,1499.0,False
2024-09-28,3,3,36,1499.0,False
2024-09-29,3,3,52,1499.0,True
2024-09-30,3,3,51,1499.0,False
2024-10-01,3,3,46,1499.0,False
2024-10-02,3,3,57,1499.0,False
2024-10-03,3,3,55,1499.0,False
2024-10-04,3,3,43,1499.0,False
2024-10-05,3,3,36,1499.0,False
2024-10-06,3,3,38,1499.0,False
2024-10-07,3,3,46,1499.0,False
2024-10-08,3,3,41,1499.0,False
2024-10-09,3,3,52,1499.0,False
2024-10-10,3,3,44,1499.0,False
2024-10-11,3,3,49,1499.0,False
2024-10-12,3,3,34,1499.0,False
2024-10-13,3,3,33,1499.0,False
2024-10-14,3,3,71,1499.0,True
2024-10-15,3,3,53,1499.0,False
2024-10-16,3,3,44,1499.0,False
2024-10-17,3,3,53,1499.0,False
2024-10-18,3,3,50,1499.0,False
2024-10-19,3,3,37,1499.0,False
2024-10-20,3,3,34,1499.0,False
2024-10-21,3,3,76,1499.0,False
2024-10-22,3,3,53,1499.0,False
2024-10-23,3,3,40,1499.0,False
2024-10-24,3,3,54,1499.0,False
2024-10-25,3,3,49,1499.0,False
2024-10-26,3,3,42,1499.0,False
2024-10-27,3,3,33,1499.0,False
2024-10-28,3,3,70,1499.0,True
2024-10-29,3,3,46,1499.0,False
2024-10-30,3,3,44,1499.0,False
2024-10-31,3,3,43,1499.0,False
2024-11-01,3,3,50,1499.0,False
2024-11-02,3,3,37,1499.0,False
2024-11-03,3,3,34,1499.0,False
2024-11-04,3,3,45,1499.0,False
2024-11-05,3,3,65,1499.0,True
2024-11-06,3,3,43,1499.0,False
2024-11-07,3,3,47,1499.0,False
2024-11-08,3,3,43,1499.0,False
2024-11-09,3,3,44,1499.0,False
2024-11-10,3,3,42,1499.0,False
2024-11-11,3,3,45,1499.0,False
2024-11-12,3,3,45,1499.0,False
2024-11-13,3,3,52,1499.0,False
2024-11-14,3,3,50,1499.0,False
2024-11-15,3,3,48,1499.0,False
2024-11-16,3,3,36,1499.0,False
2024-11-17,3,3,31,1499.0,False
2024-11-18,3,3,51,1499.0,False
2024-11-19,3,3,42,1499.0,False
2024-11-20,3,3,44,1499.0,False
2024-11-21,3,3,45,1499.0,False
2024-11-22,3,3,45,1499.0,False
2024-11-23,3,3,43,1499.0,False
2024-11-24,3,3,32,1499.0,False
2024-11-25,3,3,52,1499.0,False
2024-11-26,3,3,47,1499.0,False
2024-11-27,3,3,47,1499.0,False
2024-11-28,3,3,45,1499.0,False
2024-11-29,3,3,52,1499.0,False
2024-11-30,3,3,43,1499.0,False
2024-12-01,3,3,48,1499.0,False
2024-12-02,3,3,51,1499.0,False
2024-12-03,3,3,51,1499.0,False
2024-12-04,3,3,61,1499.0,False
2024-12-05,3,3,59,1499.0,False
2024-12-06,3,3,48,1499.0,False
2024-12-07,3,3,34,1499.0,False
2024-12-08,3,3,42,1499.0,False
2024-12-09,3,3,74,1499.0,True
2024-12-10,3,3,45,1499.0,False
2024-12-11,3,3,50,1499.0,False
2024-12-12,3,3,44,1499.0,False
2024-12-13,3,3,47,1499.0,False
2024-12-14,3,3,49,1499.0,False
2024-12-15,3,3,42,1499.0,False
2024-12-16,3,3,51,1499.0,False
2024-12-17,3,3,44,1499.0,False
2024-12-18,3,3,56,1499.0,False
2024-12-19,3,3,51,1499.0,False
2024-12-20,3,3,55,1499.0,False
2024-12-21,3,3,36,1499.0,False
2024-12-22,3,3,45,1499.0,False
2024-12-23,3,3,67,1499.0,True
2024-12-24,3,3,44,1499.0,False
2024-12-25,3,3,76,1499.0,False
2024-12-26,3,3,55,1499.0,False
2024-12-27,3,3,60,1499.0,False
2024-12-28,3,3,34,1499.0,False
2024-12-29,3,3,48,1499.0,False
2024-12-30,3,3,52,1499.0,False
2024-12-31,3,3,52,1499.0,False
2025-01-01,3,3,56,1499.0,False
2025-01-02,3,3,55,1499.0,False
2025-01-03,3,3,59,1499.0,False
2025-01-04,3,3,49,1499.0,False
2025-01-05,3,3,43,1499.0,False
2025-01-06,3,3,59,1499.0,False
2025-01-07,3,3,58,1499.0,False
2025-01-08,3,3,52,1499.0,False
2025-01-09,3,3,50,1499.0,False
2025-01-10,3,3,94,1499.0,True
2025-01-11,3,3,43,1499.0,False
2025-01-12,3,3,49,1499.0,False
2025-01-13,3,3,54,1499.0,False
2025-01-14,3,3,57,1499.0,False
2025-01-15,3,3,67,1499.0,False
2025-01-16,3,3,53,1499.0,False
2025-01-17,3,3,53,1499.0,False
2025-01-18,3,3,46,1499.0,False
2025-01-19,3,3,45,1499.0,False
2025-01-20,3,3,97,1499.0,True
2025-01-21,3,3,58,1499.0,False
2025-01-22,3,3,64,1499.0,False
2025-01-23,3,3,71,1499.0,False
2025-01-24,3,3,55,1499.0,False
2025-01-25,3,3,40,1499.0,False
2025-01-26,3,3,41,1499.0,False
2025-01-27,3,3,57,1499.0,False
2025-01-28,3,3,53,1499.0,False
2025-01-29,3,3,48,1499.0,False
2025-01-30,3,3,54,1499.0,False
2025-01-31,3,3,58,1499.0,False
2025-02-01,3,3,36,1499.0,False
2025-02-02,3,3,42,1499.0,False
2025-02-03,3,3,66,1499.0,False
2025-02-04,3,3,65,1499.0,False
2025-02-05,3,3,55,1499.0,False
2025-02-06,3,3,64,1499.0,False
2025-02-07,3,3,54,1499.0,False
2025-02-08,3,3,47,1499.0,False
2025-02-09,3,3,41,1499.0,False
2025-02-10,3,3,55,1499.0,False
2025-02-11,3,3,61,1499.0,False
2025-02-12,3,3,57,1499.0,False
2025-02-13,3,3,59,1499.0,False
2025-02-14,3,3,85,1499.0,True
2025-02-15,3,3,47,1499.0,False
2025-02-16,3,3,67,1499.0,True
2025-02-17,3,3,55,1499.0,False
2025-02-18,3,3,55,1499.0,False
2025-02-19,3,3,65,1499.0,False
2025-02-20,3,3,63,1499.0,False
2025-02-21,3,3,56,1499.0,False
2025-02-22,3,3,45,1499.0,False
2025-02-23,3,3,52,1499.0,False
2025-02-24,3,3,65,1499.0,False
2025-02-25,3,3,64,1499.0,False
2025-02-26,3,3,69,1499.0,False
2025-02-27,3,3,55,1499.0,False
2025-02-28,3,3,69,1499.0,False
2025-03-01,3,3,64,1499.0,False
2025-03-02,3,3,44,1499.0,False
2025-03-03,3,3,56,1499.0,False
2025-03-04,3,3,58,1499.0,False
2025-03-05,3,3,67,1499.0,False
2025-03-06,3,3,64,1499.0,False
2025-03-07,3,3,60,1499.0,False
2025-03-08,3,3,49,1499.0,False
2025-03-09,3,3,52,1499.0,False
2025-03-10,3,3,64,1499.0,False
2025-03-11,3,3,70,1499.0,False
2025-03-12,3,3,56,1499.0,False
2025-03-13,3,3,68,1499.0,True
2025-03-14,3,3,59,1499.0,False
2025-03-15,3,3,52,1499.0,False
2025-03-16,3,3,54,1499.0,False
2025-03-17,3,3,52,1499.0,False
2025-03-18,3,3,62,1499.0,False
2025-03-19,3,3,72,1499.0,False
2025-03-20,3,3,59,1499.0,False
2025-03-21,3,3,57,1499.0,False
2025-03-22,3,3,54,1499.0,False
2025-03-23,3,3,49,1499.0,False
2025-03-24,3,3,54,1499.0,False
2025-03-25,3,3,60,1499.0,False
2025-03-26,3,3,106,1499.0,True
2025-03-27,3,3,57,1499.0,False
2025-03-28,3,3,95,1499.0,False
2025-03-29,3,3,53,1499.0,False
2025-03-30,3,3,45,1499.0,False
2025-03-31,3,3,59,1499.0,False
2025-04-01,3,3,59,1499.0,False
2025-04-02,3,3,64,1499.0,False
2025-04-03,3,3,56,1499.0,False
2025-04-04,3,3,61,1499.0,False
2025-04-05,3,3,50,1499.0,False
2025-04-06,3,3,46,1499.0,False
2025-04-07,3,3,61,1499.0,False
2025-04-08,3,3,52,1499.0,False
2025-04-09,3,3,67,1499.0,False
2025-04-10,3,3,55,1499.0,False
2025-04-11,3,3,66,1499.0,False
2025-04-12,3,3,48,1499.0,False
2025-04-13,3,3,52,1499.0,False
2025-04-14,3,3,67,1499.0,False
2025-04-15,3,3,63,1499.0,False
2025-04-16,3,3,70,1499.0,False
2025-04-17,3,3,84,1499.0,True
2025-04-18,3,3,55,1499.0,False
2025-04-19,3,3,48,1499.0,False
2025-04-20,3,3,54,1499.0,False
2025-04-21,3,3,67,1499.0,False
2025-04-22,3,3,46,1499.0,False
2025-04-23,3,3,57,1499.0,False
2025-04-24,3,3,61,1499.0,False
2025-04-25,3,3,81,1499.0,True
2025-04-26,3,3,47,1499.0,False
2025-04-27,3,3,49,1499.0,False
2025-04-28,3,3,62,1499.0,False
2025-04-29,3,3,67,1499.0,False
2025-04-30,3,3,66,1499.0,False
2025-05-01,3,3,67,1499.0,False
2025-05-02,3,3,66,1499.0,False
2025-05-03,3,3,50,1499.0,False
2025-05-04,3,3,47,1499.0,False
2025-05-05,3,3,69,1499.0,False
2025-05-06,3,3,63,1499.0,False
2025-05-07,3,3,59,1499.0,False
2025-05-08,3,3,56,1499.0,False
2025-05-09,3,3,62,1499.0,False
2025-05-10,3,3,49,1499.0,False
2025-05-11,3,3,61,1499.0,False
2025-05-12,3,3,55,1499.0,False
2025-05-13,3,3,70,1499.0,False
2025-05-14,3,3,68,1499.0,False
2025-05-15,3,3,84,1499.0,True
2025-05-16,3,3,71,1499.0,False
2025-05-17,3,3,42,1499.0,False
2025-05-18,3,3,51,1499.0,False
2025-05-19,3,3,57,1499.0,False
2025-05-20,3,3,77,1499.0,False
2025-05-21,3,3,60,1499.0,False
2025-05-22,3,3,56,1499.0,False
2025-05-23,3,3,63,1499.0,False
2025-05-24,3,3,44,1499.0,False
2025-05-25,3,3,49,1499.0,False
2025-05-26,3,3,55,1499.0,False
2025-05-27,3,3,61,1499.0,False
2025-05-28,3,3,63,1499.0,False
2025-05-29,3,3,76,1499.0,False
2025-05-30,3,3,64,1499.0,False
2025-05-31,3,3,54,1499.0,False
2025-06-01,3,3,50,1499.0,False
2025-06-02,3,3,63,1499.0,False
2025-06-03,3,3,83,1499.0,True
2025-06-04,3,3,66,1499.0,False
2025-06-05,3,3,60,1499.0,False
2025-06-06,3,3,63,1499.0,False
2025-06-07,3,3,51,1499.0,False
2025-06-08,3,3,47,1499.0,False
2025-06-09,3,3,62,1499.0,False
2025-06-10,3,3,69,1499.0,False
2025-06-11,3,3,62,1499.0,False
2025-06-12,3,3,61,1499.0,False
2025-06-13,3,3,54,1499.0,False
2025-06-14,3,3,37,1499.0,False
2025-06-15,3,3,55,1499.0,False
2025-06-16,3,3,63,1499.0,False
2025-06-17,3,3,62,1499.0,False
2025-06-18,3,3,64,1499.0,False
2025-06-19,3,3,58,1499.0,False
2025-06-20,3,3,52,1499.0,False
2025-06-21,3,3,50,1499.0,False
2025-06-22,3,3,42,1499.0,False
2025-06-23,3,3,61,1499.0,False
2025-06-24,3,3,56,1499.0,False
2025-06-25,3,3,65,1499.0,False
2025-06-26,3,3,67,1499.0,False
2025-06-27,3,3,52,1499.0,False
2025-06-28,3,3,56,1499.0,False
2025-06-29,3,3,55,1499.0,False
2025-06-30,3,3,72,1499.0,False
2025-07-01,3,3,61,1499.0,False
2025-07-02,3,3,56,1499.0,False
2025-07-03,3,3,51,1499.0,False
2025-07-04,3,3,66,1499.0,False
2025-07-05,3,3,34,1499.0,False
2025-07-06,3,3,51,1499.0,False
2025-07-07,3,3,55,1499.0,False
2025-07-08,3,3,68,1499.0,False
2025-07-09,3,3,56,1499.0,False
2025-07-10,3,3,55,1499.0,False
2025-07-11,3,3,62,1499.0,False
2025-07-12,3,3,46,1499.0,False
2025-07-13,3,3,47,1499.0,False
2025-07-14,3,3,51,1499.0,False
2025-07-15,3,3,60,1499.0,False
2025-07-16,3,3,52,1499.0,False
2025-07-17,3,3,50,1499.0,False
2025-07-18,3,3,47,1499.0,False
2025-07-19,3,3,70,1499.0,True
2025-07-20,3,3,32,1499.0,False
2025-07-21,3,3,52,1499.0,False
2025-07-22,3,3,59,1499.0,False
2025-07-23,3,3,49,1499.0,False
2025-07-24,3,3,55,1499.0,False
2025-07-25,3,3,62,1499.0,False
2025-07-26,3,3,34,1499.0,False
2025-07-27,3,3,44,1499.0,False
2025-07-28,3,3,51,1499.0,False
2025-07-29,3,3,57,1499.0,False
2025-07-30,3,3,87,1499.0,True
2025-07-31,3,3,52,1499.0,False
2025-08-01,3,3,53,1499.0,False
2025-08-02,3,3,39,1499.0,False
2025-08-03,3,3,45,1499.0,False
2025-08-04,3,3,56,1499.0,False
2025-08-05,3,3,57,1499.0,False
2025-08-06,3,3,59,1499.0,False
2025-08-07,3,3,52,1499.0,False
2025-08-08,3,3,49,1499.0,False
2025-08-09,3,3,41,1499.0,False
2025-08-10,3,3,37,1499.0,False
2025-08-11,3,3,57,1499.0,False
2025-08-12,3,3,48,1499.0,False
2025-08-13,3,3,56,1499.0,False
2025-08-14,3,3,47,1499.0,False
2025-08-15,3,3,56,1499.0,False
2025-08-16,3,3,36,1499.0,False
2025-08-17,3,3,36,1499.0,False
2025-08-18,3,3,55,1499.0,True
2025-08-19,3,3,63,1499.0,False
2025-08-20,3,3,54,1499.0,False
2025-08-21,3,3,44,1499.0,False
2025-08-22,3,3,77,1499.0,False
2025-08-23,3,3,43,1499.0,False
2025-08-24,3,3,41,1499.0,False
2025-08-25,3,3,51,1499.0,False
2025-08-26,3,3,45,1499.0,False
2025-08-27,3,3,51,1499.0,False
2025-08-28,3,3,53,1499.0,False
2025-08-29,3,3,45,1499.0,False
2025-08-30,3,3,40,1499.0,False
2025-08-31,3,3,36,1499.0,False
2025-09-01,3,3,57,1499.0,False
2025-09-02,3,3,51,1499.0,False
2025-09-03,3,3,47,1499.0,False
2025-09-04,3,3,67,1499.0,True
2025-09-05,3,3,52,1499.0,False
2025-09-06,3,3,51,1499.0,True
2025-09-07,3,3,44,1499.0,False
2025-09-08,3,3,58,1499.0,True
2025-09-09,3,3,45,1499.0,False
2025-09-10,3,3,50,1499.0,True
2025-09-11,3,3,58,1499.0,False
2025-09-12,3,3,43,1499.0,False
2025-09-13,3,3,42,1499.0,False
2025-09-14,3,3,44,1499.0,False
2025-09-15,3,3,67,1499.0,False
2025-09-16,3,3,45,1499.0,False
2025-09-17,3,3,53,1499.0,False
2025-09-18,3,3,54,1499.0,False
2025-09-19,3,3,53,1499.0,False
2025-09-20,3,3,71,1499.0,False
2025-09-21,3,3,34,1499.0,False
2025-09-22,3,3,50,1499.0,False
2025-09-23,3,3,45,1499.0,False
2025-09-24,3,3,55,1499.0,False
2025-09-25,3,3,50,1499.0,False
2025-09-26,3,3,46,1499.0,False
2025-09-27,3,3,45,1499.0,False
2025-09-28,3,3,39,1499.0,False
2025-09-29,3,3,51,1499.0,False
2025-09-30,3,3,84,1499.0,True
2025-10-01,3,3,44,1499.0,False
2025-10-02,3,3,74,1499.0,True
2025-10-03,3,3,39,1499.0,False
2025-10-04,3,3,46,1499.0,False
2025-10-05,3,3,43,1499.0,False
2025-10-06,3,3,58,1499.0,False
2025-10-07,3,3,51,1499.0,False
2025-10-08,3,3,50,1499.0,False
2025-10-09,3,3,51,1499.0,False
2025-10-10,3,3,47,1499.0,False
2025-10-11,3,3,42,1499.0,False
2025-10-12,3,3,36,1499.0,False
2025-10-13,3,3,50,1499.0,False
2025-10-14,3,3,48,1499.0,False
2025-10-15,3,3,43,1499.0,False
2025-10-16,3,3,57,1499.0,False
2025-10-17,3,3,48,1499.0,False
2025-10-18,3,3,31,1499.0,False
2025-10-19,3,3,36,1499.0,False
2025-10-20,3,3,48,1499.0,False
2025-10-21,3,3,43,1499.0,False
2025-10-22,3,3,43,1499.0,False
2025-10-23,3,3,81,1499.0,True
2025-10-24,3,3,49,1499.0,False
2025-10-25,3,3,34,1499.0,False
2025-10-26,3,3,40,1499.0,False
2025-10-27,3,3,56,1499.0,False
2025-10-28,3,3,48,1499.0,False
2025-10-29,3,3,47,1499.0,False
2025-10-30,3,3,47,1499.0,False
2025-10-31,3,3,56,1499.0,False
2025-11-01,3,3,43,1499.0,False
2025-11-02,3,3,37,1499.0,False
2025-11-03,3,3,57,1499.0,False
2025-11-04,3,3,51,1499.0,False
2025-11-05,3,3,54,1499.0,False
2025-11-06,3,3,74,1499.0,False
2025-11-07,3,3,55,1499.0,False
2025-11-08,3,3,35,1499.0,False
2025-11-09,3,3,42,1499.0,False
2025-11-10,3,3,52,1499.0,False
2025-11-11,3,3,56,1499.0,False
2025-11-12,3,3,50,1499.0,False
2025-11-13,3,3,50,1499.0,False
2025-11-14,3,3,47,1499.0,False
2025-11-15,3,3,37,1499.0,False
2025-11-16,3,3,40,1499.0,False
2025-11-17,3,3,54,1499.0,False
2025-11-18,3,3,53,1499.0,False
2025-11-19,3,3,45,1499.0,False
2025-11-20,3,3,58,1499.0,False
2025-11-21,3,3,52,1499.0,False
2025-11-22,3,3,29,1499.0,False
2025-11-23,3,3,41,1499.0,False
2025-11-24,3,3,63,1499.0,True
2025-11-25,3,3,40,1499.0,False
2025-11-26,3,3,54,1499.0,False
2025-11-27,3,3,49,1499.0,False
2025-11-28,3,3,42,1499.0,False
2025-11-29,3,3,42,1499.0,False
2025-11-30,3,3,42,1499.0,False
2025-12-01,3,3,52,1499.0,False
2025-12-02,3,3,53,1499.0,False
2025-12-03,3,3,53,1499.0,False
2025-12-04,3,3,50,1499.0,False
2025-12-05,3,3,52,1499.0,False
2025-12-06,3,3,43,1499.0,False
2025-12-07,3,3,52,1499.0,False
2025-12-08,3,3,64,1499.0,False
2025-12-09,3,3,52,1499.0,False
2025-12-10,3,3,48,1499.0,False
2025-12-11,3,3,54,1499.0,False
2025-12-12,3,3,51,1499.0,False
2025-12-13,3,3,38,1499.0,False
2025-12-14,3,3,43,1499.0,False
2025-12-15,3,3,49,1499.0,False
2025-12-16,3,3,56,1499.0,False
2025-12-17,3,3,50,1499.0,False
2025-12-18,3,3,59,1499.0,False
2025-12-19,3,3,69,1499.0,False
2025-12-20,3,3,43,1499.0,False
2025-12-21,3,3,40,1499.0,False
2025-12-22,3,3,68,1499.0,False
2025-12-23,3,3,55,1499.0,False
2025-12-24,3,3,55,1499.0,False
2025-12-25,3,3,53,1499.0,False
2025-12-26,3,3,58,1499.0,False
2025-12-27,3,3,48,1499.0,True
2025-12-28,3,3,38,1499.0,False
2025-12-29,3,3,59,1499.0,False
2025-12-30,3,3,58,1499.0,False
2025-12-31,3,3,53,1499.0,False
2024-01-01,4,1,46,1299.0,False
2024-01-02,4,1,55,1299.0,False
2024-01-03,4,1,45,1299.0,False
2024-01-04,4,1,45,1299.0,False
2024-01-05,4,1,82,1299.0,False
2024-01-06,4,1,38,1299.0,False
2024-01-07,4,1,37,1299.0,False
2024-01-08,4,1,36,1299.0,False
2024-01-09,4,1,55,1299.0,False
2024-01-10,4,1,47,1299.0,False
2024-01-11,4,1,46,1299.0,False
2024-01-12,4,1,46,1299.0,False
2024-01-13,4,1,34,1299.0,False
2024-01-14,4,1,38,1299.0,False
2024-01-15,4,1,47,1299.0,False
2024-01-16,4,1,43,1299.0,False
2024-01-17,4,1,40,1299.0,False
2024-01-18,4,1,49,1299.0,False
2024-01-19,4,1,45,1299.0,False
2024-01-20,4,1,32,1299.0,False
2024-01-21,4,1,37,1299.0,False
2024-01-22,4,1,37,1299.0,False
2024-01-23,4,1,42,1299.0,False
2024-01-24,4,1,48,1299.0,False
2024-01-25,4,1,40,1299.0,False
2024-01-26,4,1,44,1299.0,False
2024-01-27,4,1,38,1299.0,False
2024-01-28,4,1,64,1299.0,False
2024-01-29,4,1,61,1299.0,False
2024-01-30,4,1,41,1299.0,False
2024-01-31,4,1,41,1299.0,False
2024-02-01,4,1,53,1299.0,False
2024-02-02,4,1,87,1299.0,False
2024-02-03,4,1,32,1299.0,False
2024-02-04,4,1,41,1299.0,False
2024-02-05,4,1,46,1299.0,False
2024-02-06,4,1,50,1299.0,False
2024-02-07,4,1,47,1299.0,False
2024-02-08,4,1,53,1299.0,False
2024-02-09,4,1,53,1299.0,False
2024-02-10,4,1,36,1299.0,False
2024-02-11,4,1,54,1299.0,True
2024-02-12,4,1,49,1299.0,False
2024-02-13,4,1,40,1299.0,False
2024-02-14,4,1,42,1299.0,False
2024-02-15,4,1,43,1299.0,False
2024-02-16,4,1,41,1299.0,False
2024-02-17,4,1,50,1299.0,True
2024-02-18,4,1,40,1299.0,False
2024-02-19,4,1,46,1299.0,False
2024-02-20,4,1,54,1299.0,False
2024-02-21,4,1,60,1299.0,True
2024-02-22,4,1,50,1299.0,False
2024-02-23,4,1,60,1299.0,False
2024-02-24,4,1,33,1299.0,False
2024-02-25,4,1,34,1299.0,False
2024-02-26,4,1,47,1299.0,False
2024-02-27,4,1,41,1299.0,False
2024-02-28,4,1,44,1299.0,False
2024-02-29,4,1,36,1299.0,False
2024-03-01,4,1,41,1299.0,False
2024-03-02,4,1,39,1299.0,False
2024-03-03,4,1,41,1299.0,False
2024-03-04,4,1,52,1299.0,True
2024-03-05,4,1,40,1299.0,False
2024-03-06,4,1,52,1299.0,False
2024-03-07,4,1,44,1299.0,False
2024-03-08,4,1,44,1299.0,False
2024-03-09,4,1,36,1299.0,False
2024-03-10,4,1,45,1299.0,False
2024-03-11,4,1,39,1299.0,False
2024-03-12,4,1,67,1299.0,False
2024-03-13,4,1,44,1299.0,False
2024-03-14,4,1,60,1299.0,False
2024-03-15,4,1,57,1299.0,False
2024-03-16,4,1,33,1299.0,False
2024-03-17,4,1,39,1299.0,False
2024-03-18,4,1,52,1299.0,False
2024-03-19,4,1,143,1299.0,True
2024-03-20,4,1,46,1299.0,False
2024-03-21,4,1,40,1299.0,False
2024-03-22,4,1,46,1299.0,False
2024-03-23,4,1,41,1299.0,False
2024-03-24,4,1,37,1299.0,False
2024-03-25,4,1,51,1299.0,False
2024-03-26,4,1,54,1299.0,False
2024-03-27,4,1,52,1299.0,False
2024-03-28,4,1,50,1299.0,False
2024-03-29,4,1,50,1299.0,False
2024-03-30,4,1,32,1299.0,False
2024-03-31,4,1,42,1299.0,False
2024-04-01,4,1,50,1299.0,False
2024-04-02,4,1,43,1299.0,False
2024-04-03,4,1,47,1299.0,False
2024-04-04,4,1,44,1299.0,False
2024-04-05,4,1,51,1299.0,False
2024-04-06,4,1,42,1299.0,False
2024-04-07,4,1,39,1299.0,False
2024-04-08,4,1,49,1299.0,False
2024-04-09,4,1,54,1299.0,False
2024-04-10,4,1,55,1299.0,False
2024-04-11,4,1,49,1299.0,False
2024-04-12,4,1,47,1299.0,False
2024-04-13,4,1,37,1299.0,False
2024-04-14,4,1,37,1299.0,False
2024-04-15,4,1,51,1299.0,False
2024-04-16,4,1,40,1299.0,False
2024-04-17,4,1,47,1299.0,False
2024-04-18,4,1,59,1299.0,False
2024-04-19,4,1,44,1299.0,False
2024-04-20,4,1,34,1299.0,False
2024-04-21,4,1,35,1299.0,False
2024-04-22,4,1,43,1299.0,False
2024-04-23,4,1,52,1299.0,False
2024-04-24,4,1,42,1299.0,False
2024-04-25,4,1,47,1299.0,False
2024-04-26,4,1,40,1299.0,False
2024-04-27,4,1,40,1299.0,False
2024-04-28,4,1,35,1299.0,False
2024-04-29,4,1,46,1299.0,False
2024-04-30,4,1,45,1299.0,False
2024-05-01,4,1,43,1299.0,False
2024-05-02,4,1,60,1299.0,True
2024-05-03,4,1,45,1299.0,False
2024-05-04,4,1,36,1299.0,False
2024-05-05,4,1,33,1299.0,False
2024-05-06,4,1,48,1299.0,False
2024-05-07,4,1,52,1299.0,False
2024-05-08,4,1,48,1299.0,False
2024-05-09,4,1,58,1299.0,False
2024-05-10,4,1,56,1299.0,False
2024-05-11,4,1,36,1299.0,False
2024-05-12,4,1,35,1299.0,False
2024-05-13,4,1,49,1299.0,False
2024-05-14,4,1,46,1299.0,False
2024-05-15,4,1,49,1299.0,False
2024-05-16,4,1,45,1299.0,False
2024-05-17,4,1,50,1299.0,False
2024-05-18,4,1,37,1299.0,False
2024-05-19,4,1,38,1299.0,False
2024-05-20,4,1,50,1299.0,False
2024-05-21,4,1,69,1299.0,True
2024-05-22,4,1,43,1299.0,False
2024-05-23,4,1,42,1299.0,False
2024-05-24,4,1,48,1299.0,False
2024-05-25,4,1,39,1299.0,False
2024-05-26,4,1,58,1299.0,True
2024-05-27,4,1,54,1299.0,False
2024-05-28,4,1,38,1299.0,False
2024-05-29,4,1,57,1299.0,False
2024-05-30,4,1,56,1299.0,False
2024-05-31,4,1,58,1299.0,True
2024-06-01,4,1,36,1299.0,False
2024-06-02,4,1,39,1299.0,False
2024-06-03,4,1,41,1299.0,False
2024-06-04,4,1,46,1299.0,False
2024-06-05,4,1,48,1299.0,False
2024-06-06,4,1,42,1299.0,False
2024-06-07,4,1,63,1299.0,True
2024-06-08,4,1,36,1299.0,False
2024-06-09,4,1,33,1299.0,False
2024-06-10,4,1,52,1299.0,False
2024-06-11,4,1,48,1299.0,False
2024-06-12,4,1,45,1299.0,False
2024-06-13,4,1,51,1299.0,False
2024-06-14,4,1,52,1299.0,False
2024-06-15,4,1,36,1299.0,False
2024-06-16,4,1,36,1299.0,False
2024-06-17,4,1,40,1299.0,False
2024-06-18,4,1,42,1299.0,False
2024-06-19,4,1,45,1299.0,False
2024-06-20,4,1,46,1299.0,False
2024-06-21,4,1,49,1299.0,False
2024-06-22,4,1,40,1299.0,False
2024-06-23,4,1,38,1299.0,False
2024-06-24,4,1,45,1299.0,False
2024-06-25,4,1,58,1299.0,False
2024-06-26,4,1,56,1299.0,False
2024-06-27,4,1,49,1299.0,False
2024-06-28,4,1,46,1299.0,False
2024-06-29,4,1,42,1299.0,False
2024-06-30,4,1,40,1299.0,False
2024-07-01,4,1,44,1299.0,False
2024-07-02,4,1,46,1299.0,False
2024-07-03,4,1,46,1299.0,False
2024-07-04,4,1,52,1299.0,False
2024-07-05,4,1,51,1299.0,False
2024-07-06,4,1,37,1299.0,False
2024-07-07,4,1,39,1299.0,False
2024-07-08,4,1,45,1299.0,False
2024-07-09,4,1,38,1299.0,False
2024-07-10,4,1,40,1299.0,False
2024-07-11,4,1,45,1299.0,False
2024-07-12,4,1,46,1299.0,False
2024-07-13,4,1,36,1299.0,False
2024-07-14,4,1,33,1299.0,False
2024-07-15,4,1,46,1299.0,False
2024-07-16,4,1,45,1299.0,False
2024-07-17,4,1,44,1299.0,False
2024-07-18,4,1,48,1299.0,False
2024-07-19,4,1,39,1299.0,False
2024-07-20,4,1,31,1299.0,False
2024-07-21,4,1,32,1299.0,False
2024-07-22,4,1,37,1299.0,False
2024-07-23,4,1,41,1299.0,False
2024-07-24,4,1,41,1299.0,False
2024-07-25,4,1,47,1299.0,True
2024-07-26,4,1,47,1299.0,False
2024-07-27,4,1,30,1299.0,False
2024-07-28,4,1,31,1299.0,False
2024-07-29,4,1,43,1299.0,False
2024-07-30,4,1,46,1299.0,False
2024-07-31,4,1,50,1299.0,False
2024-08-01,4,1,41,1299.0,False
2024-08-02,4,1,42,1299.0,False
2024-08-03,4,1,34,1299.0,False
2024-08-04,4,1,37,1299.0,False
2024-08-05,4,1,44,1299.0,False
2024-08-06,4,1,40,1299.0,False
2024-08-07,4,1,47,1299.0,False
2024-08-08,4,1,47,1299.0,False
2024-08-09,4,1,40,1299.0,False
2024-08-10,4,1,36,1299.0,False
2024-08-11,4,1,40,1299.0,True
2024-08-12,4,1,41,1299.0,False
2024-08-13,4,1,48,1299.0,False
2024-08-14,4,1,40,1299.0,False
2024-08-15,4,1,46,1299.0,False
2024-08-16,4,1,43,1299.0,False
2024-08-17,4,1,36,1299.0,False
2024-08-18,4,1,37,1299.0,False
2024-08-19,4,1,45,1299.0,False
2024-08-20,4,1,36,1299.0,False
2024-08-21,4,1,43,1299.0,False
2024-08-22,4,1,46,1299.0,False
2024-08-23,4,1,41,1299.0,False
2024-08-24,4,1,27,1299.0,False
2024-08-25,4,1,34,1299.0,False
2024-08-26,4,1,41,1299.0,False
2024-08-27,4,1,45,1299.0,False
2024-08-28,4,1,38,1299.0,False
2024-08-29,4,1,42,1299.0,False
2024-08-30,4,1,62,1299.0,True
2024-08-31,4,1,53,1299.0,False
2024-09-01,4,1,31,1299.0,False
2024-09-02,4,1,36,1299.0,False
2024-09-03,4,1,39,1299.0,False
2024-09-04,4,1,38,1299.0,False
2024-09-05,4,1,49,1299.0,False
2024-09-06,4,1,61,1299.0,True
2024-09-07,4,1,34,1299.0,False
2024-09-08,4,1,29,1299.0,False
2024-09-09,4,1,40,1299.0,False
2024-09-10,4,1,41,1299.0,False
2024-09-11,4,1,33,1299.0,False
2024-09-12,4,1,43,1299.0,False
2024-09-13,4,1,40,1299.0,False
2024-09-14,4,1,35,1299.0,False
2024-09-15,4,1,33,1299.0,False
2024-09-16,4,1,41,1299.0,False
2024-09-17,4,1,39,1299.0,False
2024-09-18,4,1,44,1299.0,False
2024-09-19,4,1,44,1299.0,False
2024-09-20,4,1,45,1299.0,False
2024-09-21,4,1,32,1299.0,False
2024-09-22,4,1,32,1299.0,False
2024-09-23,4,1,41,1299.0,False
2024-09-24,4,1,47,1299.0,False
2024-09-25,4,1,32,1299.0,False
2024-09-26,4,1,42,1299.0,False
2024-09-27,4,1,37,1299.0,False
2024-09-28,4,1,30,1299.0,False
2024-09-29,4,1,34,1299.0,False
2024-09-30,4,1,37,1299.0,False
2024-10-01,4,1,37,1299.0,False
2024-10-02,4,1,40,1299.0,False
2024-10-03,4,1,38,1299.0,False
2024-10-04,4,1,39,1299.0,False
2024-10-05,4,1,34,1299.0,False
2024-10-06,4,1,39,1299.0,True
2024-10-07,4,1,41,1299.0,False
2024-10-08,4,1,39,1299.0,False
2024-10-09,4,1,49,1299.0,False
2024-10-10,4,1,37,1299.0,False
2024-10-11,4,1,44,1299.0,False
2024-10-12,4,1,29,1299.0,False
2024-10-13,4,1,30,1299.0,False
2024-10-14,4,1,46,1299.0,False
2024-10-15,4,1,40,1299.0,False
2024-10-16,4,1,45,1299.0,False
2024-10-17,4,1,38,1299.0,False
2024-10-18,4,1,41,1299.0,False
2024-10-19,4,1,33,1299.0,False
2024-10-20,4,1,32,1299.0,False
2024-10-21,4,1,38,1299.0,False
2024-10-22,4,1,38,1299.0,False
2024-10-23,4,1,44,1299.0,False
2024-10-24,4,1,39,1299.0,False
2024-10-25,4,1,34,1299.0,False
2024-10-26,4,1,42,1299.0,True
2024-10-27,4,1,32,1299.0,False
2024-10-28,4,1,36,1299.0,False
2024-10-29,4,1,37,1299.0,False
2024-10-30,4,1,37,1299.0,False
2024-10-31,4,1,42,1299.0,False
2024-11-01,4,1,44,1299.0,False
2024-11-02,4,1,33,1299.0,False
2024-11-03,4,1,33,1299.0,False
2024-11-04,4,1,46,1299.0,False
2024-11-05,4,1,43,1299.0,False
2024-11-06,4,1,45,1299.0,False
2024-11-07,4,1,44,1299.0,False
2024-11-08,4,1,45,1299.0,False
2024-11-09,4,1,35,1299.0,False
2024-11-10,4,1,32,1299.0,False
2024-11-11,4,1,46,1299.0,False
2024-11-12,4,1,40,1299.0,False
2024-11-13,4,1,38,1299.0,False
2024-11-14,4,1,44,1299.0,False
2024-11-15,4,1,41,1299.0,False
2024-11-16,4,1,31,1299.0,False
2024-11-17,4,1,35,1299.0,False
2024-11-18,4,1,47,1299.0,False
2024-11-19,4,1,48,1299.0,False
2024-11-20,4,1,35,1299.0,False
2024-11-21,4,1,34,1299.0,False
2024-11-22,4,1,42,1299.0,False
2024-11-23,4,1,32,1299.0,False
2024-11-24,4,1,44,1299.0,True
2024-11-25,4,1,46,1299.0,False
2024-11-26,4,1,36,1299.0,False
2024-11-27,4,1,41,1299.0,False
2024-11-28,4,1,34,1299.0,False
2024-11-29,4,1,39,1299.0,False
2024-11-30,4,1,36,1299.0,False
2024-12-01,4,1,27,1299.0,False
2024-12-02,4,1,37,1299.0,False
2024-12-03,4,1,37,1299.0,False
2024-12-04,4,1,41,1299.0,False
2024-12-05,4,1,45,1299.0,False
2024-12-06,4,1,43,1299.0,False
2024-12-07,4,1,35,1299.0,False
2024-12-08,4,1,33,1299.0,False
2024-12-09,4,1,46,1299.0,False
2024-12-10,4,1,40,1299.0,False
2024-12-11,4,1,39,1299.0,False
2024-12-12,4,1,48,1299.0,False
2024-12-13,4,1,47,1299.0,False
2024-12-14,4,1,34,1299.0,False
2024-12-15,4,1,28,1299.0,False
2024-12-16,4,1,43,1299.0,False
2024-12-17,4,1,39,1299.0,False
2024-12-18,4,1,42,1299.0,False
2024-12-19,4,1,43,1299.0,False
2024-12-20,4,1,42,1299.0,False
2024-12-21,4,1,30,1299.0,False
2024-12-22,4,1,31,1299.0,False
2024-12-23,4,1,42,1299.0,False
2024-12-24,4,1,36,1299.0,False
2024-12-25,4,1,44,1299.0,False
2024-12-26,4,1,62,1299.0,True
2024-12-27,4,1,61,1299.0,False
2024-12-28,4,1,31,1299.0,False
2024-12-29,4,1,32,1299.0,False
2024-12-30,4,1,40,1299.0,False
2024-12-31,4,1,40,1299.0,False
2025-01-01,4,1,44,1299.0,False
2025-01-02,4,1,49,1299.0,False
2025-01-03,4,1,48,1299.0,False
2025-01-04,4,1,29,1299.0,False
2025-01-05,4,1,40,1299.0,False
2025-01-06,4,1,46,1299.0,False
2025-01-07,4,1,46,1299.0,False
2025-01-08,4,1,44,1299.0,False
2025-01-09,4,1,39,1299.0,False
2025-01-10,4,1,51,1299.0,False
2025-01-11,4,1,31,1299.0,False
2025-01-12,4,1,44,1299.0,True
2025-01-13,4,1,39,1299.0,False
2025-01-14,4,1,43,1299.0,False
2025-01-15,4,1,50,1299.0,False
2025-01-16,4,1,36,1299.0,False
2025-01-17,4,1,40,1299.0,False
2025-01-18,4,1,28,1299.0,False
2025-01-19,4,1,32,1299.0,False
2025-01-20,4,1,69,1299.0,False
2025-01-21,4,1,40,1299.0,False
2025-01-22,4,1,40,1299.0,False
2025-01-23,4,1,46,1299.0,False
2025-01-24,4,1,45,1299.0,False
2025-01-25,4,1,35,1299.0,False
2025-01-26,4,1,31,1299.0,False
2025-01-27,4,1,41,1299.0,False
2025-01-28,4,1,43,1299.0,False
2025-01-29,4,1,41,1299.0,False
2025-01-30,4,1,48,1299.0,False
2025-01-31,4,1,40,1299.0,False
2025-02-01,4,1,35,1299.0,False
2025-02-02,4,1,37,1299.0,False
2025-02-03,4,1,46,1299.0,False
2025-02-04,4,1,52,1299.0,False
2025-02-05,4,1,48,1299.0,False
2025-02-06,4,1,51,1299.0,False
2025-02-07,4,1,44,1299.0,False
2025-02-08,4,1,36,1299.0,False
2025-02-09,4,1,38,1299.0,False
2025-02-10,4,1,53,1299.0,False
2025-02-11,4,1,41,1299.0,False
2025-02-12,4,1,42,1299.0,False
2025-02-13,4,1,49,1299.0,False
2025-02-14,4,1,41,1299.0,False
2025-02-15,4,1,29,1299.0,False
2025-02-16,4,1,40,1299.0,False
2025-02-17,4,1,48,1299.0,False
2025-02-18,4,1,46,1299.0,False
2025-02-19,4,1,40,1299.0,False
2025-02-20,4,1,44,1299.0,False
2025-02-21,4,1,50,1299.0,False
2025-02-22,4,1,38,1299.0,False
2025-02-23,4,1,39,1299.0,False
2025-02-24,4,1,48,1299.0,False
2025-02-25,4,1,69,1299.0,False
2025-02-26,4,1,49,1299.0,False
2025-02-27,4,1,49,1299.0,False
2025-02-28,4,1,67,1299.0,True
2025-03-01,4,1,38,1299.0,False
2025-03-02,4,1,61,1299.0,False
2025-03-03,4,1,45,1299.0,False
2025-03-04,4,1,47,1299.0,False
2025-03-05,4,1,61,1299.0,True
2025-03-06,4,1,43,1299.0,False
2025-03-07,4,1,50,1299.0,False
2025-03-08,4,1,34,1299.0,False
2025-03-09,4,1,39,1299.0,False
2025-03-10,4,1,45,1299.0,False
2025-03-11,4,1,41,1299.0,False
2025-03-12,4,1,52,1299.0,False
2025-03-13,4,1,47,1299.0,False
2025-03-14,4,1,44,1299.0,False
2025-03-15,4,1,36,1299.0,False
2025-03-16,4,1,32,1299.0,False
2025-03-17,4,1,45,1299.0,False
2025-03-18,4,1,38,1299.0,False
2025-03-19,4,1,49,1299.0,False
2025-03-20,4,1,43,1299.0,False
2025-03-21,4,1,51,1299.0,False
2025-03-22,4,1,34,1299.0,False
2025-03-23,4,1,44,1299.0,False
2025-03-24,4,1,42,1299.0,False
2025-03-25,4,1,49,1299.0,False
2025-03-26,4,1,52,1299.0,False
2025-03-27,4,1,60,1299.0,True
2025-03-28,4,1,49,1299.0,False
2025-03-29,4,1,58,1299.0,True
2025-03-30,4,1,40,1299.0,False
2025-03-31,4,1,51,1299.0,False
2025-04-01,4,1,52,1299.0,False
2025-04-02,4,1,55,1299.0,False
2025-04-03,4,1,49,1299.0,False
2025-04-04,4,1,68,1299.0,False
2025-04-05,4,1,36,1299.0,False
2025-04-06,4,1,38,1299.0,False
2025-04-07,4,1,56,1299.0,False
2025-04-08,4,1,49,1299.0,False
2025-04-09,4,1,54,1299.0,False
2025-04-10,4,1,50,1299.0,False
2025-04-11,4,1,47,1299.0,False
2025-04-12,4,1,39,1299.0,False
2025-04-13,4,1,39,1299.0,False
2025-04-14,4,1,50,1299.0,False
2025-04-15,4,1,52,1299.0,False
2025-04-16,4,1,57,1299.0,False
2025-04-17,4,1,40,1299.0,False
2025-04-18,4,1,46,1299.0,False
2025-04-19,4,1,64,1299.0,True
2025-04-20,4,1,39,1299.0,False
2025-04-21,4,1,52,1299.0,False
2025-04-22,4,1,42,1299.0,False
2025-04-23,4,1,50,1299.0,False
2025-04-24,4,1,54,1299.0,True
2025-04-25,4,1,47,1299.0,False
2025-04-26,4,1,37,1299.0,False
2025-04-27,4,1,38,1299.0,False
2025-04-28,4,1,47,1299.0,False
2025-04-29,4,1,58,1299.0,True
2025-04-30,4,1,43,1299.0,False
2025-05-01,4,1,48,1299.0,False
2025-05-02,4,1,53,1299.0,False
2025-05-03,4,1,55,1299.0,True
2025-05-04,4,1,31,1299.0,False
2025-05-05,4,1,46,1299.0,False
2025-05-06,4,1,39,1299.0,False
2025-05-07,4,1,49,1299.0,False
2025-05-08,4,1,52,1299.0,False
2025-05-09,4,1,50,1299.0,False
2025-05-10,4,1,38,1299.0,False
2025-05-11,4,1,57,1299.0,True
2025-05-12,4,1,45,1299.0,False
2025-05-13,4,1,43,1299.0,False
2025-05-14,4,1,46,1299.0,False
2025-05-15,4,1,45,1299.0,False
2025-05-16,4,1,50,1299.0,False
2025-05-17,4,1,40,1299.0,False
2025-05-18,4,1,35,1299.0,False
2025-05-19,4,1,45,1299.0,False
2025-05-20,4,1,40,1299.0,False
2025-05-21,4,1,82,1299.0,False
2025-05-22,4,1,54,1299.0,False
2025-05-23,4,1,44,1299.0,False
2025-05-24,4,1,41,1299.0,False
2025-05-25,4,1,41,1299.0,False
2025-05-26,4,1,55,1299.0,False
2025-05-27,4,1,42,1299.0,False
2025-05-28,4,1,50,1299.0,False
2025-05-29,4,1,54,1299.0,False
2025-05-30,4,1,46,1299.0,False
2025-05-31,4,1,40,1299.0,False
2025-06-01,4,1,44,1299.0,False
2025-06-02,4,1,42,1299.0,False
2025-06-03,4,1,50,1299.0,False
2025-06-04,4,1,53,1299.0,False
2025-06-05,4,1,48,1299.0,False
2025-06-06,4,1,61,1299.0,True
2025-06-07,4,1,38,1299.0,False
2025-06-08,4,1,26,1299.0,False
2025-06-09,4,1,43,1299.0,False
2025-06-10,4,1,42,1299.0,False
2025-06-11,4,1,42,1299.0,False
2025-06-12,4,1,50,1299.0,False
2025-06-13,4,1,51,1299.0,False
2025-06-14,4,1,36,1299.0,False
2025-06-15,4,1,39,1299.0,False
2025-06-16,4,1,51,1299.0,False
2025-06-17,4,1,42,1299.0,False
2025-06-18,4,1,41,1299.0,False
2025-06-19,4,1,58,1299.0,False
2025-06-20,4,1,48,1299.0,False
2025-06-21,4,1,29,1299.0,False
2025-06-22,4,1,36,1299.0,False
2025-06-23,4,1,48,1299.0,False
2025-06-24,4,1,44,1299.0,False
2025-06-25,4,1,34,1299.0,False
2025-06-26,4,1,42,1299.0,False
2025-06-27,4,1,50,1299.0,False
2025-06-28,4,1,35,1299.0,False
2025-06-29,4,1,39,1299.0,False
2025-06-30,4,1,43,1299.0,False
2025-07-01,4,1,46,1299.0,False
2025-07-02,4,1,50,1299.0,False
2025-07-03,4,1,38,1299.0,False
2025-07-04,4,1,49,1299.0,False
2025-07-05,4,1,36,1299.0,False
2025-07-06,4,1,33,1299.0,False
2025-07-07,4,1,49,1299.0,False
2025-07-08,4,1,44,1299.0,False
2025-07-09,4,1,50,1299.0,False
2025-07-10,4,1,41,1299.0,False
2025-07-11,4,1,45,1299.0,False
2025-07-12,4,1,39,1299.0,False
2025-07-13,4,1,30,1299.0,False
2025-07-14,4,1,44,1299.0,False
2025-07-15,4,1,46,1299.0,False
2025-07-16,4,1,44,1299.0,False
2025-07-17,4,1,41,1299.0,False
2025-07-18,4,1,51,1299.0,False
2025-07-19,4,1,37,1299.0,True
2025-07-20,4,1,30,1299.0,False
2025-07-21,4,1,43,1299.0,False
2025-07-22,4,1,39,1299.0,False
2025-07-23,4,1,42,1299.0,False
2025-07-24,4,1,35,1299.0,False
2025-07-25,4,1,56,1299.0,True
2025-07-26,4,1,34,1299.0,False
2025-07-27,4,1,35,1299.0,False
2025-07-28,4,1,43,1299.0,False
2025-07-29,4,1,44,1299.0,False
2025-07-30,4,1,70,1299.0,True
2025-07-31,4,1,40,1299.0,False
2025-08-01,4,1,42,1299.0,False
2025-08-02,4,1,35,1299.0,False
2025-08-03,4,1,31,1299.0,False
2025-08-04,4,1,40,1299.0,False
2025-08-05,4,1,41,1299.0,False
2025-08-06,4,1,41,1299.0,False
2025-08-07,4,1,43,1299.0,False
2025-08-08,4,1,38,1299.0,False
2025-08-09,4,1,33,1299.0,False
2025-08-10,4,1,35,1299.0,False
2025-08-11,4,1,39,1299.0,False
2025-08-12,4,1,40,1299.0,False
2025-08-13,4,1,46,1299.0,False
2025-08-14,4,1,43,1299.0,False
2025-08-15,4,1,36,1299.0,False
2025-08-16,4,1,35,1299.0,False
2025-08-17,4,1,28,1299.0,False
2025-08-18,4,1,40,1299.0,False
2025-08-19,4,1,43,1299.0,False
2025-08-20,4,1,45,1299.0,False
2025-08-21,4,1,46,1299.0,False
2025-08-22,4,1,48,1299.0,False
2025-08-23,4,1,37,1299.0,False
2025-08-24,4,1,32,1299.0,False
2025-08-25,4,1,56,1299.0,True
2025-08-26,4,1,46,1299.0,False
2025-08-27,4,1,43,1299.0,False
2025-08-28,4,1,42,1299.0,False
2025-08-29,4,1,44,1299.0,False
2025-08-30,4,1,31,1299.0,False
2025-08-31,4,1,36,1299.0,False
2025-09-01,4,1,42,1299.0,False
2025-09-02,4,1,40,1299.0,False
2025-09-03,4,1,45,1299.0,False
2025-09-04,4,1,39,1299.0,False
2025-09-05,4,1,43,1299.0,False
2025-09-06,4,1,24,1299.0,False
2025-09-07,4,1,30,1299.0,False
2025-09-08,4,1,37,1299.0,False
2025-09-09,4,1,39,1299.0,False
2025-09-10,4,1,35,1299.0,False
2025-09-11,4,1,42,1299.0,False
2025-09-12,4,1,42,1299.0,False
2025-09-13,4,1,35,1299.0,False
2025-09-14,4,1,33,1299.0,False
2025-09-15,4,1,36,1299.0,False
2025-09-16,4,1,47,1299.0,False
2025-09-17,4,1,41,1299.0,False
2025-09-18,4,1,37,1299.0,False
2025-09-19,4,1,45,1299.0,False
2025-09-20,4,1,32,1299.0,False
2025-09-21,4,1,29,1299.0,False
2025-09-22,4,1,40,1299.0,False
2025-09-23,4,1,45,1299.0,False
2025-09-24,4,1,40,1299.0,False
2025-09-25,4,1,34,1299.0,False
2025-09-26,4,1,40,1299.0,False
2025-09-27,4,1,33,1299.0,False
2025-09-28,4,1,33,1299.0,False
2025-09-29,4,1,37,1299.0,False
2025-09-30,4,1,40,1299.0,False
2025-10-01,4,1,38,1299.0,False
2025-10-02,4,1,40,1299.0,False
2025-10-03,4,1,41,1299.0,False
2025-10-04,4,1,28,1299.0,False
2025-10-05,4,1,37,1299.0,False
2025-10-06,4,1,41,1299.0,False
2025-10-07,4,1,44,1299.0,False
2025-10-08,4,1,39,1299.0,False
2025-10-09,4,1,40,1299.0,False
2025-10-10,4,1,35,1299.0,False
2025-10-11,4,1,32,1299.0,False
2025-10-12,4,1,33,1299.0,False
2025-10-13,4,1,55,1299.0,True
2025-10-14,4,1,42,1299.0,False
2025-10-15,4,1,42,1299.0,False
2025-10-16,4,1,36,1299.0,False
2025-10-17,4,1,55,1299.0,False
2025-10-18,4,1,36,1299.0,False
2025-10-19,4,1,31,1299.0,False
2025-10-20,4,1,41,1299.0,False
2025-10-21,4,1,41,1299.0,False
2025-10-22,4,1,42,1299.0,False
2025-10-23,4,1,44,1299.0,False
2025-10-24,4,1,40,1299.0,False
2025-10-25,4,1,32,1299.0,False
2025-10-26,4,1,37,1299.0,False
2025-10-27,4,1,41,1299.0,False
2025-10-28,4,1,44,1299.0,False
2025-10-29,4,1,42,1299.0,False
2025-10-30,4,1,40,1299.0,False
2025-10-31,4,1,38,1299.0,False
2025-11-01,4,1,35,1299.0,False
2025-11-02,4,1,34,1299.0,False
2025-11-03,4,1,34,1299.0,False
2025-11-04,4,1,43,1299.0,False
2025-11-05,4,1,41,1299.0,False
2025-11-06,4,1,39,1299.0,False
2025-11-07,4,1,46,1299.0,False
2025-11-08,4,1,32,1299.0,False
2025-11-09,4,1,27,1299.0,False
2025-11-10,4,1,40,1299.0,False
2025-11-11,4,1,36,1299.0,False
2025-11-12,4,1,40,1299.0,False
2025-11-13,4,1,41,1299.0,False
2025-11-14,4,1,39,1299.0,False
2025-11-15,4,1,25,1299.0,False
2025-11-16,4,1,26,1299.0,False
2025-11-17,4,1,69,1299.0,True
2025-11-18,4,1,38,1299.0,False
2025-11-19,4,1,54,1299.0,True
2025-11-20,4,1,40,1299.0,False
2025-11-21,4,1,36,1299.0,False
2025-11-22,4,1,33,1299.0,False
2025-11-23,4,1,30,1299.0,False
2025-11-24,4,1,37,1299.0,False
2025-11-25,4,1,41,1299.0,False
2025-11-26,4,1,41,1299.0,False
2025-11-27,4,1,81,1299.0,False
2025-11-28,4,1,36,1299.0,False
2025-11-29,4,1,32,1299.0,False
2025-11-30,4,1,33,1299.0,False
2025-12-01,4,1,65,1299.0,True
2025-12-02,4,1,63,1299.0,True
2025-12-03,4,1,39,1299.0,False
2025-12-04,4,1,42,1299.0,False
2025-12-05,4,1,42,1299.0,False
2025-12-06,4,1,31,1299.0,False
2025-12-07,4,1,32,1299.0,False
2025-12-08,4,1,52,1299.0,False
2025-12-09,4,1,64,1299.0,True
2025-12-10,4,1,83,1299.0,True
2025-12-11,4,1,42,1299.0,False
2025-12-12,4,1,37,1299.0,False
2025-12-13,4,1,37,1299.0,False
2025-12-14,4,1,32,1299.0,False
2025-12-15,4,1,38,1299.0,False
2025-12-16,4,1,36,1299.0,False
2025-12-17,4,1,37,1299.0,False
2025-12-18,4,1,42,1299.0,False
2025-12-19,4,1,40,1299.0,False
2025-12-20,4,1,34,1299.0,False
2025-12-21,4,1,33,1299.0,False
2025-12-22,4,1,41,1299.0,False
2025-12-23,4,1,44,1299.0,False
2025-12-24,4,1,44,1299.0,False
2025-12-25,4,1,44,1299.0,False
2025-12-26,4,1,37,1299.0,False
2025-12-27,4,1,34,1299.0,False
2025-12-28,4,1,36,1299.0,False
2025-12-29,4,1,47,1299.0,False
2025-12-30,4,1,52,1299.0,False
2025-12-31,4,1,42,1299.0,False
2024-01-01,4,2,35,1299.0,False
2024-01-02,4,2,53,1299.0,False
2024-01-03,4,2,32,1299.0,False
2024-01-04,4,2,32,1299.0,False
2024-01-05,4,2,36,1299.0,False
2024-01-06,4,2,24,1299.0,False
2024-01-07,4,2,31,1299.0,False
2024-01-08,4,2,31,1299.0,False
2024-01-09,4,2,35,1299.0,False
2024-01-10,4,2,29,1299.0,False
2024-01-11,4,2,32,1299.0,False
2024-01-12,4,2,28,1299.0,False
2024-01-13,4,2,29,1299.0,False
2024-01-14,4,2,25,1299.0,False
2024-01-15,4,2,35,1299.0,False
2024-01-16,4,2,34,1299.0,True
2024-01-17,4,2,31,1299.0,False
2024-01-18,4,2,31,1299.0,False
2024-01-19,4,2,33,1299.0,False
2024-01-20,4,2,21,1299.0,False
2024-01-21,4,2,24,1299.0,False
2024-01-22,4,2,28,1299.0,False
2024-01-23,4,2,32,1299.0,False
2024-01-24,4,2,35,1299.0,False
2024-01-25,4,2,34,1299.0,False
2024-01-26,4,2,36,1299.0,False
2024-01-27,4,2,41,1299.0,True
2024-01-28,4,2,29,1299.0,False
2024-01-29,4,2,33,1299.0,False
2024-01-30,4,2,43,1299.0,True
2024-01-31,4,2,33,1299.0,False
2024-02-01,4,2,27,1299.0,False
2024-02-02,4,2,34,1299.0,False
2024-02-03,4,2,29,1299.0,False
2024-02-04,4,2,24,1299.0,False
2024-02-05,4,2,29,1299.0,False
2024-02-06,4,2,32,1299.0,False
2024-02-07,4,2,30,1299.0,False
2024-02-08,4,2,32,1299.0,False
2024-02-09,4,2,33,1299.0,False
2024-02-10,4,2,26,1299.0,False
2024-02-11,4,2,28,1299.0,False
2024-02-12,4,2,35,1299.0,False
2024-02-13,4,2,37,1299.0,False
2024-02-14,4,2,53,1299.0,True
2024-02-15,4,2,29,1299.0,False
2024-02-16,4,2,32,1299.0,False
2024-02-17,4,2,45,1299.0,False
2024-02-18,4,2,26,1299.0,False
2024-02-19,4,2,36,1299.0,False
2024-02-20,4,2,33,1299.0,False
2024-02-21,4,2,28,1299.0,False
2024-02-22,4,2,29,1299.0,False
2024-02-23,4,2,32,1299.0,False
2024-02-24,4,2,24,1299.0,False
2024-02-25,4,2,23,1299.0,False
2024-02-26,4,2,31,1299.0,False
2024-02-27,4,2,33,1299.0,False
2024-02-28,4,2,31,1299.0,False
2024-02-29,4,2,29,1299.0,False
2024-03-01,4,2,34,1299.0,False
2024-03-02,4,2,31,1299.0,False
2024-03-03,4,2,23,1299.0,False
2024-03-04,4,2,37,1299.0,False
2024-03-05,4,2,31,1299.0,False
2024-03-06,4,2,35,1299.0,False
2024-03-07,4,2,31,1299.0,False
2024-03-08,4,2,39,1299.0,False
2024-03-09,4,2,31,1299.0,False
2024-03-10,4,2,24,1299.0,False
2024-03-11,4,2,36,1299.0,False
2024-03-12,4,2,34,1299.0,False
2024-03-13,4,2,34,1299.0,False
2024-03-14,4,2,36,1299.0,False
2024-03-15,4,2,36,1299.0,False
2024-03-16,4,2,29,1299.0,False
2024-03-17,4,2,32,1299.0,False
2024-03-18,4,2,34,1299.0,False
2024-03-19,4,2,34,1299.0,False
2024-03-20,4,2,32,1299.0,False
2024-03-21,4,2,40,1299.0,True
2024-03-22,4,2,33,1299.0,False
2024-03-23,4,2,29,1299.0,False
2024-03-24,4,2,32,1299.0,False
2024-03-25,4,2,38,1299.0,False
2024-03-26,4,2,35,1299.0,False
2024-03-27,4,2,29,1299.0,False
2024-03-28,4,2,36,1299.0,False
2024-03-29,4,2,36,1299.0,False
2024-03-30,4,2,25,1299.0,False
2024-03-31,4,2,37,1299.0,True
2024-04-01,4,2,36,1299.0,False
2024-04-02,4,2,35,1299.0,False
2024-04-03,4,2,59,1299.0,False
2024-04-04,4,2,36,1299.0,False
2024-04-05,4,2,35,1299.0,False
2024-04-06,4,2,27,1299.0,False
2024-04-07,4,2,41,1299.0,True
2024-04-08,4,2,62,1299.0,False
2024-04-09,4,2,54,1299.0,True
2024-04-10,4,2,29,1299.0,False
2024-04-11,4,2,38,1299.0,False
2024-04-12,4,2,53,1299.0,True
2024-04-13,4,2,23,1299.0,False
2024-04-14,4,2,26,1299.0,False
2024-04-15,4,2,36,1299.0,False
2024-04-16,4,2,38,1299.0,False
2024-04-17,4,2,33,1299.0,False
2024-04-18,4,2,36,1299.0,False
2024-04-19,4,2,38,1299.0,False
2024-04-20,4,2,29,1299.0,False
2024-04-21,4,2,27,1299.0,False
2024-04-22,4,2,40,1299.0,False
2024-04-23,4,2,32,1299.0,False
2024-04-24,4,2,37,1299.0,False
2024-04-25,4,2,25,1299.0,False
2024-04-26,4,2,25,1299.0,False
2024-04-27,4,2,25,1299.0,False
2024-04-28,4,2,31,1299.0,False
2024-04-29,4,2,39,1299.0,False
2024-04-30,4,2,34,1299.0,False
2024-05-01,4,2,37,1299.0,False
2024-05-02,4,2,34,1299.0,False
2024-05-03,4,2,29,1299.0,False
2024-05-04,4,2,24,1299.0,False
2024-05-05,4,2,23,1299.0,False
2024-05-06,4,2,34,1299.0,False
2024-05-07,4,2,34,1299.0,False
2024-05-08,4,2,33,1299.0,False
2024-05-09,4,2,35,1299.0,False
2024-05-10,4,2,35,1299.0,False
2024-05-11,4,2,28,1299.0,False
2024-05-12,4,2,28,1299.0,False
2024-05-13,4,2,34,1299.0,False
2024-05-14,4,2,38,1299.0,False
2024-05-15,4,2,39,1299.0,False
2024-05-16,4,2,36,1299.0,False
2024-05-17,4,2,38,1299.0,False
2024-05-18,4,2,29,1299.0,False
2024-05-19,4,2,23,1299.0,False
2024-05-20,4,2,36,1299.0,False
2024-05-21,4,2,39,1299.0,False
2024-05-22,4,2,39,1299.0,False
2024-05-23,4,2,37,1299.0,False
2024-05-24,4,2,35,1299.0,False
2024-05-25,4,2,29,1299.0,False
2024-05-26,4,2,19,1299.0,False
2024-05-27,4,2,34,1299.0,False
2024-05-28,4,2,33,1299.0,False
2024-05-29,4,2,50,1299.0,True
2024-05-30,4,2,35,1299.0,False
2024-05-31,4,2,34,1299.0,False
2024-06-01,4,2,24,1299.0,False
2024-06-02,4,2,45,1299.0,False
2024-06-03,4,2,30,1299.0,False
2024-06-04,4,2,43,1299.0,True
2024-06-05,4,2,32,1299.0,False
2024-06-06,4,2,36,1299.0,False
2024-06-07,4,2,32,1299.0,False
2024-06-08,4,2,27,1299.0,False
2024-06-09,4,2,25,1299.0,False
2024-06-10,4,2,43,1299.0,False
2024-06-11,4,2,30,1299.0,False
2024-06-12,4,2,26,1299.0,False
2024-06-13,4,2,33,1299.0,False
2024-06-14,4,2,31,1299.0,False
2024-06-15,4,2,28,1299.0,False
2024-06-16,4,2,22,1299.0,False
2024-06-17,4,2,36,1299.0,False
2024-06-18,4,2,33,1299.0,False
2024-06-19,4,2,24,1299.0,False
2024-06-20,4,2,33,1299.0,False
2024-06-21,4,2,34,1299.0,False
2024-06-22,4,2,25,1299.0,False
2024-06-23,4,2,25,1299.0,False
2024-06-24,4,2,32,1299.0,False
2024-06-25,4,2,34,1299.0,False
2024-06-26,4,2,34,1299.0,False
2024-06-27,4,2,34,1299.0,False
2024-06-28,4,2,27,1299.0,False
2024-06-29,4,2,39,1299.0,True
2024-06-30,4,2,24,1299.0,False
2024-07-01,4,2,39,1299.0,False
2024-07-02,4,2,33,1299.0,False
2024-07-03,4,2,35,1299.0,False
2024-07-04,4,2,31,1299.0,False
2024-07-05,4,2,55,1299.0,False
2024-07-06,4,2,26,1299.0,False
2024-07-07,4,2,28,1299.0,False
2024-07-08,4,2,38,1299.0,False
2024-07-09,4,2,33,1299.0,False
2024-07-10,4,2,29,1299.0,False
2024-07-11,4,2,28,1299.0,False
2024-07-12,4,2,31,1299.0,False
2024-07-13,4,2,28,1299.0,False
2024-07-14,4,2,25,1299.0,False
2024-07-15,4,2,38,1299.0,False
2024-07-16,4,2,36,1299.0,False
2024-07-17,4,2,30,1299.0,False
2024-07-18,4,2,32,1299.0,False
2024-07-19,4,2,30,1299.0,False
2024-07-20,4,2,20,1299.0,False
2024-07-21,4,2,25,1299.0,False
2024-07-22,4,2,32,1299.0,False
2024-07-23,4,2,32,1299.0,False
2024-07-24,4,2,28,1299.0,False
2024-07-25,4,2,32,1299.0,False
2024-07-26,4,2,31,1299.0,False
2024-07-27,4,2,20,1299.0,False
2024-07-28,4,2,26,1299.0,False
2024-07-29,4,2,53,1299.0,True
2024-07-30,4,2,32,1299.0,False
2024-07-31,4,2,37,1299.0,False
2024-08-01,4,2,86,1299.0,True
2024-08-02,4,2,28,1299.0,False
2024-08-03,4,2,26,1299.0,False
2024-08-04,4,2,25,1299.0,False
2024-08-05,4,2,37,1299.0,False
2024-08-06,4,2,33,1299.0,False
2024-08-07,4,2,28,1299.0,False
2024-08-08,4,2,30,1299.0,False
2024-08-09,4,2,30,1299.0,False
2024-08-10,4,2,40,1299.0,True
2024-08-11,4,2,25,1299.0,False
2024-08-12,4,2,29,1299.0,False
2024-08-13,4,2,41,1299.0,True
2024-08-14,4,2,32,1299.0,False
2024-08-15,4,2,31,1299.0,False
2024-08-16,4,2,55,1299.0,False
2024-08-17,4,2,22,1299.0,False
2024-08-18,4,2,30,1299.0,False
2024-08-19,4,2,30,1299.0,False
2024-08-20,4,2,43,1299.0,True
2024-08-21,4,2,28,1299.0,False
2024-08-22,4,2,31,1299.0,False
2024-08-23,4,2,27,1299.0,False
2024-08-24,4,2,25,1299.0,False
2024-08-25,4,2,25,1299.0,False
2024-08-26,4,2,30,1299.0,False
2024-08-27,4,2,27,1299.0,False
2024-08-28,4,2,27,1299.0,False
2024-08-29,4,2,26,1299.0,False
2024-08-30,4,2,30,1299.0,False
2024-08-31,4,2,30,1299.0,False
2024-09-01,4,2,23,1299.0,False
2024-09-02,4,2,27,1299.0,False
2024-09-03,4,2,28,1299.0,False
2024-09-04,4,2,26,1299.0,False
2024-09-05,4,2,26,1299.0,False
2024-09-06,4,2,34,1299.0,False
2024-09-07,4,2,21,1299.0,False
2024-09-08,4,2,22,1299.0,False
2024-09-09,4,2,34,1299.0,False
2024-09-10,4,2,30,1299.0,False
2024-09-11,4,2,30,1299.0,False
2024-09-12,4,2,32,1299.0,False
2024-09-13,4,2,24,1299.0,False
2024-09-14,4,2,23,1299.0,False
2024-09-15,4,2,20,1299.0,False
2024-09-16,4,2,31,1299.0,False
2024-09-17,4,2,25,1299.0,False
2024-09-18,4,2,30,1299.0,False
2024-09-19,4,2,31,1299.0,False
2024-09-20,4,2,36,1299.0,False
2024-09-21,4,2,21,1299.0,False
2024-09-22,4,2,45,1299.0,True
2024-09-23,4,2,36,1299.0,False
2024-09-24,4,2,34,1299.0,False
2024-09-25,4,2,29,1299.0,False
2024-09-26,4,2,38,1299.0,False
2024-09-27,4,2,31,1299.0,False
2024-09-28,4,2,28,1299.0,True
2024-09-29,4,2,23,1299.0,False
2024-09-30,4,2,32,1299.0,False
2024-10-01,4,2,27,1299.0,False
2024-10-02,4,2,31,1299.0,False
2024-10-03,4,2,32,1299.0,False
2024-10-04,4,2,32,1299.0,False
2024-10-05,4,2,24,1299.0,False
2024-10-06,4,2,25,1299.0,False
2024-10-07,4,2,30,1299.0,False
2024-10-08,4,2,47,1299.0,False
2024-10-09,4,2,32,1299.0,False
2024-10-10,4,2,45,1299.0,True
2024-10-11,4,2,32,1299.0,False
2024-10-12,4,2,34,1299.0,False
2024-10-13,4,2,43,1299.0,False
2024-10-14,4,2,27,1299.0,False
2024-10-15,4,2,46,1299.0,True
2024-10-16,4,2,32,1299.0,False
2024-10-17,4,2,27,1299.0,False
2024-10-18,4,2,26,1299.0,False
2024-10-19,4,2,22,1299.0,False
2024-10-20,4,2,25,1299.0,False
2024-10-21,4,2,29,1299.0,False
2024-10-22,4,2,29,1299.0,False
2024-10-23,4,2,25,1299.0,False
2024-10-24,4,2,33,1299.0,False
2024-10-25,4,2,30,1299.0,False
2024-10-26,4,2,30,1299.0,True
2024-10-27,4,2,27,1299.0,False
2024-10-28,4,2,26,1299.0,False
2024-10-29,4,2,30,1299.0,False
2024-10-30,4,2,32,1299.0,False
2024-10-31,4,2,30,1299.0,False
2024-11-01,4,2,30,1299.0,False
2024-11-02,4,2,24,1299.0,False
2024-11-03,4,2,39,1299.0,False
2024-11-04,4,2,27,1299.0,False
2024-11-05,4,2,24,1299.0,False
2024-11-06,4,2,35,1299.0,False
2024-11-07,4,2,31,1299.0,False
2024-11-08,4,2,28,1299.0,False
2024-11-09,4,2,26,1299.0,False
2024-11-10,4,2,25,1299.0,False
2024-11-11,4,2,33,1299.0,False
2024-11-12,4,2,47,1299.0,True
2024-11-13,4,2,30,1299.0,False
2024-11-14,4,2,25,1299.0,False
2024-11-15,4,2,23,1299.0,False
2024-11-16,4,2,21,1299.0,False
2024-11-17,4,2,27,1299.0,False
2024-11-18,4,2,31,1299.0,False
2024-11-19,4,2,30,1299.0,False
2024-11-20,4,2,35,1299.0,False
2024-11-21,4,2,28,1299.0,False
2024-11-22,4,2,31,1299.0,False
2024-11-23,4,2,22,1299.0,False
2024-11-24,4,2,22,1299.0,False
2024-11-25,4,2,32,1299.0,False
2024-11-26,4,2,31,1299.0,False
2024-11-27,4,2,31,1299.0,False
2024-11-28,4,2,29,1299.0,False
2024-11-29,4,2,28,1299.0,False
2024-11-30,4,2,24,1299.0,False
2024-12-01,4,2,22,1299.0,False
2024-12-02,4,2,35,1299.0,False
2024-12-03,4,2,32,1299.0,False
2024-12-04,4,2,29,1299.0,False
2024-12-05,4,2,34,1299.0,False
2024-12-06,4,2,32,1299.0,False
2024-12-07,4,2,19,1299.0,False
2024-12-08,4,2,23,1299.0,False
2024-12-09,4,2,33,1299.0,False
2024-12-10,4,2,37,1299.0,False
2024-12-11,4,2,30,1299.0,False
2024-12-12,4,2,28,1299.0,False
2024-12-13,4,2,37,1299.0,True
2024-12-14,4,2,25,1299.0,False
2024-12-15,4,2,26,1299.0,False
2024-12-16,4,2,35,1299.0,False
2024-12-17,4,2,30,1299.0,False
2024-12-18,4,2,44,1299.0,True
2024-12-19,4,2,31,1299.0,False
2024-12-20,4,2,34,1299.0,False
2024-12-21,4,2,35,1299.0,True
2024-12-22,4,2,23,1299.0,False
2024-12-23,4,2,33,1299.0,False
2024-12-24,4,2,26,1299.0,False
2024-12-25,4,2,32,1299.0,False
2024-12-26,4,2,29,1299.0,False
2024-12-27,4,2,32,1299.0,False
2024-12-28,4,2,41,1299.0,True
2024-12-29,4,2,25,1299.0,False
2024-12-30,4,2,36,1299.0,False
2024-12-31,4,2,45,1299.0,True
2025-01-01,4,2,27,1299.0,False
2025-01-02,4,2,53,1299.0,False
2025-01-03,4,2,33,1299.0,False
2025-01-04,4,2,26,1299.0,False
2025-01-05,4,2,43,1299.0,False
2025-01-06,4,2,46,1299.0,False
2025-01-07,4,2,38,1299.0,False
2025-01-08,4,2,33,1299.0,False
2025-01-09,4,2,32,1299.0,False
2025-01-10,4,2,29,1299.0,False
2025-01-11,4,2,27,1299.0,False
2025-01-12,4,2,31,1299.0,False
2025-01-13,4,2,34,1299.0,False
2025-01-14,4,2,38,1299.0,False
2025-01-15,4,2,26,1299.0,False
2025-01-16,4,2,36,1299.0,False
2025-01-17,4,2,36,1299.0,False
2025-01-18,4,2,25,1299.0,False
2025-01-19,4,2,26,1299.0,False
2025-01-20,4,2,34,1299.0,False
2025-01-21,4,2,29,1299.0,False
2025-01-22,4,2,27,1299.0,False
2025-01-23,4,2,28,1299.0,False
2025-01-24,4,2,32,1299.0,False
2025-01-25,4,2,28,1299.0,False
2025-01-26,4,2,22,1299.0,False
2025-01-27,4,2,28,1299.0,False
2025-01-28,4,2,36,1299.0,False
2025-01-29,4,2,34,1299.0,False
2025-01-30,4,2,32,1299.0,False
2025-01-31,4,2,33,1299.0,False
2025-02-01,4,2,26,1299.0,False
2025-02-02,4,2,22,1299.0,False
2025-02-03,4,2,30,1299.0,False
2025-02-04,4,2,44,1299.0,False
2025-02-05,4,2,36,1299.0,False
2025-02-06,4,2,42,1299.0,True
2025-02-07,4,2,34,1299.0,False
2025-02-08,4,2,27,1299.0,False
2025-02-09,4,2,23,1299.0,False
2025-02-10,4,2,27,1299.0,False
2025-02-11,4,2,29,1299.0,False
2025-02-12,4,2,30,1299.0,False
2025-02-13,4,2,31,1299.0,False
2025-02-14,4,2,36,1299.0,False
2025-02-15,4,2,26,1299.0,False
2025-02-16,4,2,24,1299.0,False
2025-02-17,4,2,38,1299.0,False
2025-02-18,4,2,30,1299.0,False
2025-02-19,4,2,43,1299.0,False
2025-02-20,4,2,32,1299.0,False
2025-02-21,4,2,36,1299.0,False
2025-02-22,4,2,27,1299.0,False
2025-02-23,4,2,25,1299.0,False
2025-02-24,4,2,35,1299.0,False
2025-02-25,4,2,33,1299.0,False
2025-02-26,4,2,32,1299.0,False
2025-02-27,4,2,28,1299.0,False
2025-02-28,4,2,37,1299.0,False
2025-03-01,4,2,27,1299.0,False
2025-03-02,4,2,32,1299.0,False
2025-03-03,4,2,43,1299.0,False
2025-03-04,4,2,40,1299.0,False
2025-03-05,4,2,34,1299.0,False
2025-03-06,4,2,34,1299.0,False
2025-03-07,4,2,36,1299.0,False
2025-03-08,4,2,28,1299.0,False
2025-03-09,4,2,26,1299.0,False
2025-03-10,4,2,31,1299.0,False
2025-03-11,4,2,37,1299.0,False
2025-03-12,4,2,30,1299.0,False
2025-03-13,4,2,29,1299.0,False
2025-03-14,4,2,32,1299.0,False
2025-03-15,4,2,26,1299.0,False
2025-03-16,4,2,28,1299.0,False
2025-03-17,4,2,56,1299.0,True
2025-03-18,4,2,41,1299.0,False
2025-03-19,4,2,34,1299.0,False
2025-03-20,4,2,31,1299.0,False
2025-03-21,4,2,35,1299.0,False
2025-03-22,4,2,28,1299.0,False
2025-03-23,4,2,26,1299.0,False
2025-03-24,4,2,31,1299.0,False
2025-03-25,4,2,34,1299.0,False
2025-03-26,4,2,36,1299.0,False
2025-03-27,4,2,33,1299.0,False
2025-03-28,4,2,32,1299.0,False
2025-03-29,4,2,25,1299.0,False
2025-03-30,4,2,31,1299.0,False
2025-03-31,4,2,52,1299.0,True
2025-04-01,4,2,40,1299.0,False
2025-04-02,4,2,39,1299.0,False
2025-04-03,4,2,31,1299.0,False
2025-04-04,4,2,37,1299.0,False
2025-04-05,4,2,26,1299.0,False
2025-04-06,4,2,32,1299.0,False
2025-04-07,4,2,50,1299.0,True
2025-04-08,4,2,36,1299.0,False
2025-04-09,4,2,34,1299.0,False
2025-04-10,4,2,40,1299.0,False
2025-04-11,4,2,33,1299.0,False
2025-04-12,4,2,25,1299.0,False
2025-04-13,4,2,21,1299.0,False
2025-04-14,4,2,31,1299.0,False
2025-04-15,4,2,27,1299.0,False
2025-04-16,4,2,34,1299.0,False
2025-04-17,4,2,36,1299.0,False
2025-04-18,4,2,33,1299.0,False
2025-04-19,4,2,29,1299.0,False
2025-04-20,4,2,27,1299.0,False
2025-04-21,4,2,34,1299.0,False
2025-04-22,4,2,36,1299.0,False
2025-04-23,4,2,37,1299.0,False
2025-04-24,4,2,42,1299.0,False
2025-04-25,4,2,30,1299.0,False
2025-04-26,4,2,27,1299.0,False
2025-04-27,4,2,24,1299.0,False
2025-04-28,4,2,36,1299.0,False
2025-04-29,4,2,35,1299.0,False
2025-04-30,4,2,37,1299.0,False
2025-05-01,4,2,35,1299.0,False
2025-05-02,4,2,35,1299.0,False
2025-05-03,4,2,23,1299.0,False
2025-05-04,4,2,27,1299.0,True
2025-05-05,4,2,53,1299.0,False
2025-05-06,4,2,32,1299.0,False
2025-05-07,4,2,32,1299.0,False
2025-05-08,4,2,32,1299.0,False
2025-05-09,4,2,35,1299.0,False
2025-05-10,4,2,26,1299.0,False
2025-05-11,4,2,22,1299.0,False
2025-05-12,4,2,34,1299.0,False
2025-05-13,4,2,34,1299.0,False
2025-05-14,4,2,33,1299.0,False
2025-05-15,4,2,29,1299.0,False
2025-05-16,4,2,40,1299.0,False
2025-05-17,4,2,28,1299.0,False
2025-05-18,4,2,31,1299.0,True
2025-05-19,4,2,30,1299.0,False
2025-05-20,4,2,41,1299.0,False
2025-05-21,4,2,37,1299.0,False
2025-05-22,4,2,36,1299.0,False
2025-05-23,4,2,38,1299.0,False
2025-05-24,4,2,30,1299.0,False
2025-05-25,4,2,30,1299.0,False
2025-05-26,4,2,35,1299.0,False
2025-05-27,4,2,33,1299.0,False
2025-05-28,4,2,35,1299.0,False
2025-05-29,4,2,31,1299.0,False
2025-05-30,4,2,35,1299.0,False
2025-05-31,4,2,28,1299.0,False
2025-06-01,4,2,27,1299.0,False
2025-06-02,4,2,35,1299.0,False
2025-06-03,4,2,30,1299.0,False
2025-06-04,4,2,30,1299.0,False
2025-06-05,4,2,35,1299.0,False
2025-06-06,4,2,31,1299.0,False
2025-06-07,4,2,23,1299.0,False
2025-06-08,4,2,25,1299.0,False
2025-06-09,4,2,32,1299.0,False
2025-06-10,4,2,40,1299.0,False
2025-06-11,4,2,31,1299.0,False
2025-06-12,4,2,36,1299.0,False
2025-06-13,4,2,35,1299.0,False
2025-06-14,4,2,39,1299.0,True
2025-06-15,4,2,24,1299.0,False
2025-06-16,4,2,41,1299.0,False
2025-06-17,4,2,36,1299.0,False
2025-06-18,4,2,40,1299.0,False
2025-06-19,4,2,34,1299.0,False
2025-06-20,4,2,34,1299.0,False
2025-06-21,4,2,36,1299.0,True
2025-06-22,4,2,29,1299.0,False
2025-06-23,4,2,35,1299.0,False
2025-06-24,4,2,32,1299.0,False
2025-06-25,4,2,35,1299.0,False
2025-06-26,4,2,33,1299.0,False
2025-06-27,4,2,35,1299.0,False
2025-06-28,4,2,28,1299.0,False
2025-06-29,4,2,26,1299.0,False
2025-06-30,4,2,52,1299.0,True
2025-07-01,4,2,37,1299.0,False
2025-07-02,4,2,32,1299.0,False
2025-07-03,4,2,41,1299.0,False
2025-07-04,4,2,35,1299.0,False
2025-07-05,4,2,27,1299.0,False
2025-07-06,4,2,24,1299.0,False
2025-07-07,4,2,32,1299.0,False
2025-07-08,4,2,36,1299.0,False
2025-07-09,4,2,30,1299.0,False
2025-07-10,4,2,31,1299.0,False
2025-07-11,4,2,31,1299.0,False
2025-07-12,4,2,23,1299.0,False
2025-07-13,4,2,26,1299.0,False
2025-07-14,4,2,35,1299.0,False
2025-07-15,4,2,29,1299.0,False
2025-07-16,4,2,33,1299.0,False
2025-07-17,4,2,29,1299.0,False
2025-07-18,4,2,28,1299.0,False
2025-07-19,4,2,24,1299.0,False
2025-07-20,4,2,24,1299.0,False
2025-07-21,4,2,30,1299.0,False
2025-07-22,4,2,28,1299.0,False
2025-07-23,4,2,36,1299.0,True
2025-07-24,4,2,33,1299.0,False
2025-07-25,4,2,33,1299.0,False
2025-07-26,4,2,28,1299.0,False
2025-07-27,4,2,26,1299.0,False
2025-07-28,4,2,36,1299.0,False
2025-07-29,4,2,30,1299.0,False
2025-07-30,4,2,29,1299.0,False
2025-07-31,4,2,28,1299.0,False
2025-08-01,4,2,33,1299.0,False
2025-08-02,4,2,20,1299.0,False
2025-08-03,4,2,27,1299.0,False
2025-08-04,4,2,30,1299.0,False
2025-08-05,4,2,32,1299.0,False
2025-08-06,4,2,31,1299.0,False
2025-08-07,4,2,29,1299.0,False
2025-08-08,4,2,35,1299.0,False
2025-08-09,4,2,24,1299.0,False
2025-08-10,4,2,26,1299.0,False
2025-08-11,4,2,35,1299.0,False
2025-08-12,4,2,34,1299.0,False
2025-08-13,4,2,37,1299.0,False
2025-08-14,4,2,29,1299.0,False
2025-08-15,4,2,30,1299.0,False
2025-08-16,4,2,21,1299.0,False
2025-08-17,4,2,26,1299.0,False
2025-08-18,4,2,29,1299.0,False
2025-08-19,4,2,25,1299.0,False
2025-08-20,4,2,30,1299.0,False
2025-08-21,4,2,29,1299.0,False
2025-08-22,4,2,28,1299.0,False
2025-08-23,4,2,19,1299.0,False
2025-08-24,4,2,22,1299.0,False
2025-08-25,4,2,27,1299.0,False
2025-08-26,4,2,33,1299.0,False
2025-08-27,4,2,29,1299.0,False
2025-08-28,4,2,57,1299.0,False
2025-08-29,4,2,33,1299.0,False
2025-08-30,4,2,22,1299.0,False
2025-08-31,4,2,23,1299.0,False
2025-09-01,4,2,25,1299.0,False
2025-09-02,4,2,37,1299.0,True
2025-09-03,4,2,32,1299.0,False
2025-09-04,4,2,28,1299.0,False
2025-09-05,4,2,30,1299.0,False
2025-09-06,4,2,22,1299.0,False
2025-09-07,4,2,21,1299.0,False
2025-09-08,4,2,29,1299.0,False
2025-09-09,4,2,31,1299.0,False
2025-09-10,4,2,29,1299.0,False
2025-09-11,4,2,38,1299.0,False
2025-09-12,4,2,29,1299.0,False
2025-09-13,4,2,22,1299.0,False
2025-09-14,4,2,20,1299.0,False
2025-09-15,4,2,27,1299.0,False
2025-09-16,4,2,29,1299.0,False
2025-09-17,4,2,28,1299.0,False
2025-09-18,4,2,31,1299.0,False
2025-09-19,4,2,27,1299.0,False
2025-09-20,4,2,22,1299.0,False
2025-09-21,4,2,26,1299.0,False
2025-09-22,4,2,24,1299.0,False
2025-09-23,4,2,32,1299.0,False
2025-09-24,4,2,27,1299.0,False
2025-09-25,4,2,29,1299.0,False
2025-09-26,4,2,31,1299.0,False
2025-09-27,4,2,25,1299.0,False
2025-09-28,4,2,25,1299.0,False
2025-09-29,4,2,29,1299.0,False
2025-09-30,4,2,26,1299.0,False
2025-10-01,4,2,30,1299.0,False
2025-10-02,4,2,27,1299.0,False
2025-10-03,4,2,35,1299.0,False
2025-10-04,4,2,25,1299.0,False
2025-10-05,4,2,23,1299.0,False
2025-10-06,4,2,25,1299.0,False
2025-10-07,4,2,21,1299.0,False
2025-10-08,4,2,30,1299.0,False
2025-10-09,4,2,30,1299.0,False
2025-10-10,4,2,33,1299.0,False
2025-10-11,4,2,23,1299.0,False
2025-10-12,4,2,27,1299.0,False
2025-10-13,4,2,27,1299.0,False
2025-10-14,4,2,25,1299.0,False
2025-10-15,4,2,30,1299.0,False
2025-10-16,4,2,28,1299.0,False
2025-10-17,4,2,33,1299.0,False
2025-10-18,4,2,26,1299.0,False
2025-10-19,4,2,21,1299.0,False
2025-10-20,4,2,31,1299.0,False
2025-10-21,4,2,31,1299.0,False
2025-10-22,4,2,29,1299.0,False
2025-10-23,4,2,31,1299.0,False
2025-10-24,4,2,28,1299.0,False
2025-10-25,4,2,22,1299.0,False
2025-10-26,4,2,24,1299.0,False
2025-10-27,4,2,26,1299.0,False
2025-10-28,4,2,24,1299.0,False
2025-10-29,4,2,30,1299.0,False
2025-10-30,4,2,58,1299.0,False
2025-10-31,4,2,30,1299.0,False
2025-11-01,4,2,22,1299.0,False
2025-11-02,4,2,34,1299.0,True
2025-11-03,4,2,30,1299.0,False
2025-11-04,4,2,28,1299.0,False
2025-11-05,4,2,26,1299.0,False
2025-11-06,4,2,21,1299.0,False
2025-11-07,4,2,31,1299.0,False
2025-11-08,4,2,23,1299.0,False
2025-11-09,4,2,22,1299.0,False
2025-11-10,4,2,34,1299.0,False
2025-11-11,4,2,26,1299.0,False
2025-11-12,4,2,50,1299.0,True
2025-11-13,4,2,27,1299.0,False
2025-11-14,4,2,26,1299.0,False
2025-11-15,4,2,21,1299.0,False
2025-11-16,4,2,23,1299.0,False
2025-11-17,4,2,27,1299.0,False
2025-11-18,4,2,29,1299.0,False
2025-11-19,4,2,28,1299.0,False
2025-11-20,4,2,31,1299.0,False
2025-11-21,4,2,27,1299.0,False
2025-11-22,4,2,21,1299.0,False
2025-11-23,4,2,23,1299.0,False
2025-11-24,4,2,25,1299.0,False
2025-11-25,4,2,30,1299.0,False
2025-11-26,4,2,34,1299.0,False
2025-11-27,4,2,28,1299.0,False
2025-11-28,4,2,21,1299.0,False
2025-11-29,4,2,22,1299.0,False
2025-11-30,4,2,23,1299.0,False
2025-12-01,4,2,32,1299.0,False
2025-12-02,4,2,34,1299.0,False
2025-12-03,4,2,36,1299.0,False
2025-12-04,4,2,31,1299.0,False
2025-12-05,4,2,28,1299.0,False
2025-12-06,4,2,24,1299.0,False
2025-12-07,4,2,25,1299.0,False
2025-12-08,4,2,27,1299.0,False
2025-12-09,4,2,31,1299.0,False
2025-12-10,4,2,40,1299.0,True
2025-12-11,4,2,35,1299.0,False
2025-12-12,4,2,44,1299.0,True
2025-12-13,4,2,25,1299.0,False
2025-12-14,4,2,20,1299.0,False
2025-12-15,4,2,29,1299.0,False
2025-12-16,4,2,31,1299.0,False
2025-12-17,4,2,33,1299.0,False
2025-12-18,4,2,34,1299.0,False
2025-12-19,4,2,30,1299.0,False
2025-12-20,4,2,36,1299.0,False
2025-12-21,4,2,22,1299.0,False
2025-12-22,4,2,38,1299.0,True
2025-12-23,4,2,36,1299.0,True
2025-12-24,4,2,33,1299.0,False
2025-12-25,4,2,32,1299.0,False
2025-12-26,4,2,28,1299.0,False
2025-12-27,4,2,24,1299.0,False
2025-12-28,4,2,21,1299.0,False
2025-12-29,4,2,28,1299.0,False
2025-12-30,4,2,29,1299.0,False
2025-12-31,4,2,27,1299.0,False
2024-01-01,4,3,40,1299.0,False
2024-01-02,4,3,42,1299.0,False
2024-01-03,4,3,43,1299.0,False
2024-01-04,4,3,44,1299.0,False
2024-01-05,4,3,36,1299.0,False
2024-01-06,4,3,32,1299.0,False
2024-01-07,4,3,31,1299.0,False
2024-01-08,4,3,36,1299.0,False
2024-01-09,4,3,39,1299.0,False
2024-01-10,4,3,39,1299.0,False
2024-01-11,4,3,42,1299.0,False
2024-01-12,4,3,77,1299.0,True
2024-01-13,4,3,29,1299.0,False
2024-01-14,4,3,28,1299.0,False
2024-01-15,4,3,37,1299.0,False
2024-01-16,4,3,38,1299.0,False
2024-01-17,4,3,39,1299.0,False
2024-01-18,4,3,34,1299.0,False
2024-01-19,4,3,39,1299.0,False
2024-01-20,4,3,27,1299.0,False
2024-01-21,4,3,33,1299.0,False
2024-01-22,4,3,42,1299.0,False
2024-01-23,4,3,42,1299.0,False
2024-01-24,4,3,42,1299.0,False
2024-01-25,4,3,43,1299.0,False
2024-01-26,4,3,48,1299.0,False
2024-01-27,4,3,31,1299.0,False
2024-01-28,4,3,30,1299.0,False
2024-01-29,4,3,44,1299.0,False
2024-01-30,4,3,39,1299.0,False
2024-01-31,4,3,39,1299.0,True
2024-02-01,4,3,35,1299.0,False
2024-02-02,4,3,43,1299.0,False
2024-02-03,4,3,29,1299.0,False
2024-02-04,4,3,39,1299.0,False
2024-02-05,4,3,43,1299.0,False
2024-02-06,4,3,40,1299.0,False
2024-02-07,4,3,40,1299.0,False
2024-02-08,4,3,36,1299.0,False
2024-02-09,4,3,57,1299.0,True
2024-02-10,4,3,32,1299.0,False
2024-02-11,4,3,33,1299.0,False
2024-02-12,4,3,55,1299.0,True
2024-02-13,4,3,39,1299.0,False
2024-02-14,4,3,51,1299.0,False
2024-02-15,4,3,43,1299.0,False
2024-02-16,4,3,36,1299.0,False
2024-02-17,4,3,35,1299.0,False
2024-02-18,4,3,34,1299.0,False
2024-02-19,4,3,46,1299.0,False
2024-02-20,4,3,40,1299.0,False
2024-02-21,4,3,33,1299.0,False
2024-02-22,4,3,43,1299.0,False
2024-02-23,4,3,44,1299.0,False
2024-02-24,4,3,28,1299.0,False
2024-02-25,4,3,37,1299.0,False
2024-02-26,4,3,38,1299.0,False
2024-02-27,4,3,41,1299.0,False
2024-02-28,4,3,38,1299.0,False
2024-02-29,4,3,40,1299.0,False
2024-03-01,4,3,41,1299.0,False
2024-03-02,4,3,28,1299.0,False
2024-03-03,4,3,34,1299.0,False
2024-03-04,4,3,41,1299.0,False
2024-03-05,4,3,37,1299.0,False
2024-03-06,4,3,44,1299.0,False
2024-03-07,4,3,37,1299.0,False
2024-03-08,4,3,43,1299.0,False
2024-03-09,4,3,34,1299.0,False
2024-03-10,4,3,53,1299.0,True
2024-03-11,4,3,60,1299.0,False
2024-03-12,4,3,59,1299.0,True
2024-03-13,4,3,37,1299.0,False
2024-03-14,4,3,41,1299.0,False
2024-03-15,4,3,61,1299.0,False
2024-03-16,4,3,35,1299.0,False
2024-03-17,4,3,35,1299.0,False
2024-03-18,4,3,44,1299.0,False
2024-03-19,4,3,49,1299.0,False
2024-03-20,4,3,40,1299.0,False
2024-03-21,4,3,48,1299.0,False
2024-03-22,4,3,56,1299.0,True
2024-03-23,4,3,26,1299.0,False
2024-03-24,4,3,35,1299.0,False
2024-03-25,4,3,50,1299.0,False
2024-03-26,4,3,49,1299.0,False
2024-03-27,4,3,41,1299.0,False
2024-03-28,4,3,38,1299.0,False
2024-03-29,4,3,42,1299.0,False
2024-03-30,4,3,31,1299.0,False
2024-03-31,4,3,33,1299.0,False
2024-04-01,4,3,42,1299.0,False
2024-04-02,4,3,41,1299.0,False
2024-04-03,4,3,37,1299.0,False
2024-04-04,4,3,37,1299.0,False
2024-04-05,4,3,43,1299.0,False
2024-04-06,4,3,35,1299.0,False
2024-04-07,4,3,35,1299.0,False
2024-04-08,4,3,42,1299.0,False
2024-04-09,4,3,34,1299.0,False
2024-04-10,4,3,43,1299.0,False
2024-04-11,4,3,43,1299.0,False
2024-04-12,4,3,38,1299.0,False
2024-04-13,4,3,31,1299.0,False
2024-04-14,4,3,36,1299.0,False
2024-04-15,4,3,65,1299.0,True
2024-04-16,4,3,53,1299.0,False
2024-04-17,4,3,36,1299.0,False
2024-04-18,4,3,45,1299.0,False
2024-04-19,4,3,48,1299.0,False
2024-04-20,4,3,30,1299.0,False
2024-04-21,4,3,34,1299.0,False
2024-04-22,4,3,36,1299.0,False
2024-04-23,4,3,59,1299.0,True
2024-04-24,4,3,45,1299.0,False
2024-04-25,4,3,44,1299.0,False
2024-04-26,4,3,44,1299.0,False
2024-04-27,4,3,40,1299.0,False
2024-04-28,4,3,33,1299.0,False
2024-04-29,4,3,44,1299.0,False
2024-04-30,4,3,47,1299.0,False
2024-05-01,4,3,47,1299.0,False
2024-05-02,4,3,50,1299.0,False
2024-05-03,4,3,44,1299.0,False
2024-05-04,4,3,35,1299.0,False
2024-05-05,4,3,29,1299.0,False
2024-05-06,4,3,48,1299.0,False
2024-05-07,4,3,39,1299.0,False
2024-05-08,4,3,35,1299.0,False
2024-05-09,4,3,45,1299.0,False
2024-05-10,4,3,39,1299.0,False
2024-05-11,4,3,30,1299.0,False
2024-05-12,4,3,47,1299.0,True
2024-05-13,4,3,50,1299.0,False
2024-05-14,4,3,38,1299.0,False
2024-05-15,4,3,47,1299.0,False
2024-05-16,4,3,40,1299.0,False
2024-05-17,4,3,32,1299.0,False
2024-05-18,4,3,35,1299.0,False
2024-05-19,4,3,30,1299.0,False
2024-05-20,4,3,39,1299.0,False
2024-05-21,4,3,53,1299.0,False
2024-05-22,4,3,42,1299.0,False
2024-05-23,4,3,37,1299.0,False
2024-05-24,4,3,45,1299.0,False
2024-05-25,4,3,29,1299.0,False
2024-05-26,4,3,33,1299.0,False
2024-05-27,4,3,36,1299.0,False
2024-05-28,4,3,44,1299.0,False
2024-05-29,4,3,48,1299.0,False
2024-05-30,4,3,41,1299.0,False
2024-05-31,4,3,49,1299.0,False
2024-06-01,4,3,30,1299.0,False
2024-06-02,4,3,36,1299.0,False
2024-06-03,4,3,51,1299.0,False
2024-06-04,4,3,49,1299.0,False
2024-06-05,4,3,29,1299.0,False
2024-06-06,4,3,47,1299.0,False
2024-06-07,4,3,59,1299.0,True
2024-06-08,4,3,52,1299.0,False
2024-06-09,4,3,33,1299.0,False
2024-06-10,4,3,40,1299.0,False
2024-06-11,4,3,63,1299.0,False
2024-06-12,4,3,44,1299.0,False
2024-06-13,4,3,43,1299.0,False
2024-06-14,4,3,40,1299.0,False
2024-06-15,4,3,35,1299.0,False
2024-06-16,4,3,39,1299.0,True
2024-06-17,4,3,56,1299.0,False
2024-06-18,4,3,40,1299.0,False
2024-06-19,4,3,32,1299.0,False
2024-06-20,4,3,55,1299.0,False
2024-06-21,4,3,39,1299.0,False
2024-06-22,4,3,26,1299.0,False
2024-06-23,4,3,32,1299.0,False
2024-06-24,4,3,42,1299.0,False
2024-06-25,4,3,40,1299.0,False
2024-06-26,4,3,45,1299.0,False
2024-06-27,4,3,43,1299.0,False
2024-06-28,4,3,42,1299.0,False
2024-06-29,4,3,32,1299.0,False
2024-06-30,4,3,33,1299.0,False
2024-07-01,4,3,35,1299.0,False
2024-07-02,4,3,50,1299.0,True
2024-07-03,4,3,40,1299.0,False
2024-07-04,4,3,41,1299.0,False
2024-07-05,4,3,35,1299.0,False
2024-07-06,4,3,34,1299.0,False
2024-07-07,4,3,30,1299.0,False
2024-07-08,4,3,61,1299.0,False
2024-07-09,4,3,35,1299.0,False
2024-07-10,4,3,42,1299.0,False
2024-07-11,4,3,33,1299.0,False
2024-07-12,4,3,41,1299.0,False
2024-07-13,4,3,48,1299.0,False
2024-07-14,4,3,34,1299.0,False
2024-07-15,4,3,37,1299.0,False
2024-07-16,4,3,36,1299.0,False
2024-07-17,4,3,45,1299.0,False
2024-07-18,4,3,41,1299.0,False
2024-07-19,4,3,53,1299.0,True
2024-07-20,4,3,32,1299.0,False
2024-07-21,4,3,34,1299.0,False
2024-07-22,4,3,39,1299.0,False
2024-07-23,4,3,40,1299.0,False
2024-07-24,4,3,34,1299.0,False
2024-07-25,4,3,40,1299.0,False
2024-07-26,4,3,36,1299.0,False
2024-07-27,4,3,24,1299.0,False
2024-07-28,4,3,28,1299.0,False
2024-07-29,4,3,47,1299.0,False
2024-07-30,4,3,53,1299.0,True
2024-07-31,4,3,32,1299.0,False
2024-08-01,4,3,39,1299.0,False
2024-08-02,4,3,38,1299.0,False
2024-08-03,4,3,26,1299.0,False
2024-08-04,4,3,31,1299.0,False
2024-08-05,4,3,44,1299.0,False
2024-08-06,4,3,35,1299.0,False
2024-08-07,4,3,39,1299.0,False
2024-08-08,4,3,36,1299.0,False
2024-08-09,4,3,38,1299.0,False
2024-08-10,4,3,28,1299.0,False
2024-08-11,4,3,48,1299.0,False
2024-08-12,4,3,37,1299.0,False
2024-08-13,4,3,35,1299.0,False
2024-08-14,4,3,35,1299.0,False
2024-08-15,4,3,32,1299.0,False
2024-08-16,4,3,43,1299.0,False
2024-08-17,4,3,30,1299.0,False
2024-08-18,4,3,28,1299.0,False
2024-08-19,4,3,40,1299.0,False
2024-08-20,4,3,36,1299.0,False
2024-08-21,4,3,41,1299.0,False
2024-08-22,4,3,33,1299.0,False
2024-08-23,4,3,38,1299.0,False
2024-08-24,4,3,32,1299.0,False
2024-08-25,4,3,30,1299.0,False
2024-08-26,4,3,36,1299.0,False
2024-08-27,4,3,45,1299.0,True
2024-08-28,4,3,34,1299.0,False
2024-08-29,4,3,30,1299.0,False
2024-08-30,4,3,38,1299.0,False
2024-08-31,4,3,33,1299.0,False
2024-09-01,4,3,30,1299.0,False
2024-09-02,4,3,35,1299.0,False
2024-09-03,4,3,36,1299.0,False
2024-09-04,4,3,43,1299.0,False
2024-09-05,4,3,43,1299.0,False
2024-09-06,4,3,35,1299.0,False
2024-09-07,4,3,44,1299.0,False
2024-09-08,4,3,27,1299.0,False
2024-09-09,4,3,38,1299.0,False
2024-09-10,4,3,35,1299.0,False
2024-09-11,4,3,34,1299.0,False
2024-09-12,4,3,50,1299.0,True
2024-09-13,4,3,37,1299.0,False
2024-09-14,4,3,28,1299.0,False
2024-09-15,4,3,26,1299.0,False
2024-09-16,4,3,35,1299.0,False
2024-09-17,4,3,43,1299.0,False
2024-09-18,4,3,38,1299.0,False
2024-09-19,4,3,42,1299.0,False
2024-09-20,4,3,36,1299.0,False
2024-09-21,4,3,33,1299.0,False
2024-09-22,4,3,29,1299.0,False
2024-09-23,4,3,39,1299.0,False
2024-09-24,4,3,33,1299.0,False
2024-09-25,4,3,41,1299.0,False
2024-09-26,4,3,48,1299.0,False
2024-09-27,4,3,37,1299.0,False
2024-09-28,4,3,29,1299.0,False
2024-09-29,4,3,36,1299.0,True
2024-09-30,4,3,47,1299.0,False
2024-10-01,4,3,34,1299.0,False
2024-10-02,4,3,29,1299.0,False
2024-10-03,4,3,34,1299.0,False
2024-10-04,4,3,41,1299.0,False
2024-10-05,4,3,25,1299.0,False
2024-10-06,4,3,29,1299.0,False
2024-10-07,4,3,36,1299.0,False
2024-10-08,4,3,37,1299.0,False
2024-10-09,4,3,30,1299.0,False
2024-10-10,4,3,38,1299.0,False
2024-10-11,4,3,39,1299.0,False
2024-10-12,4,3,33,1299.0,False
2024-10-13,4,3,26,1299.0,False
2024-10-14,4,3,76,1299.0,True
2024-10-15,4,3,37,1299.0,False
2024-10-16,4,3,29,1299.0,False
2024-10-17,4,3,33,1299.0,False
2024-10-18,4,3,34,1299.0,False
2024-10-19,4,3,31,1299.0,False
2024-10-20,4,3,30,1299.0,False
2024-10-21,4,3,42,1299.0,False
2024-10-22,4,3,55,1299.0,True
2024-10-23,4,3,39,1299.0,False
2024-10-24,4,3,37,1299.0,False
2024-10-25,4,3,34,1299.0,False
2024-10-26,4,3,30,1299.0,False
2024-10-27,4,3,31,1299.0,False
2024-10-28,4,3,38,1299.0,False
2024-10-29,4,3,43,1299.0,False
2024-10-30,4,3,37,1299.0,False
2024-10-31,4,3,35,1299.0,False
2024-11-01,4,3,37,1299.0,False
2024-11-02,4,3,29,1299.0,False
2024-11-03,4,3,27,1299.0,False
2024-11-04,4,3,41,1299.0,False
2024-11-05,4,3,48,1299.0,True
2024-11-06,4,3,37,1299.0,False
2024-11-07,4,3,44,1299.0,False
2024-11-08,4,3,34,1299.0,False
2024-11-09,4,3,29,1299.0,False
2024-11-10,4,3,34,1299.0,False
2024-11-11,4,3,39,1299.0,False
2024-11-12,4,3,37,1299.0,False
2024-11-13,4,3,38,1299.0,False
2024-11-14,4,3,36,1299.0,False
2024-11-15,4,3,39,1299.0,False
2024-11-16,4,3,26,1299.0,False
2024-11-17,4,3,31,1299.0,False
2024-11-18,4,3,36,1299.0,False
2024-11-19,4,3,37,1299.0,False
2024-11-20,4,3,43,1299.0,False
2024-11-21,4,3,33,1299.0,False
2024-11-22,4,3,31,1299.0,False
2024-11-23,4,3,26,1299.0,False
2024-11-24,4,3,24,1299.0,False
2024-11-25,4,3,40,1299.0,False
2024-11-26,4,3,34,1299.0,False
2024-11-27,4,3,37,1299.0,False
2024-11-28,4,3,53,1299.0,True
2024-11-29,4,3,40,1299.0,False
2024-11-30,4,3,27,1299.0,False
2024-12-01,4,3,29,1299.0,False
2024-12-02,4,3,40,1299.0,False
2024-12-03,4,3,40,1299.0,False
2024-12-04,4,3,30,1299.0,False
2024-12-05,4,3,36,1299.0,False
2024-12-06,4,3,43,1299.0,False
2024-12-07,4,3,45,1299.0,False
2024-12-08,4,3,32,1299.0,False
2024-12-09,4,3,46,1299.0,False
2024-12-10,4,3,41,1299.0,False
2024-12-11,4,3,38,1299.0,False
2024-12-12,4,3,41,1299.0,False
2024-12-13,4,3,38,1299.0,False
2024-12-14,4,3,25,1299.0,False
2024-12-15,4,3,27,1299.0,False
2024-12-16,4,3,34,1299.0,False
2024-12-17,4,3,60,1299.0,True
2024-12-18,4,3,40,1299.0,False
2024-12-19,4,3,33,1299.0,False
2024-12-20,4,3,41,1299.0,False
2024-12-21,4,3,31,1299.0,False
2024-12-22,4,3,33,1299.0,False
2024-12-23,4,3,39,1299.0,False
2024-12-24,4,3,34,1299.0,False
2024-12-25,4,3,36,1299.0,False
2024-12-26,4,3,38,1299.0,False
2024-12-27,4,3,43,1299.0,False
2024-12-28,4,3,33,1299.0,False
2024-12-29,4,3,34,1299.0,False
2024-12-30,4,3,40,1299.0,False
2024-12-31,4,3,43,1299.0,False
2025-01-01,4,3,65,1299.0,False
2025-01-02,4,3,46,1299.0,False
2025-01-03,4,3,39,1299.0,False
2025-01-04,4,3,36,1299.0,False
2025-01-05,4,3,32,1299.0,False
2025-01-06,4,3,43,1299.0,False
2025-01-07,4,3,35,1299.0,False
2025-01-08,4,3,34,1299.0,False
2025-01-09,4,3,42,1299.0,False
2025-01-10,4,3,66,1299.0,False
2025-01-11,4,3,33,1299.0,False
2025-01-12,4,3,26,1299.0,False
2025-01-13,4,3,43,1299.0,False
2025-01-14,4,3,51,1299.0,False
2025-01-15,4,3,37,1299.0,False
2025-01-16,4,3,45,1299.0,False
2025-01-17,4,3,35,1299.0,False
2025-01-18,4,3,29,1299.0,False
2025-01-19,4,3,39,1299.0,True
2025-01-20,4,3,39,1299.0,False
2025-01-21,4,3,39,1299.0,False
2025-01-22,4,3,37,1299.0,False
2025-01-23,4,3,47,1299.0,False
2025-01-24,4,3,43,1299.0,False
2025-01-25,4,3,35,1299.0,False
2025-01-26,4,3,36,1299.0,False
2025-01-27,4,3,37,1299.0,False
2025-01-28,4,3,40,1299.0,False
2025-01-29,4,3,44,1299.0,False
2025-01-30,4,3,43,1299.0,False
2025-01-31,4,3,41,1299.0,False
2025-02-01,4,3,28,1299.0,False
2025-02-02,4,3,29,1299.0,False
2025-02-03,4,3,41,1299.0,False
2025-02-04,4,3,32,1299.0,False
2025-02-05,4,3,42,1299.0,False
2025-02-06,4,3,40,1299.0,False
2025-02-07,4,3,37,1299.0,False
2025-02-08,4,3,35,1299.0,False
2025-02-09,4,3,29,1299.0,False
2025-02-10,4,3,37,1299.0,False
2025-02-11,4,3,45,1299.0,False
2025-02-12,4,3,48,1299.0,True
2025-02-13,4,3,46,1299.0,False
2025-02-14,4,3,45,1299.0,False
2025-02-15,4,3,28,1299.0,False
2025-02-16,4,3,34,1299.0,False
2025-02-17,4,3,42,1299.0,False
2025-02-18,4,3,46,1299.0,False
2025-02-19,4,3,40,1299.0,False
2025-02-20,4,3,41,1299.0,False
2025-02-21,4,3,39,1299.0,False
2025-02-22,4,3,31,1299.0,False
2025-02-23,4,3,34,1299.0,False
2025-02-24,4,3,48,1299.0,False
2025-02-25,4,3,42,1299.0,False
2025-02-26,4,3,44,1299.0,False
2025-02-27,4,3,38,1299.0,False
2025-02-28,4,3,40,1299.0,False
2025-03-01,4,3,32,1299.0,False
2025-03-02,4,3,31,1299.0,False
2025-03-03,4,3,47,1299.0,False
2025-03-04,4,3,44,1299.0,False
2025-03-05,4,3,42,1299.0,False
2025-03-06,4,3,45,1299.0,False
2025-03-07,4,3,48,1299.0,True
2025-03-08,4,3,37,1299.0,False
2025-03-09,4,3,28,1299.0,False
2025-03-10,4,3,40,1299.0,False
2025-03-11,4,3,60,1299.0,False
2025-03-12,4,3,45,1299.0,False
2025-03-13,4,3,39,1299.0,False
2025-03-14,4,3,44,1299.0,False
2025-03-15,4,3,34,1299.0,False
2025-03-16,4,3,29,1299.0,False
2025-03-17,4,3,47,1299.0,False
2025-03-18,4,3,38,1299.0,False
2025-03-19,4,3,41,1299.0,False
2025-03-20,4,3,45,1299.0,False
2025-03-21,4,3,42,1299.0,False
2025-03-22,4,3,30,1299.0,False
2025-03-23,4,3,31,1299.0,False
2025-03-24,4,3,46,1299.0,False
2025-03-25,4,3,35,1299.0,False
2025-03-26,4,3,47,1299.0,False
2025-03-27,4,3,38,1299.0,False
2025-03-28,4,3,47,1299.0,False
2025-03-29,4,3,38,1299.0,False
2025-03-30,4,3,32,1299.0,False
2025-03-31,4,3,42,1299.0,False
2025-04-01,4,3,42,1299.0,False
2025-04-02,4,3,49,1299.0,False
2025-04-03,4,3,46,1299.0,False
2025-04-04,4,3,47,1299.0,False
2025-04-05,4,3,29,1299.0,False
2025-04-06,4,3,36,1299.0,False
2025-04-07,4,3,39,1299.0,False
2025-04-08,4,3,42,1299.0,False
2025-04-09,4,3,42,1299.0,False
2025-04-10,4,3,50,1299.0,False
2025-04-11,4,3,49,1299.0,False
2025-04-12,4,3,30,1299.0,False
2025-04-13,4,3,36,1299.0,False
2025-04-14,4,3,43,1299.0,False
2025-04-15,4,3,39,1299.0,False
2025-04-16,4,3,43,1299.0,False
2025-04-17,4,3,37,1299.0,False
2025-04-18,4,3,41,1299.0,False
2025-04-19,4,3,32,1299.0,False
2025-04-20,4,3,50,1299.0,True
2025-04-21,4,3,43,1299.0,False
2025-04-22,4,3,41,1299.0,False
2025-04-23,4,3,32,1299.0,False
2025-04-24,4,3,43,1299.0,False
2025-04-25,4,3,39,1299.0,False
2025-04-26,4,3,32,1299.0,False
2025-04-27,4,3,36,1299.0,False
2025-04-28,4,3,41,1299.0,False
2025-04-29,4,3,45,1299.0,False
2025-04-30,4,3,52,1299.0,False
2025-05-01,4,3,41,1299.0,False
2025-05-02,4,3,48,1299.0,False
2025-05-03,4,3,30,1299.0,False
2025-05-04,4,3,33,1299.0,False
2025-05-05,4,3,37,1299.0,False
2025-05-06,4,3,57,1299.0,True
2025-05-07,4,3,45,1299.0,False
2025-05-08,4,3,44,1299.0,False
2025-05-09,4,3,43,1299.0,False
2025-05-10,4,3,37,1299.0,False
2025-05-11,4,3,35,1299.0,False
2025-05-12,4,3,44,1299.0,False
2025-05-13,4,3,40,1299.0,False
2025-05-14,4,3,34,1299.0,False
2025-05-15,4,3,32,1299.0,False
2025-05-16,4,3,41,1299.0,False
2025-05-17,4,3,37,1299.0,False
2025-05-18,4,3,28,1299.0,False
2025-05-19,4,3,39,1299.0,False
2025-05-20,4,3,36,1299.0,False
2025-05-21,4,3,44,1299.0,False
2025-05-22,4,3,33,1299.0,False
2025-05-23,4,3,42,1299.0,False
2025-05-24,4,3,28,1299.0,False
2025-05-25,4,3,40,1299.0,False
2025-05-26,4,3,42,1299.0,False
2025-05-27,4,3,46,1299.0,False
2025-05-28,4,3,43,1299.0,False
2025-05-29,4,3,49,1299.0,False
2025-05-30,4,3,36,1299.0,False
2025-05-31,4,3,26,1299.0,False
2025-06-01,4,3,26,1299.0,False
2025-06-02,4,3,39,1299.0,False
2025-06-03,4,3,38,1299.0,False
2025-06-04,4,3,42,1299.0,False
2025-06-05,4,3,46,1299.0,False
2025-06-06,4,3,35,1299.0,False
2025-06-07,4,3,33,1299.0,False
2025-06-08,4,3,30,1299.0,False
2025-06-09,4,3,43,1299.0,False
2025-06-10,4,3,40,1299.0,False
2025-06-11,4,3,40,1299.0,False
2025-06-12,4,3,44,1299.0,False
2025-06-13,4,3,42,1299.0,False
2025-06-14,4,3,56,1299.0,False
2025-06-15,4,3,29,1299.0,False
2025-06-16,4,3,34,1299.0,False
2025-06-17,4,3,38,1299.0,False
2025-06-18,4,3,41,1299.0,False
2025-06-19,4,3,36,1299.0,False
2025-06-20,4,3,41,1299.0,False
2025-06-21,4,3,26,1299.0,False
2025-06-22,4,3,26,1299.0,False
2025-06-23,4,3,35,1299.0,False
2025-06-24,4,3,46,1299.0,False
2025-06-25,4,3,35,1299.0,False
2025-06-26,4,3,37,1299.0,False
2025-06-27,4,3,46,1299.0,False
2025-06-28,4,3,30,1299.0,False
2025-06-29,4,3,32,1299.0,False
2025-06-30,4,3,45,1299.0,False
2025-07-01,4,3,37,1299.0,False
2025-07-02,4,3,36,1299.0,False
2025-07-03,4,3,38,1299.0,False
2025-07-04,4,3,34,1299.0,False
2025-07-05,4,3,29,1299.0,False
2025-07-06,4,3,26,1299.0,False
2025-07-07,4,3,42,1299.0,False
2025-07-08,4,3,38,1299.0,False
2025-07-09,4,3,35,1299.0,False
2025-07-10,4,3,39,1299.0,False
2025-07-11,4,3,41,1299.0,False
2025-07-12,4,3,33,1299.0,False
2025-07-13,4,3,30,1299.0,False
2025-07-14,4,3,47,1299.0,False
2025-07-15,4,3,37,1299.0,False
2025-07-16,4,3,33,1299.0,False
2025-07-17,4,3,44,1299.0,False
2025-07-18,4,3,40,1299.0,False
2025-07-19,4,3,26,1299.0,False
2025-07-20,4,3,31,1299.0,False
2025-07-21,4,3,66,1299.0,True
2025-07-22,4,3,54,1299.0,True
2025-07-23,4,3,37,1299.0,False
2025-07-24,4,3,31,1299.0,False
2025-07-25,4,3,41,1299.0,False
2025-07-26,4,3,30,1299.0,False
2025-07-27,4,3,27,1299.0,False
2025-07-28,4,3,48,1299.0,False
2025-07-29,4,3,59,1299.0,False
2025-07-30,4,3,35,1299.0,False
2025-07-31,4,3,43,1299.0,False
2025-08-01,4,3,40,1299.0,False
2025-08-02,4,3,31,1299.0,False
2025-08-03,4,3,31,1299.0,False
2025-08-04,4,3,38,1299.0,False
2025-08-05,4,3,26,1299.0,False
2025-08-06,4,3,40,1299.0,False
2025-08-07,4,3,39,1299.0,False
2025-08-08,4,3,37,1299.0,False
2025-08-09,4,3,34,1299.0,False
2025-08-10,4,3,30,1299.0,False
2025-08-11,4,3,37,1299.0,False
2025-08-12,4,3,63,1299.0,True
2025-08-13,4,3,34,1299.0,False
2025-08-14,4,3,35,1299.0,False
2025-08-15,4,3,36,1299.0,False
2025-08-16,4,3,30,1299.0,False
2025-08-17,4,3,40,1299.0,True
2025-08-18,4,3,63,1299.0,False
2025-08-19,4,3,32,1299.0,False
2025-08-20,4,3,53,1299.0,False
2025-08-21,4,3,38,1299.0,False
2025-08-22,4,3,34,1299.0,False
2025-08-23,4,3,30,1299.0,False
2025-08-24,4,3,32,1299.0,False
2025-08-25,4,3,35,1299.0,False
2025-08-26,4,3,45,1299.0,True
2025-08-27,4,3,34,1299.0,False
2025-08-28,4,3,45,1299.0,False
2025-08-29,4,3,38,1299.0,False
2025-08-30,4,3,31,1299.0,False
2025-08-31,4,3,26,1299.0,False
2025-09-01,4,3,40,1299.0,False
2025-09-02,4,3,41,1299.0,False
2025-09-03,4,3,32,1299.0,False
2025-09-04,4,3,33,1299.0,False
2025-09-05,4,3,41,1299.0,False
2025-09-06,4,3,28,1299.0,False
2025-09-07,4,3,34,1299.0,False
2025-09-08,4,3,34,1299.0,False
2025-09-09,4,3,37,1299.0,False
2025-09-10,4,3,36,1299.0,False
2025-09-11,4,3,35,1299.0,False
2025-09-12,4,3,35,1299.0,False
2025-09-13,4,3,27,1299.0,False
2025-09-14,4,3,27,1299.0,False
2025-09-15,4,3,34,1299.0,False
2025-09-16,4,3,38,1299.0,False
2025-09-17,4,3,36,1299.0,False
2025-09-18,4,3,36,1299.0,False
2025-09-19,4,3,38,1299.0,False
2025-09-20,4,3,27,1299.0,False
2025-09-21,4,3,33,1299.0,False
2025-09-22,4,3,35,1299.0,False
2025-09-23,4,3,38,1299.0,False
2025-09-24,4,3,39,1299.0,False
2025-09-25,4,3,39,1299.0,False
2025-09-26,4,3,39,1299.0,False
2025-09-27,4,3,28,1299.0,False
2025-09-28,4,3,31,1299.0,False
2025-09-29,4,3,32,1299.0,False
2025-09-30,4,3,33,1299.0,False
2025-10-01,4,3,29,1299.0,False
2025-10-02,4,3,29,1299.0,False
2025-10-03,4,3,40,1299.0,False
2025-10-04,4,3,29,1299.0,False
2025-10-05,4,3,37,1299.0,True
2025-10-06,4,3,33,1299.0,False
2025-10-07,4,3,29,1299.0,False
2025-10-08,4,3,37,1299.0,False
2025-10-09,4,3,37,1299.0,False
2025-10-10,4,3,61,1299.0,False
2025-10-11,4,3,28,1299.0,False
2025-10-12,4,3,21,1299.0,False
2025-10-13,4,3,36,1299.0,False
2025-10-14,4,3,37,1299.0,False
2025-10-15,4,3,37,1299.0,False
2025-10-16,4,3,38,1299.0,False
2025-10-17,4,3,35,1299.0,False
2025-10-18,4,3,27,1299.0,False
2025-10-19,4,3,29,1299.0,False
2025-10-20,4,3,37,1299.0,False
2025-10-21,4,3,39,1299.0,False
2025-10-22,4,3,32,1299.0,False
2025-10-23,4,3,28,1299.0,False
2025-10-24,4,3,41,1299.0,False
2025-10-25,4,3,29,1299.0,False
2025-10-26,4,3,23,1299.0,False
2025-10-27,4,3,33,1299.0,False
2025-10-28,4,3,36,1299.0,False
2025-10-29,4,3,34,1299.0,False
2025-10-30,4,3,34,1299.0,False
2025-10-31,4,3,29,1299.0,False
2025-11-01,4,3,26,1299.0,False
2025-11-02,4,3,25,1299.0,False
2025-11-03,4,3,33,1299.0,False
2025-11-04,4,3,44,1299.0,False
2025-11-05,4,3,38,1299.0,False
2025-11-06,4,3,32,1299.0,False
2025-11-07,4,3,33,1299.0,False
2025-11-08,4,3,33,1299.0,False
2025-11-09,4,3,26,1299.0,False
2025-11-10,4,3,36,1299.0,False
2025-11-11,4,3,40,1299.0,False
2025-11-12,4,3,35,1299.0,False
2025-11-13,4,3,41,1299.0,False
2025-11-14,4,3,41,1299.0,False
2025-11-15,4,3,36,1299.0,False
2025-11-16,4,3,30,1299.0,False
2025-11-17,4,3,32,1299.0,False
2025-11-18,4,3,60,1299.0,False
2025-11-19,4,3,29,1299.0,False
2025-11-20,4,3,33,1299.0,False
2025-11-21,4,3,30,1299.0,False
2025-11-22,4,3,26,1299.0,False
2025-11-23,4,3,22,1299.0,False
2025-11-24,4,3,31,1299.0,False
2025-11-25,4,3,35,1299.0,False
2025-11-26,4,3,33,1299.0,False
2025-11-27,4,3,39,1299.0,False
2025-11-28,4,3,32,1299.0,False
2025-11-29,4,3,22,1299.0,False
2025-11-30,4,3,28,1299.0,False
2025-12-01,4,3,44,1299.0,False
2025-12-02,4,3,40,1299.0,False
2025-12-03,4,3,41,1299.0,False
2025-12-04,4,3,35,1299.0,False
2025-12-05,4,3,38,1299.0,False
2025-12-06,4,3,27,1299.0,False
2025-12-07,4,3,29,1299.0,False
2025-12-08,4,3,45,1299.0,False
2025-12-09,4,3,34,1299.0,False
2025-12-10,4,3,29,1299.0,False
2025-12-11,4,3,40,1299.0,False
2025-12-12,4,3,38,1299.0,False
2025-12-13,4,3,25,1299.0,False
2025-12-14,4,3,29,1299.0,False
2025-12-15,4,3,32,1299.0,False
2025-12-16,4,3,37,1299.0,False
2025-12-17,4,3,36,1299.0,False
2025-12-18,4,3,37,1299.0,False
2025-12-19,4,3,38,1299.0,False
2025-12-20,4,3,32,1299.0,False
2025-12-21,4,3,27,1299.0,False
2025-12-22,4,3,40,1299.0,False
2025-12-23,4,3,35,1299.0,False
2025-12-24,4,3,34,1299.0,False
2025-12-25,4,3,36,1299.0,False
2025-12-26,4,3,38,1299.0,False
2025-12-27,4,3,29,1299.0,False
2025-12-28,4,3,29,1299.0,False
2025-12-29,4,3,41,1299.0,False
2025-12-30,4,3,31,1299.0,False
2025-12-31,4,3,68,1299.0,False
2024-01-01,5,1,36,3499.0,False
2024-01-02,5,1,39,3499.0,False
2024-01-03,5,1,30,3499.0,False
2024-01-04,5,1,35,3499.0,False
2024-01-05,5,1,41,3499.0,False
2024-01-06,5,1,29,3499.0,False
2024-01-07,5,1,23,3499.0,False
2024-01-08,5,1,31,3499.0,False
2024-01-09,5,1,39,3499.0,False
2024-01-10,5,1,31,3499.0,False
2024-01-11,5,1,30,3499.0,False
2024-01-12,5,1,35,3499.0,False
2024-01-13,5,1,27,3499.0,False
2024-01-14,5,1,22,3499.0,False
2024-01-15,5,1,56,3499.0,False
2024-01-16,5,1,38,3499.0,False
2024-01-17,5,1,36,3499.0,False
2024-01-18,5,1,32,3499.0,False
2024-01-19,5,1,33,3499.0,False
2024-01-20,5,1,25,3499.0,False
2024-01-21,5,1,26,3499.0,False
2024-01-22,5,1,31,3499.0,False
2024-01-23,5,1,37,3499.0,False
2024-01-24,5,1,33,3499.0,False
2024-01-25,5,1,33,3499.0,False
2024-01-26,5,1,30,3499.0,False
2024-01-27,5,1,30,3499.0,False
2024-01-28,5,1,41,3499.0,False
2024-01-29,5,1,67,3499.0,False
2024-01-30,5,1,40,3499.0,False
2024-01-31,5,1,35,3499.0,False
2024-02-01,5,1,42,3499.0,False
2024-02-02,5,1,34,3499.0,False
2024-02-03,5,1,31,3499.0,False
2024-02-04,5,1,28,3499.0,False
2024-02-05,5,1,35,3499.0,False
2024-02-06,5,1,36,3499.0,False
2024-02-07,5,1,36,3499.0,False
2024-02-08,5,1,44,3499.0,False
2024-02-09,5,1,41,3499.0,False
2024-02-10,5,1,27,3499.0,False
2024-02-11,5,1,34,3499.0,False
2024-02-12,5,1,33,3499.0,False
2024-02-13,5,1,35,3499.0,False
2024-02-14,5,1,36,3499.0,False
2024-02-15,5,1,40,3499.0,False
2024-02-16,5,1,34,3499.0,False
2024-02-17,5,1,31,3499.0,False
2024-02-18,5,1,32,3499.0,False
2024-02-19,5,1,29,3499.0,False
2024-02-20,5,1,44,3499.0,False
2024-02-21,5,1,45,3499.0,False
2024-02-22,5,1,36,3499.0,False
2024-02-23,5,1,40,3499.0,False
2024-02-24,5,1,27,3499.0,False
2024-02-25,5,1,30,3499.0,False
2024-02-26,5,1,35,3499.0,False
2024-02-27,5,1,41,3499.0,False
2024-02-28,5,1,34,3499.0,False
2024-02-29,5,1,32,3499.0,False
2024-03-01,5,1,41,3499.0,False
2024-03-02,5,1,32,3499.0,False
2024-03-03,5,1,30,3499.0,False
2024-03-04,5,1,34,3499.0,False
2024-03-05,5,1,35,3499.0,False
2024-03-06,5,1,26,3499.0,False
2024-03-07,5,1,28,3499.0,False
2024-03-08,5,1,34,3499.0,False
2024-03-09,5,1,27,3499.0,False
2024-03-10,5,1,27,3499.0,False
2024-03-11,5,1,37,3499.0,False
2024-03-12,5,1,32,3499.0,False
2024-03-13,5,1,34,3499.0,False
2024-03-14,5,1,41,3499.0,False
2024-03-15,5,1,38,3499.0,False
2024-03-16,5,1,29,3499.0,False
2024-03-17,5,1,29,3499.0,False
2024-03-18,5,1,37,3499.0,False
2024-03-19,5,1,38,3499.0,False
2024-03-20,5,1,38,3499.0,False
2024-03-21,5,1,28,3499.0,False
2024-03-22,5,1,41,3499.0,False
2024-03-23,5,1,31,3499.0,False
2024-03-24,5,1,31,3499.0,False
2024-03-25,5,1,44,3499.0,True
2024-03-26,5,1,36,3499.0,False
2024-03-27,5,1,47,3499.0,False
2024-03-28,5,1,35,3499.0,False
2024-03-29,5,1,42,3499.0,False
2024-03-30,5,1,34,3499.0,False
2024-03-31,5,1,35,3499.0,False
2024-04-01,5,1,45,3499.0,False
2024-04-02,5,1,40,3499.0,False
2024-04-03,5,1,37,3499.0,False
2024-04-04,5,1,40,3499.0,False
2024-04-05,5,1,40,3499.0,False
2024-04-06,5,1,28,3499.0,False
2024-04-07,5,1,39,3499.0,True
2024-04-08,5,1,31,3499.0,False
2024-04-09,5,1,83,3499.0,False
2024-04-10,5,1,39,3499.0,False
2024-04-11,5,1,38,3499.0,False
2024-04-12,5,1,39,3499.0,False
2024-04-13,5,1,32,3499.0,False
2024-04-14,5,1,36,3499.0,False
2024-04-15,5,1,34,3499.0,False
2024-04-16,5,1,54,3499.0,False
2024-04-17,5,1,36,3499.0,False
2024-04-18,5,1,45,3499.0,False
2024-04-19,5,1,44,3499.0,False
2024-04-20,5,1,32,3499.0,False
2024-04-21,5,1,30,3499.0,False
2024-04-22,5,1,36,3499.0,False
2024-04-23,5,1,42,3499.0,False
2024-04-24,5,1,38,3499.0,False
2024-04-25,5,1,33,3499.0,False
2024-04-26,5,1,42,3499.0,False
2024-04-27,5,1,30,3499.0,False
2024-04-28,5,1,32,3499.0,False
2024-04-29,5,1,37,3499.0,False
2024-04-30,5,1,36,3499.0,False
2024-05-01,5,1,38,3499.0,False
2024-05-02,5,1,36,3499.0,False
2024-05-03,5,1,53,3499.0,True
2024-05-04,5,1,40,3499.0,True
2024-05-05,5,1,33,3499.0,False
2024-05-06,5,1,35,3499.0,False
2024-05-07,5,1,35,3499.0,False
2024-05-08,5,1,39,3499.0,False
2024-05-09,5,1,40,3499.0,False
2024-05-10,5,1,40,3499.0,False
2024-05-11,5,1,32,3499.0,False
2024-05-12,5,1,33,3499.0,False
2024-05-13,5,1,36,3499.0,False
2024-05-14,5,1,38,3499.0,False
2024-05-15,5,1,41,3499.0,False
2024-05-16,5,1,34,3499.0,False
2024-05-17,5,1,37,3499.0,False
2024-05-18,5,1,33,3499.0,False
2024-05-19,5,1,29,3499.0,False
2024-05-20,5,1,37,3499.0,False
2024-05-21,5,1,40,3499.0,False
2024-05-22,5,1,37,3499.0,False
2024-05-23,5,1,37,3499.0,False
2024-05-24,5,1,45,3499.0,False
2024-05-25,5,1,35,3499.0,False
2024-05-26,5,1,30,3499.0,False
2024-05-27,5,1,51,3499.0,True
2024-05-28,5,1,34,3499.0,False
2024-05-29,5,1,40,3499.0,False
2024-05-30,5,1,36,3499.0,False
2024-05-31,5,1,40,3499.0,False
2024-06-01,5,1,25,3499.0,False
2024-06-02,5,1,30,3499.0,False
2024-06-03,5,1,43,3499.0,False
2024-06-04,5,1,38,3499.0,False
2024-06-05,5,1,42,3499.0,False
2024-06-06,5,1,40,3499.0,False
2024-06-07,5,1,43,3499.0,False
2024-06-08,5,1,27,3499.0,False
2024-06-09,5,1,29,3499.0,False
2024-06-10,5,1,41,3499.0,False
2024-06-11,5,1,35,3499.0,False
2024-06-12,5,1,59,3499.0,True
2024-06-13,5,1,43,3499.0,False
2024-06-14,5,1,35,3499.0,False
2024-06-15,5,1,30,3499.0,False
2024-06-16,5,1,30,3499.0,False
2024-06-17,5,1,41,3499.0,False
2024-06-18,5,1,41,3499.0,False
2024-06-19,5,1,33,3499.0,False
2024-06-20,5,1,35,3499.0,False
2024-06-21,5,1,38,3499.0,False
2024-06-22,5,1,25,3499.0,False
2024-06-23,5,1,31,3499.0,False
2024-06-24,5,1,42,3499.0,False
2024-06-25,5,1,29,3499.0,False
2024-06-26,5,1,53,3499.0,False
2024-06-27,5,1,32,3499.0,False
2024-06-28,5,1,40,3499.0,False
2024-06-29,5,1,26,3499.0,False
2024-06-30,5,1,28,3499.0,False
2024-07-01,5,1,36,3499.0,False
2024-07-02,5,1,35,3499.0,False
2024-07-03,5,1,36,3499.0,False
2024-07-04,5,1,35,3499.0,False
2024-07-05,5,1,38,3499.0,False
2024-07-06,5,1,27,3499.0,False
2024-07-07,5,1,30,3499.0,False
2024-07-08,5,1,38,3499.0,False
2024-07-09,5,1,34,3499.0,False
2024-07-10,5,1,28,3499.0,False
2024-07-11,5,1,54,3499.0,False
2024-07-12,5,1,36,3499.0,False
2024-07-13,5,1,24,3499.0,False
2024-07-14,5,1,28,3499.0,False
2024-07-15,5,1,31,3499.0,False
2024-07-16,5,1,35,3499.0,False
2024-07-17,5,1,37,3499.0,False
2024-07-18,5,1,32,3499.0,False
2024-07-19,5,1,38,3499.0,False
2024-07-20,5,1,27,3499.0,False
2024-07-21,5,1,19,3499.0,False
2024-07-22,5,1,34,3499.0,False
2024-07-23,5,1,37,3499.0,False
2024-07-24,5,1,38,3499.0,False
2024-07-25,5,1,37,3499.0,False
2024-07-26,5,1,35,3499.0,False
2024-07-27,5,1,30,3499.0,False
2024-07-28,5,1,43,3499.0,True
2024-07-29,5,1,33,3499.0,False
2024-07-30,5,1,36,3499.0,False
2024-07-31,5,1,34,3499.0,False
2024-08-01,5,1,30,3499.0,False
2024-08-02,5,1,29,3499.0,False
2024-08-03,5,1,29,3499.0,False
2024-08-04,5,1,24,3499.0,False
2024-08-05,5,1,36,3499.0,False
2024-08-06,5,1,35,3499.0,False
2024-08-07,5,1,35,3499.0,False
2024-08-08,5,1,36,3499.0,False
2024-08-09,5,1,36,3499.0,False
2024-08-10,5,1,26,3499.0,False
2024-08-11,5,1,27,3499.0,False
2024-08-12,5,1,34,3499.0,False
2024-08-13,5,1,41,3499.0,True
2024-08-14,5,1,33,3499.0,False
2024-08-15,5,1,38,3499.0,False
2024-08-16,5,1,40,3499.0,False
2024-08-17,5,1,25,3499.0,False
2024-08-18,5,1,28,3499.0,False
2024-08-19,5,1,31,3499.0,False
2024-08-20,5,1,38,3499.0,False
2024-08-21,5,1,52,3499.0,True
2024-08-22,5,1,30,3499.0,False
2024-08-23,5,1,33,3499.0,False
2024-08-24,5,1,28,3499.0,False
2024-08-25,5,1,26,3499.0,False
2024-08-26,5,1,26,3499.0,False
2024-08-27,5,1,34,3499.0,False
2024-08-28,5,1,29,3499.0,False
2024-08-29,5,1,33,3499.0,False
2024-08-30,5,1,35,3499.0,False
2024-08-31,5,1,27,3499.0,False
2024-09-01,5,1,22,3499.0,False
2024-09-02,5,1,29,3499.0,False
2024-09-03,5,1,30,3499.0,False
2024-09-04,5,1,26,3499.0,False
2024-09-05,5,1,30,3499.0,False
2024-09-06,5,1,31,3499.0,False
2024-09-07,5,1,23,3499.0,False
2024-09-08,5,1,24,3499.0,False
2024-09-09,5,1,35,3499.0,False
2024-09-10,5,1,32,3499.0,False
2024-09-11,5,1,30,3499.0,False
2024-09-12,5,1,31,3499.0,False
2024-09-13,5,1,29,3499.0,False
2024-09-14,5,1,28,3499.0,False
2024-09-15,5,1,25,3499.0,False
2024-09-16,5,1,46,3499.0,False
2024-09-17,5,1,32,3499.0,False
2024-09-18,5,1,32,3499.0,False
2024-09-19,5,1,32,3499.0,False
2024-09-20,5,1,38,3499.0,False
2024-09-21,5,1,27,3499.0,False
2024-09-22,5,1,24,3499.0,False
2024-09-23,5,1,34,3499.0,False
2024-09-24,5,1,30,3499.0,False
2024-09-25,5,1,37,3499.0,True
2024-09-26,5,1,35,3499.0,False
2024-09-27,5,1,29,3499.0,False
2024-09-28,5,1,24,3499.0,False
2024-09-29,5,1,24,3499.0,False
2024-09-30,5,1,32,3499.0,False
2024-10-01,5,1,32,3499.0,False
2024-10-02,5,1,27,3499.0,False
2024-10-03,5,1,31,3499.0,False
2024-10-04,5,1,37,3499.0,False
2024-10-05,5,1,22,3499.0,False
2024-10-06,5,1,26,3499.0,False
2024-10-07,5,1,30,3499.0,False
2024-10-08,5,1,32,3499.0,False
2024-10-09,5,1,26,3499.0,False
2024-10-10,5,1,26,3499.0,False
2024-10-11,5,1,35,3499.0,False
2024-10-12,5,1,24,3499.0,False
2024-10-13,5,1,24,3499.0,False
2024-10-14,5,1,34,3499.0,False
2024-10-15,5,1,39,3499.0,True
2024-10-16,5,1,32,3499.0,False
2024-10-17,5,1,31,3499.0,False
2024-10-18,5,1,33,3499.0,False
2024-10-19,5,1,33,3499.0,False
2024-10-20,5,1,25,3499.0,False
2024-10-21,5,1,32,3499.0,False
2024-10-22,5,1,32,3499.0,False
2024-10-23,5,1,29,3499.0,False
2024-10-24,5,1,31,3499.0,False
2024-10-25,5,1,36,3499.0,True
2024-10-26,5,1,24,3499.0,False
2024-10-27,5,1,31,3499.0,False
2024-10-28,5,1,39,3499.0,True
2024-10-29,5,1,28,3499.0,False
2024-10-30,5,1,30,3499.0,False
2024-10-31,5,1,30,3499.0,False
2024-11-01,5,1,29,3499.0,False
2024-11-02,5,1,28,3499.0,False
2024-11-03,5,1,25,3499.0,False
2024-11-04,5,1,43,3499.0,False
2024-11-05,5,1,34,3499.0,False
2024-11-06,5,1,34,3499.0,False
2024-11-07,5,1,30,3499.0,False
2024-11-08,5,1,33,3499.0,False
2024-11-09,5,1,24,3499.0,False
2024-11-10,5,1,26,3499.0,False
2024-11-11,5,1,33,3499.0,False
2024-11-12,5,1,28,3499.0,False
2024-11-13,5,1,46,3499.0,True
2024-11-14,5,1,31,3499.0,False
2024-11-15,5,1,39,3499.0,False
2024-11-16,5,1,26,3499.0,False
2024-11-17,5,1,26,3499.0,False
2024-11-18,5,1,30,3499.0,False
2024-11-19,5,1,32,3499.0,False
2024-11-20,5,1,22,3499.0,False
2024-11-21,5,1,30,3499.0,False
2024-11-22,5,1,31,3499.0,False
2024-11-23,5,1,24,3499.0,False
2024-11-24,5,1,25,3499.0,False
2024-11-25,5,1,34,3499.0,False
2024-11-26,5,1,32,3499.0,False
2024-11-27,5,1,25,3499.0,False
2024-11-28,5,1,32,3499.0,False
2024-11-29,5,1,37,3499.0,False
2024-11-30,5,1,21,3499.0,False
2024-12-01,5,1,29,3499.0,False
2024-12-02,5,1,38,3499.0,False
2024-12-03,5,1,38,3499.0,False
2024-12-04,5,1,37,3499.0,False
2024-12-05,5,1,38,3499.0,False
2024-12-06,5,1,33,3499.0,False
2024-12-07,5,1,22,3499.0,False
2024-12-08,5,1,23,3499.0,False
2024-12-09,5,1,32,3499.0,False
2024-12-10,5,1,36,3499.0,False
2024-12-11,5,1,33,3499.0,False
2024-12-12,5,1,54,3499.0,False
2024-12-13,5,1,29,3499.0,False
2024-12-14,5,1,24,3499.0,False
2024-12-15,5,1,29,3499.0,False
2024-12-16,5,1,35,3499.0,False
2024-12-17,5,1,51,3499.0,True
2024-12-18,5,1,35,3499.0,False
2024-12-19,5,1,34,3499.0,False
2024-12-20,5,1,34,3499.0,False
2024-12-21,5,1,23,3499.0,False
2024-12-22,5,1,26,3499.0,False
2024-12-23,5,1,34,3499.0,False
2024-12-24,5,1,33,3499.0,False
2024-12-25,5,1,35,3499.0,False
2024-12-26,5,1,39,3499.0,False
2024-12-27,5,1,59,3499.0,False
2024-12-28,5,1,26,3499.0,False
2024-12-29,5,1,22,3499.0,False
2024-12-30,5,1,37,3499.0,False
2024-12-31,5,1,29,3499.0,False
2025-01-01,5,1,36,3499.0,False
2025-01-02,5,1,36,3499.0,False
2025-01-03,5,1,36,3499.0,False
2025-01-04,5,1,30,3499.0,False
2025-01-05,5,1,32,3499.0,False
2025-01-06,5,1,33,3499.0,False
2025-01-07,5,1,39,3499.0,False
2025-01-08,5,1,41,3499.0,False
2025-01-09,5,1,29,3499.0,False
2025-01-10,5,1,31,3499.0,False
2025-01-11,5,1,27,3499.0,False
2025-01-12,5,1,33,3499.0,False
2025-01-13,5,1,35,3499.0,False
2025-01-14,5,1,37,3499.0,False
2025-01-15,5,1,34,3499.0,False
2025-01-16,5,1,35,3499.0,False
2025-01-17,5,1,36,3499.0,False
2025-01-18,5,1,27,3499.0,False
2025-01-19,5,1,29,3499.0,False
2025-01-20,5,1,33,3499.0,False
2025-01-21,5,1,34,3499.0,False
2025-01-22,5,1,31,3499.0,False
2025-01-23,5,1,34,3499.0,False
2025-01-24,5,1,32,3499.0,False
2025-01-25,5,1,26,3499.0,False
2025-01-26,5,1,24,3499.0,False
2025-01-27,5,1,37,3499.0,False
2025-01-28,5,1,39,3499.0,False
2025-01-29,5,1,32,3499.0,False
2025-01-30,5,1,46,3499.0,False
2025-01-31,5,1,38,3499.0,False
2025-02-01,5,1,31,3499.0,False
2025-02-02,5,1,26,3499.0,False
2025-02-03,5,1,41,3499.0,False
2025-02-04,5,1,37,3499.0,False
2025-02-05,5,1,40,3499.0,False
2025-02-06,5,1,67,3499.0,False
2025-02-07,5,1,35,3499.0,False
2025-02-08,5,1,30,3499.0,False
2025-02-09,5,1,31,3499.0,False
2025-02-10,5,1,32,3499.0,False
2025-02-11,5,1,48,3499.0,False
2025-02-12,5,1,40,3499.0,False
2025-02-13,5,1,35,3499.0,False
2025-02-14,5,1,40,3499.0,False
2025-02-15,5,1,34,3499.0,False
2025-02-16,5,1,31,3499.0,False
2025-02-17,5,1,35,3499.0,False
2025-02-18,5,1,33,3499.0,False
2025-02-19,5,1,38,3499.0,False
2025-02-20,5,1,33,3499.0,False
2025-02-21,5,1,44,3499.0,False
2025-02-22,5,1,34,3499.0,False
2025-02-23,5,1,30,3499.0,False
2025-02-24,5,1,32,3499.0,False
2025-02-25,5,1,42,3499.0,False
2025-02-26,5,1,39,3499.0,False
2025-02-27,5,1,38,3499.0,False
2025-02-28,5,1,40,3499.0,False
2025-03-01,5,1,31,3499.0,False
2025-03-02,5,1,33,3499.0,False
2025-03-03,5,1,44,3499.0,False
2025-03-04,5,1,48,3499.0,False
2025-03-05,5,1,37,3499.0,False
2025-03-06,5,1,35,3499.0,False
2025-03-07,5,1,33,3499.0,False
2025-03-08,5,1,31,3499.0,False
2025-03-09,5,1,32,3499.0,False
2025-03-10,5,1,41,3499.0,False
2025-03-11,5,1,37,3499.0,False
2025-03-12,5,1,42,3499.0,False
2025-03-13,5,1,39,3499.0,False
2025-03-14,5,1,53,3499.0,False
2025-03-15,5,1,34,3499.0,False
2025-03-16,5,1,27,3499.0,False
2025-03-17,5,1,38,3499.0,False
2025-03-18,5,1,40,3499.0,False
2025-03-19,5,1,42,3499.0,False
2025-03-20,5,1,34,3499.0,False
2025-03-21,5,1,37,3499.0,False
2025-03-22,5,1,31,3499.0,False
2025-03-23,5,1,51,3499.0,True
2025-03-24,5,1,44,3499.0,False
2025-03-25,5,1,30,3499.0,False
2025-03-26,5,1,32,3499.0,False
2025-03-27,5,1,47,3499.0,False
2025-03-28,5,1,45,3499.0,False
2025-03-29,5,1,27,3499.0,False
2025-03-30,5,1,28,3499.0,False
2025-03-31,5,1,36,3499.0,False
2025-04-01,5,1,38,3499.0,False
2025-04-02,5,1,40,3499.0,False
2025-04-03,5,1,39,3499.0,False
2025-04-04,5,1,40,3499.0,False
2025-04-05,5,1,31,3499.0,False
2025-04-06,5,1,29,3499.0,False
2025-04-07,5,1,42,3499.0,False
2025-04-08,5,1,38,3499.0,False
2025-04-09,5,1,39,3499.0,False
2025-04-10,5,1,60,3499.0,True
2025-04-11,5,1,39,3499.0,False
2025-04-12,5,1,32,3499.0,False
2025-04-13,5,1,29,3499.0,False
2025-04-14,5,1,35,3499.0,False
2025-04-15,5,1,37,3499.0,False
2025-04-16,5,1,35,3499.0,False
2025-04-17,5,1,55,3499.0,True
2025-04-18,5,1,35,3499.0,False
2025-04-19,5,1,28,3499.0,False
2025-04-20,5,1,28,3499.0,False
2025-04-21,5,1,42,3499.0,False
2025-04-22,5,1,38,3499.0,False
2025-04-23,5,1,31,3499.0,False
2025-04-24,5,1,35,3499.0,False
2025-04-25,5,1,37,3499.0,False
2025-04-26,5,1,32,3499.0,False
2025-04-27,5,1,29,3499.0,False
2025-04-28,5,1,40,3499.0,False
2025-04-29,5,1,48,3499.0,False
2025-04-30,5,1,42,3499.0,False
2025-05-01,5,1,31,3499.0,False
2025-05-02,5,1,32,3499.0,False
2025-05-03,5,1,37,3499.0,True
2025-05-04,5,1,30,3499.0,False
2025-05-05,5,1,34,3499.0,False
2025-05-06,5,1,39,3499.0,False
2025-05-07,5,1,39,3499.0,False
2025-05-08,5,1,43,3499.0,False
2025-05-09,5,1,74,3499.0,True
2025-05-10,5,1,29,3499.0,False
2025-05-11,5,1,27,3499.0,False
2025-05-12,5,1,40,3499.0,False
2025-05-13,5,1,33,3499.0,False
2025-05-14,5,1,45,3499.0,False
2025-05-15,5,1,31,3499.0,False
2025-05-16,5,1,43,3499.0,False
2025-05-17,5,1,32,3499.0,False
2025-05-18,5,1,29,3499.0,False
2025-05-19,5,1,37,3499.0,False
2025-05-20,5,1,72,3499.0,False
2025-05-21,5,1,47,3499.0,False
2025-05-22,5,1,38,3499.0,False
2025-05-23,5,1,58,3499.0,True
2025-05-24,5,1,33,3499.0,False
2025-05-25,5,1,26,3499.0,False
2025-05-26,5,1,37,3499.0,False
2025-05-27,5,1,45,3499.0,False
2025-05-28,5,1,72,3499.0,False
2025-05-29,5,1,40,3499.0,False
2025-05-30,5,1,38,3499.0,False
2025-05-31,5,1,32,3499.0,False
2025-06-01,5,1,31,3499.0,False
2025-06-02,5,1,42,3499.0,False
2025-06-03,5,1,42,3499.0,False
2025-06-04,5,1,42,3499.0,False
2025-06-05,5,1,35,3499.0,False
2025-06-06,5,1,35,3499.0,False
2025-06-07,5,1,30,3499.0,False
2025-06-08,5,1,37,3499.0,False
2025-06-09,5,1,45,3499.0,True
2025-06-10,5,1,32,3499.0,False
2025-06-11,5,1,34,3499.0,False
2025-06-12,5,1,59,3499.0,True
2025-06-13,5,1,41,3499.0,False
2025-06-14,5,1,26,3499.0,False
2025-06-15,5,1,29,3499.0,False
2025-06-16,5,1,36,3499.0,False
2025-06-17,5,1,33,3499.0,False
2025-06-18,5,1,41,3499.0,False
2025-06-19,5,1,46,3499.0,True
2025-06-20,5,1,41,3499.0,False
2025-06-21,5,1,30,3499.0,False
2025-06-22,5,1,27,3499.0,False
2025-06-23,5,1,40,3499.0,False
2025-06-24,5,1,38,3499.0,False
2025-06-25,5,1,39,3499.0,False
2025-06-26,5,1,42,3499.0,False
2025-06-27,5,1,38,3499.0,False
2025-06-28,5,1,29,3499.0,False
2025-06-29,5,1,26,3499.0,False
2025-06-30,5,1,31,3499.0,False
2025-07-01,5,1,50,3499.0,True
2025-07-02,5,1,36,3499.0,False
2025-07-03,5,1,34,3499.0,False
2025-07-04,5,1,35,3499.0,False
2025-07-05,5,1,31,3499.0,False
2025-07-06,5,1,30,3499.0,False
2025-07-07,5,1,40,3499.0,False
2025-07-08,5,1,36,3499.0,False
2025-07-09,5,1,38,3499.0,False
2025-07-10,5,1,34,3499.0,False
2025-07-11,5,1,38,3499.0,False
2025-07-12,5,1,29,3499.0,False
2025-07-13,5,1,25,3499.0,False
2025-07-14,5,1,38,3499.0,False
2025-07-15,5,1,33,3499.0,False
2025-07-16,5,1,37,3499.0,False
2025-07-17,5,1,36,3499.0,False
2025-07-18,5,1,37,3499.0,False
2025-07-19,5,1,25,3499.0,False
2025-07-20,5,1,27,3499.0,False
2025-07-21,5,1,32,3499.0,False
2025-07-22,5,1,38,3499.0,False
2025-07-23,5,1,43,3499.0,False
2025-07-24,5,1,33,3499.0,False
2025-07-25,5,1,34,3499.0,False
2025-07-26,5,1,38,3499.0,True
2025-07-27,5,1,34,3499.0,False
2025-07-28,5,1,37,3499.0,False
2025-07-29,5,1,40,3499.0,False
2025-07-30,5,1,40,3499.0,False
2025-07-31,5,1,30,3499.0,False
2025-08-01,5,1,35,3499.0,False
2025-08-02,5,1,26,3499.0,False
2025-08-03,5,1,22,3499.0,False
2025-08-04,5,1,32,3499.0,False
2025-08-05,5,1,33,3499.0,False
2025-08-06,5,1,38,3499.0,False
2025-08-07,5,1,44,3499.0,False
2025-08-08,5,1,35,3499.0,False
2025-08-09,5,1,31,3499.0,False
2025-08-10,5,1,28,3499.0,False
2025-08-11,5,1,31,3499.0,False
2025-08-12,5,1,30,3499.0,False
2025-08-13,5,1,36,3499.0,False
2025-08-14,5,1,37,3499.0,False
2025-08-15,5,1,39,3499.0,False
2025-08-16,5,1,32,3499.0,True
2025-08-17,5,1,23,3499.0,False
2025-08-18,5,1,33,3499.0,False
2025-08-19,5,1,35,3499.0,False
2025-08-20,5,1,38,3499.0,False
2025-08-21,5,1,32,3499.0,False
2025-08-22,5,1,37,3499.0,False
2025-08-23,5,1,26,3499.0,False
2025-08-24,5,1,28,3499.0,False
2025-08-25,5,1,28,3499.0,False
2025-08-26,5,1,70,3499.0,False
2025-08-27,5,1,31,3499.0,False
2025-08-28,5,1,33,3499.0,False
2025-08-29,5,1,33,3499.0,False
2025-08-30,5,1,26,3499.0,False
2025-08-31,5,1,27,3499.0,False
2025-09-01,5,1,25,3499.0,False
2025-09-02,5,1,37,3499.0,False
2025-09-03,5,1,37,3499.0,True
2025-09-04,5,1,37,3499.0,False
2025-09-05,5,1,34,3499.0,False
2025-09-06,5,1,26,3499.0,False
2025-09-07,5,1,26,3499.0,False
2025-09-08,5,1,32,3499.0,False
2025-09-09,5,1,28,3499.0,False
2025-09-10,5,1,26,3499.0,False
2025-09-11,5,1,33,3499.0,False
2025-09-12,5,1,32,3499.0,False
2025-09-13,5,1,25,3499.0,False
2025-09-14,5,1,28,3499.0,False
2025-09-15,5,1,31,3499.0,False
2025-09-16,5,1,34,3499.0,False
2025-09-17,5,1,33,3499.0,False
2025-09-18,5,1,38,3499.0,False
2025-09-19,5,1,64,3499.0,False
2025-09-20,5,1,28,3499.0,False
2025-09-21,5,1,21,3499.0,False
2025-09-22,5,1,31,3499.0,False
2025-09-23,5,1,31,3499.0,False
2025-09-24,5,1,29,3499.0,False
2025-09-25,5,1,29,3499.0,False
2025-09-26,5,1,33,3499.0,False
2025-09-27,5,1,24,3499.0,False
2025-09-28,5,1,38,3499.0,True
2025-09-29,5,1,42,3499.0,True
2025-09-30,5,1,25,3499.0,False
2025-10-01,5,1,36,3499.0,False
2025-10-02,5,1,31,3499.0,False
2025-10-03,5,1,33,3499.0,False
2025-10-04,5,1,26,3499.0,False
2025-10-05,5,1,28,3499.0,False
2025-10-06,5,1,36,3499.0,False
2025-10-07,5,1,35,3499.0,False
2025-10-08,5,1,33,3499.0,False
2025-10-09,5,1,56,3499.0,True
2025-10-10,5,1,30,3499.0,False
2025-10-11,5,1,31,3499.0,False
2025-10-12,5,1,23,3499.0,False
2025-10-13,5,1,34,3499.0,False
2025-10-14,5,1,35,3499.0,False
2025-10-15,5,1,36,3499.0,False
2025-10-16,5,1,32,3499.0,False
2025-10-17,5,1,33,3499.0,False
2025-10-18,5,1,26,3499.0,False
2025-10-19,5,1,23,3499.0,False
2025-10-20,5,1,33,3499.0,False
2025-10-21,5,1,31,3499.0,False
2025-10-22,5,1,32,3499.0,False
2025-10-23,5,1,32,3499.0,False
2025-10-24,5,1,28,3499.0,False
2025-10-25,5,1,24,3499.0,False
2025-10-26,5,1,28,3499.0,False
2025-10-27,5,1,36,3499.0,False
2025-10-28,5,1,33,3499.0,False
2025-10-29,5,1,35,3499.0,False
2025-10-30,5,1,30,3499.0,False
2025-10-31,5,1,32,3499.0,False
2025-11-01,5,1,25,3499.0,False
2025-11-02,5,1,27,3499.0,False
2025-11-03,5,1,42,3499.0,True
2025-11-04,5,1,48,3499.0,True
2025-11-05,5,1,53,3499.0,False
2025-11-06,5,1,31,3499.0,False
2025-11-07,5,1,36,3499.0,False
2025-11-08,5,1,27,3499.0,False
2025-11-09,5,1,24,3499.0,False
2025-11-10,5,1,30,3499.0,False
2025-11-11,5,1,31,3499.0,False
2025-11-12,5,1,37,3499.0,False
2025-11-13,5,1,28,3499.0,False
2025-11-14,5,1,46,3499.0,True
2025-11-15,5,1,25,3499.0,False
2025-11-16,5,1,27,3499.0,False
2025-11-17,5,1,31,3499.0,False
2025-11-18,5,1,29,3499.0,False
2025-11-19,5,1,32,3499.0,False
2025-11-20,5,1,34,3499.0,False
2025-11-21,5,1,35,3499.0,False
2025-11-22,5,1,29,3499.0,False
2025-11-23,5,1,28,3499.0,False
2025-11-24,5,1,25,3499.0,False
2025-11-25,5,1,33,3499.0,False
2025-11-26,5,1,34,3499.0,False
2025-11-27,5,1,40,3499.0,False
2025-11-28,5,1,36,3499.0,False
2025-11-29,5,1,22,3499.0,False
2025-11-30,5,1,26,3499.0,False
2025-12-01,5,1,34,3499.0,False
2025-12-02,5,1,30,3499.0,False
2025-12-03,5,1,34,3499.0,False
2025-12-04,5,1,41,3499.0,False
2025-12-05,5,1,36,3499.0,False
2025-12-06,5,1,25,3499.0,False
2025-12-07,5,1,29,3499.0,False
2025-12-08,5,1,63,3499.0,False
2025-12-09,5,1,34,3499.0,False
2025-12-10,5,1,38,3499.0,False
2025-12-11,5,1,31,3499.0,False
2025-12-12,5,1,54,3499.0,True
2025-12-13,5,1,27,3499.0,False
2025-12-14,5,1,26,3499.0,False
2025-12-15,5,1,32,3499.0,False
2025-12-16,5,1,30,3499.0,False
2025-12-17,5,1,33,3499.0,False
2025-12-18,5,1,33,3499.0,False
2025-12-19,5,1,36,3499.0,False
2025-12-20,5,1,25,3499.0,False
2025-12-21,5,1,42,3499.0,False
2025-12-22,5,1,35,3499.0,False
2025-12-23,5,1,33,3499.0,False
2025-12-24,5,1,37,3499.0,False
2025-12-25,5,1,33,3499.0,False
2025-12-26,5,1,36,3499.0,False
2025-12-27,5,1,25,3499.0,False
2025-12-28,5,1,31,3499.0,False
2025-12-29,5,1,38,3499.0,False
2025-12-30,5,1,39,3499.0,False
2025-12-31,5,1,36,3499.0,False
2024-01-01,5,2,26,3499.0,False
2024-01-02,5,2,32,3499.0,False
2024-01-03,5,2,21,3499.0,False
2024-01-04,5,2,27,3499.0,False
2024-01-05,5,2,30,3499.0,False
2024-01-06,5,2,24,3499.0,False
2024-01-07,5,2,22,3499.0,False
2024-01-08,5,2,27,3499.0,False
2024-01-09,5,2,30,3499.0,False
2024-01-10,5,2,26,3499.0,False
2024-01-11,5,2,28,3499.0,False
2024-01-12,5,2,26,3499.0,False
2024-01-13,5,2,24,3499.0,False
2024-01-14,5,2,18,3499.0,False
2024-01-15,5,2,30,3499.0,False
2024-01-16,5,2,30,3499.0,False
2024-01-17,5,2,23,3499.0,False
2024-01-18,5,2,31,3499.0,False
2024-01-19,5,2,28,3499.0,False
2024-01-20,5,2,17,3499.0,False
2024-01-21,5,2,19,3499.0,False
2024-01-22,5,2,44,3499.0,False
2024-01-23,5,2,30,3499.0,False
2024-01-24,5,2,30,3499.0,False
2024-01-25,5,2,29,3499.0,False
2024-01-26,5,2,27,3499.0,False
2024-01-27,5,2,19,3499.0,False
2024-01-28,5,2,25,3499.0,False
2024-01-29,5,2,26,3499.0,False
2024-01-30,5,2,22,3499.0,False
2024-01-31,5,2,28,3499.0,False
2024-02-01,5,2,31,3499.0,False
2024-02-02,5,2,26,3499.0,False
2024-02-03,5,2,24,3499.0,False
2024-02-04,5,2,24,3499.0,False
2024-02-05,5,2,26,3499.0,False
2024-02-06,5,2,32,3499.0,False
2024-02-07,5,2,33,3499.0,False
2024-02-08,5,2,28,3499.0,False
2024-02-09,5,2,46,3499.0,True
2024-02-10,5,2,24,3499.0,False
2024-02-11,5,2,25,3499.0,False
2024-02-12,5,2,30,3499.0,False
2024-02-13,5,2,26,3499.0,False
2024-02-14,5,2,29,3499.0,False
2024-02-15,5,2,48,3499.0,False
2024-02-16,5,2,26,3499.0,False
2024-02-17,5,2,23,3499.0,False
2024-02-18,5,2,25,3499.0,False
2024-02-19,5,2,24,3499.0,False
2024-02-20,5,2,27,3499.0,False
2024-02-21,5,2,33,3499.0,False
2024-02-22,5,2,33,3499.0,False
2024-02-23,5,2,29,3499.0,False
2024-02-24,5,2,20,3499.0,False
2024-02-25,5,2,23,3499.0,False
2024-02-26,5,2,36,3499.0,True
2024-02-27,5,2,27,3499.0,False
2024-02-28,5,2,30,3499.0,False
2024-02-29,5,2,27,3499.0,False
2024-03-01,5,2,29,3499.0,False
2024-03-02,5,2,24,3499.0,False
2024-03-03,5,2,24,3499.0,False
2024-03-04,5,2,32,3499.0,False
2024-03-05,5,2,27,3499.0,False
2024-03-06,5,2,32,3499.0,False
2024-03-07,5,2,52,3499.0,True
2024-03-08,5,2,29,3499.0,False
2024-03-09,5,2,26,3499.0,False
2024-03-10,5,2,26,3499.0,False
2024-03-11,5,2,27,3499.0,False
2024-03-12,5,2,28,3499.0,False
2024-03-13,5,2,37,3499.0,False
2024-03-14,5,2,28,3499.0,False
2024-03-15,5,2,32,3499.0,False
2024-03-16,5,2,25,3499.0,False
2024-03-17,5,2,22,3499.0,False
2024-03-18,5,2,32,3499.0,False
2024-03-19,5,2,24,3499.0,False
2024-03-20,5,2,32,3499.0,False
2024-03-21,5,2,32,3499.0,False
2024-03-22,5,2,30,3499.0,False
2024-03-23,5,2,23,3499.0,False
2024-03-24,5,2,27,3499.0,False
2024-03-25,5,2,27,3499.0,False
2024-03-26,5,2,35,3499.0,False
2024-03-27,5,2,32,3499.0,False
2024-03-28,5,2,34,3499.0,False
2024-03-29,5,2,37,3499.0,False
2024-03-30,5,2,27,3499.0,False
2024-03-31,5,2,24,3499.0,False
2024-04-01,5,2,31,3499.0,False
2024-04-02,5,2,33,3499.0,False
2024-04-03,5,2,33,3499.0,False
2024-04-04,5,2,30,3499.0,False
2024-04-05,5,2,31,3499.0,False
2024-04-06,5,2,22,3499.0,False
2024-04-07,5,2,27,3499.0,False
2024-04-08,5,2,28,3499.0,False
2024-04-09,5,2,34,3499.0,False
2024-04-10,5,2,34,3499.0,False
2024-04-11,5,2,27,3499.0,False
2024-04-12,5,2,34,3499.0,False
2024-04-13,5,2,26,3499.0,False
2024-04-14,5,2,19,3499.0,False
2024-04-15,5,2,32,3499.0,False
2024-04-16,5,2,36,3499.0,False
2024-04-17,5,2,32,3499.0,False
2024-04-18,5,2,26,3499.0,False
2024-04-19,5,2,30,3499.0,False
2024-04-20,5,2,37,3499.0,False
2024-04-21,5,2,28,3499.0,False
2024-04-22,5,2,30,3499.0,False
2024-04-23,5,2,33,3499.0,False
2024-04-24,5,2,32,3499.0,False
2024-04-25,5,2,30,3499.0,False
2024-04-26,5,2,28,3499.0,False
2024-04-27,5,2,32,3499.0,True
2024-04-28,5,2,25,3499.0,False
2024-04-29,5,2,26,3499.0,False
2024-04-30,5,2,35,3499.0,False
2024-05-01,5,2,58,3499.0,False
2024-05-02,5,2,28,3499.0,False
2024-05-03,5,2,33,3499.0,False
2024-05-04,5,2,30,3499.0,False
2024-05-05,5,2,24,3499.0,False
2024-05-06,5,2,28,3499.0,False
2024-05-07,5,2,30,3499.0,False
2024-05-08,5,2,30,3499.0,False
2024-05-09,5,2,26,3499.0,False
2024-05-10,5,2,24,3499.0,False
2024-05-11,5,2,20,3499.0,False
2024-05-12,5,2,25,3499.0,False
2024-05-13,5,2,32,3499.0,False
2024-05-14,5,2,27,3499.0,False
2024-05-15,5,2,62,3499.0,False
2024-05-16,5,2,27,3499.0,False
2024-05-17,5,2,28,3499.0,False
2024-05-18,5,2,22,3499.0,False
2024-05-19,5,2,21,3499.0,False
2024-05-20,5,2,32,3499.0,False
2024-05-21,5,2,27,3499.0,False
2024-05-22,5,2,29,3499.0,False
2024-05-23,5,2,37,3499.0,True
2024-05-24,5,2,34,3499.0,False
2024-05-25,5,2,24,3499.0,False
2024-05-26,5,2,23,3499.0,False
2024-05-27,5,2,35,3499.0,False
2024-05-28,5,2,45,3499.0,False
2024-05-29,5,2,44,3499.0,True
2024-05-30,5,2,32,3499.0,False
2024-05-31,5,2,55,3499.0,False
2024-06-01,5,2,25,3499.0,False
2024-06-02,5,2,23,3499.0,False
2024-06-03,5,2,28,3499.0,False
2024-06-04,5,2,31,3499.0,False
2024-06-05,5,2,27,3499.0,False
2024-06-06,5,2,46,3499.0,False
2024-06-07,5,2,31,3499.0,False
2024-06-08,5,2,22,3499.0,False
2024-06-09,5,2,23,3499.0,False
2024-06-10,5,2,34,3499.0,False
2024-06-11,5,2,27,3499.0,False
2024-06-12,5,2,26,3499.0,False
2024-06-13,5,2,27,3499.0,False
2024-06-14,5,2,31,3499.0,False
2024-06-15,5,2,21,3499.0,False
2024-06-16,5,2,26,3499.0,False
2024-06-17,5,2,35,3499.0,False
2024-06-18,5,2,30,3499.0,False
2024-06-19,5,2,31,3499.0,False
2024-06-20,5,2,25,3499.0,False
2024-06-21,5,2,34,3499.0,False
2024-06-22,5,2,17,3499.0,False
2024-06-23,5,2,20,3499.0,False
2024-06-24,5,2,37,3499.0,False
2024-06-25,5,2,31,3499.0,False
2024-06-26,5,2,35,3499.0,False
2024-06-27,5,2,33,3499.0,False
2024-06-28,5,2,27,3499.0,False
2024-06-29,5,2,24,3499.0,False
2024-06-30,5,2,26,3499.0,False
2024-07-01,5,2,29,3499.0,False
2024-07-02,5,2,27,3499.0,False
2024-07-03,5,2,36,3499.0,True
2024-07-04,5,2,30,3499.0,False
2024-07-05,5,2,40,3499.0,False
2024-07-06,5,2,15,3499.0,False
2024-07-07,5,2,18,3499.0,False
2024-07-08,5,2,29,3499.0,False
2024-07-09,5,2,26,3499.0,False
2024-07-10,5,2,28,3499.0,False
2024-07-11,5,2,26,3499.0,False
2024-07-12,5,2,28,3499.0,False
2024-07-13,5,2,21,3499.0,False
2024-07-14,5,2,25,3499.0,False
2024-07-15,5,2,26,3499.0,False
2024-07-16,5,2,28,3499.0,False
2024-07-17,5,2,26,3499.0,False
2024-07-18,5,2,32,3499.0,False
2024-07-19,5,2,39,3499.0,True
2024-07-20,5,2,24,3499.0,False
2024-07-21,5,2,21,3499.0,False
2024-07-22,5,2,25,3499.0,False
2024-07-23,5,2,29,3499.0,False
2024-07-24,5,2,30,3499.0,False
2024-07-25,5,2,30,3499.0,False
2024-07-26,5,2,34,3499.0,False
2024-07-27,5,2,25,3499.0,False
2024-07-28,5,2,24,3499.0,False
2024-07-29,5,2,31,3499.0,False
2024-07-30,5,2,31,3499.0,False
2024-07-31,5,2,35,3499.0,True
2024-08-01,5,2,26,3499.0,False
2024-08-02,5,2,39,3499.0,True
2024-08-03,5,2,24,3499.0,True
2024-08-04,5,2,23,3499.0,False
2024-08-05,5,2,26,3499.0,False
2024-08-06,5,2,26,3499.0,False
2024-08-07,5,2,24,3499.0,False
2024-08-08,5,2,25,3499.0,False
2024-08-09,5,2,22,3499.0,False
2024-08-10,5,2,20,3499.0,False
2024-08-11,5,2,25,3499.0,False
2024-08-12,5,2,27,3499.0,False
2024-08-13,5,2,29,3499.0,False
2024-08-14,5,2,32,3499.0,False
2024-08-15,5,2,28,3499.0,False
2024-08-16,5,2,33,3499.0,False
2024-08-17,5,2,18,3499.0,False
2024-08-18,5,2,23,3499.0,False
2024-08-19,5,2,25,3499.0,False
2024-08-20,5,2,32,3499.0,False
2024-08-21,5,2,24,3499.0,False
2024-08-22,5,2,30,3499.0,False
2024-08-23,5,2,28,3499.0,False
2024-08-24,5,2,19,3499.0,False
2024-08-25,5,2,23,3499.0,False
2024-08-26,5,2,20,3499.0,False
2024-08-27,5,2,30,3499.0,True
2024-08-28,5,2,26,3499.0,False
2024-08-29,5,2,27,3499.0,False
2024-08-30,5,2,27,3499.0,False
2024-08-31,5,2,19,3499.0,False
2024-09-01,5,2,19,3499.0,False
2024-09-02,5,2,18,3499.0,False
2024-09-03,5,2,23,3499.0,False
2024-09-04,5,2,28,3499.0,False
2024-09-05,5,2,27,3499.0,False
2024-09-06,5,2,30,3499.0,False
2024-09-07,5,2,22,3499.0,False
2024-09-08,5,2,19,3499.0,False
2024-09-09,5,2,25,3499.0,False
2024-09-10,5,2,32,3499.0,True
2024-09-11,5,2,24,3499.0,False
2024-09-12,5,2,41,3499.0,False
2024-09-13,5,2,28,3499.0,False
2024-09-14,5,2,17,3499.0,False
2024-09-15,5,2,22,3499.0,False
2024-09-16,5,2,22,3499.0,False
2024-09-17,5,2,39,3499.0,False
2024-09-18,5,2,26,3499.0,False
2024-09-19,5,2,25,3499.0,False
2024-09-20,5,2,26,3499.0,False
2024-09-21,5,2,18,3499.0,False
2024-09-22,5,2,20,3499.0,False
2024-09-23,5,2,27,3499.0,False
2024-09-24,5,2,23,3499.0,False
2024-09-25,5,2,27,3499.0,False
2024-09-26,5,2,25,3499.0,False
2024-09-27,5,2,31,3499.0,False
2024-09-28,5,2,19,3499.0,False
2024-09-29,5,2,18,3499.0,False
2024-09-30,5,2,27,3499.0,False
2024-10-01,5,2,27,3499.0,False
2024-10-02,5,2,28,3499.0,False
2024-10-03,5,2,26,3499.0,False
2024-10-04,5,2,36,3499.0,False
2024-10-05,5,2,33,3499.0,False
2024-10-06,5,2,20,3499.0,False
2024-10-07,5,2,21,3499.0,False
2024-10-08,5,2,23,3499.0,False
2024-10-09,5,2,26,3499.0,False
2024-10-10,5,2,26,3499.0,False
2024-10-11,5,2,23,3499.0,False
2024-10-12,5,2,20,3499.0,False
2024-10-13,5,2,18,3499.0,False
2024-10-14,5,2,30,3499.0,False
2024-10-15,5,2,25,3499.0,False
2024-10-16,5,2,30,3499.0,False
2024-10-17,5,2,23,3499.0,False
2024-10-18,5,2,24,3499.0,False
2024-10-19,5,2,23,3499.0,False
2024-10-20,5,2,18,3499.0,False
2024-10-21,5,2,26,3499.0,False
2024-10-22,5,2,23,3499.0,False
2024-10-23,5,2,25,3499.0,False
2024-10-24,5,2,21,3499.0,False
2024-10-25,5,2,24,3499.0,False
2024-10-26,5,2,18,3499.0,False
2024-10-27,5,2,19,3499.0,False
2024-10-28,5,2,26,3499.0,False
2024-10-29,5,2,29,3499.0,False
2024-10-30,5,2,23,3499.0,False
2024-10-31,5,2,29,3499.0,False
2024-11-01,5,2,22,3499.0,False
2024-11-02,5,2,24,3499.0,False
2024-11-03,5,2,17,3499.0,False
2024-11-04,5,2,22,3499.0,False
2024-11-05,5,2,26,3499.0,False
2024-11-06,5,2,22,3499.0,False
2024-11-07,5,2,25,3499.0,False
2024-11-08,5,2,20,3499.0,False
2024-11-09,5,2,20,3499.0,False
2024-11-10,5,2,19,3499.0,False
2024-11-11,5,2,24,3499.0,False
2024-11-12,5,2,26,3499.0,False
2024-11-13,5,2,25,3499.0,False
2024-11-14,5,2,24,3499.0,False
2024-11-15,5,2,26,3499.0,False
2024-11-16,5,2,20,3499.0,False
2024-11-17,5,2,20,3499.0,False
2024-11-18,5,2,29,3499.0,False
2024-11-19,5,2,25,3499.0,False
2024-11-20,5,2,28,3499.0,False
2024-11-21,5,2,28,3499.0,False
2024-11-22,5,2,24,3499.0,False
2024-11-23,5,2,19,3499.0,False
2024-11-24,5,2,20,3499.0,False
2024-11-25,5,2,23,3499.0,False
2024-11-26,5,2,26,3499.0,False
2024-11-27,5,2,23,3499.0,False
2024-11-28,5,2,33,3499.0,False
2024-11-29,5,2,24,3499.0,False
2024-11-30,5,2,18,3499.0,False
2024-12-01,5,2,23,3499.0,False
2024-12-02,5,2,27,3499.0,False
2024-12-03,5,2,31,3499.0,False
2024-12-04,5,2,29,3499.0,False
2024-12-05,5,2,27,3499.0,False
2024-12-06,5,2,26,3499.0,False
2024-12-07,5,2,19,3499.0,False
2024-12-08,5,2,21,3499.0,False
2024-12-09,5,2,25,3499.0,False
2024-12-10,5,2,27,3499.0,False
2024-12-11,5,2,27,3499.0,False
2024-12-12,5,2,26,3499.0,False
2024-12-13,5,2,29,3499.0,False
2024-12-14,5,2,19,3499.0,False
2024-12-15,5,2,21,3499.0,False
2024-12-16,5,2,25,3499.0,False
2024-12-17,5,2,21,3499.0,False
2024-12-18,5,2,26,3499.0,False
2024-12-19,5,2,27,3499.0,False
2024-12-20,5,2,23,3499.0,False
2024-12-21,5,2,20,3499.0,False
2024-12-22,5,2,20,3499.0,False
2024-12-23,5,2,28,3499.0,False
2024-12-24,5,2,30,3499.0,False
2024-12-25,5,2,39,3499.0,True
2024-12-26,5,2,24,3499.0,False
2024-12-27,5,2,27,3499.0,False
2024-12-28,5,2,26,3499.0,False
2024-12-29,5,2,21,3499.0,False
2024-12-30,5,2,22,3499.0,False
2024-12-31,5,2,20,3499.0,False
2025-01-01,5,2,31,3499.0,False
2025-01-02,5,2,25,3499.0,False
2025-01-03,5,2,38,3499.0,True
2025-01-04,5,2,41,3499.0,True
2025-01-05,5,2,46,3499.0,False
2025-01-06,5,2,29,3499.0,False
2025-01-07,5,2,26,3499.0,False
2025-01-08,5,2,27,3499.0,False
2025-01-09,5,2,25,3499.0,False
2025-01-10,5,2,31,3499.0,False
2025-01-11,5,2,22,3499.0,False
2025-01-12,5,2,25,3499.0,False
2025-01-13,5,2,32,3499.0,False
2025-01-14,5,2,29,3499.0,False
2025-01-15,5,2,30,3499.0,False
2025-01-16,5,2,28,3499.0,False
2025-01-17,5,2,28,3499.0,False
2025-01-18,5,2,21,3499.0,False
2025-01-19,5,2,22,3499.0,False
2025-01-20,5,2,34,3499.0,False
2025-01-21,5,2,29,3499.0,False
2025-01-22,5,2,32,3499.0,False
2025-01-23,5,2,29,3499.0,False
2025-01-24,5,2,35,3499.0,False
2025-01-25,5,2,22,3499.0,False
2025-01-26,5,2,20,3499.0,False
2025-01-27,5,2,33,3499.0,False
2025-01-28,5,2,26,3499.0,False
2025-01-29,5,2,33,3499.0,False
2025-01-30,5,2,33,3499.0,False
2025-01-31,5,2,23,3499.0,False
2025-02-01,5,2,25,3499.0,False
2025-02-02,5,2,24,3499.0,False
2025-02-03,5,2,28,3499.0,False
2025-02-04,5,2,25,3499.0,False
2025-02-05,5,2,33,3499.0,False
2025-02-06,5,2,34,3499.0,False
2025-02-07,5,2,33,3499.0,False
2025-02-08,5,2,25,3499.0,False
2025-02-09,5,2,22,3499.0,False
2025-02-10,5,2,48,3499.0,False
2025-02-11,5,2,33,3499.0,False
2025-02-12,5,2,35,3499.0,False
2025-02-13,5,2,31,3499.0,False
2025-02-14,5,2,28,3499.0,False
2025-02-15,5,2,27,3499.0,False
2025-02-16,5,2,21,3499.0,False
2025-02-17,5,2,27,3499.0,False
2025-02-18,5,2,42,3499.0,False
2025-02-19,5,2,29,3499.0,False
2025-02-20,5,2,31,3499.0,False
2025-02-21,5,2,28,3499.0,False
2025-02-22,5,2,32,3499.0,True
2025-02-23,5,2,23,3499.0,False
2025-02-24,5,2,28,3499.0,False
2025-02-25,5,2,32,3499.0,False
2025-02-26,5,2,26,3499.0,False
2025-02-27,5,2,27,3499.0,False
2025-02-28,5,2,29,3499.0,False
2025-03-01,5,2,31,3499.0,False
2025-03-02,5,2,25,3499.0,False
2025-03-03,5,2,34,3499.0,False
2025-03-04,5,2,37,3499.0,False
2025-03-05,5,2,32,3499.0,False
2025-03-06,5,2,32,3499.0,False
2025-03-07,5,2,32,3499.0,False
2025-03-08,5,2,24,3499.0,False
2025-03-09,5,2,27,3499.0,False
2025-03-10,5,2,31,3499.0,False
2025-03-11,5,2,32,3499.0,False
2025-03-12,5,2,27,3499.0,False
2025-03-13,5,2,33,3499.0,False
2025-03-14,5,2,32,3499.0,False
2025-03-15,5,2,24,3499.0,False
2025-03-16,5,2,33,3499.0,True
2025-03-17,5,2,30,3499.0,False
2025-03-18,5,2,37,3499.0,False
2025-03-19,5,2,29,3499.0,False
2025-03-20,5,2,33,3499.0,False
2025-03-21,5,2,37,3499.0,False
2025-03-22,5,2,25,3499.0,False
2025-03-23,5,2,27,3499.0,False
2025-03-24,5,2,28,3499.0,False
2025-03-25,5,2,33,3499.0,False
2025-03-26,5,2,33,3499.0,False
2025-03-27,5,2,58,3499.0,False
2025-03-28,5,2,37,3499.0,False
2025-03-29,5,2,23,3499.0,False
2025-03-30,5,2,24,3499.0,False
2025-03-31,5,2,31,3499.0,False
2025-04-01,5,2,31,3499.0,False
2025-04-02,5,2,30,3499.0,False
2025-04-03,5,2,36,3499.0,False
2025-04-04,5,2,31,3499.0,False
2025-04-05,5,2,25,3499.0,False
2025-04-06,5,2,25,3499.0,False
2025-04-07,5,2,35,3499.0,False
2025-04-08,5,2,39,3499.0,False
2025-04-09,5,2,30,3499.0,False
2025-04-10,5,2,29,3499.0,False
2025-04-11,5,2,33,3499.0,False
2025-04-12,5,2,24,3499.0,False
2025-04-13,5,2,29,3499.0,False
2025-04-14,5,2,33,3499.0,False
2025-04-15,5,2,32,3499.0,False
2025-04-16,5,2,30,3499.0,False
2025-04-17,5,2,31,3499.0,False
2025-04-18,5,2,39,3499.0,False
2025-04-19,5,2,25,3499.0,False
2025-04-20,5,2,24,3499.0,False
2025-04-21,5,2,36,3499.0,False
2025-04-22,5,2,36,3499.0,False
2025-04-23,5,2,32,3499.0,False
2025-04-24,5,2,36,3499.0,False
2025-04-25,5,2,33,3499.0,False
2025-04-26,5,2,23,3499.0,False
2025-04-27,5,2,28,3499.0,False
2025-04-28,5,2,37,3499.0,False
2025-04-29,5,2,31,3499.0,False
2025-04-30,5,2,27,3499.0,False
2025-05-01,5,2,27,3499.0,False
2025-05-02,5,2,29,3499.0,False
2025-05-03,5,2,23,3499.0,False
2025-05-04,5,2,26,3499.0,False
2025-05-05,5,2,28,3499.0,False
2025-05-06,5,2,31,3499.0,False
2025-05-07,5,2,28,3499.0,False
2025-05-08,5,2,31,3499.0,False
2025-05-09,5,2,32,3499.0,False
2025-05-10,5,2,32,3499.0,False
2025-05-11,5,2,26,3499.0,False
2025-05-12,5,2,33,3499.0,True
2025-05-13,5,2,30,3499.0,False
2025-05-14,5,2,59,3499.0,False
2025-05-15,5,2,53,3499.0,False
2025-05-16,5,2,39,3499.0,False
2025-05-17,5,2,22,3499.0,False
2025-05-18,5,2,32,3499.0,False
2025-05-19,5,2,27,3499.0,False
2025-05-20,5,2,44,3499.0,True
2025-05-21,5,2,30,3499.0,False
2025-05-22,5,2,30,3499.0,False
2025-05-23,5,2,33,3499.0,False
2025-05-24,5,2,24,3499.0,False
2025-05-25,5,2,21,3499.0,False
2025-05-26,5,2,36,3499.0,False
2025-05-27,5,2,28,3499.0,False
2025-05-28,5,2,33,3499.0,False
2025-05-29,5,2,32,3499.0,False
2025-05-30,5,2,31,3499.0,False
2025-05-31,5,2,26,3499.0,False
2025-06-01,5,2,21,3499.0,False
2025-06-02,5,2,32,3499.0,False
2025-06-03,5,2,29,3499.0,False
2025-06-04,5,2,31,3499.0,False
2025-06-05,5,2,28,3499.0,False
2025-06-06,5,2,29,3499.0,False
2025-06-07,5,2,23,3499.0,False
2025-06-08,5,2,28,3499.0,False
2025-06-09,5,2,31,3499.0,False
2025-06-10,5,2,22,3499.0,False
2025-06-11,5,2,28,3499.0,False
2025-06-12,5,2,25,3499.0,False
2025-06-13,5,2,49,3499.0,True
2025-06-14,5,2,27,3499.0,True
2025-06-15,5,2,25,3499.0,False
2025-06-16,5,2,32,3499.0,False
2025-06-17,5,2,29,3499.0,False
2025-06-18,5,2,37,3499.0,False
2025-06-19,5,2,28,3499.0,False
2025-06-20,5,2,32,3499.0,False
2025-06-21,5,2,30,3499.0,True
2025-06-22,5,2,20,3499.0,False
2025-06-23,5,2,44,3499.0,True
2025-06-24,5,2,31,3499.0,False
2025-06-25,5,2,35,3499.0,False
2025-06-26,5,2,31,3499.0,False
2025-06-27,5,2,29,3499.0,False
2025-06-28,5,2,25,3499.0,False
2025-06-29,5,2,29,3499.0,False
2025-06-30,5,2,32,3499.0,False
2025-07-01,5,2,27,3499.0,False
2025-07-02,5,2,33,3499.0,False
2025-07-03,5,2,31,3499.0,False
2025-07-04,5,2,36,3499.0,True
2025-07-05,5,2,23,3499.0,False
2025-07-06,5,2,21,3499.0,False
2025-07-07,5,2,27,3499.0,False
2025-07-08,5,2,29,3499.0,False
2025-07-09,5,2,26,3499.0,False
2025-07-10,5,2,29,3499.0,False
2025-07-11,5,2,38,3499.0,True
2025-07-12,5,2,19,3499.0,False
2025-07-13,5,2,21,3499.0,False
2025-07-14,5,2,32,3499.0,False
2025-07-15,5,2,32,3499.0,False
2025-07-16,5,2,26,3499.0,False
2025-07-17,5,2,31,3499.0,False
2025-07-18,5,2,25,3499.0,False
2025-07-19,5,2,28,3499.0,False
2025-07-20,5,2,23,3499.0,False
2025-07-21,5,2,32,3499.0,False
2025-07-22,5,2,30,3499.0,False
2025-07-23,5,2,27,3499.0,False
2025-07-24,5,2,29,3499.0,False
2025-07-25,5,2,31,3499.0,False
2025-07-26,5,2,24,3499.0,False
2025-07-27,5,2,23,3499.0,False
2025-07-28,5,2,41,3499.0,True
2025-07-29,5,2,32,3499.0,False
2025-07-30,5,2,28,3499.0,False
2025-07-31,5,2,27,3499.0,False
2025-08-01,5,2,32,3499.0,False
2025-08-02,5,2,21,3499.0,False
2025-08-03,5,2,22,3499.0,False
2025-08-04,5,2,30,3499.0,False
2025-08-05,5,2,27,3499.0,False
2025-08-06,5,2,28,3499.0,False
2025-08-07,5,2,31,3499.0,False
2025-08-08,5,2,30,3499.0,False
2025-08-09,5,2,21,3499.0,False
2025-08-10,5,2,23,3499.0,False
2025-08-11,5,2,26,3499.0,False
2025-08-12,5,2,28,3499.0,False
2025-08-13,5,2,28,3499.0,False
2025-08-14,5,2,29,3499.0,False
2025-08-15,5,2,37,3499.0,True
2025-08-16,5,2,19,3499.0,False
2025-08-17,5,2,18,3499.0,False
2025-08-18,5,2,27,3499.0,False
2025-08-19,5,2,28,3499.0,False
2025-08-20,5,2,24,3499.0,False
2025-08-21,5,2,24,3499.0,False
2025-08-22,5,2,28,3499.0,False
2025-08-23,5,2,22,3499.0,False
2025-08-24,5,2,20,3499.0,False
2025-08-25,5,2,28,3499.0,False
2025-08-26,5,2,30,3499.0,False
2025-08-27,5,2,27,3499.0,False
2025-08-28,5,2,21,3499.0,False
2025-08-29,5,2,26,3499.0,False
2025-08-30,5,2,20,3499.0,False
2025-08-31,5,2,19,3499.0,False
2025-09-01,5,2,32,3499.0,False
2025-09-02,5,2,24,3499.0,False
2025-09-03,5,2,27,3499.0,False
2025-09-04,5,2,27,3499.0,False
2025-09-05,5,2,27,3499.0,False
2025-09-06,5,2,19,3499.0,False
2025-09-07,5,2,21,3499.0,False
2025-09-08,5,2,29,3499.0,False
2025-09-09,5,2,28,3499.0,False
2025-09-10,5,2,46,3499.0,False
2025-09-11,5,2,26,3499.0,False
2025-09-12,5,2,29,3499.0,False
2025-09-13,5,2,21,3499.0,False
2025-09-14,5,2,23,3499.0,False
2025-09-15,5,2,28,3499.0,False
2025-09-16,5,2,25,3499.0,False
2025-09-17,5,2,31,3499.0,False
2025-09-18,5,2,28,3499.0,False
2025-09-19,5,2,24,3499.0,False
2025-09-20,5,2,22,3499.0,False
2025-09-21,5,2,22,3499.0,False
2025-09-22,5,2,26,3499.0,False
2025-09-23,5,2,31,3499.0,False
2025-09-24,5,2,32,3499.0,False
2025-09-25,5,2,26,3499.0,False
2025-09-26,5,2,30,3499.0,False
2025-09-27,5,2,21,3499.0,False
2025-09-28,5,2,19,3499.0,False
2025-09-29,5,2,35,3499.0,True
2025-09-30,5,2,29,3499.0,False
2025-10-01,5,2,27,3499.0,False
2025-10-02,5,2,21,3499.0,False
2025-10-03,5,2,25,3499.0,False
2025-10-04,5,2,19,3499.0,False
2025-10-05,5,2,19,3499.0,False
2025-10-06,5,2,28,3499.0,False
2025-10-07,5,2,27,3499.0,False
2025-10-08,5,2,25,3499.0,False
2025-10-09,5,2,21,3499.0,False
2025-10-10,5,2,26,3499.0,False
2025-10-11,5,2,22,3499.0,False
2025-10-12,5,2,18,3499.0,False
2025-10-13,5,2,30,3499.0,False
2025-10-14,5,2,25,3499.0,False
2025-10-15,5,2,23,3499.0,False
2025-10-16,5,2,24,3499.0,False
2025-10-17,5,2,24,3499.0,False
2025-10-18,5,2,24,3499.0,False
2025-10-19,5,2,19,3499.0,False
2025-10-20,5,2,27,3499.0,False
2025-10-21,5,2,32,3499.0,False
2025-10-22,5,2,27,3499.0,False
2025-10-23,5,2,30,3499.0,False
2025-10-24,5,2,21,3499.0,False
2025-10-25,5,2,20,3499.0,False
2025-10-26,5,2,20,3499.0,False
2025-10-27,5,2,23,3499.0,False
2025-10-28,5,2,31,3499.0,False
2025-10-29,5,2,26,3499.0,False
2025-10-30,5,2,29,3499.0,False
2025-10-31,5,2,24,3499.0,False
2025-11-01,5,2,20,3499.0,False
2025-11-02,5,2,27,3499.0,True
2025-11-03,5,2,46,3499.0,False
2025-11-04,5,2,29,3499.0,False
2025-11-05,5,2,23,3499.0,False
2025-11-06,5,2,28,3499.0,False
2025-11-07,5,2,26,3499.0,False
2025-11-08,5,2,24,3499.0,False
2025-11-09,5,2,24,3499.0,False
2025-11-10,5,2,22,3499.0,False
2025-11-11,5,2,29,3499.0,False
2025-11-12,5,2,29,3499.0,False
2025-11-13,5,2,30,3499.0,False
2025-11-14,5,2,27,3499.0,False
2025-11-15,5,2,22,3499.0,False
2025-11-16,5,2,20,3499.0,False
2025-11-17,5,2,25,3499.0,False
2025-11-18,5,2,29,3499.0,False
2025-11-19,5,2,24,3499.0,False
2025-11-20,5,2,30,3499.0,False
2025-11-21,5,2,30,3499.0,False
2025-11-22,5,2,17,3499.0,False
2025-11-23,5,2,21,3499.0,False
2025-11-24,5,2,27,3499.0,False
2025-11-25,5,2,23,3499.0,False
2025-11-26,5,2,26,3499.0,False
2025-11-27,5,2,21,3499.0,False
2025-11-28,5,2,28,3499.0,False
2025-11-29,5,2,31,3499.0,True
2025-11-30,5,2,20,3499.0,False
2025-12-01,5,2,23,3499.0,False
2025-12-02,5,2,27,3499.0,False
2025-12-03,5,2,25,3499.0,False
2025-12-04,5,2,45,3499.0,True
2025-12-05,5,2,29,3499.0,False
2025-12-06,5,2,19,3499.0,False
2025-12-07,5,2,18,3499.0,False
2025-12-08,5,2,32,3499.0,False
2025-12-09,5,2,29,3499.0,False
2025-12-10,5,2,30,3499.0,False
2025-12-11,5,2,29,3499.0,False
2025-12-12,5,2,30,3499.0,False
2025-12-13,5,2,20,3499.0,False
2025-12-14,5,2,19,3499.0,False
2025-12-15,5,2,25,3499.0,False
2025-12-16,5,2,23,3499.0,False
2025-12-17,5,2,52,3499.0,False
2025-12-18,5,2,35,3499.0,True
2025-12-19,5,2,23,3499.0,False
2025-12-20,5,2,21,3499.0,False
2025-12-21,5,2,22,3499.0,False
2025-12-22,5,2,72,3499.0,True
2025-12-23,5,2,28,3499.0,False
2025-12-24,5,2,29,3499.0,False
2025-12-25,5,2,28,3499.0,False
2025-12-26,5,2,31,3499.0,False
2025-12-27,5,2,22,3499.0,False
2025-12-28,5,2,22,3499.0,False
2025-12-29,5,2,24,3499.0,False
2025-12-30,5,2,25,3499.0,False
2025-12-31,5,2,25,3499.0,False
2024-01-01,5,3,30,3499.0,False
2024-01-02,5,3,32,3499.0,False
2024-01-03,5,3,51,3499.0,False
2024-01-04,5,3,36,3499.0,False
2024-01-05,5,3,34,3499.0,False
2024-01-06,5,3,21,3499.0,False
2024-01-07,5,3,31,3499.0,False
2024-01-08,5,3,29,3499.0,False
2024-01-09,5,3,34,3499.0,False
2024-01-10,5,3,35,3499.0,False
2024-01-11,5,3,49,3499.0,False
2024-01-12,5,3,29,3499.0,False
2024-01-13,5,3,23,3499.0,False
2024-01-14,5,3,24,3499.0,False
2024-01-15,5,3,32,3499.0,False
2024-01-16,5,3,35,3499.0,False
2024-01-17,5,3,36,3499.0,False
2024-01-18,5,3,30,3499.0,False
2024-01-19,5,3,33,3499.0,False
2024-01-20,5,3,24,3499.0,False
2024-01-21,5,3,31,3499.0,False
2024-01-22,5,3,35,3499.0,False
2024-01-23,5,3,32,3499.0,False
2024-01-24,5,3,34,3499.0,False
2024-01-25,5,3,36,3499.0,False
2024-01-26,5,3,29,3499.0,False
2024-01-27,5,3,24,3499.0,False
2024-01-28,5,3,26,3499.0,False
2024-01-29,5,3,40,3499.0,False
2024-01-30,5,3,43,3499.0,False
2024-01-31,5,3,36,3499.0,False
2024-02-01,5,3,30,3499.0,False
2024-02-02,5,3,33,3499.0,False
2024-02-03,5,3,27,3499.0,False
2024-02-04,5,3,26,3499.0,False
2024-02-05,5,3,53,3499.0,False
2024-02-06,5,3,38,3499.0,False
2024-02-07,5,3,39,3499.0,False
2024-02-08,5,3,33,3499.0,False
2024-02-09,5,3,35,3499.0,False
2024-02-10,5,3,26,3499.0,False
2024-02-11,5,3,30,3499.0,False
2024-02-12,5,3,33,3499.0,False
2024-02-13,5,3,30,3499.0,False
2024-02-14,5,3,33,3499.0,False
2024-02-15,5,3,39,3499.0,False
2024-02-16,5,3,35,3499.0,False
2024-02-17,5,3,24,3499.0,False
2024-02-18,5,3,29,3499.0,False
2024-02-19,5,3,33,3499.0,False
2024-02-20,5,3,33,3499.0,False
2024-02-21,5,3,32,3499.0,False
2024-02-22,5,3,35,3499.0,False
2024-02-23,5,3,33,3499.0,False
2024-02-24,5,3,40,3499.0,True
2024-02-25,5,3,31,3499.0,False
2024-02-26,5,3,33,3499.0,False
2024-02-27,5,3,39,3499.0,False
2024-02-28,5,3,34,3499.0,False
2024-02-29,5,3,34,3499.0,False
2024-03-01,5,3,31,3499.0,False
2024-03-02,5,3,29,3499.0,False
2024-03-03,5,3,31,3499.0,False
2024-03-04,5,3,37,3499.0,False
2024-03-05,5,3,42,3499.0,False
2024-03-06,5,3,37,3499.0,False
2024-03-07,5,3,40,3499.0,False
2024-03-08,5,3,33,3499.0,False
2024-03-09,5,3,26,3499.0,False
2024-03-10,5,3,31,3499.0,False
2024-03-11,5,3,37,3499.0,False
2024-03-12,5,3,44,3499.0,False
2024-03-13,5,3,36,3499.0,False
2024-03-14,5,3,35,3499.0,False
2024-03-15,5,3,37,3499.0,False
2024-03-16,5,3,26,3499.0,False
2024-03-17,5,3,29,3499.0,False
2024-03-18,5,3,39,3499.0,False
2024-03-19,5,3,35,3499.0,False
2024-03-20,5,3,31,3499.0,False
2024-03-21,5,3,39,3499.0,False
2024-03-22,5,3,38,3499.0,False
2024-03-23,5,3,27,3499.0,False
2024-03-24,5,3,31,3499.0,False
2024-03-25,5,3,35,3499.0,False
2024-03-26,5,3,39,3499.0,False
2024-03-27,5,3,36,3499.0,False
2024-03-28,5,3,33,3499.0,False
2024-03-29,5,3,30,3499.0,False
2024-03-30,5,3,34,3499.0,False
2024-03-31,5,3,27,3499.0,False
2024-04-01,5,3,42,3499.0,False
2024-04-02,5,3,33,3499.0,False
2024-04-03,5,3,34,3499.0,False
2024-04-04,5,3,45,3499.0,True
2024-04-05,5,3,37,3499.0,False
2024-04-06,5,3,30,3499.0,False
2024-04-07,5,3,27,3499.0,False
2024-04-08,5,3,38,3499.0,False
2024-04-09,5,3,35,3499.0,False
2024-04-10,5,3,34,3499.0,False
2024-04-11,5,3,38,3499.0,False
2024-04-12,5,3,35,3499.0,False
2024-04-13,5,3,28,3499.0,False
2024-04-14,5,3,27,3499.0,False
2024-04-15,5,3,36,3499.0,False
2024-04-16,5,3,36,3499.0,False
2024-04-17,5,3,40,3499.0,False
2024-04-18,5,3,45,3499.0,False
2024-04-19,5,3,36,3499.0,False
2024-04-20,5,3,28,3499.0,False
2024-04-21,5,3,29,3499.0,False
2024-04-22,5,3,38,3499.0,False
2024-04-23,5,3,35,3499.0,False
2024-04-24,5,3,37,3499.0,False
2024-04-25,5,3,36,3499.0,False
2024-04-26,5,3,37,3499.0,False
2024-04-27,5,3,30,3499.0,False
2024-04-28,5,3,26,3499.0,False
2024-04-29,5,3,37,3499.0,False
2024-04-30,5,3,32,3499.0,False
2024-05-01,5,3,34,3499.0,False
2024-05-02,5,3,38,3499.0,False
2024-05-03,5,3,40,3499.0,False
2024-05-04,5,3,32,3499.0,False
2024-05-05,5,3,25,3499.0,False
2024-05-06,5,3,31,3499.0,False
2024-05-07,5,3,40,3499.0,False
2024-05-08,5,3,32,3499.0,False
2024-05-09,5,3,32,3499.0,False
2024-05-10,5,3,35,3499.0,False
2024-05-11,5,3,28,3499.0,False
2024-05-12,5,3,23,3499.0,False
2024-05-13,5,3,46,3499.0,True
2024-05-14,5,3,33,3499.0,False
2024-05-15,5,3,38,3499.0,False
2024-05-16,5,3,38,3499.0,False
2024-05-17,5,3,39,3499.0,False
2024-05-18,5,3,27,3499.0,False
2024-05-19,5,3,53,3499.0,False
2024-05-20,5,3,38,3499.0,False
2024-05-21,5,3,37,3499.0,False
2024-05-22,5,3,36,3499.0,False
2024-05-23,5,3,33,3499.0,False
2024-05-24,5,3,43,3499.0,False
2024-05-25,5,3,26,3499.0,False
2024-05-26,5,3,27,3499.0,False
2024-05-27,5,3,40,3499.0,False
2024-05-28,5,3,40,3499.0,False
2024-05-29,5,3,37,3499.0,False
2024-05-30,5,3,32,3499.0,False
2024-05-31,5,3,34,3499.0,False
2024-06-01,5,3,26,3499.0,False
2024-06-02,5,3,37,3499.0,True
2024-06-03,5,3,53,3499.0,True
2024-06-04,5,3,54,3499.0,True
2024-06-05,5,3,35,3499.0,False
2024-06-06,5,3,32,3499.0,False
2024-06-07,5,3,40,3499.0,False
2024-06-08,5,3,29,3499.0,False
2024-06-09,5,3,25,3499.0,False
2024-06-10,5,3,37,3499.0,False
2024-06-11,5,3,34,3499.0,False
2024-06-12,5,3,32,3499.0,False
2024-06-13,5,3,32,3499.0,False
2024-06-14,5,3,31,3499.0,False
2024-06-15,5,3,33,3499.0,False
2024-06-16,5,3,27,3499.0,False
2024-06-17,5,3,39,3499.0,False
2024-06-18,5,3,36,3499.0,False
2024-06-19,5,3,40,3499.0,False
2024-06-20,5,3,37,3499.0,False
2024-06-21,5,3,39,3499.0,True
2024-06-22,5,3,25,3499.0,False
2024-06-23,5,3,24,3499.0,False
2024-06-24,5,3,36,3499.0,False
2024-06-25,5,3,36,3499.0,False
2024-06-26,5,3,40,3499.0,False
2024-06-27,5,3,37,3499.0,False
2024-06-28,5,3,28,3499.0,False
2024-06-29,5,3,26,3499.0,False
2024-06-30,5,3,25,3499.0,False
2024-07-01,5,3,30,3499.0,False
2024-07-02,5,3,34,3499.0,False
2024-07-03,5,3,48,3499.0,True
2024-07-04,5,3,43,3499.0,True
2024-07-05,5,3,32,3499.0,False
2024-07-06,5,3,25,3499.0,False
2024-07-07,5,3,24,3499.0,False
2024-07-08,5,3,33,3499.0,False
2024-07-09,5,3,35,3499.0,False
2024-07-10,5,3,33,3499.0,False
2024-07-11,5,3,40,3499.0,False
2024-07-12,5,3,43,3499.0,True
2024-07-13,5,3,31,3499.0,False
2024-07-14,5,3,51,3499.0,False
2024-07-15,5,3,34,3499.0,False
2024-07-16,5,3,28,3499.0,False
2024-07-17,5,3,28,3499.0,False
2024-07-18,5,3,36,3499.0,False
2024-07-19,5,3,33,3499.0,False
2024-07-20,5,3,22,3499.0,True
2024-07-21,5,3,27,3499.0,False
2024-07-22,5,3,32,3499.0,False
2024-07-23,5,3,29,3499.0,False
2024-07-24,5,3,31,3499.0,False
2024-07-25,5,3,36,3499.0,False
2024-07-26,5,3,26,3499.0,False
2024-07-27,5,3,25,3499.0,False
2024-07-28,5,3,27,3499.0,False
2024-07-29,5,3,40,3499.0,False
2024-07-30,5,3,30,3499.0,False
2024-07-31,5,3,32,3499.0,False
2024-08-01,5,3,28,3499.0,False
2024-08-02,5,3,33,3499.0,False
2024-08-03,5,3,20,3499.0,False
2024-08-04,5,3,30,3499.0,True
2024-08-05,5,3,32,3499.0,False
2024-08-06,5,3,28,3499.0,False
2024-08-07,5,3,31,3499.0,False
2024-08-08,5,3,30,3499.0,False
2024-08-09,5,3,31,3499.0,False
2024-08-10,5,3,23,3499.0,False
2024-08-11,5,3,25,3499.0,False
2024-08-12,5,3,29,3499.0,False
2024-08-13,5,3,33,3499.0,False
2024-08-14,5,3,32,3499.0,False
2024-08-15,5,3,31,3499.0,False
2024-08-16,5,3,31,3499.0,False
2024-08-17,5,3,23,3499.0,False
2024-08-18,5,3,26,3499.0,False
2024-08-19,5,3,27,3499.0,False
2024-08-20,5,3,34,3499.0,False
2024-08-21,5,3,30,3499.0,False
2024-08-22,5,3,27,3499.0,False
2024-08-23,5,3,35,3499.0,False
2024-08-24,5,3,24,3499.0,False
2024-08-25,5,3,22,3499.0,False
2024-08-26,5,3,36,3499.0,False
2024-08-27,5,3,28,3499.0,False
2024-08-28,5,3,30,3499.0,False
2024-08-29,5,3,27,3499.0,False
2024-08-30,5,3,29,3499.0,False
2024-08-31,5,3,24,3499.0,False
2024-09-01,5,3,21,3499.0,False
2024-09-02,5,3,32,3499.0,False
2024-09-03,5,3,23,3499.0,False
2024-09-04,5,3,30,3499.0,False
2024-09-05,5,3,35,3499.0,True
2024-09-06,5,3,30,3499.0,False
2024-09-07,5,3,21,3499.0,False
2024-09-08,5,3,23,3499.0,False
2024-09-09,5,3,31,3499.0,False
2024-09-10,5,3,29,3499.0,False
2024-09-11,5,3,26,3499.0,False
2024-09-12,5,3,26,3499.0,False
2024-09-13,5,3,32,3499.0,False
2024-09-14,5,3,24,3499.0,False
2024-09-15,5,3,24,3499.0,False
2024-09-16,5,3,34,3499.0,False
2024-09-17,5,3,31,3499.0,False
2024-09-18,5,3,30,3499.0,False
2024-09-19,5,3,26,3499.0,False
2024-09-20,5,3,33,3499.0,False
2024-09-21,5,3,37,3499.0,False
2024-09-22,5,3,22,3499.0,False
2024-09-23,5,3,35,3499.0,False
2024-09-24,5,3,31,3499.0,False
2024-09-25,5,3,34,3499.0,False
2024-09-26,5,3,32,3499.0,False
2024-09-27,5,3,29,3499.0,False
2024-09-28,5,3,26,3499.0,False
2024-09-29,5,3,20,3499.0,False
2024-09-30,5,3,33,3499.0,False
2024-10-01,5,3,32,3499.0,False
2024-10-02,5,3,33,3499.0,False
2024-10-03,5,3,35,3499.0,False
2024-10-04,5,3,29,3499.0,False
2024-10-05,5,3,34,3499.0,False
2024-10-06,5,3,24,3499.0,False
2024-10-07,5,3,29,3499.0,False
2024-10-08,5,3,30,3499.0,False
2024-10-09,5,3,35,3499.0,False
2024-10-10,5,3,35,3499.0,False
2024-10-11,5,3,30,3499.0,False
2024-10-12,5,3,24,3499.0,False
2024-10-13,5,3,21,3499.0,False
2024-10-14,5,3,35,3499.0,False
2024-10-15,5,3,30,3499.0,False
2024-10-16,5,3,50,3499.0,False
2024-10-17,5,3,26,3499.0,False
2024-10-18,5,3,29,3499.0,False
2024-10-19,5,3,24,3499.0,False
2024-10-20,5,3,25,3499.0,False
2024-10-21,5,3,33,3499.0,False
2024-10-22,5,3,30,3499.0,False
2024-10-23,5,3,48,3499.0,False
2024-10-24,5,3,29,3499.0,False
2024-10-25,5,3,33,3499.0,False
2024-10-26,5,3,22,3499.0,False
2024-10-27,5,3,29,3499.0,False
2024-10-28,5,3,26,3499.0,False
2024-10-29,5,3,28,3499.0,False
2024-10-30,5,3,32,3499.0,False
2024-10-31,5,3,32,3499.0,False
2024-11-01,5,3,30,3499.0,False
2024-11-02,5,3,26,3499.0,False
2024-11-03,5,3,20,3499.0,False
2024-11-04,5,3,37,3499.0,False
2024-11-05,5,3,28,3499.0,False
2024-11-06,5,3,33,3499.0,False
2024-11-07,5,3,24,3499.0,False
2024-11-08,5,3,31,3499.0,False
2024-11-09,5,3,23,3499.0,False
2024-11-10,5,3,23,3499.0,False
2024-11-11,5,3,31,3499.0,False
2024-11-12,5,3,29,3499.0,False
2024-11-13,5,3,32,3499.0,False
2024-11-14,5,3,37,3499.0,False
2024-11-15,5,3,28,3499.0,False
2024-11-16,5,3,23,3499.0,False
2024-11-17,5,3,24,3499.0,False
2024-11-18,5,3,26,3499.0,False
2024-11-19,5,3,30,3499.0,False
2024-11-20,5,3,33,3499.0,False
2024-11-21,5,3,29,3499.0,False
2024-11-22,5,3,30,3499.0,False
2024-11-23,5,3,23,3499.0,False
2024-11-24,5,3,21,3499.0,False
2024-11-25,5,3,40,3499.0,True
2024-11-26,5,3,45,3499.0,True
2024-11-27,5,3,31,3499.0,False
2024-11-28,5,3,28,3499.0,False
2024-11-29,5,3,31,3499.0,False
2024-11-30,5,3,23,3499.0,False
2024-12-01,5,3,18,3499.0,False
2024-12-02,5,3,36,3499.0,False
2024-12-03,5,3,35,3499.0,False
2024-12-04,5,3,40,3499.0,False
2024-12-05,5,3,30,3499.0,False
2024-12-06,5,3,25,3499.0,False
2024-12-07,5,3,26,3499.0,False
2024-12-08,5,3,27,3499.0,False
2024-12-09,5,3,28,3499.0,False
2024-12-10,5,3,30,3499.0,False
2024-12-11,5,3,38,3499.0,False
2024-12-12,5,3,30,3499.0,False
2024-12-13,5,3,28,3499.0,False
2024-12-14,5,3,22,3499.0,False
2024-12-15,5,3,20,3499.0,False
2024-12-16,5,3,32,3499.0,False
2024-12-17,5,3,31,3499.0,False
2024-12-18,5,3,35,3499.0,False
2024-12-19,5,3,30,3499.0,False
2024-12-20,5,3,30,3499.0,False
2024-12-21,5,3,26,3499.0,False
2024-12-22,5,3,29,3499.0,False
2024-12-23,5,3,31,3499.0,False
2024-12-24,5,3,32,3499.0,False
2024-12-25,5,3,36,3499.0,False
2024-12-26,5,3,33,3499.0,False
2024-12-27,5,3,46,3499.0,True
2024-12-28,5,3,25,3499.0,False
2024-12-29,5,3,28,3499.0,False
2024-12-30,5,3,35,3499.0,False
2024-12-31,5,3,29,3499.0,False
2025-01-01,5,3,30,3499.0,False
2025-01-02,5,3,39,3499.0,False
2025-01-03,5,3,38,3499.0,False
2025-01-04,5,3,33,3499.0,False
2025-01-05,5,3,29,3499.0,False
2025-01-06,5,3,30,3499.0,False
2025-01-07,5,3,36,3499.0,False
2025-01-08,5,3,31,3499.0,False
2025-01-09,5,3,34,3499.0,False
2025-01-10,5,3,35,3499.0,False
2025-01-11,5,3,22,3499.0,False
2025-01-12,5,3,31,3499.0,False
2025-01-13,5,3,32,3499.0,False
2025-01-14,5,3,32,3499.0,False
2025-01-15,5,3,37,3499.0,False
2025-01-16,5,3,35,3499.0,False
2025-01-17,5,3,34,3499.0,False
2025-01-18,5,3,31,3499.0,False
2025-01-19,5,3,25,3499.0,False
2025-01-20,5,3,36,3499.0,False
2025-01-21,5,3,36,3499.0,False
2025-01-22,5,3,33,3499.0,False
2025-01-23,5,3,55,3499.0,True
2025-01-24,5,3,30,3499.0,False
2025-01-25,5,3,51,3499.0,True
2025-01-26,5,3,35,3499.0,True
2025-01-27,5,3,38,3499.0,False
2025-01-28,5,3,28,3499.0,False
2025-01-29,5,3,34,3499.0,False
2025-01-30,5,3,31,3499.0,True
2025-01-31,5,3,40,3499.0,False
2025-02-01,5,3,26,3499.0,False
2025-02-02,5,3,26,3499.0,False
2025-02-03,5,3,40,3499.0,False
2025-02-04,5,3,37,3499.0,False
2025-02-05,5,3,32,3499.0,False
2025-02-06,5,3,37,3499.0,False
2025-02-07,5,3,36,3499.0,False
2025-02-08,5,3,26,3499.0,False
2025-02-09,5,3,27,3499.0,False
2025-02-10,5,3,40,3499.0,False
2025-02-11,5,3,36,3499.0,False
2025-02-12,5,3,32,3499.0,False
2025-02-13,5,3,33,3499.0,False
2025-02-14,5,3,33,3499.0,False
2025-02-15,5,3,36,3499.0,True
2025-02-16,5,3,23,3499.0,False
2025-02-17,5,3,48,3499.0,True
2025-02-18,5,3,35,3499.0,False
2025-02-19,5,3,35,3499.0,False
2025-02-20,5,3,33,3499.0,False
2025-02-21,5,3,30,3499.0,False
2025-02-22,5,3,27,3499.0,False
2025-02-23,5,3,28,3499.0,False
2025-02-24,5,3,31,3499.0,False
2025-02-25,5,3,33,3499.0,False
2025-02-26,5,3,33,3499.0,False
2025-02-27,5,3,37,3499.0,False
2025-02-28,5,3,39,3499.0,False
2025-03-01,5,3,26,3499.0,False
2025-03-02,5,3,27,3499.0,False
2025-03-03,5,3,36,3499.0,False
2025-03-04,5,3,40,3499.0,False
2025-03-05,5,3,43,3499.0,False
2025-03-06,5,3,38,3499.0,False
2025-03-07,5,3,35,3499.0,False
2025-03-08,5,3,29,3499.0,False
2025-03-09,5,3,27,3499.0,False
2025-03-10,5,3,40,3499.0,False
2025-03-11,5,3,36,3499.0,False
2025-03-12,5,3,37,3499.0,False
2025-03-13,5,3,39,3499.0,False
2025-03-14,5,3,40,3499.0,False
2025-03-15,5,3,26,3499.0,False
2025-03-16,5,3,24,3499.0,False
2025-03-17,5,3,36,3499.0,False
2025-03-18,5,3,35,3499.0,False
2025-03-19,5,3,37,3499.0,False
2025-03-20,5,3,33,3499.0,False
2025-03-21,5,3,33,3499.0,False
2025-03-22,5,3,25,3499.0,False
2025-03-23,5,3,30,3499.0,False
2025-03-24,5,3,34,3499.0,False
2025-03-25,5,3,38,3499.0,False
2025-03-26,5,3,41,3499.0,False
2025-03-27,5,3,35,3499.0,False
2025-03-28,5,3,47,3499.0,False
2025-03-29,5,3,32,3499.0,False
2025-03-30,5,3,40,3499.0,False
2025-03-31,5,3,35,3499.0,False
2025-04-01,5,3,36,3499.0,False
2025-04-02,5,3,44,3499.0,False
2025-04-03,5,3,30,3499.0,False
2025-04-04,5,3,33,3499.0,False
2025-04-05,5,3,31,3499.0,False
2025-04-06,5,3,30,3499.0,False
2025-04-07,5,3,36,3499.0,False
2025-04-08,5,3,36,3499.0,False
2025-04-09,5,3,33,3499.0,False
2025-04-10,5,3,40,3499.0,False
2025-04-11,5,3,30,3499.0,False
2025-04-12,5,3,32,3499.0,False
2025-04-13,5,3,30,3499.0,False
2025-04-14,5,3,38,3499.0,False
2025-04-15,5,3,40,3499.0,False
2025-04-16,5,3,40,3499.0,False
2025-04-17,5,3,46,3499.0,False
2025-04-18,5,3,33,3499.0,False
2025-04-19,5,3,27,3499.0,False
2025-04-20,5,3,31,3499.0,False
2025-04-21,5,3,43,3499.0,False
2025-04-22,5,3,40,3499.0,False
2025-04-23,5,3,34,3499.0,False
2025-04-24,5,3,43,3499.0,False
2025-04-25,5,3,38,3499.0,False
2025-04-26,5,3,33,3499.0,False
2025-04-27,5,3,27,3499.0,False
2025-04-28,5,3,37,3499.0,False
2025-04-29,5,3,35,3499.0,False
2025-04-30,5,3,52,3499.0,True
2025-05-01,5,3,40,3499.0,False
2025-05-02,5,3,50,3499.0,True
2025-05-03,5,3,25,3499.0,False
2025-05-04,5,3,28,3499.0,False
2025-05-05,5,3,41,3499.0,False
2025-05-06,5,3,35,3499.0,False
2025-05-07,5,3,46,3499.0,True
2025-05-08,5,3,38,3499.0,False
2025-05-09,5,3,39,3499.0,False
2025-05-10,5,3,32,3499.0,False
2025-05-11,5,3,25,3499.0,False
2025-05-12,5,3,39,3499.0,False
2025-05-13,5,3,39,3499.0,False
2025-05-14,5,3,44,3499.0,False
2025-05-15,5,3,36,3499.0,False
2025-05-16,5,3,29,3499.0,False
2025-05-17,5,3,31,3499.0,False
2025-05-18,5,3,31,3499.0,False
2025-05-19,5,3,38,3499.0,False
2025-05-20,5,3,31,3499.0,False
2025-05-21,5,3,35,3499.0,False
2025-05-22,5,3,53,3499.0,True
2025-05-23,5,3,36,3499.0,False
2025-05-24,5,3,29,3499.0,False
2025-05-25,5,3,26,3499.0,False
2025-05-26,5,3,44,3499.0,False
2025-05-27,5,3,43,3499.0,False
2025-05-28,5,3,35,3499.0,False
2025-05-29,5,3,36,3499.0,False
2025-05-30,5,3,38,3499.0,False
2025-05-31,5,3,28,3499.0,False
2025-06-01,5,3,24,3499.0,False
2025-06-02,5,3,39,3499.0,False
2025-06-03,5,3,33,3499.0,False
2025-06-04,5,3,39,3499.0,False
2025-06-05,5,3,32,3499.0,False
2025-06-06,5,3,34,3499.0,False
2025-06-07,5,3,26,3499.0,False
2025-06-08,5,3,34,3499.0,True
2025-06-09,5,3,31,3499.0,False
2025-06-10,5,3,36,3499.0,False
2025-06-11,5,3,54,3499.0,True
2025-06-12,5,3,36,3499.0,False
2025-06-13,5,3,33,3499.0,False
2025-06-14,5,3,31,3499.0,False
2025-06-15,5,3,29,3499.0,False
2025-06-16,5,3,38,3499.0,False
2025-06-17,5,3,36,3499.0,False
2025-06-18,5,3,37,3499.0,False
2025-06-19,5,3,34,3499.0,False
2025-06-20,5,3,40,3499.0,False
2025-06-21,5,3,23,3499.0,False
2025-06-22,5,3,24,3499.0,False
2025-06-23,5,3,37,3499.0,False
2025-06-24,5,3,33,3499.0,False
2025-06-25,5,3,35,3499.0,False
2025-06-26,5,3,41,3499.0,False
2025-06-27,5,3,34,3499.0,False
2025-06-28,5,3,39,3499.0,True
2025-06-29,5,3,28,3499.0,False
2025-06-30,5,3,34,3499.0,False
2025-07-01,5,3,32,3499.0,False
2025-07-02,5,3,33,3499.0,False
2025-07-03,5,3,31,3499.0,False
2025-07-04,5,3,41,3499.0,False
2025-07-05,5,3,27,3499.0,False
2025-07-06,5,3,24,3499.0,False
2025-07-07,5,3,30,3499.0,False
2025-07-08,5,3,32,3499.0,False
2025-07-09,5,3,37,3499.0,False
2025-07-10,5,3,38,3499.0,False
2025-07-11,5,3,35,3499.0,False
2025-07-12,5,3,23,3499.0,False
2025-07-13,5,3,26,3499.0,False
2025-07-14,5,3,40,3499.0,False
2025-07-15,5,3,35,3499.0,False
2025-07-16,5,3,29,3499.0,False
2025-07-17,5,3,32,3499.0,False
2025-07-18,5,3,32,3499.0,False
2025-07-19,5,3,29,3499.0,False
2025-07-20,5,3,31,3499.0,False
2025-07-21,5,3,44,3499.0,False
2025-07-22,5,3,30,3499.0,False
2025-07-23,5,3,55,3499.0,True
2025-07-24,5,3,40,3499.0,False
2025-07-25,5,3,36,3499.0,False
2025-07-26,5,3,24,3499.0,False
2025-07-27,5,3,28,3499.0,False
2025-07-28,5,3,34,3499.0,False
2025-07-29,5,3,36,3499.0,False
2025-07-30,5,3,30,3499.0,False
2025-07-31,5,3,37,3499.0,False
2025-08-01,5,3,48,3499.0,True
2025-08-02,5,3,25,3499.0,False
2025-08-03,5,3,37,3499.0,False
2025-08-04,5,3,28,3499.0,False
2025-08-05,5,3,29,3499.0,False
2025-08-06,5,3,29,3499.0,False
2025-08-07,5,3,26,3499.0,False
2025-08-08,5,3,29,3499.0,False
2025-08-09,5,3,26,3499.0,False
2025-08-10,5,3,40,3499.0,True
2025-08-11,5,3,30,3499.0,False
2025-08-12,5,3,31,3499.0,False
2025-08-13,5,3,34,3499.0,False
2025-08-14,5,3,35,3499.0,False
2025-08-15,5,3,33,3499.0,False
2025-08-16,5,3,39,3499.0,True
2025-08-17,5,3,28,3499.0,False
2025-08-18,5,3,31,3499.0,False
2025-08-19,5,3,34,3499.0,False
2025-08-20,5,3,29,3499.0,False
2025-08-21,5,3,26,3499.0,False
2025-08-22,5,3,32,3499.0,False
2025-08-23,5,3,24,3499.0,False
2025-08-24,5,3,25,3499.0,False
2025-08-25,5,3,31,3499.0,False
2025-08-26,5,3,31,3499.0,False
2025-08-27,5,3,27,3499.0,False
2025-08-28,5,3,30,3499.0,False
2025-08-29,5,3,26,3499.0,False
2025-08-30,5,3,27,3499.0,False
2025-08-31,5,3,26,3499.0,False
2025-09-01,5,3,35,3499.0,False
2025-09-02,5,3,60,3499.0,False
2025-09-03,5,3,28,3499.0,False
2025-09-04,5,3,26,3499.0,False
2025-09-05,5,3,35,3499.0,False
2025-09-06,5,3,22,3499.0,False
2025-09-07,5,3,32,3499.0,True
2025-09-08,5,3,48,3499.0,False
2025-09-09,5,3,36,3499.0,False
2025-09-10,5,3,26,3499.0,False
2025-09-11,5,3,29,3499.0,False
2025-09-12,5,3,34,3499.0,False
2025-09-13,5,3,22,3499.0,False
2025-09-14,5,3,21,3499.0,False
2025-09-15,5,3,30,3499.0,False
2025-09-16,5,3,26,3499.0,False
2025-09-17,5,3,29,3499.0,False
2025-09-18,5,3,26,3499.0,False
2025-09-19,5,3,30,3499.0,False
2025-09-20,5,3,24,3499.0,False
2025-09-21,5,3,22,3499.0,False
2025-09-22,5,3,35,3499.0,False
2025-09-23,5,3,32,3499.0,False
2025-09-24,5,3,36,3499.0,False
2025-09-25,5,3,26,3499.0,False
2025-09-26,5,3,40,3499.0,True
2025-09-27,5,3,23,3499.0,False
2025-09-28,5,3,26,3499.0,False
2025-09-29,5,3,32,3499.0,False
2025-09-30,5,3,28,3499.0,False
2025-10-01,5,3,31,3499.0,False
2025-10-02,5,3,26,3499.0,False
2025-10-03,5,3,31,3499.0,False
2025-10-04,5,3,26,3499.0,False
2025-10-05,5,3,25,3499.0,False
2025-10-06,5,3,35,3499.0,False
2025-10-07,5,3,34,3499.0,False
2025-10-08,5,3,35,3499.0,False
2025-10-09,5,3,35,3499.0,False
2025-10-10,5,3,31,3499.0,False
2025-10-11,5,3,27,3499.0,True
2025-10-12,5,3,26,3499.0,False
2025-10-13,5,3,37,3499.0,False
2025-10-14,5,3,29,3499.0,False
2025-10-15,5,3,31,3499.0,False
2025-10-16,5,3,30,3499.0,False
2025-10-17,5,3,35,3499.0,False
2025-10-18,5,3,21,3499.0,False
2025-10-19,5,3,40,3499.0,True
2025-10-20,5,3,34,3499.0,False
2025-10-21,5,3,27,3499.0,False
2025-10-22,5,3,29,3499.0,False
2025-10-23,5,3,33,3499.0,False
2025-10-24,5,3,27,3499.0,False
2025-10-25,5,3,21,3499.0,False
2025-10-26,5,3,25,3499.0,False
2025-10-27,5,3,35,3499.0,True
2025-10-28,5,3,35,3499.0,False
2025-10-29,5,3,28,3499.0,False
2025-10-30,5,3,34,3499.0,False
2025-10-31,5,3,32,3499.0,False
2025-11-01,5,3,25,3499.0,False
2025-11-02,5,3,19,3499.0,False
2025-11-03,5,3,36,3499.0,False
2025-11-04,5,3,36,3499.0,False
2025-11-05,5,3,35,3499.0,False
2025-11-06,5,3,26,3499.0,False
2025-11-07,5,3,32,3499.0,False
2025-11-08,5,3,27,3499.0,False
2025-11-09,5,3,23,3499.0,False
2025-11-10,5,3,35,3499.0,False
2025-11-11,5,3,34,3499.0,False
2025-11-12,5,3,30,3499.0,False
2025-11-13,5,3,40,3499.0,False
2025-11-14,5,3,31,3499.0,False
2025-11-15,5,3,22,3499.0,False
2025-11-16,5,3,26,3499.0,False
2025-11-17,5,3,30,3499.0,False
2025-11-18,5,3,31,3499.0,False
2025-11-19,5,3,32,3499.0,False
2025-11-20,5,3,30,3499.0,False
2025-11-21,5,3,32,3499.0,False
2025-11-22,5,3,24,3499.0,False
2025-11-23,5,3,25,3499.0,False
2025-11-24,5,3,38,3499.0,False
2025-11-25,5,3,30,3499.0,False
2025-11-26,5,3,31,3499.0,False
2025-11-27,5,3,45,3499.0,True
2025-11-28,5,3,28,3499.0,False
2025-11-29,5,3,22,3499.0,False
2025-11-30,5,3,23,3499.0,False
2025-12-01,5,3,33,3499.0,False
2025-12-02,5,3,32,3499.0,False
2025-12-03,5,3,30,3499.0,False
2025-12-04,5,3,31,3499.0,False
2025-12-05,5,3,32,3499.0,False
2025-12-06,5,3,34,3499.0,False
2025-12-07,5,3,29,3499.0,False
2025-12-08,5,3,31,3499.0,False
2025-12-09,5,3,32,3499.0,False
2025-12-10,5,3,34,3499.0,False
2025-12-11,5,3,32,3499.0,False
2025-12-12,5,3,42,3499.0,True
2025-12-13,5,3,24,3499.0,False
2025-12-14,5,3,24,3499.0,False
2025-12-15,5,3,29,3499.0,False
2025-12-16,5,3,27,3499.0,False
2025-12-17,5,3,35,3499.0,False
2025-12-18,5,3,35,3499.0,False
2025-12-19,5,3,27,3499.0,False
2025-12-20,5,3,24,3499.0,False
2025-12-21,5,3,26,3499.0,False
2025-12-22,5,3,30,3499.0,False
2025-12-23,5,3,31,3499.0,False
2025-12-24,5,3,36,3499.0,False
2025-12-25,5,3,32,3499.0,False
2025-12-26,5,3,36,3499.0,False
2025-12-27,5,3,24,3499.0,False
2025-12-28,5,3,28,3499.0,False
2025-12-29,5,3,29,3499.0,False
2025-12-30,5,3,36,3499.0,False
2025-12-31,5,3,35,3499.0,False
2024-01-01,6,1,38,1999.0,False
2024-01-02,6,1,35,1999.0,False
2024-01-03,6,1,40,1999.0,False
2024-01-04,6,1,39,1999.0,False
2024-01-05,6,1,42,1999.0,False
2024-01-06,6,1,33,1999.0,False
2024-01-07,6,1,29,1999.0,False
2024-01-08,6,1,40,1999.0,False
2024-01-09,6,1,37,1999.0,False
2024-01-10,6,1,41,1999.0,False
2024-01-11,6,1,41,1999.0,False
2024-01-12,6,1,38,1999.0,False
2024-01-13,6,1,27,1999.0,False
2024-01-14,6,1,27,1999.0,False
2024-01-15,6,1,40,1999.0,False
2024-01-16,6,1,39,1999.0,False
2024-01-17,6,1,35,1999.0,False
2024-01-18,6,1,46,1999.0,False
2024-01-19,6,1,38,1999.0,False
2024-01-20,6,1,29,1999.0,False
2024-01-21,6,1,27,1999.0,False
2024-01-22,6,1,39,1999.0,False
2024-01-23,6,1,39,1999.0,False
2024-01-24,6,1,39,1999.0,False
2024-01-25,6,1,38,1999.0,False
2024-01-26,6,1,60,1999.0,False
2024-01-27,6,1,26,1999.0,False
2024-01-28,6,1,31,1999.0,False
2024-01-29,6,1,43,1999.0,False
2024-01-30,6,1,68,1999.0,False
2024-01-31,6,1,39,1999.0,False
2024-02-01,6,1,47,1999.0,False
2024-02-02,6,1,35,1999.0,False
2024-02-03,6,1,30,1999.0,False
2024-02-04,6,1,32,1999.0,False
2024-02-05,6,1,42,1999.0,False
2024-02-06,6,1,40,1999.0,False
2024-02-07,6,1,40,1999.0,False
2024-02-08,6,1,39,1999.0,False
2024-02-09,6,1,41,1999.0,False
2024-02-10,6,1,38,1999.0,False
2024-02-11,6,1,51,1999.0,True
2024-02-12,6,1,47,1999.0,True
2024-02-13,6,1,46,1999.0,False
2024-02-14,6,1,47,1999.0,False
2024-02-15,6,1,43,1999.0,False
2024-02-16,6,1,44,1999.0,False
2024-02-17,6,1,30,1999.0,False
2024-02-18,6,1,32,1999.0,False
2024-02-19,6,1,39,1999.0,False
2024-02-20,6,1,37,1999.0,False
2024-02-21,6,1,46,1999.0,False
2024-02-22,6,1,49,1999.0,False
2024-02-23,6,1,44,1999.0,False
2024-02-24,6,1,37,1999.0,False
2024-02-25,6,1,64,1999.0,False
2024-02-26,6,1,59,1999.0,False
2024-02-27,6,1,40,1999.0,False
2024-02-28,6,1,45,1999.0,False
2024-02-29,6,1,63,1999.0,True
2024-03-01,6,1,54,1999.0,False
2024-03-02,6,1,35,1999.0,False
2024-03-03,6,1,35,1999.0,False
2024-03-04,6,1,45,1999.0,False
2024-03-05,6,1,39,1999.0,False
2024-03-06,6,1,44,1999.0,False
2024-03-07,6,1,48,1999.0,False
2024-03-08,6,1,40,1999.0,False
2024-03-09,6,1,36,1999.0,False
2024-03-10,6,1,37,1999.0,False
2024-03-11,6,1,52,1999.0,False
2024-03-12,6,1,40,1999.0,False
2024-03-13,6,1,39,1999.0,False
2024-03-14,6,1,42,1999.0,False
2024-03-15,6,1,46,1999.0,False
2024-03-16,6,1,39,1999.0,False
2024-03-17,6,1,33,1999.0,False
2024-03-18,6,1,48,1999.0,False
2024-03-19,6,1,47,1999.0,False
2024-03-20,6,1,41,1999.0,False
2024-03-21,6,1,51,1999.0,True
2024-03-22,6,1,44,1999.0,False
2024-03-23,6,1,30,1999.0,False
2024-03-24,6,1,35,1999.0,False
2024-03-25,6,1,34,1999.0,False
2024-03-26,6,1,36,1999.0,False
2024-03-27,6,1,45,1999.0,False
2024-03-28,6,1,35,1999.0,False
2024-03-29,6,1,54,1999.0,False
2024-03-30,6,1,40,1999.0,False
2024-03-31,6,1,33,1999.0,False
2024-04-01,6,1,46,1999.0,False
2024-04-02,6,1,49,1999.0,False
2024-04-03,6,1,48,1999.0,False
2024-04-04,6,1,49,1999.0,False
2024-04-05,6,1,41,1999.0,False
2024-04-06,6,1,38,1999.0,False
2024-04-07,6,1,36,1999.0,False
2024-04-08,6,1,49,1999.0,False
2024-04-09,6,1,47,1999.0,False
2024-04-10,6,1,48,1999.0,False
2024-04-11,6,1,54,1999.0,False
2024-04-12,6,1,47,1999.0,False
2024-04-13,6,1,41,1999.0,False
2024-04-14,6,1,30,1999.0,False
2024-04-15,6,1,52,1999.0,False
2024-04-16,6,1,51,1999.0,False
2024-04-17,6,1,48,1999.0,False
2024-04-18,6,1,41,1999.0,False
2024-04-19,6,1,41,1999.0,False
2024-04-20,6,1,40,1999.0,False
2024-04-21,6,1,44,1999.0,False
2024-04-22,6,1,44,1999.0,False
2024-04-23,6,1,67,1999.0,True
2024-04-24,6,1,42,1999.0,False
2024-04-25,6,1,38,1999.0,False
2024-04-26,6,1,54,1999.0,False
2024-04-27,6,1,33,1999.0,False
2024-04-28,6,1,35,1999.0,False
2024-04-29,6,1,55,1999.0,False
2024-04-30,6,1,42,1999.0,False
2024-05-01,6,1,50,1999.0,False
2024-05-02,6,1,47,1999.0,False
2024-05-03,6,1,45,1999.0,False
2024-05-04,6,1,32,1999.0,False
2024-05-05,6,1,35,1999.0,False
2024-05-06,6,1,40,1999.0,False
2024-05-07,6,1,49,1999.0,False
2024-05-08,6,1,47,1999.0,False
2024-05-09,6,1,40,1999.0,False
2024-05-10,6,1,41,1999.0,False
2024-05-11,6,1,32,1999.0,False
2024-05-12,6,1,36,1999.0,False
2024-05-13,6,1,56,1999.0,True
2024-05-14,6,1,45,1999.0,False
2024-05-15,6,1,54,1999.0,False
2024-05-16,6,1,44,1999.0,False
2024-05-17,6,1,39,1999.0,False
2024-05-18,6,1,38,1999.0,False
2024-05-19,6,1,45,1999.0,True
2024-05-20,6,1,40,1999.0,False
2024-05-21,6,1,41,1999.0,False
2024-05-22,6,1,38,1999.0,False
2024-05-23,6,1,51,1999.0,False
2024-05-24,6,1,48,1999.0,False
2024-05-25,6,1,37,1999.0,False
2024-05-26,6,1,37,1999.0,False
2024-05-27,6,1,38,1999.0,False
2024-05-28,6,1,45,1999.0,False
2024-05-29,6,1,47,1999.0,False
2024-05-30,6,1,44,1999.0,False
2024-05-31,6,1,43,1999.0,False
2024-06-01,6,1,28,1999.0,False
2024-06-02,6,1,33,1999.0,False
2024-06-03,6,1,45,1999.0,False
2024-06-04,6,1,66,1999.0,False
2024-06-05,6,1,45,1999.0,False
2024-06-06,6,1,43,1999.0,False
2024-06-07,6,1,39,1999.0,False
2024-06-08,6,1,31,1999.0,False
2024-06-09,6,1,40,1999.0,False
2024-06-10,6,1,57,1999.0,True
2024-06-11,6,1,43,1999.0,False
2024-06-12,6,1,36,1999.0,False
2024-06-13,6,1,42,1999.0,False
2024-06-14,6,1,46,1999.0,False
2024-06-15,6,1,52,1999.0,True
2024-06-16,6,1,33,1999.0,False
2024-06-17,6,1,41,1999.0,False
2024-06-18,6,1,45,1999.0,False
2024-06-19,6,1,43,1999.0,False
2024-06-20,6,1,39,1999.0,False
2024-06-21,6,1,43,1999.0,False
2024-06-22,6,1,34,1999.0,False
2024-06-23,6,1,33,1999.0,False
2024-06-24,6,1,45,1999.0,False
2024-06-25,6,1,40,1999.0,False
2024-06-26,6,1,49,1999.0,False
2024-06-27,6,1,43,1999.0,False
2024-06-28,6,1,39,1999.0,False
2024-06-29,6,1,38,1999.0,False
2024-06-30,6,1,30,1999.0,False
2024-07-01,6,1,41,1999.0,False
2024-07-02,6,1,38,1999.0,False
2024-07-03,6,1,43,1999.0,False
2024-07-04,6,1,39,1999.0,False
2024-07-05,6,1,38,1999.0,False
2024-07-06,6,1,40,1999.0,True
2024-07-07,6,1,33,1999.0,False
2024-07-08,6,1,41,1999.0,False
2024-07-09,6,1,36,1999.0,False
2024-07-10,6,1,44,1999.0,False
2024-07-11,6,1,35,1999.0,False
2024-07-12,6,1,83,1999.0,False
2024-07-13,6,1,34,1999.0,False
2024-07-14,6,1,37,1999.0,False
2024-07-15,6,1,41,1999.0,False
2024-07-16,6,1,38,1999.0,False
2024-07-17,6,1,40,1999.0,False
2024-07-18,6,1,41,1999.0,False
2024-07-19,6,1,46,1999.0,False
2024-07-20,6,1,32,1999.0,False
2024-07-21,6,1,33,1999.0,False
2024-07-22,6,1,48,1999.0,False
2024-07-23,6,1,44,1999.0,False
2024-07-24,6,1,40,1999.0,False
2024-07-25,6,1,53,1999.0,True
2024-07-26,6,1,53,1999.0,True
2024-07-27,6,1,36,1999.0,False
2024-07-28,6,1,31,1999.0,False
2024-07-29,6,1,36,1999.0,False
2024-07-30,6,1,37,1999.0,False
2024-07-31,6,1,62,1999.0,True
2024-08-01,6,1,32,1999.0,False
2024-08-02,6,1,48,1999.0,True
2024-08-03,6,1,27,1999.0,False
2024-08-04,6,1,27,1999.0,False
2024-08-05,6,1,32,1999.0,False
2024-08-06,6,1,41,1999.0,False
2024-08-07,6,1,35,1999.0,False
2024-08-08,6,1,46,1999.0,True
2024-08-09,6,1,40,1999.0,False
2024-08-10,6,1,30,1999.0,False
2024-08-11,6,1,26,1999.0,False
2024-08-12,6,1,37,1999.0,False
2024-08-13,6,1,39,1999.0,False
2024-08-14,6,1,41,1999.0,False
2024-08-15,6,1,35,1999.0,False
2024-08-16,6,1,39,1999.0,False
2024-08-17,6,1,36,1999.0,False
2024-08-18,6,1,28,1999.0,False
2024-08-19,6,1,41,1999.0,False
2024-08-20,6,1,51,1999.0,True
2024-08-21,6,1,41,1999.0,False
2024-08-22,6,1,32,1999.0,False
2024-08-23,6,1,37,1999.0,False
2024-08-24,6,1,28,1999.0,False
2024-08-25,6,1,24,1999.0,False
2024-08-26,6,1,38,1999.0,False
2024-08-27,6,1,29,1999.0,False
2024-08-28,6,1,39,1999.0,False
2024-08-29,6,1,37,1999.0,False
2024-08-30,6,1,41,1999.0,False
2024-08-31,6,1,29,1999.0,False
2024-09-01,6,1,30,1999.0,False
2024-09-02,6,1,31,1999.0,False
2024-09-03,6,1,35,1999.0,False
2024-09-04,6,1,34,1999.0,False
2024-09-05,6,1,62,1999.0,False
2024-09-06,6,1,32,1999.0,False
2024-09-07,6,1,39,1999.0,True
2024-09-08,6,1,27,1999.0,False
2024-09-09,6,1,42,1999.0,False
2024-09-10,6,1,40,1999.0,False
2024-09-11,6,1,41,1999.0,False
2024-09-12,6,1,35,1999.0,False
2024-09-13,6,1,33,1999.0,False
2024-09-14,6,1,31,1999.0,False
2024-09-15,6,1,27,1999.0,False
2024-09-16,6,1,35,1999.0,False
2024-09-17,6,1,38,1999.0,False
2024-09-18,6,1,40,1999.0,False
2024-09-19,6,1,38,1999.0,False
2024-09-20,6,1,39,1999.0,False
2024-09-21,6,1,28,1999.0,False
2024-09-22,6,1,47,1999.0,False
2024-09-23,6,1,36,1999.0,False
2024-09-24,6,1,33,1999.0,False
2024-09-25,6,1,36,1999.0,False
2024-09-26,6,1,37,1999.0,False
2024-09-27,6,1,31,1999.0,False
2024-09-28,6,1,31,1999.0,False
2024-09-29,6,1,25,1999.0,False
2024-09-30,6,1,37,1999.0,False
2024-10-01,6,1,46,1999.0,True
2024-10-02,6,1,36,1999.0,False
2024-10-03,6,1,35,1999.0,False
2024-10-04,6,1,28,1999.0,False
2024-10-05,6,1,28,1999.0,False
2024-10-06,6,1,29,1999.0,False
2024-10-07,6,1,28,1999.0,False
2024-10-08,6,1,29,1999.0,False
2024-10-09,6,1,35,1999.0,False
2024-10-10,6,1,37,1999.0,False
2024-10-11,6,1,31,1999.0,False
2024-10-12,6,1,32,1999.0,False
2024-10-13,6,1,31,1999.0,False
2024-10-14,6,1,37,1999.0,False
2024-10-15,6,1,36,1999.0,False
2024-10-16,6,1,40,1999.0,False
2024-10-17,6,1,32,1999.0,False
2024-10-18,6,1,33,1999.0,False
2024-10-19,6,1,29,1999.0,False
2024-10-20,6,1,27,1999.0,False
2024-10-21,6,1,32,1999.0,False
2024-10-22,6,1,40,1999.0,False
2024-10-23,6,1,31,1999.0,False
2024-10-24,6,1,30,1999.0,False
2024-10-25,6,1,37,1999.0,False
2024-10-26,6,1,25,1999.0,False
2024-10-27,6,1,25,1999.0,False
2024-10-28,6,1,31,1999.0,False
2024-10-29,6,1,30,1999.0,False
2024-10-30,6,1,39,1999.0,False
2024-10-31,6,1,41,1999.0,False
2024-11-01,6,1,39,1999.0,False
2024-11-02,6,1,21,1999.0,False
2024-11-03,6,1,26,1999.0,False
2024-11-04,6,1,35,1999.0,False
2024-11-05,6,1,36,1999.0,False
2024-11-06,6,1,35,1999.0,False
2024-11-07,6,1,35,1999.0,False
2024-11-08,6,1,32,1999.0,False
2024-11-09,6,1,25,1999.0,False
2024-11-10,6,1,29,1999.0,False
2024-11-11,6,1,30,1999.0,False
2024-11-12,6,1,29,1999.0,False
2024-11-13,6,1,36,1999.0,False
2024-11-14,6,1,38,1999.0,False
2024-11-15,6,1,41,1999.0,False
2024-11-16,6,1,29,1999.0,False
2024-11-17,6,1,29,1999.0,False
2024-11-18,6,1,34,1999.0,False
2024-11-19,6,1,39,1999.0,False
2024-11-20,6,1,38,1999.0,False
2024-11-21,6,1,44,1999.0,False
2024-11-22,6,1,26,1999.0,False
2024-11-23,6,1,26,1999.0,False
2024-11-24,6,1,28,1999.0,False
2024-11-25,6,1,32,1999.0,False
2024-11-26,6,1,38,1999.0,False
2024-11-27,6,1,36,1999.0,False
2024-11-28,6,1,39,1999.0,False
2024-11-29,6,1,32,1999.0,False
2024-11-30,6,1,28,1999.0,False
2024-12-01,6,1,35,1999.0,False
2024-12-02,6,1,40,1999.0,False
2024-12-03,6,1,38,1999.0,False
2024-12-04,6,1,46,1999.0,False
2024-12-05,6,1,40,1999.0,False
2024-12-06,6,1,41,1999.0,False
2024-12-07,6,1,32,1999.0,False
2024-12-08,6,1,24,1999.0,False
2024-12-09,6,1,35,1999.0,False
2024-12-10,6,1,39,1999.0,False
2024-12-11,6,1,38,1999.0,False
2024-12-12,6,1,38,1999.0,False
2024-12-13,6,1,44,1999.0,False
2024-12-14,6,1,36,1999.0,False
2024-12-15,6,1,29,1999.0,False
2024-12-16,6,1,40,1999.0,False
2024-12-17,6,1,38,1999.0,False
2024-12-18,6,1,45,1999.0,False
2024-12-19,6,1,48,1999.0,False
2024-12-20,6,1,43,1999.0,False
2024-12-21,6,1,36,1999.0,False
2024-12-22,6,1,26,1999.0,False
2024-12-23,6,1,39,1999.0,False
2024-12-24,6,1,71,1999.0,False
2024-12-25,6,1,59,1999.0,True
2024-12-26,6,1,41,1999.0,False
2024-12-27,6,1,33,1999.0,False
2024-12-28,6,1,27,1999.0,False
2024-12-29,6,1,26,1999.0,False
2024-12-30,6,1,43,1999.0,False
2024-12-31,6,1,38,1999.0,False
2025-01-01,6,1,34,1999.0,False
2025-01-02,6,1,44,1999.0,False
2025-01-03,6,1,48,1999.0,False
2025-01-04,6,1,32,1999.0,False
2025-01-05,6,1,35,1999.0,False
2025-01-06,6,1,46,1999.0,False
2025-01-07,6,1,39,1999.0,False
2025-01-08,6,1,42,1999.0,False
2025-01-09,6,1,50,1999.0,False
2025-01-10,6,1,46,1999.0,False
2025-01-11,6,1,39,1999.0,False
2025-01-12,6,1,32,1999.0,False
2025-01-13,6,1,39,1999.0,False
2025-01-14,6,1,46,1999.0,False
2025-01-15,6,1,59,1999.0,True
2025-01-16,6,1,66,1999.0,True
2025-01-17,6,1,37,1999.0,False
2025-01-18,6,1,35,1999.0,False
2025-01-19,6,1,38,1999.0,False
2025-01-20,6,1,43,1999.0,False
2025-01-21,6,1,55,1999.0,True
2025-01-22,6,1,45,1999.0,False
2025-01-23,6,1,39,1999.0,False
2025-01-24,6,1,43,1999.0,False
2025-01-25,6,1,31,1999.0,False
2025-01-26,6,1,25,1999.0,False
2025-01-27,6,1,44,1999.0,False
2025-01-28,6,1,35,1999.0,False
2025-01-29,6,1,42,1999.0,False
2025-01-30,6,1,42,1999.0,False
2025-01-31,6,1,41,1999.0,False
2025-02-01,6,1,39,1999.0,False
2025-02-02,6,1,34,1999.0,False
2025-02-03,6,1,47,1999.0,False
2025-02-04,6,1,41,1999.0,False
2025-02-05,6,1,39,1999.0,False
2025-02-06,6,1,45,1999.0,False
2025-02-07,6,1,50,1999.0,False
2025-02-08,6,1,33,1999.0,False
2025-02-09,6,1,33,1999.0,False
2025-02-10,6,1,37,1999.0,False
2025-02-11,6,1,43,1999.0,False
2025-02-12,6,1,46,1999.0,False
2025-02-13,6,1,39,1999.0,False
2025-02-14,6,1,40,1999.0,False
2025-02-15,6,1,33,1999.0,False
2025-02-16,6,1,28,1999.0,False
2025-02-17,6,1,51,1999.0,False
2025-02-18,6,1,54,1999.0,False
2025-02-19,6,1,41,1999.0,False
2025-02-20,6,1,50,1999.0,False
2025-02-21,6,1,46,1999.0,False
2025-02-22,6,1,38,1999.0,False
2025-02-23,6,1,38,1999.0,False
2025-02-24,6,1,45,1999.0,False
2025-02-25,6,1,36,1999.0,False
2025-02-26,6,1,41,1999.0,False
2025-02-27,6,1,47,1999.0,False
2025-02-28,6,1,45,1999.0,False
2025-03-01,6,1,37,1999.0,False
2025-03-02,6,1,40,1999.0,False
2025-03-03,6,1,46,1999.0,False
2025-03-04,6,1,44,1999.0,False
2025-03-05,6,1,54,1999.0,False
2025-03-06,6,1,45,1999.0,False
2025-03-07,6,1,39,1999.0,False
2025-03-08,6,1,47,1999.0,True
2025-03-09,6,1,39,1999.0,False
2025-03-10,6,1,49,1999.0,False
2025-03-11,6,1,54,1999.0,False
2025-03-12,6,1,42,1999.0,False
2025-03-13,6,1,40,1999.0,False
2025-03-14,6,1,49,1999.0,False
2025-03-15,6,1,44,1999.0,False
2025-03-16,6,1,34,1999.0,False
2025-03-17,6,1,49,1999.0,False
2025-03-18,6,1,49,1999.0,False
2025-03-19,6,1,43,1999.0,False
2025-03-20,6,1,76,1999.0,False
2025-03-21,6,1,62,1999.0,True
2025-03-22,6,1,35,1999.0,False
2025-03-23,6,1,58,1999.0,True
2025-03-24,6,1,50,1999.0,False
2025-03-25,6,1,44,1999.0,False
2025-03-26,6,1,48,1999.0,False
2025-03-27,6,1,40,1999.0,False
2025-03-28,6,1,45,1999.0,False
2025-03-29,6,1,38,1999.0,False
2025-03-30,6,1,43,1999.0,True
2025-03-31,6,1,43,1999.0,False
2025-04-01,6,1,40,1999.0,False
2025-04-02,6,1,52,1999.0,False
2025-04-03,6,1,54,1999.0,False
2025-04-04,6,1,51,1999.0,False
2025-04-05,6,1,33,1999.0,False
2025-04-06,6,1,34,1999.0,False
2025-04-07,6,1,53,1999.0,False
2025-04-08,6,1,43,1999.0,False
2025-04-09,6,1,55,1999.0,True
2025-04-10,6,1,50,1999.0,False
2025-04-11,6,1,58,1999.0,False
2025-04-12,6,1,38,1999.0,False
2025-04-13,6,1,32,1999.0,False
2025-04-14,6,1,42,1999.0,False
2025-04-15,6,1,51,1999.0,False
2025-04-16,6,1,49,1999.0,False
2025-04-17,6,1,49,1999.0,False
2025-04-18,6,1,53,1999.0,False
2025-04-19,6,1,39,1999.0,False
2025-04-20,6,1,37,1999.0,False
2025-04-21,6,1,51,1999.0,False
2025-04-22,6,1,45,1999.0,False
2025-04-23,6,1,61,1999.0,True
2025-04-24,6,1,53,1999.0,False
2025-04-25,6,1,48,1999.0,False
2025-04-26,6,1,46,1999.0,False
2025-04-27,6,1,32,1999.0,False
2025-04-28,6,1,53,1999.0,False
2025-04-29,6,1,55,1999.0,False
2025-04-30,6,1,48,1999.0,False
2025-05-01,6,1,55,1999.0,False
2025-05-02,6,1,51,1999.0,False
2025-05-03,6,1,37,1999.0,False
2025-05-04,6,1,44,1999.0,False
2025-05-05,6,1,54,1999.0,False
2025-05-06,6,1,51,1999.0,False
2025-05-07,6,1,46,1999.0,False
2025-05-08,6,1,44,1999.0,False
2025-05-09,6,1,52,1999.0,False
2025-05-10,6,1,39,1999.0,False
2025-05-11,6,1,35,1999.0,False
2025-05-12,6,1,45,1999.0,False
2025-05-13,6,1,50,1999.0,False
2025-05-14,6,1,49,1999.0,False
2025-05-15,6,1,73,1999.0,True
2025-05-16,6,1,43,1999.0,False
2025-05-17,6,1,35,1999.0,False
2025-05-18,6,1,67,1999.0,False
2025-05-19,6,1,44,1999.0,False
2025-05-20,6,1,51,1999.0,False
2025-05-21,6,1,42,1999.0,False
2025-05-22,6,1,51,1999.0,False
2025-05-23,6,1,45,1999.0,False
2025-05-24,6,1,41,1999.0,False
2025-05-25,6,1,36,1999.0,False
2025-05-26,6,1,55,1999.0,False
2025-05-27,6,1,41,1999.0,False
2025-05-28,6,1,53,1999.0,False
2025-05-29,6,1,46,1999.0,False
2025-05-30,6,1,43,1999.0,False
2025-05-31,6,1,32,1999.0,False
2025-06-01,6,1,56,1999.0,True
2025-06-02,6,1,36,1999.0,False
2025-06-03,6,1,43,1999.0,False
2025-06-04,6,1,43,1999.0,False
2025-06-05,6,1,48,1999.0,False
2025-06-06,6,1,48,1999.0,False
2025-06-07,6,1,38,1999.0,False
2025-06-08,6,1,38,1999.0,False
2025-06-09,6,1,42,1999.0,False
2025-06-10,6,1,52,1999.0,False
2025-06-11,6,1,44,1999.0,False
2025-06-12,6,1,46,1999.0,False
2025-06-13,6,1,50,1999.0,False
2025-06-14,6,1,33,1999.0,False
2025-06-15,6,1,39,1999.0,False
2025-06-16,6,1,40,1999.0,False
2025-06-17,6,1,49,1999.0,False
2025-06-18,6,1,43,1999.0,False
2025-06-19,6,1,45,1999.0,False
2025-06-20,6,1,40,1999.0,False
2025-06-21,6,1,33,1999.0,False
2025-06-22,6,1,99,1999.0,True
2025-06-23,6,1,72,1999.0,False
2025-06-24,6,1,49,1999.0,False
2025-06-25,6,1,56,1999.0,False
2025-06-26,6,1,43,1999.0,False
2025-06-27,6,1,44,1999.0,False
2025-06-28,6,1,38,1999.0,False
2025-06-29,6,1,39,1999.0,False
2025-06-30,6,1,56,1999.0,False
2025-07-01,6,1,39,1999.0,False
2025-07-02,6,1,37,1999.0,False
2025-07-03,6,1,44,1999.0,False
2025-07-04,6,1,43,1999.0,False
2025-07-05,6,1,35,1999.0,False
2025-07-06,6,1,30,1999.0,False
2025-07-07,6,1,47,1999.0,False
2025-07-08,6,1,48,1999.0,False
2025-07-09,6,1,44,1999.0,False
2025-07-10,6,1,41,1999.0,False
2025-07-11,6,1,46,1999.0,False
2025-07-12,6,1,32,1999.0,False
2025-07-13,6,1,31,1999.0,False
2025-07-14,6,1,47,1999.0,False
2025-07-15,6,1,36,1999.0,False
2025-07-16,6,1,43,1999.0,False
2025-07-17,6,1,38,1999.0,False
2025-07-18,6,1,44,1999.0,False
2025-07-19,6,1,40,1999.0,False
2025-07-20,6,1,31,1999.0,False
2025-07-21,6,1,38,1999.0,False
2025-07-22,6,1,42,1999.0,False
2025-07-23,6,1,46,1999.0,False
2025-07-24,6,1,43,1999.0,False
2025-07-25,6,1,39,1999.0,False
2025-07-26,6,1,49,1999.0,True
2025-07-27,6,1,39,1999.0,False
2025-07-28,6,1,45,1999.0,False
2025-07-29,6,1,40,1999.0,False
2025-07-30,6,1,38,1999.0,False
2025-07-31,6,1,39,1999.0,False
2025-08-01,6,1,38,1999.0,False
2025-08-02,6,1,37,1999.0,False
2025-08-03,6,1,30,1999.0,False
2025-08-04,6,1,42,1999.0,True
2025-08-05,6,1,39,1999.0,False
2025-08-06,6,1,46,1999.0,False
2025-08-07,6,1,34,1999.0,False
2025-08-08,6,1,40,1999.0,False
2025-08-09,6,1,27,1999.0,False
2025-08-10,6,1,42,1999.0,True
2025-08-11,6,1,44,1999.0,False
2025-08-12,6,1,39,1999.0,False
2025-08-13,6,1,39,1999.0,False
2025-08-14,6,1,39,1999.0,False
2025-08-15,6,1,37,1999.0,False
2025-08-16,6,1,51,1999.0,False
2025-08-17,6,1,24,1999.0,False
2025-08-18,6,1,36,1999.0,False
2025-08-19,6,1,42,1999.0,False
2025-08-20,6,1,47,1999.0,False
2025-08-21,6,1,31,1999.0,False
2025-08-22,6,1,37,1999.0,False
2025-08-23,6,1,27,1999.0,False
2025-08-24,6,1,35,1999.0,False
2025-08-25,6,1,35,1999.0,False
2025-08-26,6,1,39,1999.0,False
2025-08-27,6,1,35,1999.0,False
2025-08-28,6,1,38,1999.0,False
2025-08-29,6,1,36,1999.0,False
2025-08-30,6,1,31,1999.0,False
2025-08-31,6,1,29,1999.0,False
2025-09-01,6,1,43,1999.0,True
2025-09-02,6,1,38,1999.0,False
2025-09-03,6,1,33,1999.0,False
2025-09-04,6,1,38,1999.0,False
2025-09-05,6,1,37,1999.0,False
2025-09-06,6,1,29,1999.0,False
2025-09-07,6,1,36,1999.0,True
2025-09-08,6,1,33,1999.0,False
2025-09-09,6,1,39,1999.0,False
2025-09-10,6,1,35,1999.0,False
2025-09-11,6,1,35,1999.0,False
2025-09-12,6,1,59,1999.0,True
2025-09-13,6,1,30,1999.0,False
2025-09-14,6,1,32,1999.0,False
2025-09-15,6,1,36,1999.0,False
2025-09-16,6,1,36,1999.0,False
2025-09-17,6,1,40,1999.0,False
2025-09-18,6,1,39,1999.0,False
2025-09-19,6,1,48,1999.0,False
2025-09-20,6,1,27,1999.0,False
2025-09-21,6,1,43,1999.0,True
2025-09-22,6,1,32,1999.0,False
2025-09-23,6,1,39,1999.0,False
2025-09-24,6,1,31,1999.0,False
2025-09-25,6,1,34,1999.0,False
2025-09-26,6,1,35,1999.0,False
2025-09-27,6,1,29,1999.0,False
2025-09-28,6,1,29,1999.0,False
2025-09-29,6,1,32,1999.0,False
2025-09-30,6,1,37,1999.0,False
2025-10-01,6,1,39,1999.0,False
2025-10-02,6,1,30,1999.0,False
2025-10-03,6,1,36,1999.0,False
2025-10-04,6,1,24,1999.0,False
2025-10-05,6,1,31,1999.0,False
2025-10-06,6,1,37,1999.0,False
2025-10-07,6,1,34,1999.0,False
2025-10-08,6,1,39,1999.0,False
2025-10-09,6,1,33,1999.0,False
2025-10-10,6,1,36,1999.0,False
2025-10-11,6,1,23,1999.0,False
2025-10-12,6,1,31,1999.0,False
2025-10-13,6,1,36,1999.0,False
2025-10-14,6,1,41,1999.0,False
2025-10-15,6,1,32,1999.0,False
2025-10-16,6,1,61,1999.0,True
2025-10-17,6,1,38,1999.0,False
2025-10-18,6,1,28,1999.0,False
2025-10-19,6,1,31,1999.0,False
2025-10-20,6,1,37,1999.0,False
2025-10-21,6,1,42,1999.0,False
2025-10-22,6,1,37,1999.0,False
2025-10-23,6,1,39,1999.0,False
2025-10-24,6,1,57,1999.0,False
2025-10-25,6,1,30,1999.0,False
2025-10-26,6,1,28,1999.0,False
2025-10-27,6,1,37,1999.0,False
2025-10-28,6,1,40,1999.0,False
2025-10-29,6,1,36,1999.0,False
2025-10-30,6,1,40,1999.0,False
2025-10-31,6,1,34,1999.0,False
2025-11-01,6,1,34,1999.0,True
2025-11-02,6,1,31,1999.0,False
2025-11-03,6,1,42,1999.0,False
2025-11-04,6,1,37,1999.0,False
2025-11-05,6,1,35,1999.0,False
2025-11-06,6,1,31,1999.0,False
2025-11-07,6,1,40,1999.0,False
2025-11-08,6,1,26,1999.0,False
2025-11-09,6,1,25,1999.0,False
2025-11-10,6,1,37,1999.0,False
2025-11-11,6,1,35,1999.0,False
2025-11-12,6,1,32,1999.0,False
2025-11-13,6,1,35,1999.0,False
2025-11-14,6,1,37,1999.0,False
2025-11-15,6,1,27,1999.0,False
2025-11-16,6,1,24,1999.0,False
2025-11-17,6,1,33,1999.0,False
2025-11-18,6,1,39,1999.0,True
2025-11-19,6,1,36,1999.0,False
2025-11-20,6,1,34,1999.0,False
2025-11-21,6,1,44,1999.0,False
2025-11-22,6,1,30,1999.0,False
2025-11-23,6,1,31,1999.0,False
2025-11-24,6,1,40,1999.0,False
2025-11-25,6,1,35,1999.0,False
2025-11-26,6,1,40,1999.0,False
2025-11-27,6,1,37,1999.0,False
2025-11-28,6,1,33,1999.0,False
2025-11-29,6,1,27,1999.0,False
2025-11-30,6,1,32,1999.0,False
2025-12-01,6,1,35,1999.0,False
2025-12-02,6,1,34,1999.0,False
2025-12-03,6,1,40,1999.0,False
2025-12-04,6,1,36,1999.0,False
2025-12-05,6,1,41,1999.0,False
2025-12-06,6,1,33,1999.0,False
2025-12-07,6,1,32,1999.0,False
2025-12-08,6,1,39,1999.0,False
2025-12-09,6,1,43,1999.0,False
2025-12-10,6,1,33,1999.0,False
2025-12-11,6,1,46,1999.0,False
2025-12-12,6,1,35,1999.0,False
2025-12-13,6,1,37,1999.0,False
2025-12-14,6,1,33,1999.0,False
2025-12-15,6,1,43,1999.0,False
2025-12-16,6,1,72,1999.0,False
2025-12-17,6,1,40,1999.0,False
2025-12-18,6,1,49,1999.0,False
2025-12-19,6,1,41,1999.0,False
2025-12-20,6,1,26,1999.0,False
2025-12-21,6,1,36,1999.0,False
2025-12-22,6,1,38,1999.0,False
2025-12-23,6,1,36,1999.0,False
2025-12-24,6,1,42,1999.0,False
2025-12-25,6,1,43,1999.0,False
2025-12-26,6,1,39,1999.0,False
2025-12-27,6,1,29,1999.0,False
2025-12-28,6,1,27,1999.0,False
2025-12-29,6,1,35,1999.0,False
2025-12-30,6,1,33,1999.0,False
2025-12-31,6,1,46,1999.0,False
2024-01-01,6,2,33,1999.0,False
2024-01-02,6,2,29,1999.0,False
2024-01-03,6,2,33,1999.0,False
2024-01-04,6,2,31,1999.0,False
2024-01-05,6,2,33,1999.0,False
2024-01-06,6,2,29,1999.0,False
2024-01-07,6,2,28,1999.0,False
2024-01-08,6,2,35,1999.0,False
2024-01-09,6,2,33,1999.0,False
2024-01-10,6,2,25,1999.0,False
2024-01-11,6,2,34,1999.0,False
2024-01-12,6,2,31,1999.0,False
2024-01-13,6,2,31,1999.0,False
2024-01-14,6,2,25,1999.0,False
2024-01-15,6,2,52,1999.0,False
2024-01-16,6,2,31,1999.0,False
2024-01-17,6,2,51,1999.0,True
2024-01-18,6,2,35,1999.0,False
2024-01-19,6,2,39,1999.0,False
2024-01-20,6,2,28,1999.0,False
2024-01-21,6,2,25,1999.0,False
2024-01-22,6,2,37,1999.0,False
2024-01-23,6,2,37,1999.0,False
2024-01-24,6,2,38,1999.0,False
2024-01-25,6,2,37,1999.0,False
2024-01-26,6,2,30,1999.0,False
2024-01-27,6,2,25,1999.0,False
2024-01-28,6,2,24,1999.0,False
2024-01-29,6,2,33,1999.0,False
2024-01-30,6,2,37,1999.0,True
2024-01-31,6,2,33,1999.0,False
2024-02-01,6,2,36,1999.0,False
2024-02-02,6,2,35,1999.0,False
2024-02-03,6,2,28,1999.0,False
2024-02-04,6,2,31,1999.0,False
2024-02-05,6,2,37,1999.0,False
2024-02-06,6,2,35,1999.0,False
2024-02-07,6,2,34,1999.0,False
2024-02-08,6,2,40,1999.0,False
2024-02-09,6,2,40,1999.0,False
2024-02-10,6,2,29,1999.0,False
2024-02-11,6,2,26,1999.0,False
2024-02-12,6,2,44,1999.0,False
2024-02-13,6,2,31,1999.0,False
2024-02-14,6,2,36,1999.0,False
2024-02-15,6,2,35,1999.0,False
2024-02-16,6,2,36,1999.0,False
2024-02-17,6,2,28,1999.0,False
2024-02-18,6,2,25,1999.0,False
2024-02-19,6,2,36,1999.0,False
2024-02-20,6,2,35,1999.0,False
2024-02-21,6,2,33,1999.0,False
2024-02-22,6,2,40,1999.0,False
2024-02-23,6,2,32,1999.0,False
2024-02-24,6,2,27,1999.0,False
2024-02-25,6,2,28,1999.0,False
2024-02-26,6,2,39,1999.0,False
2024-02-27,6,2,34,1999.0,False
2024-02-28,6,2,37,1999.0,False
2024-02-29,6,2,42,1999.0,False
2024-03-01,6,2,33,1999.0,False
2024-03-02,6,2,25,1999.0,False
2024-03-03,6,2,28,1999.0,False
2024-03-04,6,2,35,1999.0,False
2024-03-05,6,2,36,1999.0,False
2024-03-06,6,2,43,1999.0,True
2024-03-07,6,2,40,1999.0,False
2024-03-08,6,2,36,1999.0,False
2024-03-09,6,2,31,1999.0,False
2024-03-10,6,2,32,1999.0,False
2024-03-11,6,2,41,1999.0,False
2024-03-12,6,2,36,1999.0,False
2024-03-13,6,2,32,1999.0,False
2024-03-14,6,2,33,1999.0,False
2024-03-15,6,2,39,1999.0,False
2024-03-16,6,2,32,1999.0,False
2024-03-17,6,2,27,1999.0,False
2024-03-18,6,2,35,1999.0,False
2024-03-19,6,2,39,1999.0,False
2024-03-20,6,2,36,1999.0,False
2024-03-21,6,2,55,1999.0,True
2024-03-22,6,2,35,1999.0,False
2024-03-23,6,2,31,1999.0,False
2024-03-24,6,2,26,1999.0,False
2024-03-25,6,2,68,1999.0,False
2024-03-26,6,2,39,1999.0,False
2024-03-27,6,2,42,1999.0,False
2024-03-28,6,2,40,1999.0,False
2024-03-29,6,2,34,1999.0,False
2024-03-30,6,2,31,1999.0,False
2024-03-31,6,2,28,1999.0,False
2024-04-01,6,2,38,1999.0,False
2024-04-02,6,2,35,1999.0,False
2024-04-03,6,2,48,1999.0,False
2024-04-04,6,2,34,1999.0,False
2024-04-05,6,2,47,1999.0,False
2024-04-06,6,2,32,1999.0,False
2024-04-07,6,2,32,1999.0,False
2024-04-08,6,2,40,1999.0,False
2024-04-09,6,2,32,1999.0,False
2024-04-10,6,2,39,1999.0,False
2024-04-11,6,2,40,1999.0,False
2024-04-12,6,2,38,1999.0,False
2024-04-13,6,2,34,1999.0,False
2024-04-14,6,2,32,1999.0,False
2024-04-15,6,2,34,1999.0,False
2024-04-16,6,2,35,1999.0,False
2024-04-17,6,2,56,1999.0,True
2024-04-18,6,2,40,1999.0,False
2024-04-19,6,2,36,1999.0,False
2024-04-20,6,2,30,1999.0,False
2024-04-21,6,2,32,1999.0,False
2024-04-22,6,2,43,1999.0,False
2024-04-23,6,2,44,1999.0,False
2024-04-24,6,2,35,1999.0,False
2024-04-25,6,2,62,1999.0,True
2024-04-26,6,2,37,1999.0,False
2024-04-27,6,2,32,1999.0,False
2024-04-28,6,2,24,1999.0,False
2024-04-29,6,2,39,1999.0,False
2024-04-30,6,2,36,1999.0,False
2024-05-01,6,2,44,1999.0,False
2024-05-02,6,2,38,1999.0,False
2024-05-03,6,2,38,1999.0,False
2024-05-04,6,2,30,1999.0,False
2024-05-05,6,2,32,1999.0,False
2024-05-06,6,2,33,1999.0,False
2024-05-07,6,2,37,1999.0,False
2024-05-08,6,2,36,1999.0,False
2024-05-09,6,2,40,1999.0,False
2024-05-10,6,2,38,1999.0,False
2024-05-11,6,2,35,1999.0,False
2024-05-12,6,2,29,1999.0,False
2024-05-13,6,2,31,1999.0,False
2024-05-14,6,2,42,1999.0,False
2024-05-15,6,2,41,1999.0,False
2024-05-16,6,2,39,1999.0,False
2024-05-17,6,2,42,1999.0,False
2024-05-18,6,2,29,1999.0,False
2024-05-19,6,2,25,1999.0,False
2024-05-20,6,2,41,1999.0,False
2024-05-21,6,2,38,1999.0,False
2024-05-22,6,2,38,1999.0,False
2024-05-23,6,2,40,1999.0,False
2024-05-24,6,2,32,1999.0,False
2024-05-25,6,2,30,1999.0,False
2024-05-26,6,2,37,1999.0,False
2024-05-27,6,2,37,1999.0,False
2024-05-28,6,2,36,1999.0,False
2024-05-29,6,2,36,1999.0,False
2024-05-30,6,2,31,1999.0,False
2024-05-31,6,2,43,1999.0,False
2024-06-01,6,2,30,1999.0,False
2024-06-02,6,2,31,1999.0,False
2024-06-03,6,2,34,1999.0,False
2024-06-04,6,2,31,1999.0,False
2024-06-05,6,2,34,1999.0,False
2024-06-06,6,2,40,1999.0,False
2024-06-07,6,2,38,1999.0,False
2024-06-08,6,2,26,1999.0,False
2024-06-09,6,2,30,1999.0,False
2024-06-10,6,2,35,1999.0,False
2024-06-11,6,2,34,1999.0,False
2024-06-12,6,2,38,1999.0,False
2024-06-13,6,2,36,1999.0,False
2024-06-14,6,2,37,1999.0,False
2024-06-15,6,2,28,1999.0,False
2024-06-16,6,2,31,1999.0,False
2024-06-17,6,2,38,1999.0,False
2024-06-18,6,2,34,1999.0,False
2024-06-19,6,2,36,1999.0,False
2024-06-20,6,2,43,1999.0,False
2024-06-21,6,2,33,1999.0,False
2024-06-22,6,2,25,1999.0,False
2024-06-23,6,2,32,1999.0,True
2024-06-24,6,2,39,1999.0,False
2024-06-25,6,2,92,1999.0,True
2024-06-26,6,2,32,1999.0,False
2024-06-27,6,2,38,1999.0,False
2024-06-28,6,2,34,1999.0,False
2024-06-29,6,2,30,1999.0,False
2024-06-30,6,2,30,1999.0,False
2024-07-01,6,2,37,1999.0,False
2024-07-02,6,2,37,1999.0,False
2024-07-03,6,2,37,1999.0,False
2024-07-04,6,2,32,1999.0,False
2024-07-05,6,2,33,1999.0,False
2024-07-06,6,2,55,1999.0,False
2024-07-07,6,2,27,1999.0,False
2024-07-08,6,2,32,1999.0,False
2024-07-09,6,2,33,1999.0,False
2024-07-10,6,2,34,1999.0,False
2024-07-11,6,2,32,1999.0,False
2024-07-12,6,2,38,1999.0,False
2024-07-13,6,2,26,1999.0,False
2024-07-14,6,2,28,1999.0,False
2024-07-15,6,2,35,1999.0,False
2024-07-16,6,2,41,1999.0,False
2024-07-17,6,2,31,1999.0,False
2024-07-18,6,2,31,1999.0,False
2024-07-19,6,2,32,1999.0,False
2024-07-20,6,2,24,1999.0,False
2024-07-21,6,2,21,1999.0,False
2024-07-22,6,2,32,1999.0,False
2024-07-23,6,2,30,1999.0,False
2024-07-24,6,2,30,1999.0,False
2024-07-25,6,2,38,1999.0,False
2024-07-26,6,2,33,1999.0,False
2024-07-27,6,2,26,1999.0,False
2024-07-28,6,2,34,1999.0,True
2024-07-29,6,2,37,1999.0,False
2024-07-30,6,2,38,1999.0,False
2024-07-31,6,2,37,1999.0,False
2024-08-01,6,2,30,1999.0,False
2024-08-02,6,2,34,1999.0,False
2024-08-03,6,2,23,1999.0,False
2024-08-04,6,2,29,1999.0,False
2024-08-05,6,2,34,1999.0,False
2024-08-06,6,2,34,1999.0,False
2024-08-07,6,2,32,1999.0,False
2024-08-08,6,2,38,1999.0,False
2024-08-09,6,2,33,1999.0,False
2024-08-10,6,2,23,1999.0,False
2024-08-11,6,2,24,1999.0,False
2024-08-12,6,2,31,1999.0,False
2024-08-13,6,2,27,1999.0,False
2024-08-14,6,2,33,1999.0,False
2024-08-15,6,2,39,1999.0,False
2024-08-16,6,2,28,1999.0,False
2024-08-17,6,2,26,1999.0,False
2024-08-18,6,2,22,1999.0,False
2024-08-19,6,2,38,1999.0,False
2024-08-20,6,2,30,1999.0,False
2024-08-21,6,2,25,1999.0,False
2024-08-22,6,2,30,1999.0,False
2024-08-23,6,2,33,1999.0,False
2024-08-24,6,2,42,1999.0,True
2024-08-25,6,2,26,1999.0,False
2024-08-26,6,2,31,1999.0,False
2024-08-27,6,2,30,1999.0,False
2024-08-28,6,2,32,1999.0,False
2024-08-29,6,2,32,1999.0,False
2024-08-30,6,2,49,1999.0,True
2024-08-31,6,2,24,1999.0,False
2024-09-01,6,2,33,1999.0,True
2024-09-02,6,2,30,1999.0,False
2024-09-03,6,2,39,1999.0,False
2024-09-04,6,2,32,1999.0,False
2024-09-05,6,2,30,1999.0,False
2024-09-06,6,2,33,1999.0,False
2024-09-07,6,2,28,1999.0,False
2024-09-08,6,2,22,1999.0,False
2024-09-09,6,2,31,1999.0,False
2024-09-10,6,2,27,1999.0,False
2024-09-11,6,2,29,1999.0,False
2024-09-12,6,2,28,1999.0,False
2024-09-13,6,2,37,1999.0,True
2024-09-14,6,2,24,1999.0,False
2024-09-15,6,2,20,1999.0,False
2024-09-16,6,2,29,1999.0,False
2024-09-17,6,2,27,1999.0,False
2024-09-18,6,2,31,1999.0,False
2024-09-19,6,2,32,1999.0,False
2024-09-20,6,2,31,1999.0,False
2024-09-21,6,2,25,1999.0,False
2024-09-22,6,2,24,1999.0,False
2024-09-23,6,2,28,1999.0,False
2024-09-24,6,2,31,1999.0,False
2024-09-25,6,2,30,1999.0,False
2024-09-26,6,2,29,1999.0,False
2024-09-27,6,2,28,1999.0,False
2024-09-28,6,2,24,1999.0,True
2024-09-29,6,2,23,1999.0,False
2024-09-30,6,2,27,1999.0,False
2024-10-01,6,2,30,1999.0,False
2024-10-02,6,2,26,1999.0,False
2024-10-03,6,2,32,1999.0,False
2024-10-04,6,2,24,1999.0,False
2024-10-05,6,2,22,1999.0,False
2024-10-06,6,2,33,1999.0,True
2024-10-07,6,2,25,1999.0,False
2024-10-08,6,2,30,1999.0,False
2024-10-09,6,2,30,1999.0,False
2024-10-10,6,2,23,1999.0,False
2024-10-11,6,2,30,1999.0,False
2024-10-12,6,2,20,1999.0,False
2024-10-13,6,2,19,1999.0,False
2024-10-14,6,2,24,1999.0,False
2024-10-15,6,2,27,1999.0,False
2024-10-16,6,2,26,1999.0,False
2024-10-17,6,2,35,1999.0,False
2024-10-18,6,2,30,1999.0,False
2024-10-19,6,2,22,1999.0,False
2024-10-20,6,2,23,1999.0,False
2024-10-21,6,2,32,1999.0,False
2024-10-22,6,2,32,1999.0,False
2024-10-23,6,2,28,1999.0,False
2024-10-24,6,2,29,1999.0,False
2024-10-25,6,2,28,1999.0,False
2024-10-26,6,2,21,1999.0,False
2024-10-27,6,2,20,1999.0,False
2024-10-28,6,2,23,1999.0,False
2024-10-29,6,2,39,1999.0,True
2024-10-30,6,2,27,1999.0,False
2024-10-31,6,2,26,1999.0,False
2024-11-01,6,2,43,1999.0,True
2024-11-02,6,2,21,1999.0,False
2024-11-03,6,2,24,1999.0,False
2024-11-04,6,2,31,1999.0,False
2024-11-05,6,2,29,1999.0,False
2024-11-06,6,2,28,1999.0,False
2024-11-07,6,2,27,1999.0,False
2024-11-08,6,2,30,1999.0,False
2024-11-09,6,2,32,1999.0,True
2024-11-10,6,2,27,1999.0,False
2024-11-11,6,2,26,1999.0,False
2024-11-12,6,2,29,1999.0,False
2024-11-13,6,2,28,1999.0,False
2024-11-14,6,2,31,1999.0,False
2024-11-15,6,2,27,1999.0,False
2024-11-16,6,2,26,1999.0,False
2024-11-17,6,2,20,1999.0,False
2024-11-18,6,2,51,1999.0,False
2024-11-19,6,2,28,1999.0,False
2024-11-20,6,2,29,1999.0,False
2024-11-21,6,2,35,1999.0,False
2024-11-22,6,2,31,1999.0,False
2024-11-23,6,2,23,1999.0,False
2024-11-24,6,2,23,1999.0,False
2024-11-25,6,2,32,1999.0,False
2024-11-26,6,2,33,1999.0,False
2024-11-27,6,2,33,1999.0,False
2024-11-28,6,2,28,1999.0,False
2024-11-29,6,2,27,1999.0,False
2024-11-30,6,2,24,1999.0,False
2024-12-01,6,2,24,1999.0,False
2024-12-02,6,2,26,1999.0,False
2024-12-03,6,2,30,1999.0,False
2024-12-04,6,2,34,1999.0,False
2024-12-05,6,2,29,1999.0,False
2024-12-06,6,2,26,1999.0,False
2024-12-07,6,2,28,1999.0,False
2024-12-08,6,2,28,1999.0,False
2024-12-09,6,2,28,1999.0,False
2024-12-10,6,2,30,1999.0,False
2024-12-11,6,2,27,1999.0,False
2024-12-12,6,2,40,1999.0,False
2024-12-13,6,2,29,1999.0,False
2024-12-14,6,2,25,1999.0,False
2024-12-15,6,2,27,1999.0,False
2024-12-16,6,2,33,1999.0,False
2024-12-17,6,2,31,1999.0,False
2024-12-18,6,2,32,1999.0,False
2024-12-19,6,2,34,1999.0,False
2024-12-20,6,2,30,1999.0,False
2024-12-21,6,2,24,1999.0,False
2024-12-22,6,2,28,1999.0,False
2024-12-23,6,2,28,1999.0,False
2024-12-24,6,2,28,1999.0,False
2024-12-25,6,2,31,1999.0,False
2024-12-26,6,2,37,1999.0,False
2024-12-27,6,2,32,1999.0,False
2024-12-28,6,2,24,1999.0,False
2024-12-29,6,2,23,1999.0,False
2024-12-30,6,2,30,1999.0,False
2024-12-31,6,2,33,1999.0,False
2025-01-01,6,2,34,1999.0,False
2025-01-02,6,2,33,1999.0,False
2025-01-03,6,2,38,1999.0,False
2025-01-04,6,2,45,1999.0,False
2025-01-05,6,2,32,1999.0,False
2025-01-06,6,2,35,1999.0,False
2025-01-07,6,2,36,1999.0,False
2025-01-08,6,2,37,1999.0,False
2025-01-09,6,2,32,1999.0,False
2025-01-10,6,2,35,1999.0,False
2025-01-11,6,2,49,1999.0,False
2025-01-12,6,2,24,1999.0,False
2025-01-13,6,2,35,1999.0,False
2025-01-14,6,2,28,1999.0,False
2025-01-15,6,2,35,1999.0,False
2025-01-16,6,2,31,1999.0,False
2025-01-17,6,2,38,1999.0,False
2025-01-18,6,2,26,1999.0,False
2025-01-19,6,2,26,1999.0,False
2025-01-20,6,2,27,1999.0,False
2025-01-21,6,2,34,1999.0,False
2025-01-22,6,2,33,1999.0,False
2025-01-23,6,2,29,1999.0,False
2025-01-24,6,2,30,1999.0,False
2025-01-25,6,2,25,1999.0,False
2025-01-26,6,2,25,1999.0,False
2025-01-27,6,2,34,1999.0,False
2025-01-28,6,2,36,1999.0,False
2025-01-29,6,2,32,1999.0,False
2025-01-30,6,2,39,1999.0,False
2025-01-31,6,2,30,1999.0,False
2025-02-01,6,2,37,1999.0,True
2025-02-02,6,2,33,1999.0,False
2025-02-03,6,2,38,1999.0,False
2025-02-04,6,2,37,1999.0,False
2025-02-05,6,2,38,1999.0,False
2025-02-06,6,2,44,1999.0,False
2025-02-07,6,2,41,1999.0,False
2025-02-08,6,2,26,1999.0,False
2025-02-09,6,2,27,1999.0,False
2025-02-10,6,2,37,1999.0,False
2025-02-11,6,2,31,1999.0,False
2025-02-12,6,2,41,1999.0,False
2025-02-13,6,2,35,1999.0,False
2025-02-14,6,2,40,1999.0,False
2025-02-15,6,2,35,1999.0,False
2025-02-16,6,2,28,1999.0,True
2025-02-17,6,2,34,1999.0,False
2025-02-18,6,2,35,1999.0,False
2025-02-19,6,2,35,1999.0,False
2025-02-20,6,2,31,1999.0,False
2025-02-21,6,2,39,1999.0,False
2025-02-22,6,2,34,1999.0,False
2025-02-23,6,2,29,1999.0,False
2025-02-24,6,2,37,1999.0,False
2025-02-25,6,2,36,1999.0,False
2025-02-26,6,2,45,1999.0,True
2025-02-27,6,2,32,1999.0,False
2025-02-28,6,2,38,1999.0,False
2025-03-01,6,2,30,1999.0,False
2025-03-02,6,2,32,1999.0,False
2025-03-03,6,2,37,1999.0,False
2025-03-04,6,2,44,1999.0,False
2025-03-05,6,2,45,1999.0,False
2025-03-06,6,2,39,1999.0,False
2025-03-07,6,2,35,1999.0,False
2025-03-08,6,2,29,1999.0,False
2025-03-09,6,2,30,1999.0,False
2025-03-10,6,2,46,1999.0,False
2025-03-11,6,2,40,1999.0,False
2025-03-12,6,2,43,1999.0,False
2025-03-13,6,2,38,1999.0,False
2025-03-14,6,2,46,1999.0,False
2025-03-15,6,2,31,1999.0,False
2025-03-16,6,2,32,1999.0,True
2025-03-17,6,2,38,1999.0,False
2025-03-18,6,2,39,1999.0,False
2025-03-19,6,2,38,1999.0,False
2025-03-20,6,2,40,1999.0,False
2025-03-21,6,2,39,1999.0,False
2025-03-22,6,2,27,1999.0,False
2025-03-23,6,2,34,1999.0,False
2025-03-24,6,2,40,1999.0,False
2025-03-25,6,2,36,1999.0,False
2025-03-26,6,2,43,1999.0,False
2025-03-27,6,2,67,1999.0,True
2025-03-28,6,2,31,1999.0,False
2025-03-29,6,2,30,1999.0,False
2025-03-30,6,2,30,1999.0,False
2025-03-31,6,2,42,1999.0,False
2025-04-01,6,2,36,1999.0,False
2025-04-02,6,2,40,1999.0,False
2025-04-03,6,2,39,1999.0,False
2025-04-04,6,2,47,1999.0,False
2025-04-05,6,2,35,1999.0,False
2025-04-06,6,2,34,1999.0,False
2025-04-07,6,2,35,1999.0,False
2025-04-08,6,2,40,1999.0,False
2025-04-09,6,2,41,1999.0,False
2025-04-10,6,2,42,1999.0,False
2025-04-11,6,2,38,1999.0,False
2025-04-12,6,2,35,1999.0,False
2025-04-13,6,2,29,1999.0,False
2025-04-14,6,2,41,1999.0,False
2025-04-15,6,2,31,1999.0,False
2025-04-16,6,2,44,1999.0,False
2025-04-17,6,2,41,1999.0,False
2025-04-18,6,2,45,1999.0,False
2025-04-19,6,2,37,1999.0,False
2025-04-20,6,2,31,1999.0,False
2025-04-21,6,2,48,1999.0,False
2025-04-22,6,2,36,1999.0,False
2025-04-23,6,2,34,1999.0,False
2025-04-24,6,2,35,1999.0,False
2025-04-25,6,2,43,1999.0,False
2025-04-26,6,2,30,1999.0,False
2025-04-27,6,2,33,1999.0,False
2025-04-28,6,2,44,1999.0,False
2025-04-29,6,2,44,1999.0,False
2025-04-30,6,2,39,1999.0,False
2025-05-01,6,2,47,1999.0,False
2025-05-02,6,2,42,1999.0,False
2025-05-03,6,2,27,1999.0,False
2025-05-04,6,2,30,1999.0,False
2025-05-05,6,2,40,1999.0,False
2025-05-06,6,2,41,1999.0,False
2025-05-07,6,2,37,1999.0,False
2025-05-08,6,2,44,1999.0,False
2025-05-09,6,2,36,1999.0,False
2025-05-10,6,2,25,1999.0,False
2025-05-11,6,2,29,1999.0,False
2025-05-12,6,2,40,1999.0,False
2025-05-13,6,2,44,1999.0,False
2025-05-14,6,2,40,1999.0,False
2025-05-15,6,2,38,1999.0,False
2025-05-16,6,2,35,1999.0,False
2025-05-17,6,2,30,1999.0,False
2025-05-18,6,2,34,1999.0,False
2025-05-19,6,2,42,1999.0,False
2025-05-20,6,2,34,1999.0,False
2025-05-21,6,2,42,1999.0,False
2025-05-22,6,2,41,1999.0,False
2025-05-23,6,2,37,1999.0,False
2025-05-24,6,2,23,1999.0,False
2025-05-25,6,2,35,1999.0,False
2025-05-26,6,2,38,1999.0,False
2025-05-27,6,2,42,1999.0,False
2025-05-28,6,2,37,1999.0,False
2025-05-29,6,2,37,1999.0,False
2025-05-30,6,2,43,1999.0,False
2025-05-31,6,2,33,1999.0,False
2025-06-01,6,2,24,1999.0,False
2025-06-02,6,2,32,1999.0,False
2025-06-03,6,2,34,1999.0,False
2025-06-04,6,2,54,1999.0,True
2025-06-05,6,2,36,1999.0,False
2025-06-06,6,2,45,1999.0,False
2025-06-07,6,2,29,1999.0,False
2025-06-08,6,2,29,1999.0,False
2025-06-09,6,2,39,1999.0,False
2025-06-10,6,2,35,1999.0,False
2025-06-11,6,2,44,1999.0,False
2025-06-12,6,2,30,1999.0,False
2025-06-13,6,2,33,1999.0,False
2025-06-14,6,2,32,1999.0,False
2025-06-15,6,2,30,1999.0,False
2025-06-16,6,2,42,1999.0,False
2025-06-17,6,2,40,1999.0,False
2025-06-18,6,2,43,1999.0,False
2025-06-19,6,2,29,1999.0,False
2025-06-20,6,2,29,1999.0,False
2025-06-21,6,2,28,1999.0,False
2025-06-22,6,2,34,1999.0,False
2025-06-23,6,2,53,1999.0,True
2025-06-24,6,2,38,1999.0,False
2025-06-25,6,2,35,1999.0,False
2025-06-26,6,2,44,1999.0,False
2025-06-27,6,2,30,1999.0,False
2025-06-28,6,2,32,1999.0,False
2025-06-29,6,2,30,1999.0,False
2025-06-30,6,2,45,1999.0,False
2025-07-01,6,2,34,1999.0,False
2025-07-02,6,2,37,1999.0,False
2025-07-03,6,2,36,1999.0,False
2025-07-04,6,2,43,1999.0,False
2025-07-05,6,2,26,1999.0,False
2025-07-06,6,2,29,1999.0,False
2025-07-07,6,2,32,1999.0,False
2025-07-08,6,2,34,1999.0,False
2025-07-09,6,2,38,1999.0,False
2025-07-10,6,2,32,1999.0,False
2025-07-11,6,2,31,1999.0,False
2025-07-12,6,2,28,1999.0,False
2025-07-13,6,2,26,1999.0,False
2025-07-14,6,2,36,1999.0,False
2025-07-15,6,2,36,1999.0,False
2025-07-16,6,2,41,1999.0,False
2025-07-17,6,2,41,1999.0,False
2025-07-18,6,2,35,1999.0,False
2025-07-19,6,2,30,1999.0,False
2025-07-20,6,2,27,1999.0,False
2025-07-21,6,2,31,1999.0,False
2025-07-22,6,2,31,1999.0,False
2025-07-23,6,2,41,1999.0,False
2025-07-24,6,2,38,1999.0,False
2025-07-25,6,2,38,1999.0,False
2025-07-26,6,2,24,1999.0,False
2025-07-27,6,2,30,1999.0,False
2025-07-28,6,2,35,1999.0,False
2025-07-29,6,2,34,1999.0,False
2025-07-30,6,2,37,1999.0,False
2025-07-31,6,2,31,1999.0,False
2025-08-01,6,2,37,1999.0,False
2025-08-02,6,2,24,1999.0,False
2025-08-03,6,2,30,1999.0,False
2025-08-04,6,2,32,1999.0,False
2025-08-05,6,2,34,1999.0,False
2025-08-06,6,2,33,1999.0,False
2025-08-07,6,2,38,1999.0,False
2025-08-08,6,2,35,1999.0,False
2025-08-09,6,2,28,1999.0,False
2025-08-10,6,2,25,1999.0,False
2025-08-11,6,2,48,1999.0,True
2025-08-12,6,2,31,1999.0,False
2025-08-13,6,2,39,1999.0,False
2025-08-14,6,2,36,1999.0,False
2025-08-15,6,2,30,1999.0,False
2025-08-16,6,2,24,1999.0,False
2025-08-17,6,2,27,1999.0,False
2025-08-18,6,2,32,1999.0,False
2025-08-19,6,2,33,1999.0,False
2025-08-20,6,2,33,1999.0,False
2025-08-21,6,2,33,1999.0,False
2025-08-22,6,2,34,1999.0,False
2025-08-23,6,2,24,1999.0,False
2025-08-24,6,2,23,1999.0,False
2025-08-25,6,2,32,1999.0,False
2025-08-26,6,2,38,1999.0,False
2025-08-27,6,2,32,1999.0,False
2025-08-28,6,2,29,1999.0,False
2025-08-29,6,2,36,1999.0,False
2025-08-30,6,2,23,1999.0,False
2025-08-31,6,2,28,1999.0,False
2025-09-01,6,2,28,1999.0,False
2025-09-02,6,2,30,1999.0,False
2025-09-03,6,2,32,1999.0,False
2025-09-04,6,2,41,1999.0,True
2025-09-05,6,2,49,1999.0,True
2025-09-06,6,2,24,1999.0,False
2025-09-07,6,2,24,1999.0,False
2025-09-08,6,2,41,1999.0,True
2025-09-09,6,2,36,1999.0,False
2025-09-10,6,2,31,1999.0,False
2025-09-11,6,2,33,1999.0,False
2025-09-12,6,2,26,1999.0,False
2025-09-13,6,2,27,1999.0,False
2025-09-14,6,2,24,1999.0,False
2025-09-15,6,2,31,1999.0,False
2025-09-16,6,2,29,1999.0,False
2025-09-17,6,2,33,1999.0,False
2025-09-18,6,2,30,1999.0,False
2025-09-19,6,2,31,1999.0,False
2025-09-20,6,2,30,1999.0,False
2025-09-21,6,2,26,1999.0,False
2025-09-22,6,2,33,1999.0,False
2025-09-23,6,2,47,1999.0,True
2025-09-24,6,2,34,1999.0,False
2025-09-25,6,2,34,1999.0,False
2025-09-26,6,2,26,1999.0,False
2025-09-27,6,2,30,1999.0,False
2025-09-28,6,2,23,1999.0,False
2025-09-29,6,2,29,1999.0,False
2025-09-30,6,2,28,1999.0,False
2025-10-01,6,2,29,1999.0,False
2025-10-02,6,2,30,1999.0,False
2025-10-03,6,2,53,1999.0,False
2025-10-04,6,2,24,1999.0,False
2025-10-05,6,2,24,1999.0,False
2025-10-06,6,2,29,1999.0,False
2025-10-07,6,2,27,1999.0,False
2025-10-08,6,2,26,1999.0,False
2025-10-09,6,2,34,1999.0,False
2025-10-10,6,2,45,1999.0,False
2025-10-11,6,2,22,1999.0,False
2025-10-12,6,2,21,1999.0,False
2025-10-13,6,2,29,1999.0,False
2025-10-14,6,2,31,1999.0,False
2025-10-15,6,2,31,1999.0,False
2025-10-16,6,2,31,1999.0,False
2025-10-17,6,2,32,1999.0,False
2025-10-18,6,2,24,1999.0,False
2025-10-19,6,2,26,1999.0,False
2025-10-20,6,2,35,1999.0,False
2025-10-21,6,2,30,1999.0,False
2025-10-22,6,2,32,1999.0,False
2025-10-23,6,2,33,1999.0,False
2025-10-24,6,2,32,1999.0,False
2025-10-25,6,2,24,1999.0,False
2025-10-26,6,2,33,1999.0,True
2025-10-27,6,2,27,1999.0,False
2025-10-28,6,2,27,1999.0,False
2025-10-29,6,2,30,1999.0,False
2025-10-30,6,2,27,1999.0,False
2025-10-31,6,2,38,1999.0,False
2025-11-01,6,2,18,1999.0,False
2025-11-02,6,2,25,1999.0,False
2025-11-03,6,2,36,1999.0,False
2025-11-04,6,2,31,1999.0,False
2025-11-05,6,2,24,1999.0,False
2025-11-06,6,2,29,1999.0,False
2025-11-07,6,2,31,1999.0,False
2025-11-08,6,2,24,1999.0,False
2025-11-09,6,2,26,1999.0,False
2025-11-10,6,2,37,1999.0,False
2025-11-11,6,2,35,1999.0,False
2025-11-12,6,2,35,1999.0,False
2025-11-13,6,2,32,1999.0,False
2025-11-14,6,2,27,1999.0,False
2025-11-15,6,2,23,1999.0,False
2025-11-16,6,2,22,1999.0,False
2025-11-17,6,2,29,1999.0,False
2025-11-18,6,2,28,1999.0,False
2025-11-19,6,2,34,1999.0,False
2025-11-20,6,2,28,1999.0,False
2025-11-21,6,2,36,1999.0,False
2025-11-22,6,2,26,1999.0,False
2025-11-23,6,2,38,1999.0,False
2025-11-24,6,2,28,1999.0,False
2025-11-25,6,2,35,1999.0,False
2025-11-26,6,2,32,1999.0,False
2025-11-27,6,2,39,1999.0,True
2025-11-28,6,2,24,1999.0,False
2025-11-29,6,2,24,1999.0,False
2025-11-30,6,2,25,1999.0,False
2025-12-01,6,2,24,1999.0,False
2025-12-02,6,2,28,1999.0,False
2025-12-03,6,2,37,1999.0,False
2025-12-04,6,2,27,1999.0,False
2025-12-05,6,2,38,1999.0,False
2025-12-06,6,2,26,1999.0,False
2025-12-07,6,2,24,1999.0,False
2025-12-08,6,2,32,1999.0,False
2025-12-09,6,2,35,1999.0,False
2025-12-10,6,2,32,1999.0,False
2025-12-11,6,2,35,1999.0,False
2025-12-12,6,2,30,1999.0,False
2025-12-13,6,2,22,1999.0,False
2025-12-14,6,2,27,1999.0,False
2025-12-15,6,2,29,1999.0,False
2025-12-16,6,2,33,1999.0,False
2025-12-17,6,2,31,1999.0,False
2025-12-18,6,2,35,1999.0,False
2025-12-19,6,2,31,1999.0,False
2025-12-20,6,2,23,1999.0,False
2025-12-21,6,2,25,1999.0,False
2025-12-22,6,2,57,1999.0,True
2025-12-23,6,2,35,1999.0,False
2025-12-24,6,2,40,1999.0,False
2025-12-25,6,2,34,1999.0,False
2025-12-26,6,2,35,1999.0,False
2025-12-27,6,2,28,1999.0,False
2025-12-28,6,2,26,1999.0,False
2025-12-29,6,2,36,1999.0,False
2025-12-30,6,2,37,1999.0,False
2025-12-31,6,2,35,1999.0,False
2024-01-01,6,3,41,1999.0,False
2024-01-02,6,3,39,1999.0,False
2024-01-03,6,3,31,1999.0,False
2024-01-04,6,3,33,1999.0,False
2024-01-05,6,3,37,1999.0,False
2024-01-06,6,3,29,1999.0,False
2024-01-07,6,3,31,1999.0,True
2024-01-08,6,3,43,1999.0,False
2024-01-09,6,3,35,1999.0,False
2024-01-10,6,3,36,1999.0,False
2024-01-11,6,3,39,1999.0,False
2024-01-12,6,3,38,1999.0,False
2024-01-13,6,3,34,1999.0,False
2024-01-14,6,3,35,1999.0,False
2024-01-15,6,3,42,1999.0,False
2024-01-16,6,3,33,1999.0,False
2024-01-17,6,3,42,1999.0,False
2024-01-18,6,3,30,1999.0,False
2024-01-19,6,3,58,1999.0,True
2024-01-20,6,3,35,1999.0,False
2024-01-21,6,3,34,1999.0,False
2024-01-22,6,3,39,1999.0,False
2024-01-23,6,3,51,1999.0,False
2024-01-24,6,3,36,1999.0,False
2024-01-25,6,3,45,1999.0,False
2024-01-26,6,3,35,1999.0,False
2024-01-27,6,3,36,1999.0,True
2024-01-28,6,3,26,1999.0,False
2024-01-29,6,3,43,1999.0,False
2024-01-30,6,3,36,1999.0,False
2024-01-31,6,3,37,1999.0,False
2024-02-01,6,3,38,1999.0,False
2024-02-02,6,3,73,1999.0,False
2024-02-03,6,3,34,1999.0,False
2024-02-04,6,3,31,1999.0,False
2024-02-05,6,3,36,1999.0,False
2024-02-06,6,3,37,1999.0,False
2024-02-07,6,3,43,1999.0,False
2024-02-08,6,3,41,1999.0,False
2024-02-09,6,3,37,1999.0,False
2024-02-10,6,3,34,1999.0,False
2024-02-11,6,3,33,1999.0,False
2024-02-12,6,3,45,1999.0,False
2024-02-13,6,3,44,1999.0,False
2024-02-14,6,3,42,1999.0,False
2024-02-15,6,3,45,1999.0,False
2024-02-16,6,3,47,1999.0,False
2024-02-17,6,3,37,1999.0,False
2024-02-18,6,3,27,1999.0,False
2024-02-19,6,3,34,1999.0,False
2024-02-20,6,3,58,1999.0,True
2024-02-21,6,3,41,1999.0,False
2024-02-22,6,3,53,1999.0,True
2024-02-23,6,3,34,1999.0,False
2024-02-24,6,3,30,1999.0,False
2024-02-25,6,3,35,1999.0,False
2024-02-26,6,3,42,1999.0,False
2024-02-27,6,3,45,1999.0,False
2024-02-28,6,3,43,1999.0,False
2024-02-29,6,3,40,1999.0,False
2024-03-01,6,3,45,1999.0,False
2024-03-02,6,3,36,1999.0,False
2024-03-03,6,3,35,1999.0,False
2024-03-04,6,3,37,1999.0,False
2024-03-05,6,3,47,1999.0,False
2024-03-06,6,3,45,1999.0,False
2024-03-07,6,3,54,1999.0,True
2024-03-08,6,3,37,1999.0,False
2024-03-09,6,3,37,1999.0,False
2024-03-10,6,3,37,1999.0,False
2024-03-11,6,3,40,1999.0,False
2024-03-12,6,3,39,1999.0,False
2024-03-13,6,3,40,1999.0,False
2024-03-14,6,3,42,1999.0,False
2024-03-15,6,3,45,1999.0,False
2024-03-16,6,3,33,1999.0,False
2024-03-17,6,3,31,1999.0,False
2024-03-18,6,3,43,1999.0,False
2024-03-19,6,3,37,1999.0,False
2024-03-20,6,3,50,1999.0,False
2024-03-21,6,3,36,1999.0,False
2024-03-22,6,3,32,1999.0,False
2024-03-23,6,3,35,1999.0,False
2024-03-24,6,3,56,1999.0,False
2024-03-25,6,3,41,1999.0,False
2024-03-26,6,3,43,1999.0,False
2024-03-27,6,3,43,1999.0,False
2024-03-28,6,3,52,1999.0,False
2024-03-29,6,3,39,1999.0,False
2024-03-30,6,3,39,1999.0,False
2024-03-31,6,3,32,1999.0,False
2024-04-01,6,3,57,1999.0,True
2024-04-02,6,3,42,1999.0,False
2024-04-03,6,3,44,1999.0,False
2024-04-04,6,3,34,1999.0,False
2024-04-05,6,3,40,1999.0,False
2024-04-06,6,3,39,1999.0,False
2024-04-07,6,3,37,1999.0,False
2024-04-08,6,3,46,1999.0,False
2024-04-09,6,3,46,1999.0,False
2024-04-10,6,3,56,1999.0,True
2024-04-11,6,3,65,1999.0,True
2024-04-12,6,3,73,1999.0,True
2024-04-13,6,3,37,1999.0,False
2024-04-14,6,3,33,1999.0,False
2024-04-15,6,3,47,1999.0,False
2024-04-16,6,3,39,1999.0,False
2024-04-17,6,3,44,1999.0,False
2024-04-18,6,3,43,1999.0,False
2024-04-19,6,3,40,1999.0,False
2024-04-20,6,3,35,1999.0,False
2024-04-21,6,3,39,1999.0,False
2024-04-22,6,3,45,1999.0,False
2024-04-23,6,3,52,1999.0,False
2024-04-24,6,3,42,1999.0,False
2024-04-25,6,3,44,1999.0,False
2024-04-26,6,3,51,1999.0,False
2024-04-27,6,3,32,1999.0,False
2024-04-28,6,3,40,1999.0,False
2024-04-29,6,3,42,1999.0,False
2024-04-30,6,3,42,1999.0,False
2024-05-01,6,3,45,1999.0,False
2024-05-02,6,3,39,1999.0,False
2024-05-03,6,3,49,1999.0,False
2024-05-04,6,3,32,1999.0,False
2024-05-05,6,3,35,1999.0,False
2024-05-06,6,3,47,1999.0,False
2024-05-07,6,3,40,1999.0,False
2024-05-08,6,3,44,1999.0,False
2024-05-09,6,3,40,1999.0,False
2024-05-10,6,3,45,1999.0,False
2024-05-11,6,3,39,1999.0,False
2024-05-12,6,3,33,1999.0,False
2024-05-13,6,3,47,1999.0,False
2024-05-14,6,3,49,1999.0,False
2024-05-15,6,3,46,1999.0,False
2024-05-16,6,3,40,1999.0,False
2024-05-17,6,3,47,1999.0,False
2024-05-18,6,3,36,1999.0,False
2024-05-19,6,3,38,1999.0,False
2024-05-20,6,3,39,1999.0,False
2024-05-21,6,3,47,1999.0,False
2024-05-22,6,3,43,1999.0,False
2024-05-23,6,3,50,1999.0,False
2024-05-24,6,3,47,1999.0,False
2024-05-25,6,3,39,1999.0,False
2024-05-26,6,3,37,1999.0,False
2024-05-27,6,3,40,1999.0,False
2024-05-28,6,3,44,1999.0,False
2024-05-29,6,3,47,1999.0,False
2024-05-30,6,3,39,1999.0,False
2024-05-31,6,3,68,1999.0,True
2024-06-01,6,3,25,1999.0,False
2024-06-02,6,3,30,1999.0,False
2024-06-03,6,3,44,1999.0,False
2024-06-04,6,3,45,1999.0,False
2024-06-05,6,3,28,1999.0,False
2024-06-06,6,3,45,1999.0,False
2024-06-07,6,3,62,1999.0,False
2024-06-08,6,3,34,1999.0,False
2024-06-09,6,3,33,1999.0,False
2024-06-10,6,3,46,1999.0,False
2024-06-11,6,3,46,1999.0,False
2024-06-12,6,3,44,1999.0,False
2024-06-13,6,3,40,1999.0,False
2024-06-14,6,3,36,1999.0,False
2024-06-15,6,3,31,1999.0,False
2024-06-16,6,3,28,1999.0,False
2024-06-17,6,3,39,1999.0,False
2024-06-18,6,3,36,1999.0,False
2024-06-19,6,3,40,1999.0,False
2024-06-20,6,3,42,1999.0,False
2024-06-21,6,3,35,1999.0,False
2024-06-22,6,3,37,1999.0,False
2024-06-23,6,3,32,1999.0,False
2024-06-24,6,3,44,1999.0,False
2024-06-25,6,3,44,1999.0,False
2024-06-26,6,3,32,1999.0,False
2024-06-27,6,3,46,1999.0,False
2024-06-28,6,3,45,1999.0,False
2024-06-29,6,3,35,1999.0,False
2024-06-30,6,3,32,1999.0,False
2024-07-01,6,3,45,1999.0,False
2024-07-02,6,3,43,1999.0,False
2024-07-03,6,3,38,1999.0,False
2024-07-04,6,3,39,1999.0,False
2024-07-05,6,3,44,1999.0,False
2024-07-06,6,3,29,1999.0,False
2024-07-07,6,3,29,1999.0,False
2024-07-08,6,3,40,1999.0,False
2024-07-09,6,3,38,1999.0,False
2024-07-10,6,3,41,1999.0,False
2024-07-11,6,3,41,1999.0,False
2024-07-12,6,3,36,1999.0,False
2024-07-13,6,3,30,1999.0,False
2024-07-14,6,3,46,1999.0,False
2024-07-15,6,3,61,1999.0,False
2024-07-16,6,3,38,1999.0,False
2024-07-17,6,3,43,1999.0,False
2024-07-18,6,3,37,1999.0,False
2024-07-19,6,3,41,1999.0,False
2024-07-20,6,3,34,1999.0,False
2024-07-21,6,3,27,1999.0,False
2024-07-22,6,3,37,1999.0,False
2024-07-23,6,3,41,1999.0,False
2024-07-24,6,3,43,1999.0,False
2024-07-25,6,3,32,1999.0,False
2024-07-26,6,3,49,1999.0,False
2024-07-27,6,3,33,1999.0,False
2024-07-28,6,3,33,1999.0,False
2024-07-29,6,3,47,1999.0,False
2024-07-30,6,3,36,1999.0,False
2024-07-31,6,3,42,1999.0,False
2024-08-01,6,3,35,1999.0,False
2024-08-02,6,3,42,1999.0,False
2024-08-03,6,3,30,1999.0,False
2024-08-04,6,3,31,1999.0,False
2024-08-05,6,3,36,1999.0,False
2024-08-06,6,3,36,1999.0,False
2024-08-07,6,3,41,1999.0,False
2024-08-08,6,3,37,1999.0,False
2024-08-09,6,3,28,1999.0,False
2024-08-10,6,3,33,1999.0,False
2024-08-11,6,3,29,1999.0,False
2024-08-12,6,3,40,1999.0,False
2024-08-13,6,3,41,1999.0,False
2024-08-14,6,3,35,1999.0,False
2024-08-15,6,3,39,1999.0,False
2024-08-16,6,3,37,1999.0,False
2024-08-17,6,3,23,1999.0,False
2024-08-18,6,3,42,1999.0,True
2024-08-19,6,3,46,1999.0,True
2024-08-20,6,3,36,1999.0,False
2024-08-21,6,3,30,1999.0,False
2024-08-22,6,3,34,1999.0,False
2024-08-23,6,3,33,1999.0,False
2024-08-24,6,3,32,1999.0,False
2024-08-25,6,3,28,1999.0,False
2024-08-26,6,3,46,1999.0,True
2024-08-27,6,3,43,1999.0,False
2024-08-28,6,3,30,1999.0,False
2024-08-29,6,3,37,1999.0,False
2024-08-30,6,3,30,1999.0,False
2024-08-31,6,3,29,1999.0,False
2024-09-01,6,3,22,1999.0,False
2024-09-02,6,3,35,1999.0,False
2024-09-03,6,3,39,1999.0,False
2024-09-04,6,3,33,1999.0,False
2024-09-05,6,3,34,1999.0,False
2024-09-06,6,3,33,1999.0,False
2024-09-07,6,3,28,1999.0,False
2024-09-08,6,3,27,1999.0,False
2024-09-09,6,3,38,1999.0,False
2024-09-10,6,3,26,1999.0,False
2024-09-11,6,3,33,1999.0,False
2024-09-12,6,3,35,1999.0,False
2024-09-13,6,3,30,1999.0,False
2024-09-14,6,3,30,1999.0,False
2024-09-15,6,3,33,1999.0,False
2024-09-16,6,3,31,1999.0,False
2024-09-17,6,3,30,1999.0,False
2024-09-18,6,3,52,1999.0,True
2024-09-19,6,3,38,1999.0,False
2024-09-20,6,3,29,1999.0,False
2024-09-21,6,3,26,1999.0,False
2024-09-22,6,3,23,1999.0,False
2024-09-23,6,3,33,1999.0,False
2024-09-24,6,3,41,1999.0,False
2024-09-25,6,3,31,1999.0,False
2024-09-26,6,3,35,1999.0,False
2024-09-27,6,3,31,1999.0,False
2024-09-28,6,3,25,1999.0,False
2024-09-29,6,3,40,1999.0,True
2024-09-30,6,3,36,1999.0,False
2024-10-01,6,3,35,1999.0,False
2024-10-02,6,3,36,1999.0,False
2024-10-03,6,3,38,1999.0,False
2024-10-04,6,3,35,1999.0,False
2024-10-05,6,3,30,1999.0,False
2024-10-06,6,3,38,1999.0,True
2024-10-07,6,3,27,1999.0,False
2024-10-08,6,3,49,1999.0,True
2024-10-09,6,3,34,1999.0,False
2024-10-10,6,3,36,1999.0,False
2024-10-11,6,3,32,1999.0,False
2024-10-12,6,3,27,1999.0,False
2024-10-13,6,3,28,1999.0,False
2024-10-14,6,3,37,1999.0,False
2024-10-15,6,3,28,1999.0,False
2024-10-16,6,3,33,1999.0,False
2024-10-17,6,3,36,1999.0,False
2024-10-18,6,3,33,1999.0,False
2024-10-19,6,3,28,1999.0,False
2024-10-20,6,3,26,1999.0,False
2024-10-21,6,3,29,1999.0,False
2024-10-22,6,3,27,1999.0,False
2024-10-23,6,3,33,1999.0,False
2024-10-24,6,3,35,1999.0,False
2024-10-25,6,3,38,1999.0,False
2024-10-26,6,3,31,1999.0,False
2024-10-27,6,3,33,1999.0,True
2024-10-28,6,3,39,1999.0,False
2024-10-29,6,3,31,1999.0,False
2024-10-30,6,3,28,1999.0,False
2024-10-31,6,3,29,1999.0,False
2024-11-01,6,3,33,1999.0,False
2024-11-02,6,3,21,1999.0,False
2024-11-03,6,3,26,1999.0,False
2024-11-04,6,3,38,1999.0,False
2024-11-05,6,3,33,1999.0,False
2024-11-06,6,3,39,1999.0,False
2024-11-07,6,3,32,1999.0,False
2024-11-08,6,3,36,1999.0,False
2024-11-09,6,3,25,1999.0,False
2024-11-10,6,3,28,1999.0,False
2024-11-11,6,3,35,1999.0,False
2024-11-12,6,3,56,1999.0,False
2024-11-13,6,3,40,1999.0,False
2024-11-14,6,3,35,1999.0,False
2024-11-15,6,3,37,1999.0,False
2024-11-16,6,3,34,1999.0,True
2024-11-17,6,3,22,1999.0,False
2024-11-18,6,3,31,1999.0,False
2024-11-19,6,3,38,1999.0,False
2024-11-20,6,3,35,1999.0,False
2024-11-21,6,3,34,1999.0,False
2024-11-22,6,3,36,1999.0,False
2024-11-23,6,3,26,1999.0,False
2024-11-24,6,3,28,1999.0,False
2024-11-25,6,3,35,1999.0,False
2024-11-26,6,3,35,1999.0,False
2024-11-27,6,3,34,1999.0,False
2024-11-28,6,3,32,1999.0,False
2024-11-29,6,3,28,1999.0,False
2024-11-30,6,3,25,1999.0,False
2024-12-01,6,3,29,1999.0,False
2024-12-02,6,3,37,1999.0,False
2024-12-03,6,3,37,1999.0,False
2024-12-04,6,3,39,1999.0,False
2024-12-05,6,3,47,1999.0,False
2024-12-06,6,3,40,1999.0,False
2024-12-07,6,3,34,1999.0,False
2024-12-08,6,3,30,1999.0,False
2024-12-09,6,3,39,1999.0,False
2024-12-10,6,3,35,1999.0,False
2024-12-11,6,3,39,1999.0,False
2024-12-12,6,3,39,1999.0,False
2024-12-13,6,3,38,1999.0,False
2024-12-14,6,3,26,1999.0,False
2024-12-15,6,3,32,1999.0,False
2024-12-16,6,3,32,1999.0,False
2024-12-17,6,3,37,1999.0,False
2024-12-18,6,3,41,1999.0,False
2024-12-19,6,3,37,1999.0,False
2024-12-20,6,3,38,1999.0,False
2024-12-21,6,3,24,1999.0,False
2024-12-22,6,3,26,1999.0,False
2024-12-23,6,3,37,1999.0,False
2024-12-24,6,3,35,1999.0,False
2024-12-25,6,3,43,1999.0,False
2024-12-26,6,3,42,1999.0,False
2024-12-27,6,3,39,1999.0,False
2024-12-28,6,3,31,1999.0,False
2024-12-29,6,3,30,1999.0,False
2024-12-30,6,3,35,1999.0,False
2024-12-31,6,3,38,1999.0,False
2025-01-01,6,3,47,1999.0,False
2025-01-02,6,3,47,1999.0,False
2025-01-03,6,3,40,1999.0,False
2025-01-04,6,3,31,1999.0,False
2025-01-05,6,3,33,1999.0,False
2025-01-06,6,3,48,1999.0,False
2025-01-07,6,3,39,1999.0,False
2025-01-08,6,3,40,1999.0,False
2025-01-09,6,3,36,1999.0,False
2025-01-10,6,3,39,1999.0,False
2025-01-11,6,3,35,1999.0,False
2025-01-12,6,3,25,1999.0,False
2025-01-13,6,3,42,1999.0,False
2025-01-14,6,3,41,1999.0,False
2025-01-15,6,3,45,1999.0,False
2025-01-16,6,3,42,1999.0,False
2025-01-17,6,3,49,1999.0,False
2025-01-18,6,3,31,1999.0,False
2025-01-19,6,3,31,1999.0,False
2025-01-20,6,3,44,1999.0,False
2025-01-21,6,3,38,1999.0,False
2025-01-22,6,3,41,1999.0,False
2025-01-23,6,3,36,1999.0,False
2025-01-24,6,3,32,1999.0,False
2025-01-25,6,3,34,1999.0,False
2025-01-26,6,3,47,1999.0,True
2025-01-27,6,3,47,1999.0,False
2025-01-28,6,3,43,1999.0,False
2025-01-29,6,3,40,1999.0,False
2025-01-30,6,3,45,1999.0,False
2025-01-31,6,3,45,1999.0,False
2025-02-01,6,3,34,1999.0,False
2025-02-02,6,3,48,1999.0,True
2025-02-03,6,3,48,1999.0,False
2025-02-04,6,3,49,1999.0,False
2025-02-05,6,3,39,1999.0,False
2025-02-06,6,3,43,1999.0,False
2025-02-07,6,3,40,1999.0,False
2025-02-08,6,3,58,1999.0,False
2025-02-09,6,3,44,1999.0,True
2025-02-10,6,3,38,1999.0,False
2025-02-11,6,3,41,1999.0,False
2025-02-12,6,3,51,1999.0,False
2025-02-13,6,3,48,1999.0,False
2025-02-14,6,3,43,1999.0,False
2025-02-15,6,3,38,1999.0,False
2025-02-16,6,3,35,1999.0,False
2025-02-17,6,3,47,1999.0,False
2025-02-18,6,3,49,1999.0,False
2025-02-19,6,3,44,1999.0,False
2025-02-20,6,3,71,1999.0,False
2025-02-21,6,3,40,1999.0,False
2025-02-22,6,3,27,1999.0,False
2025-02-23,6,3,33,1999.0,False
2025-02-24,6,3,47,1999.0,False
2025-02-25,6,3,50,1999.0,False
2025-02-26,6,3,44,1999.0,False
2025-02-27,6,3,50,1999.0,False
2025-02-28,6,3,50,1999.0,False
2025-03-01,6,3,29,1999.0,False
2025-03-02,6,3,39,1999.0,False
2025-03-03,6,3,45,1999.0,False
2025-03-04,6,3,47,1999.0,False
2025-03-05,6,3,47,1999.0,False
2025-03-06,6,3,40,1999.0,False
2025-03-07,6,3,44,1999.0,False
2025-03-08,6,3,36,1999.0,False
2025-03-09,6,3,35,1999.0,False
2025-03-10,6,3,48,1999.0,False
2025-03-11,6,3,40,1999.0,False
2025-03-12,6,3,45,1999.0,False
2025-03-13,6,3,41,1999.0,False
2025-03-14,6,3,48,1999.0,False
2025-03-15,6,3,35,1999.0,False
2025-03-16,6,3,38,1999.0,False
2025-03-17,6,3,50,1999.0,False
2025-03-18,6,3,52,1999.0,False
2025-03-19,6,3,46,1999.0,False
2025-03-20,6,3,51,1999.0,False
2025-03-21,6,3,46,1999.0,False
2025-03-22,6,3,37,1999.0,False
2025-03-23,6,3,34,1999.0,False
2025-03-24,6,3,41,1999.0,False
2025-03-25,6,3,39,1999.0,False
2025-03-26,6,3,37,1999.0,False
2025-03-27,6,3,41,1999.0,False
2025-03-28,6,3,46,1999.0,False
2025-03-29,6,3,37,1999.0,False
2025-03-30,6,3,34,1999.0,False
2025-03-31,6,3,44,1999.0,False
2025-04-01,6,3,46,1999.0,False
2025-04-02,6,3,48,1999.0,False
2025-04-03,6,3,47,1999.0,False
2025-04-04,6,3,47,1999.0,False
2025-04-05,6,3,39,1999.0,False
2025-04-06,6,3,38,1999.0,False
2025-04-07,6,3,41,1999.0,False
2025-04-08,6,3,55,1999.0,False
2025-04-09,6,3,46,1999.0,False
2025-04-10,6,3,98,1999.0,False
2025-04-11,6,3,44,1999.0,False
2025-04-12,6,3,40,1999.0,False
2025-04-13,6,3,40,1999.0,False
2025-04-14,6,3,51,1999.0,False
2025-04-15,6,3,44,1999.0,False
2025-04-16,6,3,48,1999.0,False
2025-04-17,6,3,45,1999.0,False
2025-04-18,6,3,56,1999.0,False
2025-04-19,6,3,39,1999.0,False
2025-04-20,6,3,37,1999.0,False
2025-04-21,6,3,50,1999.0,False
2025-04-22,6,3,45,1999.0,False
2025-04-23,6,3,56,1999.0,False
2025-04-24,6,3,43,1999.0,False
2025-04-25,6,3,49,1999.0,False
2025-04-26,6,3,42,1999.0,False
2025-04-27,6,3,32,1999.0,False
2025-04-28,6,3,62,1999.0,True
2025-04-29,6,3,52,1999.0,False
2025-04-30,6,3,49,1999.0,False
2025-05-01,6,3,62,1999.0,True
2025-05-02,6,3,51,1999.0,False
2025-05-03,6,3,39,1999.0,False
2025-05-04,6,3,36,1999.0,False
2025-05-05,6,3,46,1999.0,False
2025-05-06,6,3,48,1999.0,False
2025-05-07,6,3,42,1999.0,False
2025-05-08,6,3,45,1999.0,False
2025-05-09,6,3,49,1999.0,False
2025-05-10,6,3,41,1999.0,False
2025-05-11,6,3,37,1999.0,False
2025-05-12,6,3,49,1999.0,False
2025-05-13,6,3,44,1999.0,False
2025-05-14,6,3,42,1999.0,False
2025-05-15,6,3,36,1999.0,False
2025-05-16,6,3,54,1999.0,False
2025-05-17,6,3,40,1999.0,False
2025-05-18,6,3,51,1999.0,True
2025-05-19,6,3,38,1999.0,False
2025-05-20,6,3,45,1999.0,False
2025-05-21,6,3,44,1999.0,False
2025-05-22,6,3,44,1999.0,False
2025-05-23,6,3,42,1999.0,False
2025-05-24,6,3,36,1999.0,False
2025-05-25,6,3,42,1999.0,False
2025-05-26,6,3,47,1999.0,False
2025-05-27,6,3,56,1999.0,False
2025-05-28,6,3,41,1999.0,False
2025-05-29,6,3,45,1999.0,False
2025-05-30,6,3,53,1999.0,False
2025-05-31,6,3,30,1999.0,False
2025-06-01,6,3,32,1999.0,False
2025-06-02,6,3,42,1999.0,False
2025-06-03,6,3,47,1999.0,False
2025-06-04,6,3,41,1999.0,False
2025-06-05,6,3,41,1999.0,False
2025-06-06,6,3,48,1999.0,False
2025-06-07,6,3,33,1999.0,False
2025-06-08,6,3,30,1999.0,False
2025-06-09,6,3,43,1999.0,False
2025-06-10,6,3,47,1999.0,False
2025-06-11,6,3,64,1999.0,True
2025-06-12,6,3,33,1999.0,False
2025-06-13,6,3,41,1999.0,False
2025-06-14,6,3,40,1999.0,False
2025-06-15,6,3,38,1999.0,False
2025-06-16,6,3,53,1999.0,False
2025-06-17,6,3,54,1999.0,False
2025-06-18,6,3,40,1999.0,False
2025-06-19,6,3,43,1999.0,False
2025-06-20,6,3,41,1999.0,False
2025-06-21,6,3,34,1999.0,False
2025-06-22,6,3,34,1999.0,False
2025-06-23,6,3,39,1999.0,False
2025-06-24,6,3,42,1999.0,False
2025-06-25,6,3,48,1999.0,False
2025-06-26,6,3,64,1999.0,True
2025-06-27,6,3,46,1999.0,False
2025-06-28,6,3,30,1999.0,False
2025-06-29,6,3,36,1999.0,False
2025-06-30,6,3,48,1999.0,False
2025-07-01,6,3,42,1999.0,False
2025-07-02,6,3,40,1999.0,False
2025-07-03,6,3,40,1999.0,False
2025-07-04,6,3,48,1999.0,False
2025-07-05,6,3,33,1999.0,False
2025-07-06,6,3,30,1999.0,False
2025-07-07,6,3,43,1999.0,False
2025-07-08,6,3,40,1999.0,False
2025-07-09,6,3,42,1999.0,False
2025-07-10,6,3,43,1999.0,False
2025-07-11,6,3,36,1999.0,False
2025-07-12,6,3,34,1999.0,False
2025-07-13,6,3,31,1999.0,False
2025-07-14,6,3,39,1999.0,False
2025-07-15,6,3,42,1999.0,False
2025-07-16,6,3,37,1999.0,False
2025-07-17,6,3,47,1999.0,False
2025-07-18,6,3,42,1999.0,False
2025-07-19,6,3,37,1999.0,False
2025-07-20,6,3,32,1999.0,False
2025-07-21,6,3,43,1999.0,False
2025-07-22,6,3,42,1999.0,False
2025-07-23,6,3,49,1999.0,False
2025-07-24,6,3,38,1999.0,False
2025-07-25,6,3,47,1999.0,False
2025-07-26,6,3,33,1999.0,False
2025-07-27,6,3,34,1999.0,False
2025-07-28,6,3,37,1999.0,False
2025-07-29,6,3,41,1999.0,False
2025-07-30,6,3,48,1999.0,False
2025-07-31,6,3,33,1999.0,False
2025-08-01,6,3,40,1999.0,False
2025-08-02,6,3,29,1999.0,False
2025-08-03,6,3,32,1999.0,False
2025-08-04,6,3,40,1999.0,False
2025-08-05,6,3,38,1999.0,False
2025-08-06,6,3,30,1999.0,False
2025-08-07,6,3,43,1999.0,False
2025-08-08,6,3,38,1999.0,False
2025-08-09,6,3,46,1999.0,True
2025-08-10,6,3,26,1999.0,False
2025-08-11,6,3,37,1999.0,False
2025-08-12,6,3,36,1999.0,False
2025-08-13,6,3,37,1999.0,False
2025-08-14,6,3,42,1999.0,False
2025-08-15,6,3,34,1999.0,False
2025-08-16,6,3,61,1999.0,True
2025-08-17,6,3,26,1999.0,False
2025-08-18,6,3,33,1999.0,False
2025-08-19,6,3,32,1999.0,False
2025-08-20,6,3,38,1999.0,False
2025-08-21,6,3,39,1999.0,False
2025-08-22,6,3,38,1999.0,False
2025-08-23,6,3,31,1999.0,False
2025-08-24,6,3,27,1999.0,False
2025-08-25,6,3,36,1999.0,False
2025-08-26,6,3,41,1999.0,False
2025-08-27,6,3,35,1999.0,False
2025-08-28,6,3,41,1999.0,False
2025-08-29,6,3,33,1999.0,False
2025-08-30,6,3,52,1999.0,True
2025-08-31,6,3,28,1999.0,False
2025-09-01,6,3,37,1999.0,False
2025-09-02,6,3,50,1999.0,True
2025-09-03,6,3,36,1999.0,False
2025-09-04,6,3,35,1999.0,False
2025-09-05,6,3,40,1999.0,False
2025-09-06,6,3,30,1999.0,False
2025-09-07,6,3,27,1999.0,False
2025-09-08,6,3,35,1999.0,False
2025-09-09,6,3,36,1999.0,False
2025-09-10,6,3,40,1999.0,False
2025-09-11,6,3,32,1999.0,False
2025-09-12,6,3,28,1999.0,False
2025-09-13,6,3,27,1999.0,False
2025-09-14,6,3,31,1999.0,False
2025-09-15,6,3,50,1999.0,True
2025-09-16,6,3,34,1999.0,False
2025-09-17,6,3,45,1999.0,False
2025-09-18,6,3,33,1999.0,False
2025-09-19,6,3,41,1999.0,False
2025-09-20,6,3,30,1999.0,False
2025-09-21,6,3,29,1999.0,False
2025-09-22,6,3,38,1999.0,False
2025-09-23,6,3,40,1999.0,False
2025-09-24,6,3,33,1999.0,False
2025-09-25,6,3,39,1999.0,False
2025-09-26,6,3,44,1999.0,False
2025-09-27,6,3,24,1999.0,False
2025-09-28,6,3,27,1999.0,False
2025-09-29,6,3,35,1999.0,False
2025-09-30,6,3,35,1999.0,False
2025-10-01,6,3,66,1999.0,False
2025-10-02,6,3,36,1999.0,False
2025-10-03,6,3,42,1999.0,False
2025-10-04,6,3,28,1999.0,False
2025-10-05,6,3,27,1999.0,False
2025-10-06,6,3,42,1999.0,False
2025-10-07,6,3,65,1999.0,False
2025-10-08,6,3,36,1999.0,False
2025-10-09,6,3,30,1999.0,False
2025-10-10,6,3,39,1999.0,False
2025-10-11,6,3,23,1999.0,False
2025-10-12,6,3,31,1999.0,False
2025-10-13,6,3,31,1999.0,False
2025-10-14,6,3,31,1999.0,False
2025-10-15,6,3,34,1999.0,False
2025-10-16,6,3,34,1999.0,False
2025-10-17,6,3,39,1999.0,False
2025-10-18,6,3,47,1999.0,True
2025-10-19,6,3,43,1999.0,False
2025-10-20,6,3,43,1999.0,False
2025-10-21,6,3,40,1999.0,False
2025-10-22,6,3,31,1999.0,False
2025-10-23,6,3,35,1999.0,False
2025-10-24,6,3,55,1999.0,False
2025-10-25,6,3,28,1999.0,False
2025-10-26,6,3,34,1999.0,False
2025-10-27,6,3,44,1999.0,False
2025-10-28,6,3,30,1999.0,False
2025-10-29,6,3,38,1999.0,False
2025-10-30,6,3,39,1999.0,False
2025-10-31,6,3,40,1999.0,False
2025-11-01,6,3,30,1999.0,False
2025-11-02,6,3,24,1999.0,False
2025-11-03,6,3,42,1999.0,False
2025-11-04,6,3,36,1999.0,False
2025-11-05,6,3,52,1999.0,True
2025-11-06,6,3,40,1999.0,False
2025-11-07,6,3,33,1999.0,False
2025-11-08,6,3,30,1999.0,False
2025-11-09,6,3,29,1999.0,False
2025-11-10,6,3,36,1999.0,False
2025-11-11,6,3,39,1999.0,False
2025-11-12,6,3,41,1999.0,False
2025-11-13,6,3,33,1999.0,False
2025-11-14,6,3,28,1999.0,False
2025-11-15,6,3,24,1999.0,False
2025-11-16,6,3,27,1999.0,False
2025-11-17,6,3,36,1999.0,False
2025-11-18,6,3,43,1999.0,False
2025-11-19,6,3,40,1999.0,False
2025-11-20,6,3,44,1999.0,False
2025-11-21,6,3,36,1999.0,False
2025-11-22,6,3,31,1999.0,False
2025-11-23,6,3,26,1999.0,False
2025-11-24,6,3,43,1999.0,False
2025-11-25,6,3,36,1999.0,False
2025-11-26,6,3,40,1999.0,False
2025-11-27,6,3,36,1999.0,False
2025-11-28,6,3,28,1999.0,False
2025-11-29,6,3,25,1999.0,False
2025-11-30,6,3,29,1999.0,False
2025-12-01,6,3,34,1999.0,False
2025-12-02,6,3,35,1999.0,False
2025-12-03,6,3,42,1999.0,False
2025-12-04,6,3,42,1999.0,False
2025-12-05,6,3,44,1999.0,False
2025-12-06,6,3,32,1999.0,False
2025-12-07,6,3,31,1999.0,False
2025-12-08,6,3,43,1999.0,False
2025-12-09,6,3,37,1999.0,False
2025-12-10,6,3,37,1999.0,False
2025-12-11,6,3,39,1999.0,False
2025-12-12,6,3,44,1999.0,False
2025-12-13,6,3,29,1999.0,False
2025-12-14,6,3,30,1999.0,False
2025-12-15,6,3,63,1999.0,False
2025-12-16,6,3,47,1999.0,False
2025-12-17,6,3,43,1999.0,False
2025-12-18,6,3,37,1999.0,False
2025-12-19,6,3,45,1999.0,False
2025-12-20,6,3,29,1999.0,False
2025-12-21,6,3,31,1999.0,False
2025-12-22,6,3,45,1999.0,False
2025-12-23,6,3,36,1999.0,False
2025-12-24,6,3,41,1999.0,False
2025-12-25,6,3,35,1999.0,False
2025-12-26,6,3,36,1999.0,False
2025-12-27,6,3,34,1999.0,False
2025-12-28,6,3,40,1999.0,False
2025-12-29,6,3,37,1999.0,False
2025-12-30,6,3,51,1999.0,True
2025-12-31,6,3,37,1999.0,False
2024-01-01,7,1,22,18999.0,False
2024-01-02,7,1,23,18999.0,False
2024-01-03,7,1,37,18999.0,False
2024-01-04,7,1,22,18999.0,False
2024-01-05,7,1,21,18999.0,False
2024-01-06,7,1,17,18999.0,False
2024-01-07,7,1,18,18999.0,False
2024-01-08,7,1,23,18999.0,False
2024-01-09,7,1,22,18999.0,False
2024-01-10,7,1,24,18999.0,False
2024-01-11,7,1,21,18999.0,False
2024-01-12,7,1,22,18999.0,False
2024-01-13,7,1,15,18999.0,False
2024-01-14,7,1,19,18999.0,False
2024-01-15,7,1,22,18999.0,False
2024-01-16,7,1,22,18999.0,False
2024-01-17,7,1,24,18999.0,False
2024-01-18,7,1,27,18999.0,False
2024-01-19,7,1,25,18999.0,False
2024-01-20,7,1,15,18999.0,False
2024-01-21,7,1,16,18999.0,False
2024-01-22,7,1,33,18999.0,False
2024-01-23,7,1,49,18999.0,True
2024-01-24,7,1,19,18999.0,False
2024-01-25,7,1,21,18999.0,False
2024-01-26,7,1,20,18999.0,False
2024-01-27,7,1,16,18999.0,False
2024-01-28,7,1,19,18999.0,False
2024-01-29,7,1,23,18999.0,False
2024-01-30,7,1,17,18999.0,False
2024-01-31,7,1,23,18999.0,False
2024-02-01,7,1,23,18999.0,False
2024-02-02,7,1,22,18999.0,False
2024-02-03,7,1,20,18999.0,False
2024-02-04,7,1,20,18999.0,False
2024-02-05,7,1,26,18999.0,False
2024-02-06,7,1,26,18999.0,False
2024-02-07,7,1,23,18999.0,False
2024-02-08,7,1,24,18999.0,False
2024-02-09,7,1,21,18999.0,False
2024-02-10,7,1,16,18999.0,False
2024-02-11,7,1,19,18999.0,False
2024-02-12,7,1,22,18999.0,False
2024-02-13,7,1,23,18999.0,False
2024-02-14,7,1,24,18999.0,False
2024-02-15,7,1,29,18999.0,False
2024-02-16,7,1,21,18999.0,False
2024-02-17,7,1,17,18999.0,False
2024-02-18,7,1,21,18999.0,False
2024-02-19,7,1,21,18999.0,False
2024-02-20,7,1,22,18999.0,False
2024-02-21,7,1,23,18999.0,False
2024-02-22,7,1,25,18999.0,False
2024-02-23,7,1,25,18999.0,False
2024-02-24,7,1,16,18999.0,False
2024-02-25,7,1,20,18999.0,False
2024-02-26,7,1,37,18999.0,False
2024-02-27,7,1,23,18999.0,False
2024-02-28,7,1,19,18999.0,False
2024-02-29,7,1,25,18999.0,False
2024-03-01,7,1,23,18999.0,False
2024-03-02,7,1,18,18999.0,False
2024-03-03,7,1,21,18999.0,False
2024-03-04,7,1,27,18999.0,False
2024-03-05,7,1,23,18999.0,False
2024-03-06,7,1,27,18999.0,False
2024-03-07,7,1,22,18999.0,False
2024-03-08,7,1,25,18999.0,True
2024-03-09,7,1,16,18999.0,False
2024-03-10,7,1,19,18999.0,False
2024-03-11,7,1,27,18999.0,False
2024-03-12,7,1,30,18999.0,False
2024-03-13,7,1,23,18999.0,False
2024-03-14,7,1,39,18999.0,True
2024-03-15,7,1,25,18999.0,False
2024-03-16,7,1,22,18999.0,False
2024-03-17,7,1,31,18999.0,True
2024-03-18,7,1,23,18999.0,False
2024-03-19,7,1,26,18999.0,False
2024-03-20,7,1,24,18999.0,False
2024-03-21,7,1,26,18999.0,False
2024-03-22,7,1,35,18999.0,False
2024-03-23,7,1,17,18999.0,False
2024-03-24,7,1,21,18999.0,False
2024-03-25,7,1,19,18999.0,False
2024-03-26,7,1,19,18999.0,False
2024-03-27,7,1,49,18999.0,False
2024-03-28,7,1,22,18999.0,False
2024-03-29,7,1,27,18999.0,False
2024-03-30,7,1,22,18999.0,False
2024-03-31,7,1,17,18999.0,False
2024-04-01,7,1,29,18999.0,False
2024-04-02,7,1,21,18999.0,False
2024-04-03,7,1,28,18999.0,False
2024-04-04,7,1,25,18999.0,False
2024-04-05,7,1,25,18999.0,False
2024-04-06,7,1,21,18999.0,False
2024-04-07,7,1,21,18999.0,False
2024-04-08,7,1,42,18999.0,True
2024-04-09,7,1,27,18999.0,False
2024-04-10,7,1,24,18999.0,False
2024-04-11,7,1,28,18999.0,False
2024-04-12,7,1,25,18999.0,False
2024-04-13,7,1,18,18999.0,False
2024-04-14,7,1,19,18999.0,False
2024-04-15,7,1,29,18999.0,False
2024-04-16,7,1,26,18999.0,False
2024-04-17,7,1,30,18999.0,False
2024-04-18,7,1,29,18999.0,False
2024-04-19,7,1,24,18999.0,False
2024-04-20,7,1,21,18999.0,False
2024-04-21,7,1,20,18999.0,False
2024-04-22,7,1,26,18999.0,False
2024-04-23,7,1,23,18999.0,False
2024-04-24,7,1,28,18999.0,False
2024-04-25,7,1,27,18999.0,False
2024-04-26,7,1,23,18999.0,False
2024-04-27,7,1,36,18999.0,False
2024-04-28,7,1,23,18999.0,False
2024-04-29,7,1,29,18999.0,False
2024-04-30,7,1,28,18999.0,False
2024-05-01,7,1,26,18999.0,False
2024-05-02,7,1,22,18999.0,False
2024-05-03,7,1,37,18999.0,True
2024-05-04,7,1,19,18999.0,False
2024-05-05,7,1,18,18999.0,False
2024-05-06,7,1,27,18999.0,False
2024-05-07,7,1,24,18999.0,False
2024-05-08,7,1,24,18999.0,False
2024-05-09,7,1,21,18999.0,False
2024-05-10,7,1,21,18999.0,False
2024-05-11,7,1,20,18999.0,False
2024-05-12,7,1,18,18999.0,False
2024-05-13,7,1,29,18999.0,False
2024-05-14,7,1,29,18999.0,False
2024-05-15,7,1,24,18999.0,False
2024-05-16,7,1,26,18999.0,False
2024-05-17,7,1,29,18999.0,False
2024-05-18,7,1,19,18999.0,False
2024-05-19,7,1,18,18999.0,False
2024-05-20,7,1,26,18999.0,False
2024-05-21,7,1,26,18999.0,False
2024-05-22,7,1,29,18999.0,False
2024-05-23,7,1,25,18999.0,False
2024-05-24,7,1,26,18999.0,False
2024-05-25,7,1,20,18999.0,False
2024-05-26,7,1,18,18999.0,False
2024-05-27,7,1,42,18999.0,False
2024-05-28,7,1,42,18999.0,False
2024-05-29,7,1,24,18999.0,False
2024-05-30,7,1,22,18999.0,False
2024-05-31,7,1,38,18999.0,True
2024-06-01,7,1,16,18999.0,False
2024-06-02,7,1,16,18999.0,False
2024-06-03,7,1,23,18999.0,False
2024-06-04,7,1,22,18999.0,False
2024-06-05,7,1,22,18999.0,False
2024-06-06,7,1,33,18999.0,True
2024-06-07,7,1,23,18999.0,False
2024-06-08,7,1,20,18999.0,False
2024-06-09,7,1,18,18999.0,False
2024-06-10,7,1,26,18999.0,False
2024-06-11,7,1,24,18999.0,False
2024-06-12,7,1,27,18999.0,False
2024-06-13,7,1,37,18999.0,False
2024-06-14,7,1,28,18999.0,False
2024-06-15,7,1,29,18999.0,True
2024-06-16,7,1,16,18999.0,False
2024-06-17,7,1,23,18999.0,False
2024-06-18,7,1,25,18999.0,False
2024-06-19,7,1,22,18999.0,False
2024-06-20,7,1,24,18999.0,False
2024-06-21,7,1,26,18999.0,False
2024-06-22,7,1,20,18999.0,False
2024-06-23,7,1,20,18999.0,False
2024-06-24,7,1,32,18999.0,True
2024-06-25,7,1,26,18999.0,False
2024-06-26,7,1,21,18999.0,False
2024-06-27,7,1,21,18999.0,False
2024-06-28,7,1,23,18999.0,False
2024-06-29,7,1,20,18999.0,False
2024-06-30,7,1,16,18999.0,False
2024-07-01,7,1,21,18999.0,False
2024-07-02,7,1,20,18999.0,False
2024-07-03,7,1,23,18999.0,False
2024-07-04,7,1,22,18999.0,False
2024-07-05,7,1,24,18999.0,False
2024-07-06,7,1,16,18999.0,False
2024-07-07,7,1,19,18999.0,False
2024-07-08,7,1,25,18999.0,False
2024-07-09,7,1,21,18999.0,False
2024-07-10,7,1,23,18999.0,False
2024-07-11,7,1,24,18999.0,False
2024-07-12,7,1,19,18999.0,False
2024-07-13,7,1,17,18999.0,False
2024-07-14,7,1,17,18999.0,False
2024-07-15,7,1,24,18999.0,False
2024-07-16,7,1,20,18999.0,False
2024-07-17,7,1,20,18999.0,False
2024-07-18,7,1,20,18999.0,False
2024-07-19,7,1,22,18999.0,False
2024-07-20,7,1,17,18999.0,False
2024-07-21,7,1,15,18999.0,False
2024-07-22,7,1,23,18999.0,False
2024-07-23,7,1,22,18999.0,False
2024-07-24,7,1,22,18999.0,False
2024-07-25,7,1,23,18999.0,False
2024-07-26,7,1,24,18999.0,False
2024-07-27,7,1,16,18999.0,False
2024-07-28,7,1,16,18999.0,False
2024-07-29,7,1,19,18999.0,False
2024-07-30,7,1,21,18999.0,False
2024-07-31,7,1,20,18999.0,False
2024-08-01,7,1,20,18999.0,False
2024-08-02,7,1,22,18999.0,False
2024-08-03,7,1,16,18999.0,False
2024-08-04,7,1,16,18999.0,False
2024-08-05,7,1,21,18999.0,False
2024-08-06,7,1,21,18999.0,False
2024-08-07,7,1,21,18999.0,False
2024-08-08,7,1,20,18999.0,False
2024-08-09,7,1,23,18999.0,False
2024-08-10,7,1,16,18999.0,False
2024-08-11,7,1,12,18999.0,False
2024-08-12,7,1,24,18999.0,False
2024-08-13,7,1,19,18999.0,False
2024-08-14,7,1,20,18999.0,False
2024-08-15,7,1,21,18999.0,False
2024-08-16,7,1,26,18999.0,False
2024-08-17,7,1,17,18999.0,False
2024-08-18,7,1,16,18999.0,False
2024-08-19,7,1,18,18999.0,False
2024-08-20,7,1,16,18999.0,False
2024-08-21,7,1,23,18999.0,False
2024-08-22,7,1,22,18999.0,False
2024-08-23,7,1,29,18999.0,False
2024-08-24,7,1,17,18999.0,False
2024-08-25,7,1,17,18999.0,False
2024-08-26,7,1,18,18999.0,False
2024-08-27,7,1,22,18999.0,False
2024-08-28,7,1,20,18999.0,False
2024-08-29,7,1,20,18999.0,False
2024-08-30,7,1,20,18999.0,False
2024-08-31,7,1,18,18999.0,False
2024-09-01,7,1,15,18999.0,False
2024-09-02,7,1,17,18999.0,False
2024-09-03,7,1,18,18999.0,False
2024-09-04,7,1,18,18999.0,False
2024-09-05,7,1,19,18999.0,False
2024-09-06,7,1,19,18999.0,False
2024-09-07,7,1,15,18999.0,False
2024-09-08,7,1,14,18999.0,False
2024-09-09,7,1,17,18999.0,False
2024-09-10,7,1,20,18999.0,False
2024-09-11,7,1,15,18999.0,False
2024-09-12,7,1,21,18999.0,False
2024-09-13,7,1,18,18999.0,False
2024-09-14,7,1,16,18999.0,False
2024-09-15,7,1,15,18999.0,False
2024-09-16,7,1,12,18999.0,False
2024-09-17,7,1,14,18999.0,False
2024-09-18,7,1,19,18999.0,False
2024-09-19,7,1,26,18999.0,True
2024-09-20,7,1,17,18999.0,False
2024-09-21,7,1,13,18999.0,False
2024-09-22,7,1,15,18999.0,False
2024-09-23,7,1,17,18999.0,False
2024-09-24,7,1,20,18999.0,False
2024-09-25,7,1,17,18999.0,False
2024-09-26,7,1,22,18999.0,False
2024-09-27,7,1,18,18999.0,False
2024-09-28,7,1,14,18999.0,False
2024-09-29,7,1,15,18999.0,False
2024-09-30,7,1,19,18999.0,False
2024-10-01,7,1,25,18999.0,True
2024-10-02,7,1,20,18999.0,False
2024-10-03,7,1,27,18999.0,False
2024-10-04,7,1,18,18999.0,False
2024-10-05,7,1,15,18999.0,False
2024-10-06,7,1,12,18999.0,False
2024-10-07,7,1,20,18999.0,False
2024-10-08,7,1,20,18999.0,False
2024-10-09,7,1,17,18999.0,False
2024-10-10,7,1,19,18999.0,False
2024-10-11,7,1,18,18999.0,False
2024-10-12,7,1,12,18999.0,False
2024-10-13,7,1,15,18999.0,False
2024-10-14,7,1,19,18999.0,False
2024-10-15,7,1,16,18999.0,False
2024-10-16,7,1,16,18999.0,False
2024-10-17,7,1,22,18999.0,False
2024-10-18,7,1,17,18999.0,False
2024-10-19,7,1,15,18999.0,False
2024-10-20,7,1,16,18999.0,False
2024-10-21,7,1,17,18999.0,False
2024-10-22,7,1,18,18999.0,False
2024-10-23,7,1,20,18999.0,False
2024-10-24,7,1,20,18999.0,False
2024-10-25,7,1,17,18999.0,False
2024-10-26,7,1,13,18999.0,False
2024-10-27,7,1,16,18999.0,False
2024-10-28,7,1,17,18999.0,False
2024-10-29,7,1,17,18999.0,False
2024-10-30,7,1,18,18999.0,False
2024-10-31,7,1,17,18999.0,False
2024-11-01,7,1,19,18999.0,False
2024-11-02,7,1,15,18999.0,False
2024-11-03,7,1,14,18999.0,False
2024-11-04,7,1,18,18999.0,False
2024-11-05,7,1,18,18999.0,False
2024-11-06,7,1,18,18999.0,False
2024-11-07,7,1,22,18999.0,False
2024-11-08,7,1,20,18999.0,False
2024-11-09,7,1,14,18999.0,False
2024-11-10,7,1,18,18999.0,True
2024-11-11,7,1,16,18999.0,False
2024-11-12,7,1,21,18999.0,False
2024-11-13,7,1,21,18999.0,False
2024-11-14,7,1,19,18999.0,False
2024-11-15,7,1,16,18999.0,False
2024-11-16,7,1,15,18999.0,False
2024-11-17,7,1,12,18999.0,False
2024-11-18,7,1,18,18999.0,False
2024-11-19,7,1,18,18999.0,False
2024-11-20,7,1,19,18999.0,False
2024-11-21,7,1,19,18999.0,False
2024-11-22,7,1,27,18999.0,True
2024-11-23,7,1,15,18999.0,False
2024-11-24,7,1,14,18999.0,False
2024-11-25,7,1,19,18999.0,False
2024-11-26,7,1,19,18999.0,False
2024-11-27,7,1,18,18999.0,False
2024-11-28,7,1,23,18999.0,False
2024-11-29,7,1,18,18999.0,False
2024-11-30,7,1,15,18999.0,False
2024-12-01,7,1,17,18999.0,False
2024-12-02,7,1,21,18999.0,False
2024-12-03,7,1,22,18999.0,False
2024-12-04,7,1,30,18999.0,False
2024-12-05,7,1,22,18999.0,False
2024-12-06,7,1,18,18999.0,False
2024-12-07,7,1,16,18999.0,False
2024-12-08,7,1,23,18999.0,False
2024-12-09,7,1,17,18999.0,False
2024-12-10,7,1,21,18999.0,False
2024-12-11,7,1,22,18999.0,False
2024-12-12,7,1,18,18999.0,False
2024-12-13,7,1,21,18999.0,False
2024-12-14,7,1,16,18999.0,False
2024-12-15,7,1,15,18999.0,False
2024-12-16,7,1,24,18999.0,False
2024-12-17,7,1,22,18999.0,False
2024-12-18,7,1,16,18999.0,False
2024-12-19,7,1,20,18999.0,False
2024-12-20,7,1,20,18999.0,False
2024-12-21,7,1,13,18999.0,False
2024-12-22,7,1,16,18999.0,False
2024-12-23,7,1,26,18999.0,False
2024-12-24,7,1,20,18999.0,False
2024-12-25,7,1,31,18999.0,True
2024-12-26,7,1,19,18999.0,False
2024-12-27,7,1,19,18999.0,False
2024-12-28,7,1,18,18999.0,False
2024-12-29,7,1,14,18999.0,False
2024-12-30,7,1,20,18999.0,False
2024-12-31,7,1,18,18999.0,False
2025-01-01,7,1,19,18999.0,False
2025-01-02,7,1,26,18999.0,False
2025-01-03,7,1,20,18999.0,False
2025-01-04,7,1,16,18999.0,False
2025-01-05,7,1,18,18999.0,False
2025-01-06,7,1,24,18999.0,False
2025-01-07,7,1,24,18999.0,False
2025-01-08,7,1,20,18999.0,False
2025-01-09,7,1,27,18999.0,True
2025-01-10,7,1,22,18999.0,False
2025-01-11,7,1,14,18999.0,False
2025-01-12,7,1,19,18999.0,False
2025-01-13,7,1,20,18999.0,False
2025-01-14,7,1,22,18999.0,False
2025-01-15,7,1,22,18999.0,False
2025-01-16,7,1,20,18999.0,False
2025-01-17,7,1,21,18999.0,False
2025-01-18,7,1,13,18999.0,False
2025-01-19,7,1,17,18999.0,False
2025-01-20,7,1,24,18999.0,False
2025-01-21,7,1,36,18999.0,False
2025-01-22,7,1,25,18999.0,False
2025-01-23,7,1,15,18999.0,False
2025-01-24,7,1,22,18999.0,False
2025-01-25,7,1,19,18999.0,False
2025-01-26,7,1,15,18999.0,False
2025-01-27,7,1,19,18999.0,False
2025-01-28,7,1,16,18999.0,False
2025-01-29,7,1,26,18999.0,False
2025-01-30,7,1,24,18999.0,False
2025-01-31,7,1,24,18999.0,False
2025-02-01,7,1,20,18999.0,False
2025-02-02,7,1,19,18999.0,False
2025-02-03,7,1,21,18999.0,False
2025-02-04,7,1,20,18999.0,False
2025-02-05,7,1,26,18999.0,False
2025-02-06,7,1,26,18999.0,False
2025-02-07,7,1,25,18999.0,False
2025-02-08,7,1,20,18999.0,False
2025-02-09,7,1,19,18999.0,False
2025-02-10,7,1,23,18999.0,False
2025-02-11,7,1,26,18999.0,False
2025-02-12,7,1,28,18999.0,False
2025-02-13,7,1,28,18999.0,False
2025-02-14,7,1,27,18999.0,False
2025-02-15,7,1,22,18999.0,False
2025-02-16,7,1,17,18999.0,False
2025-02-17,7,1,33,18999.0,True
2025-02-18,7,1,24,18999.0,False
2025-02-19,7,1,24,18999.0,False
2025-02-20,7,1,24,18999.0,False
2025-02-21,7,1,24,18999.0,False
2025-02-22,7,1,19,18999.0,False
2025-02-23,7,1,17,18999.0,False
2025-02-24,7,1,16,18999.0,False
2025-02-25,7,1,25,18999.0,False
2025-02-26,7,1,23,18999.0,False
2025-02-27,7,1,24,18999.0,False
2025-02-28,7,1,23,18999.0,False
2025-03-01,7,1,18,18999.0,False
2025-03-02,7,1,20,18999.0,False
2025-03-03,7,1,23,18999.0,False
2025-03-04,7,1,23,18999.0,False
2025-03-05,7,1,29,18999.0,False
2025-03-06,7,1,21,18999.0,False
2025-03-07,7,1,23,18999.0,False
2025-03-08,7,1,20,18999.0,False
2025-03-09,7,1,20,18999.0,False
2025-03-10,7,1,27,18999.0,False
2025-03-11,7,1,29,18999.0,False
2025-03-12,7,1,28,18999.0,False
2025-03-13,7,1,24,18999.0,False
2025-03-14,7,1,22,18999.0,False
2025-03-15,7,1,21,18999.0,False
2025-03-16,7,1,24,18999.0,False
2025-03-17,7,1,26,18999.0,False
2025-03-18,7,1,34,18999.0,False
2025-03-19,7,1,27,18999.0,False
2025-03-20,7,1,22,18999.0,False
2025-03-21,7,1,26,18999.0,False
2025-03-22,7,1,19,18999.0,False
2025-03-23,7,1,22,18999.0,False
2025-03-24,7,1,25,18999.0,False
2025-03-25,7,1,27,18999.0,False
2025-03-26,7,1,23,18999.0,False
2025-03-27,7,1,23,18999.0,False
2025-03-28,7,1,25,18999.0,False
2025-03-29,7,1,22,18999.0,False
2025-03-30,7,1,20,18999.0,False
2025-03-31,7,1,30,18999.0,False
2025-04-01,7,1,27,18999.0,False
2025-04-02,7,1,27,18999.0,False
2025-04-03,7,1,24,18999.0,False
2025-04-04,7,1,30,18999.0,False
2025-04-05,7,1,17,18999.0,False
2025-04-06,7,1,20,18999.0,False
2025-04-07,7,1,27,18999.0,False
2025-04-08,7,1,27,18999.0,False
2025-04-09,7,1,26,18999.0,False
2025-04-10,7,1,27,18999.0,False
2025-04-11,7,1,25,18999.0,False
2025-04-12,7,1,37,18999.0,False
2025-04-13,7,1,22,18999.0,False
2025-04-14,7,1,28,18999.0,False
2025-04-15,7,1,26,18999.0,False
2025-04-16,7,1,26,18999.0,False
2025-04-17,7,1,27,18999.0,False
2025-04-18,7,1,28,18999.0,False
2025-04-19,7,1,20,18999.0,False
2025-04-20,7,1,21,18999.0,False
2025-04-21,7,1,33,18999.0,False
2025-04-22,7,1,23,18999.0,False
2025-04-23,7,1,23,18999.0,False
2025-04-24,7,1,30,18999.0,False
2025-04-25,7,1,19,18999.0,False
2025-04-26,7,1,20,18999.0,False
2025-04-27,7,1,19,18999.0,False
2025-04-28,7,1,28,18999.0,False
2025-04-29,7,1,24,18999.0,False
2025-04-30,7,1,22,18999.0,False
2025-05-01,7,1,30,18999.0,False
2025-05-02,7,1,26,18999.0,False
2025-05-03,7,1,16,18999.0,False
2025-05-04,7,1,21,18999.0,False
2025-05-05,7,1,21,18999.0,False
2025-05-06,7,1,24,18999.0,False
2025-05-07,7,1,43,18999.0,False
2025-05-08,7,1,24,18999.0,False
2025-05-09,7,1,25,18999.0,False
2025-05-10,7,1,19,18999.0,False
2025-05-11,7,1,19,18999.0,False
2025-05-12,7,1,28,18999.0,False
2025-05-13,7,1,26,18999.0,False
2025-05-14,7,1,22,18999.0,False
2025-05-15,7,1,30,18999.0,False
2025-05-16,7,1,22,18999.0,False
2025-05-17,7,1,29,18999.0,True
2025-05-18,7,1,17,18999.0,False
2025-05-19,7,1,26,18999.0,False
2025-05-20,7,1,26,18999.0,False
2025-05-21,7,1,28,18999.0,False
2025-05-22,7,1,21,18999.0,False
2025-05-23,7,1,23,18999.0,False
2025-05-24,7,1,22,18999.0,False
2025-05-25,7,1,19,18999.0,False
2025-05-26,7,1,26,18999.0,False
2025-05-27,7,1,31,18999.0,False
2025-05-28,7,1,21,18999.0,False
2025-05-29,7,1,27,18999.0,False
2025-05-30,7,1,24,18999.0,False
2025-05-31,7,1,26,18999.0,True
2025-06-01,7,1,19,18999.0,False
2025-06-02,7,1,24,18999.0,False
2025-06-03,7,1,21,18999.0,False
2025-06-04,7,1,28,18999.0,False
2025-06-05,7,1,22,18999.0,False
2025-06-06,7,1,22,18999.0,False
2025-06-07,7,1,25,18999.0,True
2025-06-08,7,1,21,18999.0,True
2025-06-09,7,1,26,18999.0,False
2025-06-10,7,1,34,18999.0,True
2025-06-11,7,1,25,18999.0,False
2025-06-12,7,1,25,18999.0,False
2025-06-13,7,1,36,18999.0,True
2025-06-14,7,1,20,18999.0,False
2025-06-15,7,1,18,18999.0,False
2025-06-16,7,1,27,18999.0,False
2025-06-17,7,1,36,18999.0,True
2025-06-18,7,1,24,18999.0,False
2025-06-19,7,1,22,18999.0,False
2025-06-20,7,1,22,18999.0,False
2025-06-21,7,1,16,18999.0,False
2025-06-22,7,1,26,18999.0,True
2025-06-23,7,1,25,18999.0,False
2025-06-24,7,1,22,18999.0,False
2025-06-25,7,1,25,18999.0,False
2025-06-26,7,1,21,18999.0,False
2025-06-27,7,1,22,18999.0,False
2025-06-28,7,1,27,18999.0,True
2025-06-29,7,1,20,18999.0,False
2025-06-30,7,1,21,18999.0,False
2025-07-01,7,1,20,18999.0,False
2025-07-02,7,1,25,18999.0,False
2025-07-03,7,1,21,18999.0,False
2025-07-04,7,1,24,18999.0,False
2025-07-05,7,1,17,18999.0,False
2025-07-06,7,1,17,18999.0,False
2025-07-07,7,1,28,18999.0,False
2025-07-08,7,1,27,18999.0,False
2025-07-09,7,1,22,18999.0,False
2025-07-10,7,1,21,18999.0,False
2025-07-11,7,1,22,18999.0,False
2025-07-12,7,1,15,18999.0,False
2025-07-13,7,1,16,18999.0,False
2025-07-14,7,1,18,18999.0,False
2025-07-15,7,1,22,18999.0,False
2025-07-16,7,1,21,18999.0,False
2025-07-17,7,1,26,18999.0,False
2025-07-18,7,1,22,18999.0,False
2025-07-19,7,1,14,18999.0,False
2025-07-20,7,1,19,18999.0,False
2025-07-21,7,1,21,18999.0,False
2025-07-22,7,1,23,18999.0,False
2025-07-23,7,1,24,18999.0,False
2025-07-24,7,1,42,18999.0,False
2025-07-25,7,1,18,18999.0,False
2025-07-26,7,1,17,18999.0,False
2025-07-27,7,1,17,18999.0,False
2025-07-28,7,1,25,18999.0,False
2025-07-29,7,1,31,18999.0,True
2025-07-30,7,1,20,18999.0,False
2025-07-31,7,1,18,18999.0,False
2025-08-01,7,1,17,18999.0,False
2025-08-02,7,1,13,18999.0,False
2025-08-03,7,1,17,18999.0,False
2025-08-04,7,1,20,18999.0,False
2025-08-05,7,1,22,18999.0,False
2025-08-06,7,1,21,18999.0,False
2025-08-07,7,1,17,18999.0,False
2025-08-08,7,1,17,18999.0,False
2025-08-09,7,1,18,18999.0,False
2025-08-10,7,1,16,18999.0,False
2025-08-11,7,1,24,18999.0,False
2025-08-12,7,1,24,18999.0,False
2025-08-13,7,1,21,18999.0,False
2025-08-14,7,1,23,18999.0,False
2025-08-15,7,1,23,18999.0,False
2025-08-16,7,1,17,18999.0,False
2025-08-17,7,1,15,18999.0,False
2025-08-18,7,1,21,18999.0,False
2025-08-19,7,1,22,18999.0,False
2025-08-20,7,1,22,18999.0,False
2025-08-21,7,1,33,18999.0,False
2025-08-22,7,1,18,18999.0,False
2025-08-23,7,1,20,18999.0,False
2025-08-24,7,1,17,18999.0,False
2025-08-25,7,1,19,18999.0,False
2025-08-26,7,1,20,18999.0,False
2025-08-27,7,1,23,18999.0,False
2025-08-28,7,1,22,18999.0,False
2025-08-29,7,1,20,18999.0,False
2025-08-30,7,1,15,18999.0,False
2025-08-31,7,1,17,18999.0,False
2025-09-01,7,1,22,18999.0,False
2025-09-02,7,1,21,18999.0,False
2025-09-03,7,1,15,18999.0,False
2025-09-04,7,1,19,18999.0,False
2025-09-05,7,1,18,18999.0,False
2025-09-06,7,1,15,18999.0,False
2025-09-07,7,1,15,18999.0,False
2025-09-08,7,1,26,18999.0,False
2025-09-09,7,1,25,18999.0,True
2025-09-10,7,1,21,18999.0,False
2025-09-11,7,1,19,18999.0,False
2025-09-12,7,1,21,18999.0,False
2025-09-13,7,1,15,18999.0,False
2025-09-14,7,1,14,18999.0,False
2025-09-15,7,1,22,18999.0,False
2025-09-16,7,1,20,18999.0,False
2025-09-17,7,1,19,18999.0,False
2025-09-18,7,1,20,18999.0,False
2025-09-19,7,1,19,18999.0,False
2025-09-20,7,1,16,18999.0,False
2025-09-21,7,1,15,18999.0,False
2025-09-22,7,1,19,18999.0,False
2025-09-23,7,1,17,18999.0,False
2025-09-24,7,1,18,18999.0,False
2025-09-25,7,1,19,18999.0,False
2025-09-26,7,1,17,18999.0,False
2025-09-27,7,1,14,18999.0,False
2025-09-28,7,1,14,18999.0,False
2025-09-29,7,1,16,18999.0,False
2025-09-30,7,1,21,18999.0,False
2025-10-01,7,1,17,18999.0,False
2025-10-02,7,1,16,18999.0,False
2025-10-03,7,1,15,18999.0,False
2025-10-04,7,1,14,18999.0,False
2025-10-05,7,1,16,18999.0,False
2025-10-06,7,1,18,18999.0,False
2025-10-07,7,1,17,18999.0,False
2025-10-08,7,1,19,18999.0,False
2025-10-09,7,1,20,18999.0,False
2025-10-10,7,1,20,18999.0,False
2025-10-11,7,1,16,18999.0,False
2025-10-12,7,1,12,18999.0,False
2025-10-13,7,1,23,18999.0,True
2025-10-14,7,1,22,18999.0,False
2025-10-15,7,1,17,18999.0,False
2025-10-16,7,1,17,18999.0,False
2025-10-17,7,1,19,18999.0,False
2025-10-18,7,1,14,18999.0,False
2025-10-19,7,1,11,18999.0,False
2025-10-20,7,1,17,18999.0,False
2025-10-21,7,1,17,18999.0,False
2025-10-22,7,1,14,18999.0,False
2025-10-23,7,1,15,18999.0,False
2025-10-24,7,1,17,18999.0,False
2025-10-25,7,1,12,18999.0,False
2025-10-26,7,1,15,18999.0,False
2025-10-27,7,1,19,18999.0,False
2025-10-28,7,1,21,18999.0,False
2025-10-29,7,1,19,18999.0,False
2025-10-30,7,1,19,18999.0,False
2025-10-31,7,1,18,18999.0,False
2025-11-01,7,1,13,18999.0,False
2025-11-02,7,1,13,18999.0,False
2025-11-03,7,1,17,18999.0,False
2025-11-04,7,1,23,18999.0,False
2025-11-05,7,1,19,18999.0,False
2025-11-06,7,1,19,18999.0,False
2025-11-07,7,1,20,18999.0,False
2025-11-08,7,1,12,18999.0,False
2025-11-09,7,1,16,18999.0,False
2025-11-10,7,1,21,18999.0,False
2025-11-11,7,1,20,18999.0,False
2025-11-12,7,1,24,18999.0,True
2025-11-13,7,1,21,18999.0,False
2025-11-14,7,1,16,18999.0,False
2025-11-15,7,1,15,18999.0,False
2025-11-16,7,1,14,18999.0,False
2025-11-17,7,1,21,18999.0,False
2025-11-18,7,1,18,18999.0,False
2025-11-19,7,1,20,18999.0,False
2025-11-20,7,1,20,18999.0,False
2025-11-21,7,1,16,18999.0,False
2025-11-22,7,1,16,18999.0,False
2025-11-23,7,1,17,18999.0,True
2025-11-24,7,1,18,18999.0,False
2025-11-25,7,1,18,18999.0,False
2025-11-26,7,1,20,18999.0,False
2025-11-27,7,1,20,18999.0,False
2025-11-28,7,1,19,18999.0,False
2025-11-29,7,1,14,18999.0,False
2025-11-30,7,1,15,18999.0,False
2025-12-01,7,1,20,18999.0,False
2025-12-02,7,1,24,18999.0,False
2025-12-03,7,1,21,18999.0,False
2025-12-04,7,1,21,18999.0,False
2025-12-05,7,1,15,18999.0,False
2025-12-06,7,1,18,18999.0,False
2025-12-07,7,1,14,18999.0,False
2025-12-08,7,1,17,18999.0,False
2025-12-09,7,1,24,18999.0,False
2025-12-10,7,1,24,18999.0,True
2025-12-11,7,1,20,18999.0,False
2025-12-12,7,1,19,18999.0,False
2025-12-13,7,1,14,18999.0,False
2025-12-14,7,1,16,18999.0,False
2025-12-15,7,1,18,18999.0,False
2025-12-16,7,1,17,18999.0,False
2025-12-17,7,1,19,18999.0,False
2025-12-18,7,1,22,18999.0,False
2025-12-19,7,1,16,18999.0,False
2025-12-20,7,1,17,18999.0,False
2025-12-21,7,1,17,18999.0,False
2025-12-22,7,1,20,18999.0,False
2025-12-23,7,1,25,18999.0,True
2025-12-24,7,1,20,18999.0,False
2025-12-25,7,1,21,18999.0,False
2025-12-26,7,1,21,18999.0,False
2025-12-27,7,1,17,18999.0,False
2025-12-28,7,1,17,18999.0,False
2025-12-29,7,1,18,18999.0,False
2025-12-30,7,1,18,18999.0,False
2025-12-31,7,1,21,18999.0,False
2024-01-01,7,2,19,18999.0,False
2024-01-02,7,2,19,18999.0,False
2024-01-03,7,2,16,18999.0,False
2024-01-04,7,2,16,18999.0,False
2024-01-05,7,2,17,18999.0,False
2024-01-06,7,2,13,18999.0,False
2024-01-07,7,2,14,18999.0,False
2024-01-08,7,2,19,18999.0,False
2024-01-09,7,2,18,18999.0,False
2024-01-10,7,2,16,18999.0,False
2024-01-11,7,2,22,18999.0,False
2024-01-12,7,2,20,18999.0,False
2024-01-13,7,2,16,18999.0,False
2024-01-14,7,2,16,18999.0,False
2024-01-15,7,2,17,18999.0,False
2024-01-16,7,2,18,18999.0,False
2024-01-17,7,2,17,18999.0,False
2024-01-18,7,2,18,18999.0,False
2024-01-19,7,2,17,18999.0,False
2024-01-20,7,2,16,18999.0,False
2024-01-21,7,2,16,18999.0,False
2024-01-22,7,2,15,18999.0,False
2024-01-23,7,2,14,18999.0,False
2024-01-24,7,2,20,18999.0,False
2024-01-25,7,2,21,18999.0,False
2024-01-26,7,2,19,18999.0,False
2024-01-27,7,2,13,18999.0,False
2024-01-28,7,2,13,18999.0,False
2024-01-29,7,2,26,18999.0,True
2024-01-30,7,2,19,18999.0,False
2024-01-31,7,2,18,18999.0,False
2024-02-01,7,2,18,18999.0,False
2024-02-02,7,2,22,18999.0,False
2024-02-03,7,2,16,18999.0,False
2024-02-04,7,2,15,18999.0,False
2024-02-05,7,2,21,18999.0,False
2024-02-06,7,2,20,18999.0,False
2024-02-07,7,2,20,18999.0,False
2024-02-08,7,2,25,18999.0,False
2024-02-09,7,2,21,18999.0,False
2024-02-10,7,2,16,18999.0,False
2024-02-11,7,2,13,18999.0,False
2024-02-12,7,2,18,18999.0,False
2024-02-13,7,2,19,18999.0,False
2024-02-14,7,2,20,18999.0,False
2024-02-15,7,2,18,18999.0,False
2024-02-16,7,2,24,18999.0,False
2024-02-17,7,2,14,18999.0,False
2024-02-18,7,2,14,18999.0,False
2024-02-19,7,2,19,18999.0,False
2024-02-20,7,2,37,18999.0,False
2024-02-21,7,2,20,18999.0,False
2024-02-22,7,2,20,18999.0,False
2024-02-23,7,2,20,18999.0,False
2024-02-24,7,2,16,18999.0,False
2024-02-25,7,2,18,18999.0,False
2024-02-26,7,2,22,18999.0,False
2024-02-27,7,2,20,18999.0,False
2024-02-28,7,2,19,18999.0,False
2024-02-29,7,2,21,18999.0,False
2024-03-01,7,2,18,18999.0,False
2024-03-02,7,2,18,18999.0,False
2024-03-03,7,2,15,18999.0,False
2024-03-04,7,2,19,18999.0,False
2024-03-05,7,2,17,18999.0,False
2024-03-06,7,2,19,18999.0,False
2024-03-07,7,2,32,18999.0,True
2024-03-08,7,2,38,18999.0,False
2024-03-09,7,2,15,18999.0,False
2024-03-10,7,2,17,18999.0,False
2024-03-11,7,2,22,18999.0,False
2024-03-12,7,2,19,18999.0,False
2024-03-13,7,2,23,18999.0,False
2024-03-14,7,2,23,18999.0,False
2024-03-15,7,2,27,18999.0,True
2024-03-16,7,2,16,18999.0,False
2024-03-17,7,2,15,18999.0,False
2024-03-18,7,2,32,18999.0,True
2024-03-19,7,2,21,18999.0,False
2024-03-20,7,2,19,18999.0,False
2024-03-21,7,2,27,18999.0,False
2024-03-22,7,2,22,18999.0,False
2024-03-23,7,2,17,18999.0,False
2024-03-24,7,2,18,18999.0,False
2024-03-25,7,2,22,18999.0,False
2024-03-26,7,2,19,18999.0,False
2024-03-27,7,2,19,18999.0,False
2024-03-28,7,2,22,18999.0,False
2024-03-29,7,2,31,18999.0,True
2024-03-30,7,2,18,18999.0,False
2024-03-31,7,2,16,18999.0,False
2024-04-01,7,2,20,18999.0,False
2024-04-02,7,2,18,18999.0,False
2024-04-03,7,2,24,18999.0,False
2024-04-04,7,2,19,18999.0,False
2024-04-05,7,2,44,18999.0,True
2024-04-06,7,2,20,18999.0,False
2024-04-07,7,2,17,18999.0,False
2024-04-08,7,2,16,18999.0,False
2024-04-09,7,2,24,18999.0,False
2024-04-10,7,2,21,18999.0,False
2024-04-11,7,2,22,18999.0,False
2024-04-12,7,2,21,18999.0,False
2024-04-13,7,2,14,18999.0,False
2024-04-14,7,2,16,18999.0,False
2024-04-15,7,2,19,18999.0,False
2024-04-16,7,2,22,18999.0,False
2024-04-17,7,2,21,18999.0,False
2024-04-18,7,2,21,18999.0,False
2024-04-19,7,2,21,18999.0,False
2024-04-20,7,2,16,18999.0,False
2024-04-21,7,2,15,18999.0,False
2024-04-22,7,2,24,18999.0,False
2024-04-23,7,2,20,18999.0,False
2024-04-24,7,2,22,18999.0,False
2024-04-25,7,2,20,18999.0,False
2024-04-26,7,2,24,18999.0,False
2024-04-27,7,2,18,18999.0,False
2024-04-28,7,2,18,18999.0,True
2024-04-29,7,2,23,18999.0,False
2024-04-30,7,2,20,18999.0,False
2024-05-01,7,2,21,18999.0,False
2024-05-02,7,2,20,18999.0,False
2024-05-03,7,2,21,18999.0,False
2024-05-04,7,2,17,18999.0,False
2024-05-05,7,2,16,18999.0,False
2024-05-06,7,2,20,18999.0,False
2024-05-07,7,2,22,18999.0,False
2024-05-08,7,2,21,18999.0,False
2024-05-09,7,2,21,18999.0,False
2024-05-10,7,2,20,18999.0,False
2024-05-11,7,2,16,18999.0,False
2024-05-12,7,2,18,18999.0,False
2024-05-13,7,2,22,18999.0,False
2024-05-14,7,2,22,18999.0,False
2024-05-15,7,2,21,18999.0,False
2024-05-16,7,2,19,18999.0,False
2024-05-17,7,2,29,18999.0,True
2024-05-18,7,2,16,18999.0,False
2024-05-19,7,2,14,18999.0,False
2024-05-20,7,2,19,18999.0,False
2024-05-21,7,2,23,18999.0,False
2024-05-22,7,2,30,18999.0,False
2024-05-23,7,2,24,18999.0,False
2024-05-24,7,2,24,18999.0,False
2024-05-25,7,2,17,18999.0,False
2024-05-26,7,2,17,18999.0,False
2024-05-27,7,2,22,18999.0,False
2024-05-28,7,2,17,18999.0,False
2024-05-29,7,2,20,18999.0,False
2024-05-30,7,2,19,18999.0,False
2024-05-31,7,2,22,18999.0,False
2024-06-01,7,2,15,18999.0,False
2024-06-02,7,2,15,18999.0,False
2024-06-03,7,2,19,18999.0,False
2024-06-04,7,2,21,18999.0,False
2024-06-05,7,2,20,18999.0,False
2024-06-06,7,2,19,18999.0,False
2024-06-07,7,2,18,18999.0,False
2024-06-08,7,2,15,18999.0,False
2024-06-09,7,2,16,18999.0,False
2024-06-10,7,2,16,18999.0,False
2024-06-11,7,2,21,18999.0,False
2024-06-12,7,2,23,18999.0,False
2024-06-13,7,2,18,18999.0,False
2024-06-14,7,2,20,18999.0,False
2024-06-15,7,2,15,18999.0,False
2024-06-16,7,2,18,18999.0,False
2024-06-17,7,2,22,18999.0,False
2024-06-18,7,2,35,18999.0,False
2024-06-19,7,2,17,18999.0,False
2024-06-20,7,2,20,18999.0,False
2024-06-21,7,2,20,18999.0,False
2024-06-22,7,2,17,18999.0,False
2024-06-23,7,2,29,18999.0,False
2024-06-24,7,2,16,18999.0,False
2024-06-25,7,2,21,18999.0,False
2024-06-26,7,2,22,18999.0,False
2024-06-27,7,2,19,18999.0,False
2024-06-28,7,2,21,18999.0,False
2024-06-29,7,2,20,18999.0,True
2024-06-30,7,2,22,18999.0,False
2024-07-01,7,2,19,18999.0,False
2024-07-02,7,2,18,18999.0,False
2024-07-03,7,2,21,18999.0,False
2024-07-04,7,2,18,18999.0,False
2024-07-05,7,2,18,18999.0,False
2024-07-06,7,2,15,18999.0,False
2024-07-07,7,2,16,18999.0,False
2024-07-08,7,2,21,18999.0,False
2024-07-09,7,2,16,18999.0,False
2024-07-10,7,2,25,18999.0,True
2024-07-11,7,2,18,18999.0,False
2024-07-12,7,2,19,18999.0,False
2024-07-13,7,2,16,18999.0,False
2024-07-14,7,2,14,18999.0,False
2024-07-15,7,2,18,18999.0,False
2024-07-16,7,2,14,18999.0,False
2024-07-17,7,2,19,18999.0,False
2024-07-18,7,2,13,18999.0,False
2024-07-19,7,2,20,18999.0,False
2024-07-20,7,2,13,18999.0,False
2024-07-21,7,2,15,18999.0,False
2024-07-22,7,2,19,18999.0,False
2024-07-23,7,2,15,18999.0,False
2024-07-24,7,2,17,18999.0,False
2024-07-25,7,2,18,18999.0,False
2024-07-26,7,2,33,18999.0,False
2024-07-27,7,2,15,18999.0,True
2024-07-28,7,2,14,18999.0,False
2024-07-29,7,2,17,18999.0,False
2024-07-30,7,2,15,18999.0,False
2024-07-31,7,2,20,18999.0,False
2024-08-01,7,2,20,18999.0,False
2024-08-02,7,2,17,18999.0,False
2024-08-03,7,2,15,18999.0,False
2024-08-04,7,2,14,18999.0,False
2024-08-05,7,2,15,18999.0,False
2024-08-06,7,2,17,18999.0,False
2024-08-07,7,2,15,18999.0,False
2024-08-08,7,2,16,18999.0,False
2024-08-09,7,2,18,18999.0,False
2024-08-10,7,2,12,18999.0,False
2024-08-11,7,2,13,18999.0,False
2024-08-12,7,2,25,18999.0,False
2024-08-13,7,2,17,18999.0,False
2024-08-14,7,2,16,18999.0,False
2024-08-15,7,2,18,18999.0,False
2024-08-16,7,2,19,18999.0,False
2024-08-17,7,2,14,18999.0,False
2024-08-18,7,2,14,18999.0,False
2024-08-19,7,2,16,18999.0,False
2024-08-20,7,2,17,18999.0,False
2024-08-21,7,2,15,18999.0,False
2024-08-22,7,2,17,18999.0,False
2024-08-23,7,2,16,18999.0,False
2024-08-24,7,2,12,18999.0,False
2024-08-25,7,2,15,18999.0,False
2024-08-26,7,2,16,18999.0,False
2024-08-27,7,2,18,18999.0,False
2024-08-28,7,2,19,18999.0,False
2024-08-29,7,2,17,18999.0,False
2024-08-30,7,2,20,18999.0,True
2024-08-31,7,2,12,18999.0,False
2024-09-01,7,2,11,18999.0,False
2024-09-02,7,2,14,18999.0,False
2024-09-03,7,2,17,18999.0,False
2024-09-04,7,2,15,18999.0,False
2024-09-05,7,2,15,18999.0,False
2024-09-06,7,2,14,18999.0,False
2024-09-07,7,2,11,18999.0,False
2024-09-08,7,2,12,18999.0,False
2024-09-09,7,2,17,18999.0,False
2024-09-10,7,2,15,18999.0,False
2024-09-11,7,2,17,18999.0,False
2024-09-12,7,2,14,18999.0,False
2024-09-13,7,2,12,18999.0,False
2024-09-14,7,2,12,18999.0,False
2024-09-15,7,2,13,18999.0,False
2024-09-16,7,2,15,18999.0,False
2024-09-17,7,2,15,18999.0,False
2024-09-18,7,2,14,18999.0,False
2024-09-19,7,2,16,18999.0,False
2024-09-20,7,2,14,18999.0,False
2024-09-21,7,2,10,18999.0,False
2024-09-22,7,2,18,18999.0,False
2024-09-23,7,2,31,18999.0,False
2024-09-24,7,2,18,18999.0,False
2024-09-25,7,2,15,18999.0,False
2024-09-26,7,2,14,18999.0,False
2024-09-27,7,2,16,18999.0,False
2024-09-28,7,2,11,18999.0,False
2024-09-29,7,2,14,18999.0,False
2024-09-30,7,2,13,18999.0,False
2024-10-01,7,2,14,18999.0,False
2024-10-02,7,2,16,18999.0,True
2024-10-03,7,2,16,18999.0,False
2024-10-04,7,2,15,18999.0,False
2024-10-05,7,2,12,18999.0,False
2024-10-06,7,2,14,18999.0,False
2024-10-07,7,2,15,18999.0,False
2024-10-08,7,2,21,18999.0,True
2024-10-09,7,2,17,18999.0,False
2024-10-10,7,2,16,18999.0,False
2024-10-11,7,2,14,18999.0,False
2024-10-12,7,2,11,18999.0,False
2024-10-13,7,2,12,18999.0,False
2024-10-14,7,2,14,18999.0,False
2024-10-15,7,2,17,18999.0,False
2024-10-16,7,2,22,18999.0,True
2024-10-17,7,2,30,18999.0,False
2024-10-18,7,2,15,18999.0,False
2024-10-19,7,2,10,18999.0,False
2024-10-20,7,2,13,18999.0,False
2024-10-21,7,2,16,18999.0,False
2024-10-22,7,2,16,18999.0,False
2024-10-23,7,2,15,18999.0,False
2024-10-24,7,2,15,18999.0,False
2024-10-25,7,2,15,18999.0,False
2024-10-26,7,2,10,18999.0,False
2024-10-27,7,2,11,18999.0,False
2024-10-28,7,2,19,18999.0,False
2024-10-29,7,2,11,18999.0,False
2024-10-30,7,2,15,18999.0,False
2024-10-31,7,2,14,18999.0,False
2024-11-01,7,2,17,18999.0,False
2024-11-02,7,2,14,18999.0,False
2024-11-03,7,2,12,18999.0,False
2024-11-04,7,2,16,18999.0,False
2024-11-05,7,2,16,18999.0,False
2024-11-06,7,2,15,18999.0,False
2024-11-07,7,2,14,18999.0,False
2024-11-08,7,2,15,18999.0,False
2024-11-09,7,2,10,18999.0,False
2024-11-10,7,2,19,18999.0,True
2024-11-11,7,2,14,18999.0,False
2024-11-12,7,2,16,18999.0,False
2024-11-13,7,2,17,18999.0,False
2024-11-14,7,2,15,18999.0,False
2024-11-15,7,2,17,18999.0,False
2024-11-16,7,2,14,18999.0,True
2024-11-17,7,2,11,18999.0,False
2024-11-18,7,2,15,18999.0,False
2024-11-19,7,2,15,18999.0,False
2024-11-20,7,2,17,18999.0,False
2024-11-21,7,2,16,18999.0,False
2024-11-22,7,2,23,18999.0,False
2024-11-23,7,2,13,18999.0,False
2024-11-24,7,2,10,18999.0,False
2024-11-25,7,2,17,18999.0,False
2024-11-26,7,2,16,18999.0,False
2024-11-27,7,2,14,18999.0,False
2024-11-28,7,2,15,18999.0,False
2024-11-29,7,2,16,18999.0,False
2024-11-30,7,2,11,18999.0,False
2024-12-01,7,2,13,18999.0,False
2024-12-02,7,2,15,18999.0,False
2024-12-03,7,2,20,18999.0,True
2024-12-04,7,2,15,18999.0,False
2024-12-05,7,2,14,18999.0,False
2024-12-06,7,2,15,18999.0,False
2024-12-07,7,2,11,18999.0,False
2024-12-08,7,2,13,18999.0,False
2024-12-09,7,2,18,18999.0,False
2024-12-10,7,2,13,18999.0,False
2024-12-11,7,2,15,18999.0,False
2024-12-12,7,2,17,18999.0,False
2024-12-13,7,2,14,18999.0,False
2024-12-14,7,2,16,18999.0,True
2024-12-15,7,2,10,18999.0,False
2024-12-16,7,2,17,18999.0,False
2024-12-17,7,2,14,18999.0,False
2024-12-18,7,2,19,18999.0,False
2024-12-19,7,2,19,18999.0,False
2024-12-20,7,2,18,18999.0,False
2024-12-21,7,2,13,18999.0,False
2024-12-22,7,2,14,18999.0,False
2024-12-23,7,2,17,18999.0,False
2024-12-24,7,2,15,18999.0,False
2024-12-25,7,2,17,18999.0,False
2024-12-26,7,2,18,18999.0,False
2024-12-27,7,2,14,18999.0,False
2024-12-28,7,2,13,18999.0,False
2024-12-29,7,2,13,18999.0,False
2024-12-30,7,2,17,18999.0,False
2024-12-31,7,2,16,18999.0,False
2025-01-01,7,2,15,18999.0,False
2025-01-02,7,2,22,18999.0,False
2025-01-03,7,2,18,18999.0,False
2025-01-04,7,2,21,18999.0,True
2025-01-05,7,2,15,18999.0,False
2025-01-06,7,2,20,18999.0,False
2025-01-07,7,2,16,18999.0,False
2025-01-08,7,2,17,18999.0,False
2025-01-09,7,2,17,18999.0,False
2025-01-10,7,2,21,18999.0,False
2025-01-11,7,2,16,18999.0,False
2025-01-12,7,2,15,18999.0,False
2025-01-13,7,2,21,18999.0,False
2025-01-14,7,2,24,18999.0,True
2025-01-15,7,2,17,18999.0,False
2025-01-16,7,2,21,18999.0,False
2025-01-17,7,2,17,18999.0,False
2025-01-18,7,2,15,18999.0,False
2025-01-19,7,2,12,18999.0,False
2025-01-20,7,2,27,18999.0,True
2025-01-21,7,2,20,18999.0,False
2025-01-22,7,2,16,18999.0,False
2025-01-23,7,2,19,18999.0,False
2025-01-24,7,2,14,18999.0,False
2025-01-25,7,2,15,18999.0,False
2025-01-26,7,2,15,18999.0,False
2025-01-27,7,2,21,18999.0,False
2025-01-28,7,2,18,18999.0,False
2025-01-29,7,2,17,18999.0,False
2025-01-30,7,2,16,18999.0,False
2025-01-31,7,2,17,18999.0,False
2025-02-01,7,2,15,18999.0,False
2025-02-02,7,2,17,18999.0,False
2025-02-03,7,2,20,18999.0,False
2025-02-04,7,2,29,18999.0,False
2025-02-05,7,2,20,18999.0,False
2025-02-06,7,2,21,18999.0,False
2025-02-07,7,2,23,18999.0,False
2025-02-08,7,2,17,18999.0,False
2025-02-09,7,2,17,18999.0,False
2025-02-10,7,2,17,18999.0,False
2025-02-11,7,2,21,18999.0,False
2025-02-12,7,2,21,18999.0,False
2025-02-13,7,2,19,18999.0,False
2025-02-14,7,2,21,18999.0,False
2025-02-15,7,2,17,18999.0,False
2025-02-16,7,2,17,18999.0,False
2025-02-17,7,2,22,18999.0,False
2025-02-18,7,2,14,18999.0,False
2025-02-19,7,2,20,18999.0,False
2025-02-20,7,2,19,18999.0,False
2025-02-21,7,2,21,18999.0,False
2025-02-22,7,2,14,18999.0,False
2025-02-23,7,2,27,18999.0,False
2025-02-24,7,2,19,18999.0,False
2025-02-25,7,2,22,18999.0,False
2025-02-26,7,2,20,18999.0,False
2025-02-27,7,2,16,18999.0,False
2025-02-28,7,2,24,18999.0,True
2025-03-01,7,2,16,18999.0,False
2025-03-02,7,2,18,18999.0,False
2025-03-03,7,2,22,18999.0,False
2025-03-04,7,2,23,18999.0,False
2025-03-05,7,2,23,18999.0,False
2025-03-06,7,2,23,18999.0,False
2025-03-07,7,2,23,18999.0,False
2025-03-08,7,2,14,18999.0,False
2025-03-09,7,2,23,18999.0,True
2025-03-10,7,2,26,18999.0,False
2025-03-11,7,2,22,18999.0,False
2025-03-12,7,2,22,18999.0,False
2025-03-13,7,2,18,18999.0,False
2025-03-14,7,2,22,18999.0,False
2025-03-15,7,2,15,18999.0,False
2025-03-16,7,2,16,18999.0,False
2025-03-17,7,2,22,18999.0,False
2025-03-18,7,2,19,18999.0,False
2025-03-19,7,2,20,18999.0,False
2025-03-20,7,2,22,18999.0,False
2025-03-21,7,2,22,18999.0,False
2025-03-22,7,2,18,18999.0,False
2025-03-23,7,2,20,18999.0,False
2025-03-24,7,2,24,18999.0,False
2025-03-25,7,2,23,18999.0,False
2025-03-26,7,2,20,18999.0,False
2025-03-27,7,2,19,18999.0,False
2025-03-28,7,2,19,18999.0,False
2025-03-29,7,2,16,18999.0,False
2025-03-30,7,2,13,18999.0,False
2025-03-31,7,2,22,18999.0,False
2025-04-01,7,2,23,18999.0,False
2025-04-02,7,2,19,18999.0,False
2025-04-03,7,2,22,18999.0,False
2025-04-04,7,2,23,18999.0,False
2025-04-05,7,2,13,18999.0,False
2025-04-06,7,2,15,18999.0,False
2025-04-07,7,2,23,18999.0,False
2025-04-08,7,2,18,18999.0,False
2025-04-09,7,2,21,18999.0,False
2025-04-10,7,2,21,18999.0,False
2025-04-11,7,2,20,18999.0,False
2025-04-12,7,2,18,18999.0,False
2025-04-13,7,2,19,18999.0,False
2025-04-14,7,2,24,18999.0,False
2025-04-15,7,2,24,18999.0,False
2025-04-16,7,2,22,18999.0,False
2025-04-17,7,2,22,18999.0,False
2025-04-18,7,2,24,18999.0,False
2025-04-19,7,2,14,18999.0,False
2025-04-20,7,2,20,18999.0,False
2025-04-21,7,2,21,18999.0,False
2025-04-22,7,2,22,18999.0,False
2025-04-23,7,2,21,18999.0,False
2025-04-24,7,2,21,18999.0,False
2025-04-25,7,2,21,18999.0,False
2025-04-26,7,2,18,18999.0,False
2025-04-27,7,2,17,18999.0,False
2025-04-28,7,2,20,18999.0,False
2025-04-29,7,2,21,18999.0,False
2025-04-30,7,2,23,18999.0,False
2025-05-01,7,2,21,18999.0,False
2025-05-02,7,2,21,18999.0,False
2025-05-03,7,2,26,18999.0,True
2025-05-04,7,2,17,18999.0,False
2025-05-05,7,2,20,18999.0,False
2025-05-06,7,2,21,18999.0,False
2025-05-07,7,2,21,18999.0,False
2025-05-08,7,2,23,18999.0,False
2025-05-09,7,2,20,18999.0,False
2025-05-10,7,2,18,18999.0,False
2025-05-11,7,2,17,18999.0,False
2025-05-12,7,2,24,18999.0,False
2025-05-13,7,2,21,18999.0,False
2025-05-14,7,2,21,18999.0,False
2025-05-15,7,2,23,18999.0,False
2025-05-16,7,2,22,18999.0,False
2025-05-17,7,2,18,18999.0,False
2025-05-18,7,2,18,18999.0,False
2025-05-19,7,2,21,18999.0,False
2025-05-20,7,2,26,18999.0,False
2025-05-21,7,2,25,18999.0,False
2025-05-22,7,2,23,18999.0,False
2025-05-23,7,2,21,18999.0,False
2025-05-24,7,2,16,18999.0,False
2025-05-25,7,2,16,18999.0,False
2025-05-26,7,2,19,18999.0,False
2025-05-27,7,2,23,18999.0,False
2025-05-28,7,2,21,18999.0,False
2025-05-29,7,2,21,18999.0,False
2025-05-30,7,2,20,18999.0,False
2025-05-31,7,2,13,18999.0,False
2025-06-01,7,2,18,18999.0,False
2025-06-02,7,2,18,18999.0,False
2025-06-03,7,2,15,18999.0,False
2025-06-04,7,2,17,18999.0,False
2025-06-05,7,2,23,18999.0,False
2025-06-06,7,2,21,18999.0,False
2025-06-07,7,2,16,18999.0,False
2025-06-08,7,2,16,18999.0,False
2025-06-09,7,2,20,18999.0,False
2025-06-10,7,2,20,18999.0,False
2025-06-11,7,2,16,18999.0,False
2025-06-12,7,2,22,18999.0,False
2025-06-13,7,2,18,18999.0,False
2025-06-14,7,2,18,18999.0,False
2025-06-15,7,2,14,18999.0,False
2025-06-16,7,2,17,18999.0,False
2025-06-17,7,2,18,18999.0,False
2025-06-18,7,2,30,18999.0,True
2025-06-19,7,2,20,18999.0,False
2025-06-20,7,2,35,18999.0,False
2025-06-21,7,2,17,18999.0,False
2025-06-22,7,2,14,18999.0,False
2025-06-23,7,2,20,18999.0,False
2025-06-24,7,2,22,18999.0,False
2025-06-25,7,2,18,18999.0,False
2025-06-26,7,2,21,18999.0,False
2025-06-27,7,2,23,18999.0,False
2025-06-28,7,2,16,18999.0,False
2025-06-29,7,2,14,18999.0,False
2025-06-30,7,2,17,18999.0,False
2025-07-01,7,2,21,18999.0,False
2025-07-02,7,2,18,18999.0,False
2025-07-03,7,2,19,18999.0,False
2025-07-04,7,2,18,18999.0,False
2025-07-05,7,2,13,18999.0,False
2025-07-06,7,2,13,18999.0,False
2025-07-07,7,2,16,18999.0,False
2025-07-08,7,2,16,18999.0,False
2025-07-09,7,2,17,18999.0,False
2025-07-10,7,2,18,18999.0,False
2025-07-11,7,2,15,18999.0,False
2025-07-12,7,2,17,18999.0,False
2025-07-13,7,2,15,18999.0,False
2025-07-14,7,2,19,18999.0,False
2025-07-15,7,2,18,18999.0,False
2025-07-16,7,2,19,18999.0,False
2025-07-17,7,2,18,18999.0,False
2025-07-18,7,2,17,18999.0,False
2025-07-19,7,2,16,18999.0,False
2025-07-20,7,2,12,18999.0,False
2025-07-21,7,2,21,18999.0,False
2025-07-22,7,2,16,18999.0,False
2025-07-23,7,2,19,18999.0,False
2025-07-24,7,2,24,18999.0,False
2025-07-25,7,2,21,18999.0,False
2025-07-26,7,2,12,18999.0,False
2025-07-27,7,2,12,18999.0,False
2025-07-28,7,2,18,18999.0,False
2025-07-29,7,2,25,18999.0,True
2025-07-30,7,2,16,18999.0,False
2025-07-31,7,2,21,18999.0,False
2025-08-01,7,2,18,18999.0,False
2025-08-02,7,2,12,18999.0,False
2025-08-03,7,2,12,18999.0,False
2025-08-04,7,2,16,18999.0,False
2025-08-05,7,2,18,18999.0,False
2025-08-06,7,2,15,18999.0,False
2025-08-07,7,2,15,18999.0,False
2025-08-08,7,2,14,18999.0,False
2025-08-09,7,2,13,18999.0,False
2025-08-10,7,2,16,18999.0,False
2025-08-11,7,2,18,18999.0,False
2025-08-12,7,2,17,18999.0,False
2025-08-13,7,2,17,18999.0,False
2025-08-14,7,2,16,18999.0,False
2025-08-15,7,2,17,18999.0,False
2025-08-16,7,2,12,18999.0,False
2025-08-17,7,2,22,18999.0,True
2025-08-18,7,2,20,18999.0,False
2025-08-19,7,2,17,18999.0,False
2025-08-20,7,2,15,18999.0,False
2025-08-21,7,2,16,18999.0,False
2025-08-22,7,2,17,18999.0,False
2025-08-23,7,2,13,18999.0,False
2025-08-24,7,2,13,18999.0,False
2025-08-25,7,2,15,18999.0,False
2025-08-26,7,2,17,18999.0,False
2025-08-27,7,2,16,18999.0,False
2025-08-28,7,2,15,18999.0,False
2025-08-29,7,2,17,18999.0,False
2025-08-30,7,2,10,18999.0,False
2025-08-31,7,2,12,18999.0,False
2025-09-01,7,2,14,18999.0,False
2025-09-02,7,2,13,18999.0,False
2025-09-03,7,2,15,18999.0,False
2025-09-04,7,2,16,18999.0,False
2025-09-05,7,2,16,18999.0,False
2025-09-06,7,2,13,18999.0,False
2025-09-07,7,2,12,18999.0,False
2025-09-08,7,2,15,18999.0,False
2025-09-09,7,2,17,18999.0,False
2025-09-10,7,2,16,18999.0,False
2025-09-11,7,2,14,18999.0,False
2025-09-12,7,2,18,18999.0,False
2025-09-13,7,2,13,18999.0,False
2025-09-14,7,2,10,18999.0,False
2025-09-15,7,2,17,18999.0,False
2025-09-16,7,2,14,18999.0,False
2025-09-17,7,2,26,18999.0,True
2025-09-18,7,2,14,18999.0,False
2025-09-19,7,2,18,18999.0,False
2025-09-20,7,2,12,18999.0,False
2025-09-21,7,2,11,18999.0,False
2025-09-22,7,2,17,18999.0,False
2025-09-23,7,2,14,18999.0,False
2025-09-24,7,2,18,18999.0,False
2025-09-25,7,2,13,18999.0,False
2025-09-26,7,2,16,18999.0,False
2025-09-27,7,2,16,18999.0,True
2025-09-28,7,2,12,18999.0,False
2025-09-29,7,2,16,18999.0,False
2025-09-30,7,2,16,18999.0,False
2025-10-01,7,2,16,18999.0,False
2025-10-02,7,2,16,18999.0,False
2025-10-03,7,2,13,18999.0,False
2025-10-04,7,2,12,18999.0,False
2025-10-05,7,2,25,18999.0,False
2025-10-06,7,2,18,18999.0,False
2025-10-07,7,2,14,18999.0,False
2025-10-08,7,2,12,18999.0,False
2025-10-09,7,2,17,18999.0,False
2025-10-10,7,2,15,18999.0,False
2025-10-11,7,2,11,18999.0,False
2025-10-12,7,2,11,18999.0,False
2025-10-13,7,2,16,18999.0,False
2025-10-14,7,2,15,18999.0,False
2025-10-15,7,2,15,18999.0,False
2025-10-16,7,2,14,18999.0,False
2025-10-17,7,2,16,18999.0,False
2025-10-18,7,2,11,18999.0,False
2025-10-19,7,2,13,18999.0,False
2025-10-20,7,2,15,18999.0,False
2025-10-21,7,2,15,18999.0,False
2025-10-22,7,2,15,18999.0,False
2025-10-23,7,2,14,18999.0,False
2025-10-24,7,2,15,18999.0,False
2025-10-25,7,2,12,18999.0,False
2025-10-26,7,2,11,18999.0,False
2025-10-27,7,2,18,18999.0,False
2025-10-28,7,2,13,18999.0,False
2025-10-29,7,2,14,18999.0,False
2025-10-30,7,2,19,18999.0,True
2025-10-31,7,2,17,18999.0,False
2025-11-01,7,2,11,18999.0,False
2025-11-02,7,2,13,18999.0,False
2025-11-03,7,2,18,18999.0,False
2025-11-04,7,2,17,18999.0,False
2025-11-05,7,2,15,18999.0,False
2025-11-06,7,2,14,18999.0,False
2025-11-07,7,2,13,18999.0,False
2025-11-08,7,2,22,18999.0,False
2025-11-09,7,2,12,18999.0,False
2025-11-10,7,2,15,18999.0,False
2025-11-11,7,2,14,18999.0,False
2025-11-12,7,2,14,18999.0,False
2025-11-13,7,2,16,18999.0,False
2025-11-14,7,2,15,18999.0,False
2025-11-15,7,2,11,18999.0,False
2025-11-16,7,2,12,18999.0,False
2025-11-17,7,2,17,18999.0,False
2025-11-18,7,2,18,18999.0,False
2025-11-19,7,2,16,18999.0,False
2025-11-20,7,2,15,18999.0,False
2025-11-21,7,2,15,18999.0,False
2025-11-22,7,2,12,18999.0,False
2025-11-23,7,2,12,18999.0,False
2025-11-24,7,2,17,18999.0,False
2025-11-25,7,2,16,18999.0,False
2025-11-26,7,2,18,18999.0,False
2025-11-27,7,2,15,18999.0,False
2025-11-28,7,2,22,18999.0,True
2025-11-29,7,2,11,18999.0,False
2025-11-30,7,2,11,18999.0,False
2025-12-01,7,2,20,18999.0,False
2025-12-02,7,2,15,18999.0,False
2025-12-03,7,2,19,18999.0,False
2025-12-04,7,2,18,18999.0,False
2025-12-05,7,2,18,18999.0,False
2025-12-06,7,2,13,18999.0,False
2025-12-07,7,2,14,18999.0,False
2025-12-08,7,2,18,18999.0,False
2025-12-09,7,2,17,18999.0,False
2025-12-10,7,2,16,18999.0,False
2025-12-11,7,2,16,18999.0,False
2025-12-12,7,2,15,18999.0,False
2025-12-13,7,2,13,18999.0,False
2025-12-14,7,2,11,18999.0,False
2025-12-15,7,2,20,18999.0,False
2025-12-16,7,2,15,18999.0,False
2025-12-17,7,2,20,18999.0,False
2025-12-18,7,2,17,18999.0,False
2025-12-19,7,2,16,18999.0,False
2025-12-20,7,2,13,18999.0,False
2025-12-21,7,2,15,18999.0,False
2025-12-22,7,2,21,18999.0,False
2025-12-23,7,2,18,18999.0,False
2025-12-24,7,2,19,18999.0,False
2025-12-25,7,2,31,18999.0,False
2025-12-26,7,2,16,18999.0,False
2025-12-27,7,2,15,18999.0,False
2025-12-28,7,2,11,18999.0,False
2025-12-29,7,2,18,18999.0,False
2025-12-30,7,2,16,18999.0,False
2025-12-31,7,2,17,18999.0,False
2024-01-01,7,3,22,18999.0,False
2024-01-02,7,3,36,18999.0,False
2024-01-03,7,3,22,18999.0,False
2024-01-04,7,3,23,18999.0,False
2024-01-05,7,3,21,18999.0,False
2024-01-06,7,3,18,18999.0,False
2024-01-07,7,3,16,18999.0,False
2024-01-08,7,3,18,18999.0,False
2024-01-09,7,3,19,18999.0,False
2024-01-10,7,3,24,18999.0,False
2024-01-11,7,3,24,18999.0,False
2024-01-12,7,3,23,18999.0,False
2024-01-13,7,3,17,18999.0,False
2024-01-14,7,3,18,18999.0,False
2024-01-15,7,3,20,18999.0,False
2024-01-16,7,3,26,18999.0,False
2024-01-17,7,3,23,18999.0,False
2024-01-18,7,3,24,18999.0,False
2024-01-19,7,3,22,18999.0,False
2024-01-20,7,3,17,18999.0,False
2024-01-21,7,3,29,18999.0,True
2024-01-22,7,3,32,18999.0,True
2024-01-23,7,3,17,18999.0,False
2024-01-24,7,3,18,18999.0,False
2024-01-25,7,3,34,18999.0,False
2024-01-26,7,3,23,18999.0,False
2024-01-27,7,3,19,18999.0,False
2024-01-28,7,3,16,18999.0,False
2024-01-29,7,3,21,18999.0,False
2024-01-30,7,3,22,18999.0,False
2024-01-31,7,3,23,18999.0,False
2024-02-01,7,3,23,18999.0,False
2024-02-02,7,3,24,18999.0,False
2024-02-03,7,3,19,18999.0,False
2024-02-04,7,3,17,18999.0,False
2024-02-05,7,3,24,18999.0,False
2024-02-06,7,3,22,18999.0,False
2024-02-07,7,3,25,18999.0,False
2024-02-08,7,3,25,18999.0,False
2024-02-09,7,3,23,18999.0,False
2024-02-10,7,3,19,18999.0,False
2024-02-11,7,3,23,18999.0,False
2024-02-12,7,3,25,18999.0,False
2024-02-13,7,3,23,18999.0,False
2024-02-14,7,3,22,18999.0,False
2024-02-15,7,3,24,18999.0,False
2024-02-16,7,3,28,18999.0,False
2024-02-17,7,3,16,18999.0,False
2024-02-18,7,3,28,18999.0,True
2024-02-19,7,3,21,18999.0,False
2024-02-20,7,3,23,18999.0,False
2024-02-21,7,3,24,18999.0,False
2024-02-22,7,3,33,18999.0,True
2024-02-23,7,3,23,18999.0,False
2024-02-24,7,3,19,18999.0,False
2024-02-25,7,3,16,18999.0,False
2024-02-26,7,3,28,18999.0,False
2024-02-27,7,3,23,18999.0,False
2024-02-28,7,3,23,18999.0,False
2024-02-29,7,3,23,18999.0,False
2024-03-01,7,3,24,18999.0,False
2024-03-02,7,3,21,18999.0,False
2024-03-03,7,3,22,18999.0,True
2024-03-04,7,3,27,18999.0,False
2024-03-05,7,3,25,18999.0,False
2024-03-06,7,3,22,18999.0,False
2024-03-07,7,3,23,18999.0,False
2024-03-08,7,3,28,18999.0,False
2024-03-09,7,3,21,18999.0,False
2024-03-10,7,3,20,18999.0,False
2024-03-11,7,3,38,18999.0,False
2024-03-12,7,3,21,18999.0,False
2024-03-13,7,3,28,18999.0,False
2024-03-14,7,3,28,18999.0,False
2024-03-15,7,3,28,18999.0,False
2024-03-16,7,3,25,18999.0,True
2024-03-17,7,3,20,18999.0,False
2024-03-18,7,3,25,18999.0,False
2024-03-19,7,3,25,18999.0,False
2024-03-20,7,3,26,18999.0,False
2024-03-21,7,3,29,18999.0,False
2024-03-22,7,3,23,18999.0,False
2024-03-23,7,3,19,18999.0,False
2024-03-24,7,3,17,18999.0,False
2024-03-25,7,3,27,18999.0,False
2024-03-26,7,3,27,18999.0,False
2024-03-27,7,3,22,18999.0,False
2024-03-28,7,3,27,18999.0,False
2024-03-29,7,3,23,18999.0,False
2024-03-30,7,3,17,18999.0,False
2024-03-31,7,3,15,18999.0,False
2024-04-01,7,3,26,18999.0,False
2024-04-02,7,3,20,18999.0,False
2024-04-03,7,3,33,18999.0,True
2024-04-04,7,3,27,18999.0,False
2024-04-05,7,3,27,18999.0,False
2024-04-06,7,3,34,18999.0,False
2024-04-07,7,3,21,18999.0,False
2024-04-08,7,3,25,18999.0,False
2024-04-09,7,3,28,18999.0,False
2024-04-10,7,3,29,18999.0,False
2024-04-11,7,3,27,18999.0,False
2024-04-12,7,3,25,18999.0,False
2024-04-13,7,3,22,18999.0,False
2024-04-14,7,3,22,18999.0,False
2024-04-15,7,3,25,18999.0,False
2024-04-16,7,3,27,18999.0,False
2024-04-17,7,3,24,18999.0,False
2024-04-18,7,3,31,18999.0,False
2024-04-19,7,3,25,18999.0,False
2024-04-20,7,3,20,18999.0,False
2024-04-21,7,3,18,18999.0,False
2024-04-22,7,3,28,18999.0,False
2024-04-23,7,3,26,18999.0,False
2024-04-24,7,3,26,18999.0,False
2024-04-25,7,3,25,18999.0,False
2024-04-26,7,3,24,18999.0,False
2024-04-27,7,3,15,18999.0,False
2024-04-28,7,3,17,18999.0,False
2024-04-29,7,3,26,18999.0,False
2024-04-30,7,3,27,18999.0,False
2024-05-01,7,3,29,18999.0,False
2024-05-02,7,3,22,18999.0,False
2024-05-03,7,3,29,18999.0,False
2024-05-04,7,3,20,18999.0,False
2024-05-05,7,3,35,18999.0,False
2024-05-06,7,3,26,18999.0,False
2024-05-07,7,3,27,18999.0,False
2024-05-08,7,3,26,18999.0,False
2024-05-09,7,3,26,18999.0,False
2024-05-10,7,3,27,18999.0,False
2024-05-11,7,3,20,18999.0,False
2024-05-12,7,3,25,18999.0,True
2024-05-13,7,3,25,18999.0,False
2024-05-14,7,3,29,18999.0,False
2024-05-15,7,3,20,18999.0,False
2024-05-16,7,3,29,18999.0,False
2024-05-17,7,3,25,18999.0,False
2024-05-18,7,3,15,18999.0,False
2024-05-19,7,3,16,18999.0,False
2024-05-20,7,3,21,18999.0,False
2024-05-21,7,3,23,18999.0,False
2024-05-22,7,3,25,18999.0,False
2024-05-23,7,3,23,18999.0,False
2024-05-24,7,3,23,18999.0,False
2024-05-25,7,3,19,18999.0,False
2024-05-26,7,3,18,18999.0,False
2024-05-27,7,3,29,18999.0,False
2024-05-28,7,3,27,18999.0,False
2024-05-29,7,3,23,18999.0,False
2024-05-30,7,3,27,18999.0,False
2024-05-31,7,3,26,18999.0,False
2024-06-01,7,3,21,18999.0,False
2024-06-02,7,3,28,18999.0,True
2024-06-03,7,3,26,18999.0,False
2024-06-04,7,3,24,18999.0,False
2024-06-05,7,3,27,18999.0,False
2024-06-06,7,3,24,18999.0,False
2024-06-07,7,3,25,18999.0,False
2024-06-08,7,3,21,18999.0,False
2024-06-09,7,3,16,18999.0,False
2024-06-10,7,3,27,18999.0,False
2024-06-11,7,3,27,18999.0,False
2024-06-12,7,3,20,18999.0,False
2024-06-13,7,3,25,18999.0,False
2024-06-14,7,3,26,18999.0,False
2024-06-15,7,3,20,18999.0,False
2024-06-16,7,3,18,18999.0,False
2024-06-17,7,3,23,18999.0,False
2024-06-18,7,3,23,18999.0,False
2024-06-19,7,3,22,18999.0,False
2024-06-20,7,3,23,18999.0,False
2024-06-21,7,3,25,18999.0,False
2024-06-22,7,3,20,18999.0,False
2024-06-23,7,3,19,18999.0,False
2024-06-24,7,3,27,18999.0,False
2024-06-25,7,3,23,18999.0,False
2024-06-26,7,3,26,18999.0,False
2024-06-27,7,3,19,18999.0,False
2024-06-28,7,3,25,18999.0,False
2024-06-29,7,3,21,18999.0,False
2024-06-30,7,3,19,18999.0,False
2024-07-01,7,3,20,18999.0,False
2024-07-02,7,3,20,18999.0,False
2024-07-03,7,3,26,18999.0,False
2024-07-04,7,3,23,18999.0,False
2024-07-05,7,3,25,18999.0,False
2024-07-06,7,3,18,18999.0,False
2024-07-07,7,3,18,18999.0,False
2024-07-08,7,3,21,18999.0,False
2024-07-09,7,3,22,18999.0,False
2024-07-10,7,3,19,18999.0,False
2024-07-11,7,3,20,18999.0,False
2024-07-12,7,3,27,18999.0,False
2024-07-13,7,3,19,18999.0,False
2024-07-14,7,3,17,18999.0,False
2024-07-15,7,3,23,18999.0,False
2024-07-16,7,3,21,18999.0,False
2024-07-17,7,3,23,18999.0,False
2024-07-18,7,3,20,18999.0,False
2024-07-19,7,3,25,18999.0,False
2024-07-20,7,3,17,18999.0,False
2024-07-21,7,3,17,18999.0,False
2024-07-22,7,3,22,18999.0,False
2024-07-23,7,3,25,18999.0,False
2024-07-24,7,3,22,18999.0,False
2024-07-25,7,3,22,18999.0,False
2024-07-26,7,3,21,18999.0,False
2024-07-27,7,3,17,18999.0,False
2024-07-28,7,3,19,18999.0,False
2024-07-29,7,3,20,18999.0,False
2024-07-30,7,3,24,18999.0,False
2024-07-31,7,3,24,18999.0,False
2024-08-01,7,3,20,18999.0,False
2024-08-02,7,3,28,18999.0,False
2024-08-03,7,3,16,18999.0,False
2024-08-04,7,3,16,18999.0,False
2024-08-05,7,3,20,18999.0,False
2024-08-06,7,3,20,18999.0,False
2024-08-07,7,3,21,18999.0,False
2024-08-08,7,3,18,18999.0,False
2024-08-09,7,3,19,18999.0,False
2024-08-10,7,3,23,18999.0,True
2024-08-11,7,3,18,18999.0,False
2024-08-12,7,3,25,18999.0,True
2024-08-13,7,3,20,18999.0,False
2024-08-14,7,3,18,18999.0,False
2024-08-15,7,3,20,18999.0,False
2024-08-16,7,3,19,18999.0,False
2024-08-17,7,3,15,18999.0,False
2024-08-18,7,3,15,18999.0,False
2024-08-19,7,3,22,18999.0,False
2024-08-20,7,3,26,18999.0,False
2024-08-21,7,3,14,18999.0,False
2024-08-22,7,3,19,18999.0,False
2024-08-23,7,3,17,18999.0,False
2024-08-24,7,3,15,18999.0,False
2024-08-25,7,3,15,18999.0,False
2024-08-26,7,3,22,18999.0,False
2024-08-27,7,3,27,18999.0,True
2024-08-28,7,3,22,18999.0,False
2024-08-29,7,3,17,18999.0,False
2024-08-30,7,3,21,18999.0,False
2024-08-31,7,3,22,18999.0,True
2024-09-01,7,3,16,18999.0,False
2024-09-02,7,3,25,18999.0,False
2024-09-03,7,3,16,18999.0,False
2024-09-04,7,3,19,18999.0,False
2024-09-05,7,3,16,18999.0,False
2024-09-06,7,3,16,18999.0,False
2024-09-07,7,3,13,18999.0,False
2024-09-08,7,3,14,18999.0,False
2024-09-09,7,3,15,18999.0,False
2024-09-10,7,3,20,18999.0,False
2024-09-11,7,3,17,18999.0,False
2024-09-12,7,3,19,18999.0,False
2024-09-13,7,3,18,18999.0,False
2024-09-14,7,3,15,18999.0,False
2024-09-15,7,3,14,18999.0,False
2024-09-16,7,3,16,18999.0,False
2024-09-17,7,3,19,18999.0,False
2024-09-18,7,3,21,18999.0,False
2024-09-19,7,3,21,18999.0,False
2024-09-20,7,3,17,18999.0,False
2024-09-21,7,3,17,18999.0,False
2024-09-22,7,3,15,18999.0,False
2024-09-23,7,3,18,18999.0,False
2024-09-24,7,3,19,18999.0,False
2024-09-25,7,3,14,18999.0,False
2024-09-26,7,3,20,18999.0,False
2024-09-27,7,3,19,18999.0,False
2024-09-28,7,3,15,18999.0,False
2024-09-29,7,3,14,18999.0,False
2024-09-30,7,3,24,18999.0,True
2024-10-01,7,3,21,18999.0,False
2024-10-02,7,3,19,18999.0,False
2024-10-03,7,3,19,18999.0,False
2024-10-04,7,3,19,18999.0,False
2024-10-05,7,3,15,18999.0,False
2024-10-06,7,3,14,18999.0,False
2024-10-07,7,3,18,18999.0,False
2024-10-08,7,3,18,18999.0,False
2024-10-09,7,3,19,18999.0,False
2024-10-10,7,3,17,18999.0,False
2024-10-11,7,3,21,18999.0,False
2024-10-12,7,3,14,18999.0,False
2024-10-13,7,3,15,18999.0,False
2024-10-14,7,3,22,18999.0,False
2024-10-15,7,3,20,18999.0,False
2024-10-16,7,3,19,18999.0,False
2024-10-17,7,3,19,18999.0,False
2024-10-18,7,3,18,18999.0,False
2024-10-19,7,3,25,18999.0,False
2024-10-20,7,3,13,18999.0,False
2024-10-21,7,3,18,18999.0,False
2024-10-22,7,3,16,18999.0,False
2024-10-23,7,3,19,18999.0,False
2024-10-24,7,3,17,18999.0,False
2024-10-25,7,3,16,18999.0,False
2024-10-26,7,3,16,18999.0,False
2024-10-27,7,3,14,18999.0,False
2024-10-28,7,3,20,18999.0,False
2024-10-29,7,3,18,18999.0,False
2024-10-30,7,3,18,18999.0,False
2024-10-31,7,3,19,18999.0,False
2024-11-01,7,3,17,18999.0,False
2024-11-02,7,3,15,18999.0,False
2024-11-03,7,3,15,18999.0,False
2024-11-04,7,3,16,18999.0,False
2024-11-05,7,3,22,18999.0,False
2024-11-06,7,3,17,18999.0,False
2024-11-07,7,3,19,18999.0,False
2024-11-08,7,3,19,18999.0,False
2024-11-09,7,3,14,18999.0,False
2024-11-10,7,3,15,18999.0,False
2024-11-11,7,3,23,18999.0,False
2024-11-12,7,3,28,18999.0,True
2024-11-13,7,3,20,18999.0,False
2024-11-14,7,3,20,18999.0,False
2024-11-15,7,3,19,18999.0,True
2024-11-16,7,3,16,18999.0,False
2024-11-17,7,3,18,18999.0,False
2024-11-18,7,3,16,18999.0,False
2024-11-19,7,3,20,18999.0,False
2024-11-20,7,3,19,18999.0,False
2024-11-21,7,3,22,18999.0,False
2024-11-22,7,3,21,18999.0,False
2024-11-23,7,3,16,18999.0,False
2024-11-24,7,3,17,18999.0,False
2024-11-25,7,3,20,18999.0,False
2024-11-26,7,3,30,18999.0,False
2024-11-27,7,3,19,18999.0,False
2024-11-28,7,3,21,18999.0,False
2024-11-29,7,3,18,18999.0,False
2024-11-30,7,3,14,18999.0,False
2024-12-01,7,3,15,18999.0,False
2024-12-02,7,3,23,18999.0,False
2024-12-03,7,3,18,18999.0,False
2024-12-04,7,3,20,18999.0,False
2024-12-05,7,3,17,18999.0,False
2024-12-06,7,3,19,18999.0,False
2024-12-07,7,3,16,18999.0,False
2024-12-08,7,3,14,18999.0,False
2024-12-09,7,3,21,18999.0,False
2024-12-10,7,3,21,18999.0,False
2024-12-11,7,3,18,18999.0,False
2024-12-12,7,3,18,18999.0,False
2024-12-13,7,3,31,18999.0,True
2024-12-14,7,3,13,18999.0,False
2024-12-15,7,3,17,18999.0,False
2024-12-16,7,3,17,18999.0,False
2024-12-17,7,3,23,18999.0,False
2024-12-18,7,3,16,18999.0,False
2024-12-19,7,3,21,18999.0,False
2024-12-20,7,3,24,18999.0,False
2024-12-21,7,3,14,18999.0,False
2024-12-22,7,3,17,18999.0,False
2024-12-23,7,3,20,18999.0,False
2024-12-24,7,3,19,18999.0,False
2024-12-25,7,3,20,18999.0,False
2024-12-26,7,3,21,18999.0,False
2024-12-27,7,3,19,18999.0,False
2024-12-28,7,3,17,18999.0,False
2024-12-29,7,3,13,18999.0,False
2024-12-30,7,3,20,18999.0,False
2024-12-31,7,3,24,18999.0,False
2025-01-01,7,3,22,18999.0,False
2025-01-02,7,3,37,18999.0,False
2025-01-03,7,3,23,18999.0,False
2025-01-04,7,3,14,18999.0,False
2025-01-05,7,3,19,18999.0,False
2025-01-06,7,3,23,18999.0,False
2025-01-07,7,3,24,18999.0,False
2025-01-08,7,3,21,18999.0,False
2025-01-09,7,3,21,18999.0,False
2025-01-10,7,3,22,18999.0,False
2025-01-11,7,3,18,18999.0,False
2025-01-12,7,3,18,18999.0,False
2025-01-13,7,3,21,18999.0,False
2025-01-14,7,3,21,18999.0,False
2025-01-15,7,3,19,18999.0,False
2025-01-16,7,3,23,18999.0,False
2025-01-17,7,3,18,18999.0,False
2025-01-18,7,3,15,18999.0,False
2025-01-19,7,3,18,18999.0,False
2025-01-20,7,3,23,18999.0,False
2025-01-21,7,3,33,18999.0,True
2025-01-22,7,3,23,18999.0,False
2025-01-23,7,3,24,18999.0,False
2025-01-24,7,3,19,18999.0,False
2025-01-25,7,3,16,18999.0,False
2025-01-26,7,3,16,18999.0,False
2025-01-27,7,3,23,18999.0,False
2025-01-28,7,3,27,18999.0,True
2025-01-29,7,3,25,18999.0,False
2025-01-30,7,3,22,18999.0,False
2025-01-31,7,3,23,18999.0,False
2025-02-01,7,3,28,18999.0,True
2025-02-02,7,3,16,18999.0,False
2025-02-03,7,3,24,18999.0,False
2025-02-04,7,3,21,18999.0,False
2025-02-05,7,3,27,18999.0,False
2025-02-06,7,3,22,18999.0,False
2025-02-07,7,3,27,18999.0,False
2025-02-08,7,3,17,18999.0,False
2025-02-09,7,3,16,18999.0,False
2025-02-10,7,3,23,18999.0,False
2025-02-11,7,3,26,18999.0,False
2025-02-12,7,3,26,18999.0,False
2025-02-13,7,3,22,18999.0,False
2025-02-14,7,3,24,18999.0,False
2025-02-15,7,3,19,18999.0,False
2025-02-16,7,3,20,18999.0,False
2025-02-17,7,3,29,18999.0,False
2025-02-18,7,3,24,18999.0,True
2025-02-19,7,3,21,18999.0,False
2025-02-20,7,3,25,18999.0,False
2025-02-21,7,3,24,18999.0,False
2025-02-22,7,3,20,18999.0,False
2025-02-23,7,3,20,18999.0,False
2025-02-24,7,3,23,18999.0,False
2025-02-25,7,3,24,18999.0,False
2025-02-26,7,3,22,18999.0,False
2025-02-27,7,3,24,18999.0,False
2025-02-28,7,3,23,18999.0,False
2025-03-01,7,3,17,18999.0,False
2025-03-02,7,3,21,18999.0,False
2025-03-03,7,3,22,18999.0,False
2025-03-04,7,3,30,18999.0,False
2025-03-05,7,3,21,18999.0,False
2025-03-06,7,3,31,18999.0,False
2025-03-07,7,3,24,18999.0,False
2025-03-08,7,3,19,18999.0,False
2025-03-09,7,3,19,18999.0,False
2025-03-10,7,3,27,18999.0,False
2025-03-11,7,3,22,18999.0,False
2025-03-12,7,3,25,18999.0,False
2025-03-13,7,3,29,18999.0,False
2025-03-14,7,3,23,18999.0,False
2025-03-15,7,3,17,18999.0,False
2025-03-16,7,3,21,18999.0,False
2025-03-17,7,3,26,18999.0,False
2025-03-18,7,3,28,18999.0,False
2025-03-19,7,3,32,18999.0,True
2025-03-20,7,3,28,18999.0,False
2025-03-21,7,3,24,18999.0,False
2025-03-22,7,3,22,18999.0,False
2025-03-23,7,3,20,18999.0,False
2025-03-24,7,3,24,18999.0,False
2025-03-25,7,3,23,18999.0,False
2025-03-26,7,3,27,18999.0,False
2025-03-27,7,3,26,18999.0,False
2025-03-28,7,3,25,18999.0,False
2025-03-29,7,3,19,18999.0,False
2025-03-30,7,3,17,18999.0,False
2025-03-31,7,3,20,18999.0,False
2025-04-01,7,3,29,18999.0,True
2025-04-02,7,3,30,18999.0,False
2025-04-03,7,3,27,18999.0,False
2025-04-04,7,3,26,18999.0,False
2025-04-05,7,3,23,18999.0,False
2025-04-06,7,3,17,18999.0,False
2025-04-07,7,3,28,18999.0,False
2025-04-08,7,3,32,18999.0,False
2025-04-09,7,3,25,18999.0,False
2025-04-10,7,3,30,18999.0,False
2025-04-11,7,3,24,18999.0,False
2025-04-12,7,3,20,18999.0,False
2025-04-13,7,3,18,18999.0,False
2025-04-14,7,3,28,18999.0,False
2025-04-15,7,3,26,18999.0,False
2025-04-16,7,3,24,18999.0,False
2025-04-17,7,3,21,18999.0,False
2025-04-18,7,3,51,18999.0,False
2025-04-19,7,3,22,18999.0,False
2025-04-20,7,3,20,18999.0,False
2025-04-21,7,3,27,18999.0,False
2025-04-22,7,3,32,18999.0,False
2025-04-23,7,3,28,18999.0,False
2025-04-24,7,3,41,18999.0,True
2025-04-25,7,3,23,18999.0,False
2025-04-26,7,3,13,18999.0,False
2025-04-27,7,3,20,18999.0,False
2025-04-28,7,3,24,18999.0,False
2025-04-29,7,3,25,18999.0,False
2025-04-30,7,3,24,18999.0,False
2025-05-01,7,3,23,18999.0,False
2025-05-02,7,3,26,18999.0,False
2025-05-03,7,3,20,18999.0,False
2025-05-04,7,3,21,18999.0,False
2025-05-05,7,3,23,18999.0,False
2025-05-06,7,3,28,18999.0,False
2025-05-07,7,3,22,18999.0,False
2025-05-08,7,3,24,18999.0,False
2025-05-09,7,3,27,18999.0,False
2025-05-10,7,3,22,18999.0,False
2025-05-11,7,3,18,18999.0,False
2025-05-12,7,3,23,18999.0,False
2025-05-13,7,3,28,18999.0,False
2025-05-14,7,3,27,18999.0,False
2025-05-15,7,3,24,18999.0,False
2025-05-16,7,3,21,18999.0,False
2025-05-17,7,3,18,18999.0,False
2025-05-18,7,3,18,18999.0,False
2025-05-19,7,3,22,18999.0,False
2025-05-20,7,3,22,18999.0,False
2025-05-21,7,3,20,18999.0,False
2025-05-22,7,3,21,18999.0,False
2025-05-23,7,3,38,18999.0,False
2025-05-24,7,3,20,18999.0,False
2025-05-25,7,3,22,18999.0,False
2025-05-26,7,3,23,18999.0,False
2025-05-27,7,3,28,18999.0,False
2025-05-28,7,3,25,18999.0,False
2025-05-29,7,3,28,18999.0,False
2025-05-30,7,3,23,18999.0,False
2025-05-31,7,3,18,18999.0,False
2025-06-01,7,3,19,18999.0,False
2025-06-02,7,3,22,18999.0,False
2025-06-03,7,3,21,18999.0,False
2025-06-04,7,3,25,18999.0,False
2025-06-05,7,3,18,18999.0,False
2025-06-06,7,3,24,18999.0,False
2025-06-07,7,3,21,18999.0,False
2025-06-08,7,3,18,18999.0,False
2025-06-09,7,3,22,18999.0,False
2025-06-10,7,3,21,18999.0,False
2025-06-11,7,3,23,18999.0,False
2025-06-12,7,3,23,18999.0,False
2025-06-13,7,3,23,18999.0,False
2025-06-14,7,3,17,18999.0,False
2025-06-15,7,3,19,18999.0,False
2025-06-16,7,3,24,18999.0,False
2025-06-17,7,3,25,18999.0,False
2025-06-18,7,3,26,18999.0,False
2025-06-19,7,3,23,18999.0,False
2025-06-20,7,3,22,18999.0,False
2025-06-21,7,3,12,18999.0,False
2025-06-22,7,3,21,18999.0,False
2025-06-23,7,3,22,18999.0,False
2025-06-24,7,3,20,18999.0,False
2025-06-25,7,3,23,18999.0,False
2025-06-26,7,3,26,18999.0,False
2025-06-27,7,3,24,18999.0,False
2025-06-28,7,3,28,18999.0,True
2025-06-29,7,3,15,18999.0,False
2025-06-30,7,3,27,18999.0,False
2025-07-01,7,3,20,18999.0,False
2025-07-02,7,3,23,18999.0,False
2025-07-03,7,3,21,18999.0,False
2025-07-04,7,3,25,18999.0,True
2025-07-05,7,3,17,18999.0,False
2025-07-06,7,3,18,18999.0,False
2025-07-07,7,3,22,18999.0,False
2025-07-08,7,3,28,18999.0,False
2025-07-09,7,3,23,18999.0,False
2025-07-10,7,3,22,18999.0,False
2025-07-11,7,3,24,18999.0,False
2025-07-12,7,3,18,18999.0,False
2025-07-13,7,3,17,18999.0,False
2025-07-14,7,3,22,18999.0,False
2025-07-15,7,3,21,18999.0,False
2025-07-16,7,3,24,18999.0,False
2025-07-17,7,3,22,18999.0,False
2025-07-18,7,3,20,18999.0,False
2025-07-19,7,3,18,18999.0,False
2025-07-20,7,3,16,18999.0,False
2025-07-21,7,3,18,18999.0,False
2025-07-22,7,3,22,18999.0,False
2025-07-23,7,3,23,18999.0,False
2025-07-24,7,3,21,18999.0,False
2025-07-25,7,3,32,18999.0,True
2025-07-26,7,3,17,18999.0,False
2025-07-27,7,3,18,18999.0,False
2025-07-28,7,3,24,18999.0,False
2025-07-29,7,3,22,18999.0,False
2025-07-30,7,3,24,18999.0,False
2025-07-31,7,3,21,18999.0,False
2025-08-01,7,3,17,18999.0,False
2025-08-02,7,3,16,18999.0,False
2025-08-03,7,3,14,18999.0,False
2025-08-04,7,3,21,18999.0,False
2025-08-05,7,3,22,18999.0,False
2025-08-06,7,3,19,18999.0,False
2025-08-07,7,3,22,18999.0,False
2025-08-08,7,3,21,18999.0,False
2025-08-09,7,3,15,18999.0,False
2025-08-10,7,3,15,18999.0,False
2025-08-11,7,3,23,18999.0,False
2025-08-12,7,3,18,18999.0,False
2025-08-13,7,3,20,18999.0,False
2025-08-14,7,3,19,18999.0,False
2025-08-15,7,3,19,18999.0,False
2025-08-16,7,3,14,18999.0,False
2025-08-17,7,3,22,18999.0,False
2025-08-18,7,3,19,18999.0,False
2025-08-19,7,3,18,18999.0,False
2025-08-20,7,3,22,18999.0,False
2025-08-21,7,3,19,18999.0,False
2025-08-22,7,3,22,18999.0,False
2025-08-23,7,3,16,18999.0,False
2025-08-24,7,3,13,18999.0,False
2025-08-25,7,3,24,18999.0,True
2025-08-26,7,3,19,18999.0,False
2025-08-27,7,3,20,18999.0,False
2025-08-28,7,3,21,18999.0,False
2025-08-29,7,3,22,18999.0,False
2025-08-30,7,3,19,18999.0,False
2025-08-31,7,3,15,18999.0,False
2025-09-01,7,3,20,18999.0,False
2025-09-02,7,3,21,18999.0,False
2025-09-03,7,3,23,18999.0,True
2025-09-04,7,3,20,18999.0,False
2025-09-05,7,3,19,18999.0,False
2025-09-06,7,3,20,18999.0,True
2025-09-07,7,3,16,18999.0,False
2025-09-08,7,3,34,18999.0,False
2025-09-09,7,3,17,18999.0,False
2025-09-10,7,3,19,18999.0,False
2025-09-11,7,3,21,18999.0,False
2025-09-12,7,3,17,18999.0,False
2025-09-13,7,3,26,18999.0,False
2025-09-14,7,3,17,18999.0,False
2025-09-15,7,3,21,18999.0,False
2025-09-16,7,3,19,18999.0,False
2025-09-17,7,3,19,18999.0,False
2025-09-18,7,3,24,18999.0,False
2025-09-19,7,3,17,18999.0,False
2025-09-20,7,3,12,18999.0,False
2025-09-21,7,3,15,18999.0,False
2025-09-22,7,3,17,18999.0,False
2025-09-23,7,3,18,18999.0,False
2025-09-24,7,3,20,18999.0,False
2025-09-25,7,3,20,18999.0,False
2025-09-26,7,3,22,18999.0,False
2025-09-27,7,3,15,18999.0,False
2025-09-28,7,3,14,18999.0,False
2025-09-29,7,3,21,18999.0,False
2025-09-30,7,3,19,18999.0,False
2025-10-01,7,3,20,18999.0,False
2025-10-02,7,3,17,18999.0,False
2025-10-03,7,3,18,18999.0,False
2025-10-04,7,3,13,18999.0,False
2025-10-05,7,3,14,18999.0,False
2025-10-06,7,3,17,18999.0,False
2025-10-07,7,3,24,18999.0,True
2025-10-08,7,3,18,18999.0,False
2025-10-09,7,3,17,18999.0,False
2025-10-10,7,3,17,18999.0,False
2025-10-11,7,3,14,18999.0,False
2025-10-12,7,3,15,18999.0,False
2025-10-13,7,3,17,18999.0,False
2025-10-14,7,3,18,18999.0,False
2025-10-15,7,3,18,18999.0,False
2025-10-16,7,3,23,18999.0,False
2025-10-17,7,3,13,18999.0,False
2025-10-18,7,3,13,18999.0,False
2025-10-19,7,3,14,18999.0,False
2025-10-20,7,3,17,18999.0,False
2025-10-21,7,3,15,18999.0,False
2025-10-22,7,3,18,18999.0,False
2025-10-23,7,3,25,18999.0,False
2025-10-24,7,3,20,18999.0,False
2025-10-25,7,3,15,18999.0,False
2025-10-26,7,3,13,18999.0,False
2025-10-27,7,3,27,18999.0,False
2025-10-28,7,3,17,18999.0,False
2025-10-29,7,3,16,18999.0,False
2025-10-30,7,3,24,18999.0,False
2025-10-31,7,3,18,18999.0,False
2025-11-01,7,3,15,18999.0,False
2025-11-02,7,3,15,18999.0,False
2025-11-03,7,3,17,18999.0,False
2025-11-04,7,3,26,18999.0,False
2025-11-05,7,3,14,18999.0,False
2025-11-06,7,3,30,18999.0,False
2025-11-07,7,3,19,18999.0,False
2025-11-08,7,3,13,18999.0,False
2025-11-09,7,3,15,18999.0,False
2025-11-10,7,3,15,18999.0,False
2025-11-11,7,3,29,18999.0,True
2025-11-12,7,3,16,18999.0,False
2025-11-13,7,3,20,18999.0,False
2025-11-14,7,3,20,18999.0,False
2025-11-15,7,3,16,18999.0,False
2025-11-16,7,3,16,18999.0,False
2025-11-17,7,3,32,18999.0,True
2025-11-18,7,3,19,18999.0,False
2025-11-19,7,3,18,18999.0,False
2025-11-20,7,3,18,18999.0,False
2025-11-21,7,3,19,18999.0,False
2025-11-22,7,3,15,18999.0,False
2025-11-23,7,3,17,18999.0,False
2025-11-24,7,3,17,18999.0,False
2025-11-25,7,3,16,18999.0,False
2025-11-26,7,3,18,18999.0,False
2025-11-27,7,3,21,18999.0,False
2025-11-28,7,3,20,18999.0,False
2025-11-29,7,3,17,18999.0,False
2025-11-30,7,3,14,18999.0,False
2025-12-01,7,3,19,18999.0,False
2025-12-02,7,3,16,18999.0,False
2025-12-03,7,3,22,18999.0,False
2025-12-04,7,3,19,18999.0,False
2025-12-05,7,3,23,18999.0,False
2025-12-06,7,3,14,18999.0,False
2025-12-07,7,3,13,18999.0,False
2025-12-08,7,3,18,18999.0,False
2025-12-09,7,3,22,18999.0,False
2025-12-10,7,3,24,18999.0,False
2025-12-11,7,3,23,18999.0,False
2025-12-12,7,3,18,18999.0,False
2025-12-13,7,3,15,18999.0,False
2025-12-14,7,3,22,18999.0,False
2025-12-15,7,3,23,18999.0,False
2025-12-16,7,3,17,18999.0,False
2025-12-17,7,3,24,18999.0,False
2025-12-18,7,3,19,18999.0,False
2025-12-19,7,3,18,18999.0,False
2025-12-20,7,3,15,18999.0,False
2025-12-21,7,3,18,18999.0,False
2025-12-22,7,3,19,18999.0,False
2025-12-23,7,3,20,18999.0,False
2025-12-24,7,3,20,18999.0,False
2025-12-25,7,3,18,18999.0,False
2025-12-26,7,3,20,18999.0,False
2025-12-27,7,3,16,18999.0,False
2025-12-28,7,3,17,18999.0,False
2025-12-29,7,3,23,18999.0,True
2025-12-30,7,3,17,18999.0,False
2025-12-31,7,3,23,18999.0,False
2024-01-01,8,1,30,2499.0,False
2024-01-02,8,1,40,2499.0,True
2024-01-03,8,1,33,2499.0,False
2024-01-04,8,1,35,2499.0,False
2024-01-05,8,1,23,2499.0,False
2024-01-06,8,1,22,2499.0,False
2024-01-07,8,1,26,2499.0,False
2024-01-08,8,1,30,2499.0,False
2024-01-09,8,1,33,2499.0,False
2024-01-10,8,1,28,2499.0,False
2024-01-11,8,1,26,2499.0,False
2024-01-12,8,1,38,2499.0,False
2024-01-13,8,1,29,2499.0,False
2024-01-14,8,1,26,2499.0,False
2024-01-15,8,1,31,2499.0,False
2024-01-16,8,1,31,2499.0,False
2024-01-17,8,1,35,2499.0,False
2024-01-18,8,1,45,2499.0,True
2024-01-19,8,1,31,2499.0,False
2024-01-20,8,1,35,2499.0,True
2024-01-21,8,1,28,2499.0,True
2024-01-22,8,1,29,2499.0,False
2024-01-23,8,1,32,2499.0,False
2024-01-24,8,1,39,2499.0,False
2024-01-25,8,1,28,2499.0,False
2024-01-26,8,1,31,2499.0,False
2024-01-27,8,1,27,2499.0,False
2024-01-28,8,1,22,2499.0,False
2024-01-29,8,1,31,2499.0,False
2024-01-30,8,1,33,2499.0,False
2024-01-31,8,1,30,2499.0,False
2024-02-01,8,1,29,2499.0,False
2024-02-02,8,1,48,2499.0,True
2024-02-03,8,1,27,2499.0,False
2024-02-04,8,1,25,2499.0,False
2024-02-05,8,1,31,2499.0,False
2024-02-06,8,1,37,2499.0,False
2024-02-07,8,1,42,2499.0,True
2024-02-08,8,1,32,2499.0,False
2024-02-09,8,1,31,2499.0,False
2024-02-10,8,1,25,2499.0,False
2024-02-11,8,1,27,2499.0,False
2024-02-12,8,1,32,2499.0,False
2024-02-13,8,1,32,2499.0,False
2024-02-14,8,1,38,2499.0,False
2024-02-15,8,1,37,2499.0,False
2024-02-16,8,1,30,2499.0,False
2024-02-17,8,1,28,2499.0,False
2024-02-18,8,1,22,2499.0,False
2024-02-19,8,1,36,2499.0,False
2024-02-20,8,1,29,2499.0,False
2024-02-21,8,1,31,2499.0,False
2024-02-22,8,1,35,2499.0,False
2024-02-23,8,1,38,2499.0,False
2024-02-24,8,1,24,2499.0,False
2024-02-25,8,1,23,2499.0,False
2024-02-26,8,1,30,2499.0,False
2024-02-27,8,1,37,2499.0,False
2024-02-28,8,1,45,2499.0,False
2024-02-29,8,1,36,2499.0,False
2024-03-01,8,1,30,2499.0,False
2024-03-02,8,1,33,2499.0,False
2024-03-03,8,1,32,2499.0,True
2024-03-04,8,1,35,2499.0,False
2024-03-05,8,1,32,2499.0,False
2024-03-06,8,1,32,2499.0,False
2024-03-07,8,1,37,2499.0,False
2024-03-08,8,1,32,2499.0,False
2024-03-09,8,1,26,2499.0,False
2024-03-10,8,1,29,2499.0,False
2024-03-11,8,1,30,2499.0,False
2024-03-12,8,1,51,2499.0,False
2024-03-13,8,1,32,2499.0,False
2024-03-14,8,1,30,2499.0,False
2024-03-15,8,1,38,2499.0,False
2024-03-16,8,1,23,2499.0,False
2024-03-17,8,1,25,2499.0,False
2024-03-18,8,1,67,2499.0,False
2024-03-19,8,1,37,2499.0,False
2024-03-20,8,1,37,2499.0,False
2024-03-21,8,1,32,2499.0,False
2024-03-22,8,1,32,2499.0,False
2024-03-23,8,1,27,2499.0,False
2024-03-24,8,1,27,2499.0,False
2024-03-25,8,1,37,2499.0,False
2024-03-26,8,1,43,2499.0,False
2024-03-27,8,1,31,2499.0,False
2024-03-28,8,1,30,2499.0,False
2024-03-29,8,1,35,2499.0,False
2024-03-30,8,1,28,2499.0,False
2024-03-31,8,1,20,2499.0,False
2024-04-01,8,1,36,2499.0,False
2024-04-02,8,1,34,2499.0,False
2024-04-03,8,1,31,2499.0,False
2024-04-04,8,1,37,2499.0,False
2024-04-05,8,1,34,2499.0,False
2024-04-06,8,1,26,2499.0,False
2024-04-07,8,1,28,2499.0,False
2024-04-08,8,1,32,2499.0,False
2024-04-09,8,1,34,2499.0,False
2024-04-10,8,1,39,2499.0,False
2024-04-11,8,1,32,2499.0,False
2024-04-12,8,1,27,2499.0,False
2024-04-13,8,1,28,2499.0,False
2024-04-14,8,1,31,2499.0,False
2024-04-15,8,1,30,2499.0,False
2024-04-16,8,1,35,2499.0,False
2024-04-17,8,1,38,2499.0,False
2024-04-18,8,1,32,2499.0,False
2024-04-19,8,1,32,2499.0,False
2024-04-20,8,1,23,2499.0,False
2024-04-21,8,1,26,2499.0,False
2024-04-22,8,1,31,2499.0,False
2024-04-23,8,1,38,2499.0,False
2024-04-24,8,1,35,2499.0,False
2024-04-25,8,1,70,2499.0,False
2024-04-26,8,1,52,2499.0,True
2024-04-27,8,1,31,2499.0,False
2024-04-28,8,1,32,2499.0,False
2024-04-29,8,1,36,2499.0,False
2024-04-30,8,1,34,2499.0,False
2024-05-01,8,1,32,2499.0,False
2024-05-02,8,1,38,2499.0,False
2024-05-03,8,1,38,2499.0,False
2024-05-04,8,1,28,2499.0,False
2024-05-05,8,1,30,2499.0,False
2024-05-06,8,1,30,2499.0,False
2024-05-07,8,1,36,2499.0,False
2024-05-08,8,1,44,2499.0,True
2024-05-09,8,1,31,2499.0,False
2024-05-10,8,1,35,2499.0,False
2024-05-11,8,1,31,2499.0,False
2024-05-12,8,1,32,2499.0,False
2024-05-13,8,1,38,2499.0,False
2024-05-14,8,1,38,2499.0,False
2024-05-15,8,1,36,2499.0,False
2024-05-16,8,1,33,2499.0,False
2024-05-17,8,1,30,2499.0,False
2024-05-18,8,1,24,2499.0,False
2024-05-19,8,1,39,2499.0,True
2024-05-20,8,1,31,2499.0,False
2024-05-21,8,1,54,2499.0,True
2024-05-22,8,1,43,2499.0,False
2024-05-23,8,1,33,2499.0,False
2024-05-24,8,1,35,2499.0,False
2024-05-25,8,1,25,2499.0,False
2024-05-26,8,1,28,2499.0,False
2024-05-27,8,1,42,2499.0,False
2024-05-28,8,1,40,2499.0,False
2024-05-29,8,1,36,2499.0,False
2024-05-30,8,1,42,2499.0,False
2024-05-31,8,1,39,2499.0,False
2024-06-01,8,1,31,2499.0,False
2024-06-02,8,1,25,2499.0,False
2024-06-03,8,1,50,2499.0,True
2024-06-04,8,1,36,2499.0,False
2024-06-05,8,1,33,2499.0,False
2024-06-06,8,1,29,2499.0,False
2024-06-07,8,1,32,2499.0,False
2024-06-08,8,1,24,2499.0,False
2024-06-09,8,1,31,2499.0,False
2024-06-10,8,1,31,2499.0,False
2024-06-11,8,1,33,2499.0,False
2024-06-12,8,1,38,2499.0,False
2024-06-13,8,1,32,2499.0,False
2024-06-14,8,1,35,2499.0,False
2024-06-15,8,1,24,2499.0,False
2024-06-16,8,1,28,2499.0,False
2024-06-17,8,1,31,2499.0,False
2024-06-18,8,1,31,2499.0,False
2024-06-19,8,1,31,2499.0,False
2024-06-20,8,1,28,2499.0,False
2024-06-21,8,1,31,2499.0,False
2024-06-22,8,1,25,2499.0,False
2024-06-23,8,1,25,2499.0,False
2024-06-24,8,1,59,2499.0,True
2024-06-25,8,1,36,2499.0,False
2024-06-26,8,1,34,2499.0,False
2024-06-27,8,1,27,2499.0,False
2024-06-28,8,1,36,2499.0,False
2024-06-29,8,1,36,2499.0,True
2024-06-30,8,1,29,2499.0,False
2024-07-01,8,1,29,2499.0,False
2024-07-02,8,1,52,2499.0,True
2024-07-03,8,1,36,2499.0,False
2024-07-04,8,1,34,2499.0,False
2024-07-05,8,1,30,2499.0,False
2024-07-06,8,1,23,2499.0,False
2024-07-07,8,1,27,2499.0,False
2024-07-08,8,1,31,2499.0,False
2024-07-09,8,1,35,2499.0,False
2024-07-10,8,1,28,2499.0,False
2024-07-11,8,1,29,2499.0,False
2024-07-12,8,1,28,2499.0,False
2024-07-13,8,1,28,2499.0,False
2024-07-14,8,1,21,2499.0,False
2024-07-15,8,1,38,2499.0,False
2024-07-16,8,1,34,2499.0,False
2024-07-17,8,1,35,2499.0,False
2024-07-18,8,1,38,2499.0,False
2024-07-19,8,1,35,2499.0,False
2024-07-20,8,1,26,2499.0,False
2024-07-21,8,1,27,2499.0,False
2024-07-22,8,1,27,2499.0,False
2024-07-23,8,1,30,2499.0,False
2024-07-24,8,1,35,2499.0,False
2024-07-25,8,1,32,2499.0,False
2024-07-26,8,1,29,2499.0,False
2024-07-27,8,1,26,2499.0,False
2024-07-28,8,1,28,2499.0,False
2024-07-29,8,1,32,2499.0,False
2024-07-30,8,1,27,2499.0,False
2024-07-31,8,1,30,2499.0,False
2024-08-01,8,1,25,2499.0,False
2024-08-02,8,1,34,2499.0,False
2024-08-03,8,1,27,2499.0,False
2024-08-04,8,1,25,2499.0,False
2024-08-05,8,1,32,2499.0,False
2024-08-06,8,1,27,2499.0,False
2024-08-07,8,1,38,2499.0,False
2024-08-08,8,1,28,2499.0,False
2024-08-09,8,1,24,2499.0,False
2024-08-10,8,1,26,2499.0,False
2024-08-11,8,1,23,2499.0,False
2024-08-12,8,1,33,2499.0,False
2024-08-13,8,1,34,2499.0,False
2024-08-14,8,1,32,2499.0,False
2024-08-15,8,1,27,2499.0,False
2024-08-16,8,1,33,2499.0,False
2024-08-17,8,1,24,2499.0,False
2024-08-18,8,1,22,2499.0,False
2024-08-19,8,1,32,2499.0,False
2024-08-20,8,1,43,2499.0,True
2024-08-21,8,1,52,2499.0,False
2024-08-22,8,1,25,2499.0,False
2024-08-23,8,1,34,2499.0,False
2024-08-24,8,1,24,2499.0,False
2024-08-25,8,1,22,2499.0,False
2024-08-26,8,1,34,2499.0,False
2024-08-27,8,1,29,2499.0,False
2024-08-28,8,1,59,2499.0,False
2024-08-29,8,1,29,2499.0,False
2024-08-30,8,1,26,2499.0,False
2024-08-31,8,1,20,2499.0,False
2024-09-01,8,1,26,2499.0,False
2024-09-02,8,1,27,2499.0,False
2024-09-03,8,1,40,2499.0,True
2024-09-04,8,1,26,2499.0,False
2024-09-05,8,1,33,2499.0,False
2024-09-06,8,1,31,2499.0,False
2024-09-07,8,1,23,2499.0,False
2024-09-08,8,1,20,2499.0,False
2024-09-09,8,1,32,2499.0,False
2024-09-10,8,1,28,2499.0,False
2024-09-11,8,1,29,2499.0,False
2024-09-12,8,1,28,2499.0,False
2024-09-13,8,1,25,2499.0,False
2024-09-14,8,1,21,2499.0,False
2024-09-15,8,1,22,2499.0,False
2024-09-16,8,1,26,2499.0,False
2024-09-17,8,1,46,2499.0,True
2024-09-18,8,1,33,2499.0,False
2024-09-19,8,1,33,2499.0,False
2024-09-20,8,1,33,2499.0,False
2024-09-21,8,1,21,2499.0,False
2024-09-22,8,1,24,2499.0,False
2024-09-23,8,1,30,2499.0,False
2024-09-24,8,1,33,2499.0,False
2024-09-25,8,1,33,2499.0,False
2024-09-26,8,1,26,2499.0,False
2024-09-27,8,1,25,2499.0,False
2024-09-28,8,1,25,2499.0,False
2024-09-29,8,1,24,2499.0,False
2024-09-30,8,1,27,2499.0,False
2024-10-01,8,1,30,2499.0,False
2024-10-02,8,1,28,2499.0,False
2024-10-03,8,1,37,2499.0,False
2024-10-04,8,1,25,2499.0,False
2024-10-05,8,1,23,2499.0,False
2024-10-06,8,1,20,2499.0,False
2024-10-07,8,1,29,2499.0,False
2024-10-08,8,1,35,2499.0,False
2024-10-09,8,1,25,2499.0,False
2024-10-10,8,1,29,2499.0,False
2024-10-11,8,1,26,2499.0,False
2024-10-12,8,1,20,2499.0,False
2024-10-13,8,1,20,2499.0,False
2024-10-14,8,1,28,2499.0,False
2024-10-15,8,1,29,2499.0,False
2024-10-16,8,1,24,2499.0,False
2024-10-17,8,1,30,2499.0,False
2024-10-18,8,1,36,2499.0,False
2024-10-19,8,1,24,2499.0,False
2024-10-20,8,1,24,2499.0,False
2024-10-21,8,1,24,2499.0,False
2024-10-22,8,1,31,2499.0,False
2024-10-23,8,1,24,2499.0,False
2024-10-24,8,1,28,2499.0,False
2024-10-25,8,1,24,2499.0,False
2024-10-26,8,1,19,2499.0,False
2024-10-27,8,1,21,2499.0,False
2024-10-28,8,1,31,2499.0,False
2024-10-29,8,1,33,2499.0,False
2024-10-30,8,1,28,2499.0,False
2024-10-31,8,1,31,2499.0,False
2024-11-01,8,1,25,2499.0,False
2024-11-02,8,1,47,2499.0,False
2024-11-03,8,1,21,2499.0,False
2024-11-04,8,1,31,2499.0,False
2024-11-05,8,1,28,2499.0,False
2024-11-06,8,1,33,2499.0,False
2024-11-07,8,1,30,2499.0,False
2024-11-08,8,1,35,2499.0,False
2024-11-09,8,1,21,2499.0,False
2024-11-10,8,1,22,2499.0,False
2024-11-11,8,1,42,2499.0,True
2024-11-12,8,1,35,2499.0,False
2024-11-13,8,1,28,2499.0,False
2024-11-14,8,1,35,2499.0,False
2024-11-15,8,1,27,2499.0,False
2024-11-16,8,1,22,2499.0,False
2024-11-17,8,1,19,2499.0,False
2024-11-18,8,1,28,2499.0,False
2024-11-19,8,1,26,2499.0,False
2024-11-20,8,1,34,2499.0,False
2024-11-21,8,1,32,2499.0,False
2024-11-22,8,1,33,2499.0,False
2024-11-23,8,1,22,2499.0,False
2024-11-24,8,1,23,2499.0,False
2024-11-25,8,1,26,2499.0,False
2024-11-26,8,1,47,2499.0,False
2024-11-27,8,1,29,2499.0,False
2024-11-28,8,1,33,2499.0,False
2024-11-29,8,1,31,2499.0,False
2024-11-30,8,1,26,2499.0,False
2024-12-01,8,1,22,2499.0,False
2024-12-02,8,1,30,2499.0,False
2024-12-03,8,1,26,2499.0,False
2024-12-04,8,1,42,2499.0,False
2024-12-05,8,1,27,2499.0,False
2024-12-06,8,1,28,2499.0,False
2024-12-07,8,1,22,2499.0,False
2024-12-08,8,1,23,2499.0,False
2024-12-09,8,1,29,2499.0,False
2024-12-10,8,1,26,2499.0,False
2024-12-11,8,1,32,2499.0,False
2024-12-12,8,1,32,2499.0,False
2024-12-13,8,1,30,2499.0,False
2024-12-14,8,1,25,2499.0,False
2024-12-15,8,1,23,2499.0,False
2024-12-16,8,1,32,2499.0,False
2024-12-17,8,1,34,2499.0,False
2024-12-18,8,1,34,2499.0,False
2024-12-19,8,1,27,2499.0,False
2024-12-20,8,1,32,2499.0,False
2024-12-21,8,1,21,2499.0,False
2024-12-22,8,1,23,2499.0,False
2024-12-23,8,1,33,2499.0,False
2024-12-24,8,1,26,2499.0,False
2024-12-25,8,1,32,2499.0,False
2024-12-26,8,1,28,2499.0,False
2024-12-27,8,1,31,2499.0,False
2024-12-28,8,1,36,2499.0,True
2024-12-29,8,1,22,2499.0,False
2024-12-30,8,1,28,2499.0,False
2024-12-31,8,1,30,2499.0,False
2025-01-01,8,1,37,2499.0,False
2025-01-02,8,1,35,2499.0,False
2025-01-03,8,1,33,2499.0,False
2025-01-04,8,1,35,2499.0,False
2025-01-05,8,1,28,2499.0,False
2025-01-06,8,1,28,2499.0,False
2025-01-07,8,1,30,2499.0,False
2025-01-08,8,1,28,2499.0,False
2025-01-09,8,1,56,2499.0,False
2025-01-10,8,1,34,2499.0,False
2025-01-11,8,1,26,2499.0,False
2025-01-12,8,1,38,2499.0,True
2025-01-13,8,1,33,2499.0,False
2025-01-14,8,1,29,2499.0,False
2025-01-15,8,1,39,2499.0,True
2025-01-16,8,1,32,2499.0,False
2025-01-17,8,1,31,2499.0,False
2025-01-18,8,1,22,2499.0,False
2025-01-19,8,1,26,2499.0,False
2025-01-20,8,1,36,2499.0,False
2025-01-21,8,1,34,2499.0,False
2025-01-22,8,1,22,2499.0,False
2025-01-23,8,1,37,2499.0,False
2025-01-24,8,1,32,2499.0,False
2025-01-25,8,1,22,2499.0,False
2025-01-26,8,1,22,2499.0,False
2025-01-27,8,1,34,2499.0,False
2025-01-28,8,1,31,2499.0,False
2025-01-29,8,1,33,2499.0,False
2025-01-30,8,1,33,2499.0,False
2025-01-31,8,1,33,2499.0,False
2025-02-01,8,1,25,2499.0,False
2025-02-02,8,1,26,2499.0,False
2025-02-03,8,1,33,2499.0,False
2025-02-04,8,1,31,2499.0,False
2025-02-05,8,1,38,2499.0,False
2025-02-06,8,1,31,2499.0,False
2025-02-07,8,1,34,2499.0,False
2025-02-08,8,1,29,2499.0,False
2025-02-09,8,1,32,2499.0,False
2025-02-10,8,1,33,2499.0,False
2025-02-11,8,1,34,2499.0,False
2025-02-12,8,1,35,2499.0,False
2025-02-13,8,1,27,2499.0,False
2025-02-14,8,1,38,2499.0,False
2025-02-15,8,1,25,2499.0,False
2025-02-16,8,1,26,2499.0,False
2025-02-17,8,1,31,2499.0,False
2025-02-18,8,1,36,2499.0,False
2025-02-19,8,1,39,2499.0,False
2025-02-20,8,1,34,2499.0,False
2025-02-21,8,1,36,2499.0,False
2025-02-22,8,1,24,2499.0,False
2025-02-23,8,1,32,2499.0,False
2025-02-24,8,1,27,2499.0,False
2025-02-25,8,1,33,2499.0,False
2025-02-26,8,1,37,2499.0,False
2025-02-27,8,1,49,2499.0,True
2025-02-28,8,1,36,2499.0,False
2025-03-01,8,1,30,2499.0,False
2025-03-02,8,1,24,2499.0,False
2025-03-03,8,1,31,2499.0,False
2025-03-04,8,1,37,2499.0,False
2025-03-05,8,1,42,2499.0,False
2025-03-06,8,1,37,2499.0,False
2025-03-07,8,1,44,2499.0,False
2025-03-08,8,1,27,2499.0,False
2025-03-09,8,1,24,2499.0,False
2025-03-10,8,1,55,2499.0,True
2025-03-11,8,1,37,2499.0,False
2025-03-12,8,1,40,2499.0,False
2025-03-13,8,1,35,2499.0,False
2025-03-14,8,1,33,2499.0,False
2025-03-15,8,1,39,2499.0,True
2025-03-16,8,1,31,2499.0,False
2025-03-17,8,1,37,2499.0,False
2025-03-18,8,1,37,2499.0,False
2025-03-19,8,1,39,2499.0,False
2025-03-20,8,1,38,2499.0,False
2025-03-21,8,1,52,2499.0,True
2025-03-22,8,1,26,2499.0,False
2025-03-23,8,1,31,2499.0,False
2025-03-24,8,1,34,2499.0,False
2025-03-25,8,1,50,2499.0,True
2025-03-26,8,1,54,2499.0,True
2025-03-27,8,1,42,2499.0,False
2025-03-28,8,1,33,2499.0,False
2025-03-29,8,1,26,2499.0,False
2025-03-30,8,1,62,2499.0,True
2025-03-31,8,1,26,2499.0,False
2025-04-01,8,1,32,2499.0,False
2025-04-02,8,1,33,2499.0,False
2025-04-03,8,1,37,2499.0,False
2025-04-04,8,1,37,2499.0,True
2025-04-05,8,1,26,2499.0,False
2025-04-06,8,1,28,2499.0,False
2025-04-07,8,1,37,2499.0,False
2025-04-08,8,1,34,2499.0,False
2025-04-09,8,1,34,2499.0,False
2025-04-10,8,1,32,2499.0,False
2025-04-11,8,1,37,2499.0,False
2025-04-12,8,1,22,2499.0,False
2025-04-13,8,1,26,2499.0,False
2025-04-14,8,1,36,2499.0,False
2025-04-15,8,1,33,2499.0,False
2025-04-16,8,1,40,2499.0,True
2025-04-17,8,1,48,2499.0,True
2025-04-18,8,1,43,2499.0,False
2025-04-19,8,1,28,2499.0,False
2025-04-20,8,1,23,2499.0,False
2025-04-21,8,1,39,2499.0,False
2025-04-22,8,1,31,2499.0,False
2025-04-23,8,1,34,2499.0,False
2025-04-24,8,1,35,2499.0,False
2025-04-25,8,1,36,2499.0,False
2025-04-26,8,1,31,2499.0,False
2025-04-27,8,1,27,2499.0,False
2025-04-28,8,1,32,2499.0,False
2025-04-29,8,1,41,2499.0,False
2025-04-30,8,1,34,2499.0,False
2025-05-01,8,1,34,2499.0,False
2025-05-02,8,1,32,2499.0,False
2025-05-03,8,1,28,2499.0,False
2025-05-04,8,1,25,2499.0,False
2025-05-05,8,1,40,2499.0,False
2025-05-06,8,1,69,2499.0,False
2025-05-07,8,1,35,2499.0,False
2025-05-08,8,1,40,2499.0,False
2025-05-09,8,1,61,2499.0,True
2025-05-10,8,1,27,2499.0,False
2025-05-11,8,1,28,2499.0,False
2025-05-12,8,1,41,2499.0,False
2025-05-13,8,1,36,2499.0,False
2025-05-14,8,1,38,2499.0,False
2025-05-15,8,1,32,2499.0,False
2025-05-16,8,1,36,2499.0,False
2025-05-17,8,1,23,2499.0,False
2025-05-18,8,1,23,2499.0,False
2025-05-19,8,1,33,2499.0,False
2025-05-20,8,1,32,2499.0,False
2025-05-21,8,1,33,2499.0,False
2025-05-22,8,1,38,2499.0,False
2025-05-23,8,1,38,2499.0,False
2025-05-24,8,1,28,2499.0,False
2025-05-25,8,1,29,2499.0,False
2025-05-26,8,1,41,2499.0,False
2025-05-27,8,1,33,2499.0,False
2025-05-28,8,1,38,2499.0,False
2025-05-29,8,1,38,2499.0,True
2025-05-30,8,1,35,2499.0,False
2025-05-31,8,1,25,2499.0,False
2025-06-01,8,1,23,2499.0,False
2025-06-02,8,1,32,2499.0,False
2025-06-03,8,1,38,2499.0,False
2025-06-04,8,1,38,2499.0,False
2025-06-05,8,1,33,2499.0,False
2025-06-06,8,1,32,2499.0,False
2025-06-07,8,1,24,2499.0,False
2025-06-08,8,1,24,2499.0,False
2025-06-09,8,1,36,2499.0,False
2025-06-10,8,1,32,2499.0,False
2025-06-11,8,1,32,2499.0,False
2025-06-12,8,1,39,2499.0,False
2025-06-13,8,1,34,2499.0,False
2025-06-14,8,1,29,2499.0,False
2025-06-15,8,1,26,2499.0,False
2025-06-16,8,1,28,2499.0,False
2025-06-17,8,1,38,2499.0,False
2025-06-18,8,1,34,2499.0,False
2025-06-19,8,1,33,2499.0,False
2025-06-20,8,1,32,2499.0,False
2025-06-21,8,1,27,2499.0,False
2025-06-22,8,1,20,2499.0,False
2025-06-23,8,1,36,2499.0,False
2025-06-24,8,1,33,2499.0,False
2025-06-25,8,1,32,2499.0,False
2025-06-26,8,1,33,2499.0,False
2025-06-27,8,1,34,2499.0,False
2025-06-28,8,1,23,2499.0,False
2025-06-29,8,1,47,2499.0,False
2025-06-30,8,1,37,2499.0,False
2025-07-01,8,1,29,2499.0,False
2025-07-02,8,1,33,2499.0,False
2025-07-03,8,1,30,2499.0,False
2025-07-04,8,1,33,2499.0,False
2025-07-05,8,1,20,2499.0,False
2025-07-06,8,1,25,2499.0,False
2025-07-07,8,1,26,2499.0,False
2025-07-08,8,1,28,2499.0,False
2025-07-09,8,1,33,2499.0,False
2025-07-10,8,1,35,2499.0,False
2025-07-11,8,1,35,2499.0,False
2025-07-12,8,1,26,2499.0,False
2025-07-13,8,1,26,2499.0,False
2025-07-14,8,1,35,2499.0,False
2025-07-15,8,1,30,2499.0,False
2025-07-16,8,1,31,2499.0,False
2025-07-17,8,1,26,2499.0,False
2025-07-18,8,1,35,2499.0,False
2025-07-19,8,1,25,2499.0,False
2025-07-20,8,1,26,2499.0,False
2025-07-21,8,1,35,2499.0,False
2025-07-22,8,1,31,2499.0,False
2025-07-23,8,1,37,2499.0,False
2025-07-24,8,1,30,2499.0,False
2025-07-25,8,1,32,2499.0,False
2025-07-26,8,1,26,2499.0,False
2025-07-27,8,1,22,2499.0,False
2025-07-28,8,1,30,2499.0,False
2025-07-29,8,1,32,2499.0,False
2025-07-30,8,1,31,2499.0,False
2025-07-31,8,1,28,2499.0,False
2025-08-01,8,1,29,2499.0,False
2025-08-02,8,1,25,2499.0,False
2025-08-03,8,1,31,2499.0,True
2025-08-04,8,1,33,2499.0,False
2025-08-05,8,1,32,2499.0,False
2025-08-06,8,1,38,2499.0,False
2025-08-07,8,1,30,2499.0,False
2025-08-08,8,1,28,2499.0,False
2025-08-09,8,1,27,2499.0,False
2025-08-10,8,1,24,2499.0,False
2025-08-11,8,1,30,2499.0,False
2025-08-12,8,1,30,2499.0,False
2025-08-13,8,1,32,2499.0,False
2025-08-14,8,1,33,2499.0,False
2025-08-15,8,1,62,2499.0,False
2025-08-16,8,1,27,2499.0,False
2025-08-17,8,1,28,2499.0,False
2025-08-18,8,1,30,2499.0,False
2025-08-19,8,1,31,2499.0,False
2025-08-20,8,1,28,2499.0,False
2025-08-21,8,1,27,2499.0,False
2025-08-22,8,1,58,2499.0,False
2025-08-23,8,1,24,2499.0,False
2025-08-24,8,1,22,2499.0,False
2025-08-25,8,1,33,2499.0,False
2025-08-26,8,1,32,2499.0,False
2025-08-27,8,1,33,2499.0,False
2025-08-28,8,1,32,2499.0,False
2025-08-29,8,1,44,2499.0,True
2025-08-30,8,1,24,2499.0,False
2025-08-31,8,1,23,2499.0,False
2025-09-01,8,1,30,2499.0,False
2025-09-02,8,1,33,2499.0,False
2025-09-03,8,1,32,2499.0,False
2025-09-04,8,1,31,2499.0,False
2025-09-05,8,1,29,2499.0,False
2025-09-06,8,1,27,2499.0,False
2025-09-07,8,1,25,2499.0,False
2025-09-08,8,1,47,2499.0,True
2025-09-09,8,1,36,2499.0,False
2025-09-10,8,1,28,2499.0,False
2025-09-11,8,1,33,2499.0,False
2025-09-12,8,1,28,2499.0,False
2025-09-13,8,1,23,2499.0,False
2025-09-14,8,1,22,2499.0,False
2025-09-15,8,1,28,2499.0,False
2025-09-16,8,1,26,2499.0,False
2025-09-17,8,1,36,2499.0,False
2025-09-18,8,1,30,2499.0,False
2025-09-19,8,1,28,2499.0,False
2025-09-20,8,1,19,2499.0,False
2025-09-21,8,1,23,2499.0,False
2025-09-22,8,1,29,2499.0,False
2025-09-23,8,1,26,2499.0,False
2025-09-24,8,1,32,2499.0,False
2025-09-25,8,1,39,2499.0,True
2025-09-26,8,1,28,2499.0,False
2025-09-27,8,1,26,2499.0,False
2025-09-28,8,1,23,2499.0,False
2025-09-29,8,1,32,2499.0,False
2025-09-30,8,1,31,2499.0,False
2025-10-01,8,1,28,2499.0,False
2025-10-02,8,1,46,2499.0,False
2025-10-03,8,1,28,2499.0,False
2025-10-04,8,1,20,2499.0,False
2025-10-05,8,1,24,2499.0,False
2025-10-06,8,1,33,2499.0,False
2025-10-07,8,1,34,2499.0,False
2025-10-08,8,1,24,2499.0,False
2025-10-09,8,1,24,2499.0,False
2025-10-10,8,1,34,2499.0,False
2025-10-11,8,1,24,2499.0,False
2025-10-12,8,1,23,2499.0,False
2025-10-13,8,1,29,2499.0,False
2025-10-14,8,1,31,2499.0,False
2025-10-15,8,1,31,2499.0,False
2025-10-16,8,1,27,2499.0,False
2025-10-17,8,1,55,2499.0,True
2025-10-18,8,1,22,2499.0,False
2025-10-19,8,1,31,2499.0,True
2025-10-20,8,1,30,2499.0,False
2025-10-21,8,1,31,2499.0,False
2025-10-22,8,1,30,2499.0,False
2025-10-23,8,1,25,2499.0,False
2025-10-24,8,1,36,2499.0,True
2025-10-25,8,1,20,2499.0,False
2025-10-26,8,1,25,2499.0,False
2025-10-27,8,1,32,2499.0,False
2025-10-28,8,1,33,2499.0,False
2025-10-29,8,1,30,2499.0,False
2025-10-30,8,1,54,2499.0,False
2025-10-31,8,1,27,2499.0,False
2025-11-01,8,1,20,2499.0,False
2025-11-02,8,1,23,2499.0,False
2025-11-03,8,1,31,2499.0,False
2025-11-04,8,1,32,2499.0,False
2025-11-05,8,1,25,2499.0,False
2025-11-06,8,1,26,2499.0,False
2025-11-07,8,1,37,2499.0,False
2025-11-08,8,1,25,2499.0,False
2025-11-09,8,1,24,2499.0,False
2025-11-10,8,1,36,2499.0,False
2025-11-11,8,1,33,2499.0,False
2025-11-12,8,1,26,2499.0,False
2025-11-13,8,1,27,2499.0,False
2025-11-14,8,1,32,2499.0,False
2025-11-15,8,1,21,2499.0,False
2025-11-16,8,1,33,2499.0,True
2025-11-17,8,1,52,2499.0,False
2025-11-18,8,1,32,2499.0,False
2025-11-19,8,1,52,2499.0,False
2025-11-20,8,1,29,2499.0,False
2025-11-21,8,1,25,2499.0,False
2025-11-22,8,1,25,2499.0,False
2025-11-23,8,1,26,2499.0,False
2025-11-24,8,1,28,2499.0,False
2025-11-25,8,1,56,2499.0,False
2025-11-26,8,1,26,2499.0,False
2025-11-27,8,1,30,2499.0,False
2025-11-28,8,1,35,2499.0,True
2025-11-29,8,1,24,2499.0,False
2025-11-30,8,1,22,2499.0,False
2025-12-01,8,1,32,2499.0,False
2025-12-02,8,1,44,2499.0,True
2025-12-03,8,1,38,2499.0,False
2025-12-04,8,1,30,2499.0,False
2025-12-05,8,1,34,2499.0,False
2025-12-06,8,1,25,2499.0,False
2025-12-07,8,1,25,2499.0,False
2025-12-08,8,1,27,2499.0,False
2025-12-09,8,1,30,2499.0,False
2025-12-10,8,1,24,2499.0,False
2025-12-11,8,1,37,2499.0,False
2025-12-12,8,1,38,2499.0,False
2025-12-13,8,1,24,2499.0,False
2025-12-14,8,1,23,2499.0,False
2025-12-15,8,1,34,2499.0,False
2025-12-16,8,1,47,2499.0,True
2025-12-17,8,1,34,2499.0,False
2025-12-18,8,1,54,2499.0,False
2025-12-19,8,1,24,2499.0,False
2025-12-20,8,1,27,2499.0,False
2025-12-21,8,1,24,2499.0,False
2025-12-22,8,1,31,2499.0,False
2025-12-23,8,1,30,2499.0,False
2025-12-24,8,1,31,2499.0,False
2025-12-25,8,1,26,2499.0,False
2025-12-26,8,1,35,2499.0,False
2025-12-27,8,1,22,2499.0,False
2025-12-28,8,1,24,2499.0,False
2025-12-29,8,1,34,2499.0,False
2025-12-30,8,1,35,2499.0,False
2025-12-31,8,1,29,2499.0,False
2024-01-01,8,2,26,2499.0,False
2024-01-02,8,2,21,2499.0,False
2024-01-03,8,2,23,2499.0,False
2024-01-04,8,2,23,2499.0,False
2024-01-05,8,2,27,2499.0,False
2024-01-06,8,2,22,2499.0,False
2024-01-07,8,2,21,2499.0,True
2024-01-08,8,2,24,2499.0,False
2024-01-09,8,2,22,2499.0,False
2024-01-10,8,2,21,2499.0,False
2024-01-11,8,2,24,2499.0,False
2024-01-12,8,2,25,2499.0,False
2024-01-13,8,2,29,2499.0,True
2024-01-14,8,2,18,2499.0,False
2024-01-15,8,2,21,2499.0,False
2024-01-16,8,2,23,2499.0,False
2024-01-17,8,2,25,2499.0,False
2024-01-18,8,2,33,2499.0,False
2024-01-19,8,2,25,2499.0,False
2024-01-20,8,2,15,2499.0,False
2024-01-21,8,2,21,2499.0,False
2024-01-22,8,2,26,2499.0,False
2024-01-23,8,2,38,2499.0,False
2024-01-24,8,2,25,2499.0,False
2024-01-25,8,2,17,2499.0,False
2024-01-26,8,2,22,2499.0,False
2024-01-27,8,2,20,2499.0,False
2024-01-28,8,2,18,2499.0,False
2024-01-29,8,2,25,2499.0,False
2024-01-30,8,2,24,2499.0,False
2024-01-31,8,2,24,2499.0,False
2024-02-01,8,2,20,2499.0,False
2024-02-02,8,2,23,2499.0,False
2024-02-03,8,2,23,2499.0,False
2024-02-04,8,2,16,2499.0,False
2024-02-05,8,2,23,2499.0,False
2024-02-06,8,2,25,2499.0,False
2024-02-07,8,2,30,2499.0,False
2024-02-08,8,2,26,2499.0,False
2024-02-09,8,2,24,2499.0,False
2024-02-10,8,2,17,2499.0,False
2024-02-11,8,2,19,2499.0,False
2024-02-12,8,2,21,2499.0,False
2024-02-13,8,2,24,2499.0,False
2024-02-14,8,2,24,2499.0,False
2024-02-15,8,2,27,2499.0,False
2024-02-16,8,2,28,2499.0,False
2024-02-17,8,2,19,2499.0,False
2024-02-18,8,2,16,2499.0,False
2024-02-19,8,2,36,2499.0,True
2024-02-20,8,2,27,2499.0,False
2024-02-21,8,2,31,2499.0,False
2024-02-22,8,2,20,2499.0,False
2024-02-23,8,2,23,2499.0,False
2024-02-24,8,2,19,2499.0,False
2024-02-25,8,2,19,2499.0,False
2024-02-26,8,2,23,2499.0,False
2024-02-27,8,2,30,2499.0,False
2024-02-28,8,2,27,2499.0,False
2024-02-29,8,2,26,2499.0,False
2024-03-01,8,2,19,2499.0,False
2024-03-02,8,2,18,2499.0,False
2024-03-03,8,2,23,2499.0,False
2024-03-04,8,2,25,2499.0,False
2024-03-05,8,2,22,2499.0,False
2024-03-06,8,2,23,2499.0,False
2024-03-07,8,2,26,2499.0,False
2024-03-08,8,2,26,2499.0,False
2024-03-09,8,2,20,2499.0,False
2024-03-10,8,2,22,2499.0,False
2024-03-11,8,2,24,2499.0,False
2024-03-12,8,2,22,2499.0,False
2024-03-13,8,2,27,2499.0,False
2024-03-14,8,2,27,2499.0,False
2024-03-15,8,2,24,2499.0,False
2024-03-16,8,2,21,2499.0,False
2024-03-17,8,2,23,2499.0,False
2024-03-18,8,2,27,2499.0,False
2024-03-19,8,2,22,2499.0,False
2024-03-20,8,2,27,2499.0,False
2024-03-21,8,2,24,2499.0,False
2024-03-22,8,2,26,2499.0,False
2024-03-23,8,2,29,2499.0,True
2024-03-24,8,2,22,2499.0,False
2024-03-25,8,2,37,2499.0,True
2024-03-26,8,2,25,2499.0,False
2024-03-27,8,2,26,2499.0,False
2024-03-28,8,2,23,2499.0,False
2024-03-29,8,2,24,2499.0,False
2024-03-30,8,2,20,2499.0,False
2024-03-31,8,2,18,2499.0,False
2024-04-01,8,2,22,2499.0,False
2024-04-02,8,2,25,2499.0,False
2024-04-03,8,2,24,2499.0,False
2024-04-04,8,2,23,2499.0,False
2024-04-05,8,2,22,2499.0,False
2024-04-06,8,2,21,2499.0,False
2024-04-07,8,2,22,2499.0,False
2024-04-08,8,2,22,2499.0,False
2024-04-09,8,2,24,2499.0,False
2024-04-10,8,2,27,2499.0,False
2024-04-11,8,2,30,2499.0,False
2024-04-12,8,2,28,2499.0,False
2024-04-13,8,2,22,2499.0,False
2024-04-14,8,2,18,2499.0,False
2024-04-15,8,2,27,2499.0,False
2024-04-16,8,2,27,2499.0,False
2024-04-17,8,2,30,2499.0,False
2024-04-18,8,2,21,2499.0,False
2024-04-19,8,2,24,2499.0,False
2024-04-20,8,2,19,2499.0,False
2024-04-21,8,2,20,2499.0,False
2024-04-22,8,2,27,2499.0,False
2024-04-23,8,2,35,2499.0,True
2024-04-24,8,2,27,2499.0,False
2024-04-25,8,2,26,2499.0,False
2024-04-26,8,2,29,2499.0,False
2024-04-27,8,2,17,2499.0,False
2024-04-28,8,2,19,2499.0,False
2024-04-29,8,2,41,2499.0,True
2024-04-30,8,2,27,2499.0,False
2024-05-01,8,2,27,2499.0,False
2024-05-02,8,2,23,2499.0,False
2024-05-03,8,2,27,2499.0,False
2024-05-04,8,2,25,2499.0,False
2024-05-05,8,2,18,2499.0,False
2024-05-06,8,2,28,2499.0,False
2024-05-07,8,2,31,2499.0,False
2024-05-08,8,2,25,2499.0,False
2024-05-09,8,2,29,2499.0,False
2024-05-10,8,2,27,2499.0,False
2024-05-11,8,2,20,2499.0,False
2024-05-12,8,2,21,2499.0,False
2024-05-13,8,2,26,2499.0,False
2024-05-14,8,2,24,2499.0,False
2024-05-15,8,2,24,2499.0,False
2024-05-16,8,2,24,2499.0,False
2024-05-17,8,2,30,2499.0,False
2024-05-18,8,2,17,2499.0,False
2024-05-19,8,2,20,2499.0,False
2024-05-20,8,2,26,2499.0,False
2024-05-21,8,2,26,2499.0,False
2024-05-22,8,2,22,2499.0,False
2024-05-23,8,2,49,2499.0,False
2024-05-24,8,2,27,2499.0,False
2024-05-25,8,2,20,2499.0,False
2024-05-26,8,2,21,2499.0,False
2024-05-27,8,2,30,2499.0,False
2024-05-28,8,2,30,2499.0,False
2024-05-29,8,2,26,2499.0,False
2024-05-30,8,2,27,2499.0,False
2024-05-31,8,2,30,2499.0,False
2024-06-01,8,2,21,2499.0,False
2024-06-02,8,2,23,2499.0,False
2024-06-03,8,2,26,2499.0,False
2024-06-04,8,2,20,2499.0,False
2024-06-05,8,2,25,2499.0,False
2024-06-06,8,2,23,2499.0,False
2024-06-07,8,2,18,2499.0,False
2024-06-08,8,2,21,2499.0,False
2024-06-09,8,2,22,2499.0,False
2024-06-10,8,2,26,2499.0,False
2024-06-11,8,2,26,2499.0,False
2024-06-12,8,2,40,2499.0,True
2024-06-13,8,2,25,2499.0,False
2024-06-14,8,2,28,2499.0,False
2024-06-15,8,2,21,2499.0,False
2024-06-16,8,2,20,2499.0,False
2024-06-17,8,2,26,2499.0,False
2024-06-18,8,2,22,2499.0,False
2024-06-19,8,2,21,2499.0,False
2024-06-20,8,2,23,2499.0,False
2024-06-21,8,2,27,2499.0,False
2024-06-22,8,2,18,2499.0,False
2024-06-23,8,2,21,2499.0,False
2024-06-24,8,2,24,2499.0,False
2024-06-25,8,2,26,2499.0,False
2024-06-26,8,2,21,2499.0,False
2024-06-27,8,2,25,2499.0,False
2024-06-28,8,2,25,2499.0,False
2024-06-29,8,2,16,2499.0,False
2024-06-30,8,2,19,2499.0,False
2024-07-01,8,2,25,2499.0,False
2024-07-02,8,2,29,2499.0,False
2024-07-03,8,2,24,2499.0,False
2024-07-04,8,2,35,2499.0,False
2024-07-05,8,2,17,2499.0,False
2024-07-06,8,2,23,2499.0,False
2024-07-07,8,2,19,2499.0,False
2024-07-08,8,2,21,2499.0,False
2024-07-09,8,2,21,2499.0,False
2024-07-10,8,2,26,2499.0,False
2024-07-11,8,2,25,2499.0,False
2024-07-12,8,2,24,2499.0,False
2024-07-13,8,2,18,2499.0,False
2024-07-14,8,2,15,2499.0,False
2024-07-15,8,2,22,2499.0,False
2024-07-16,8,2,24,2499.0,False
2024-07-17,8,2,25,2499.0,False
2024-07-18,8,2,23,2499.0,False
2024-07-19,8,2,25,2499.0,False
2024-07-20,8,2,18,2499.0,False
2024-07-21,8,2,18,2499.0,False
2024-07-22,8,2,23,2499.0,False
2024-07-23,8,2,23,2499.0,False
2024-07-24,8,2,21,2499.0,False
2024-07-25,8,2,25,2499.0,False
2024-07-26,8,2,25,2499.0,False
2024-07-27,8,2,20,2499.0,False
2024-07-28,8,2,17,2499.0,False
2024-07-29,8,2,24,2499.0,False
2024-07-30,8,2,26,2499.0,False
2024-07-31,8,2,25,2499.0,False
2024-08-01,8,2,28,2499.0,True
2024-08-02,8,2,21,2499.0,False
2024-08-03,8,2,19,2499.0,False
2024-08-04,8,2,18,2499.0,False
2024-08-05,8,2,20,2499.0,False
2024-08-06,8,2,25,2499.0,False
2024-08-07,8,2,23,2499.0,False
2024-08-08,8,2,25,2499.0,True
2024-08-09,8,2,26,2499.0,False
2024-08-10,8,2,18,2499.0,False
2024-08-11,8,2,16,2499.0,False
2024-08-12,8,2,25,2499.0,False
2024-08-13,8,2,18,2499.0,False
2024-08-14,8,2,23,2499.0,False
2024-08-15,8,2,21,2499.0,False
2024-08-16,8,2,22,2499.0,False
2024-08-17,8,2,17,2499.0,False
2024-08-18,8,2,20,2499.0,False
2024-08-19,8,2,21,2499.0,False
2024-08-20,8,2,25,2499.0,False
2024-08-21,8,2,22,2499.0,False
2024-08-22,8,2,22,2499.0,False
2024-08-23,8,2,22,2499.0,False
2024-08-24,8,2,19,2499.0,False
2024-08-25,8,2,19,2499.0,False
2024-08-26,8,2,43,2499.0,False
2024-08-27,8,2,26,2499.0,False
2024-08-28,8,2,25,2499.0,False
2024-08-29,8,2,25,2499.0,False
2024-08-30,8,2,18,2499.0,False
2024-08-31,8,2,19,2499.0,False
2024-09-01,8,2,18,2499.0,False
2024-09-02,8,2,27,2499.0,False
2024-09-03,8,2,23,2499.0,False
2024-09-04,8,2,20,2499.0,False
2024-09-05,8,2,21,2499.0,False
2024-09-06,8,2,23,2499.0,False
2024-09-07,8,2,19,2499.0,False
2024-09-08,8,2,18,2499.0,False
2024-09-09,8,2,21,2499.0,False
2024-09-10,8,2,21,2499.0,False
2024-09-11,8,2,24,2499.0,False
2024-09-12,8,2,19,2499.0,False
2024-09-13,8,2,21,2499.0,False
2024-09-14,8,2,17,2499.0,False
2024-09-15,8,2,16,2499.0,False
2024-09-16,8,2,23,2499.0,False
2024-09-17,8,2,18,2499.0,False
2024-09-18,8,2,24,2499.0,False
2024-09-19,8,2,24,2499.0,False
2024-09-20,8,2,26,2499.0,False
2024-09-21,8,2,20,2499.0,True
2024-09-22,8,2,16,2499.0,False
2024-09-23,8,2,24,2499.0,False
2024-09-24,8,2,26,2499.0,False
2024-09-25,8,2,23,2499.0,False
2024-09-26,8,2,18,2499.0,False
2024-09-27,8,2,20,2499.0,False
2024-09-28,8,2,18,2499.0,False
2024-09-29,8,2,24,2499.0,True
2024-09-30,8,2,20,2499.0,False
2024-10-01,8,2,22,2499.0,False
2024-10-02,8,2,19,2499.0,False
2024-10-03,8,2,21,2499.0,False
2024-10-04,8,2,24,2499.0,False
2024-10-05,8,2,20,2499.0,False
2024-10-06,8,2,17,2499.0,False
2024-10-07,8,2,23,2499.0,False
2024-10-08,8,2,24,2499.0,False
2024-10-09,8,2,27,2499.0,False
2024-10-10,8,2,25,2499.0,True
2024-10-11,8,2,20,2499.0,False
2024-10-12,8,2,19,2499.0,False
2024-10-13,8,2,16,2499.0,False
2024-10-14,8,2,24,2499.0,False
2024-10-15,8,2,26,2499.0,False
2024-10-16,8,2,27,2499.0,True
2024-10-17,8,2,20,2499.0,False
2024-10-18,8,2,20,2499.0,False
2024-10-19,8,2,15,2499.0,False
2024-10-20,8,2,17,2499.0,False
2024-10-21,8,2,22,2499.0,False
2024-10-22,8,2,20,2499.0,False
2024-10-23,8,2,21,2499.0,False
2024-10-24,8,2,20,2499.0,False
2024-10-25,8,2,28,2499.0,True
2024-10-26,8,2,28,2499.0,False
2024-10-27,8,2,18,2499.0,False
2024-10-28,8,2,22,2499.0,False
2024-10-29,8,2,21,2499.0,False
2024-10-30,8,2,21,2499.0,False
2024-10-31,8,2,20,2499.0,False
2024-11-01,8,2,19,2499.0,False
2024-11-02,8,2,18,2499.0,False
2024-11-03,8,2,14,2499.0,False
2024-11-04,8,2,36,2499.0,False
2024-11-05,8,2,23,2499.0,False
2024-11-06,8,2,20,2499.0,False
2024-11-07,8,2,23,2499.0,False
2024-11-08,8,2,26,2499.0,False
2024-11-09,8,2,17,2499.0,False
2024-11-10,8,2,18,2499.0,False
2024-11-11,8,2,22,2499.0,False
2024-11-12,8,2,28,2499.0,False
2024-11-13,8,2,21,2499.0,False
2024-11-14,8,2,24,2499.0,False
2024-11-15,8,2,23,2499.0,False
2024-11-16,8,2,15,2499.0,False
2024-11-17,8,2,16,2499.0,False
2024-11-18,8,2,19,2499.0,False
2024-11-19,8,2,23,2499.0,False
2024-11-20,8,2,28,2499.0,False
2024-11-21,8,2,23,2499.0,False
2024-11-22,8,2,23,2499.0,False
2024-11-23,8,2,20,2499.0,False
2024-11-24,8,2,16,2499.0,False
2024-11-25,8,2,21,2499.0,False
2024-11-26,8,2,20,2499.0,False
2024-11-27,8,2,17,2499.0,False
2024-11-28,8,2,24,2499.0,False
2024-11-29,8,2,19,2499.0,False
2024-11-30,8,2,15,2499.0,False
2024-12-01,8,2,19,2499.0,False
2024-12-02,8,2,21,2499.0,False
2024-12-03,8,2,20,2499.0,False
2024-12-04,8,2,23,2499.0,False
2024-12-05,8,2,21,2499.0,False
2024-12-06,8,2,20,2499.0,False
2024-12-07,8,2,18,2499.0,False
2024-12-08,8,2,20,2499.0,False
2024-12-09,8,2,34,2499.0,False
2024-12-10,8,2,23,2499.0,False
2024-12-11,8,2,26,2499.0,False
2024-12-12,8,2,21,2499.0,False
2024-12-13,8,2,23,2499.0,False
2024-12-14,8,2,20,2499.0,False
2024-12-15,8,2,17,2499.0,False
2024-12-16,8,2,21,2499.0,False
2024-12-17,8,2,22,2499.0,False
2024-12-18,8,2,24,2499.0,False
2024-12-19,8,2,22,2499.0,False
2024-12-20,8,2,37,2499.0,False
2024-12-21,8,2,17,2499.0,False
2024-12-22,8,2,21,2499.0,False
2024-12-23,8,2,22,2499.0,False
2024-12-24,8,2,26,2499.0,False
2024-12-25,8,2,22,2499.0,False
2024-12-26,8,2,23,2499.0,False
2024-12-27,8,2,21,2499.0,False
2024-12-28,8,2,19,2499.0,False
2024-12-29,8,2,20,2499.0,False
2024-12-30,8,2,24,2499.0,False
2024-12-31,8,2,26,2499.0,False
2025-01-01,8,2,25,2499.0,False
2025-01-02,8,2,28,2499.0,False
2025-01-03,8,2,25,2499.0,False
2025-01-04,8,2,17,2499.0,False
2025-01-05,8,2,19,2499.0,False
2025-01-06,8,2,19,2499.0,False
2025-01-07,8,2,23,2499.0,False
2025-01-08,8,2,25,2499.0,False
2025-01-09,8,2,20,2499.0,False
2025-01-10,8,2,25,2499.0,False
2025-01-11,8,2,35,2499.0,False
2025-01-12,8,2,20,2499.0,False
2025-01-13,8,2,22,2499.0,False
2025-01-14,8,2,25,2499.0,True
2025-01-15,8,2,34,2499.0,True
2025-01-16,8,2,26,2499.0,False
2025-01-17,8,2,23,2499.0,False
2025-01-18,8,2,16,2499.0,False
2025-01-19,8,2,14,2499.0,False
2025-01-20,8,2,24,2499.0,False
2025-01-21,8,2,24,2499.0,False
2025-01-22,8,2,25,2499.0,False
2025-01-23,8,2,19,2499.0,False
2025-01-24,8,2,23,2499.0,False
2025-01-25,8,2,19,2499.0,False
2025-01-26,8,2,19,2499.0,False
2025-01-27,8,2,27,2499.0,False
2025-01-28,8,2,20,2499.0,False
2025-01-29,8,2,31,2499.0,False
2025-01-30,8,2,17,2499.0,False
2025-01-31,8,2,27,2499.0,False
2025-02-01,8,2,20,2499.0,False
2025-02-02,8,2,23,2499.0,False
2025-02-03,8,2,26,2499.0,False
2025-02-04,8,2,28,2499.0,False
2025-02-05,8,2,27,2499.0,False
2025-02-06,8,2,28,2499.0,False
2025-02-07,8,2,35,2499.0,True
2025-02-08,8,2,20,2499.0,False
2025-02-09,8,2,19,2499.0,False
2025-02-10,8,2,30,2499.0,False
2025-02-11,8,2,22,2499.0,False
2025-02-12,8,2,28,2499.0,False
2025-02-13,8,2,26,2499.0,False
2025-02-14,8,2,27,2499.0,False
2025-02-15,8,2,23,2499.0,False
2025-02-16,8,2,17,2499.0,False
2025-02-17,8,2,24,2499.0,False
2025-02-18,8,2,27,2499.0,False
2025-02-19,8,2,28,2499.0,False
2025-02-20,8,2,25,2499.0,False
2025-02-21,8,2,24,2499.0,False
2025-02-22,8,2,20,2499.0,False
2025-02-23,8,2,19,2499.0,False
2025-02-24,8,2,24,2499.0,False
2025-02-25,8,2,26,2499.0,False
2025-02-26,8,2,26,2499.0,False
2025-02-27,8,2,24,2499.0,False
2025-02-28,8,2,26,2499.0,False
2025-03-01,8,2,19,2499.0,False
2025-03-02,8,2,19,2499.0,False
2025-03-03,8,2,19,2499.0,False
2025-03-04,8,2,27,2499.0,False
2025-03-05,8,2,26,2499.0,False
2025-03-06,8,2,25,2499.0,False
2025-03-07,8,2,25,2499.0,False
2025-03-08,8,2,21,2499.0,False
2025-03-09,8,2,22,2499.0,False
2025-03-10,8,2,25,2499.0,False
2025-03-11,8,2,27,2499.0,False
2025-03-12,8,2,26,2499.0,False
2025-03-13,8,2,28,2499.0,False
2025-03-14,8,2,30,2499.0,False
2025-03-15,8,2,21,2499.0,False
2025-03-16,8,2,19,2499.0,False
2025-03-17,8,2,26,2499.0,False
2025-03-18,8,2,26,2499.0,False
2025-03-19,8,2,25,2499.0,False
2025-03-20,8,2,27,2499.0,False
2025-03-21,8,2,28,2499.0,False
2025-03-22,8,2,22,2499.0,False
2025-03-23,8,2,17,2499.0,False
2025-03-24,8,2,25,2499.0,False
2025-03-25,8,2,27,2499.0,False
2025-03-26,8,2,25,2499.0,False
2025-03-27,8,2,22,2499.0,False
2025-03-28,8,2,28,2499.0,False
2025-03-29,8,2,18,2499.0,False
2025-03-30,8,2,20,2499.0,False
2025-03-31,8,2,24,2499.0,False
2025-04-01,8,2,24,2499.0,False
2025-04-02,8,2,19,2499.0,False
2025-04-03,8,2,28,2499.0,False
2025-04-04,8,2,27,2499.0,False
2025-04-05,8,2,21,2499.0,False
2025-04-06,8,2,22,2499.0,False
2025-04-07,8,2,32,2499.0,True
2025-04-08,8,2,26,2499.0,False
2025-04-09,8,2,25,2499.0,False
2025-04-10,8,2,27,2499.0,False
2025-04-11,8,2,25,2499.0,False
2025-04-12,8,2,20,2499.0,False
2025-04-13,8,2,20,2499.0,False
2025-04-14,8,2,25,2499.0,False
2025-04-15,8,2,28,2499.0,False
2025-04-16,8,2,26,2499.0,False
2025-04-17,8,2,46,2499.0,False
2025-04-18,8,2,39,2499.0,True
2025-04-19,8,2,21,2499.0,False
2025-04-20,8,2,21,2499.0,False
2025-04-21,8,2,26,2499.0,False
2025-04-22,8,2,25,2499.0,False
2025-04-23,8,2,30,2499.0,False
2025-04-24,8,2,27,2499.0,False
2025-04-25,8,2,28,2499.0,False
2025-04-26,8,2,24,2499.0,False
2025-04-27,8,2,20,2499.0,False
2025-04-28,8,2,29,2499.0,False
2025-04-29,8,2,29,2499.0,False
2025-04-30,8,2,19,2499.0,False
2025-05-01,8,2,27,2499.0,False
2025-05-02,8,2,24,2499.0,False
2025-05-03,8,2,33,2499.0,True
2025-05-04,8,2,20,2499.0,False
2025-05-05,8,2,27,2499.0,False
2025-05-06,8,2,26,2499.0,False
2025-05-07,8,2,26,2499.0,False
2025-05-08,8,2,26,2499.0,False
2025-05-09,8,2,26,2499.0,False
2025-05-10,8,2,21,2499.0,False
2025-05-11,8,2,21,2499.0,False
2025-05-12,8,2,27,2499.0,False
2025-05-13,8,2,21,2499.0,False
2025-05-14,8,2,25,2499.0,False
2025-05-15,8,2,30,2499.0,False
2025-05-16,8,2,32,2499.0,False
2025-05-17,8,2,21,2499.0,False
2025-05-18,8,2,19,2499.0,False
2025-05-19,8,2,27,2499.0,False
2025-05-20,8,2,28,2499.0,False
2025-05-21,8,2,28,2499.0,False
2025-05-22,8,2,25,2499.0,False
2025-05-23,8,2,30,2499.0,False
2025-05-24,8,2,19,2499.0,False
2025-05-25,8,2,21,2499.0,False
2025-05-26,8,2,25,2499.0,False
2025-05-27,8,2,27,2499.0,False
2025-05-28,8,2,29,2499.0,False
2025-05-29,8,2,27,2499.0,False
2025-05-30,8,2,30,2499.0,False
2025-05-31,8,2,20,2499.0,False
2025-06-01,8,2,20,2499.0,False
2025-06-02,8,2,27,2499.0,False
2025-06-03,8,2,26,2499.0,False
2025-06-04,8,2,24,2499.0,False
2025-06-05,8,2,26,2499.0,False
2025-06-06,8,2,27,2499.0,False
2025-06-07,8,2,17,2499.0,False
2025-06-08,8,2,19,2499.0,False
2025-06-09,8,2,25,2499.0,False
2025-06-10,8,2,30,2499.0,False
2025-06-11,8,2,25,2499.0,False
2025-06-12,8,2,25,2499.0,False
2025-06-13,8,2,25,2499.0,False
2025-06-14,8,2,19,2499.0,False
2025-06-15,8,2,19,2499.0,False
2025-06-16,8,2,22,2499.0,False
2025-06-17,8,2,26,2499.0,False
2025-06-18,8,2,28,2499.0,False
2025-06-19,8,2,28,2499.0,False
2025-06-20,8,2,25,2499.0,False
2025-06-21,8,2,20,2499.0,False
2025-06-22,8,2,25,2499.0,True
2025-06-23,8,2,29,2499.0,False
2025-06-24,8,2,30,2499.0,False
2025-06-25,8,2,26,2499.0,False
2025-06-26,8,2,38,2499.0,True
2025-06-27,8,2,27,2499.0,False
2025-06-28,8,2,22,2499.0,False
2025-06-29,8,2,20,2499.0,False
2025-06-30,8,2,27,2499.0,False
2025-07-01,8,2,35,2499.0,False
2025-07-02,8,2,25,2499.0,False
2025-07-03,8,2,32,2499.0,False
2025-07-04,8,2,24,2499.0,False
2025-07-05,8,2,22,2499.0,False
2025-07-06,8,2,20,2499.0,False
2025-07-07,8,2,30,2499.0,False
2025-07-08,8,2,26,2499.0,False
2025-07-09,8,2,24,2499.0,False
2025-07-10,8,2,25,2499.0,False
2025-07-11,8,2,22,2499.0,False
2025-07-12,8,2,23,2499.0,True
2025-07-13,8,2,17,2499.0,False
2025-07-14,8,2,21,2499.0,False
2025-07-15,8,2,23,2499.0,False
2025-07-16,8,2,25,2499.0,False
2025-07-17,8,2,23,2499.0,False
2025-07-18,8,2,25,2499.0,False
2025-07-19,8,2,18,2499.0,False
2025-07-20,8,2,18,2499.0,False
2025-07-21,8,2,21,2499.0,False
2025-07-22,8,2,37,2499.0,False
2025-07-23,8,2,24,2499.0,False
2025-07-24,8,2,26,2499.0,False
2025-07-25,8,2,30,2499.0,False
2025-07-26,8,2,24,2499.0,False
2025-07-27,8,2,25,2499.0,True
2025-07-28,8,2,22,2499.0,False
2025-07-29,8,2,21,2499.0,False
2025-07-30,8,2,27,2499.0,False
2025-07-31,8,2,24,2499.0,False
2025-08-01,8,2,24,2499.0,False
2025-08-02,8,2,17,2499.0,False
2025-08-03,8,2,21,2499.0,False
2025-08-04,8,2,37,2499.0,True
2025-08-05,8,2,23,2499.0,False
2025-08-06,8,2,26,2499.0,False
2025-08-07,8,2,26,2499.0,False
2025-08-08,8,2,18,2499.0,False
2025-08-09,8,2,23,2499.0,False
2025-08-10,8,2,20,2499.0,False
2025-08-11,8,2,26,2499.0,False
2025-08-12,8,2,22,2499.0,False
2025-08-13,8,2,23,2499.0,False
2025-08-14,8,2,20,2499.0,False
2025-08-15,8,2,27,2499.0,False
2025-08-16,8,2,22,2499.0,True
2025-08-17,8,2,16,2499.0,False
2025-08-18,8,2,21,2499.0,False
2025-08-19,8,2,24,2499.0,False
2025-08-20,8,2,33,2499.0,True
2025-08-21,8,2,33,2499.0,False
2025-08-22,8,2,23,2499.0,False
2025-08-23,8,2,17,2499.0,False
2025-08-24,8,2,18,2499.0,False
2025-08-25,8,2,19,2499.0,False
2025-08-26,8,2,26,2499.0,False
2025-08-27,8,2,26,2499.0,False
2025-08-28,8,2,22,2499.0,False
2025-08-29,8,2,23,2499.0,False
2025-08-30,8,2,22,2499.0,False
2025-08-31,8,2,22,2499.0,False
2025-09-01,8,2,22,2499.0,False
2025-09-02,8,2,25,2499.0,False
2025-09-03,8,2,24,2499.0,False
2025-09-04,8,2,22,2499.0,False
2025-09-05,8,2,22,2499.0,False
2025-09-06,8,2,15,2499.0,False
2025-09-07,8,2,23,2499.0,False
2025-09-08,8,2,23,2499.0,False
2025-09-09,8,2,20,2499.0,False
2025-09-10,8,2,18,2499.0,False
2025-09-11,8,2,24,2499.0,False
2025-09-12,8,2,23,2499.0,False
2025-09-13,8,2,21,2499.0,False
2025-09-14,8,2,21,2499.0,False
2025-09-15,8,2,21,2499.0,False
2025-09-16,8,2,24,2499.0,False
2025-09-17,8,2,21,2499.0,False
2025-09-18,8,2,22,2499.0,False
2025-09-19,8,2,18,2499.0,False
2025-09-20,8,2,19,2499.0,False
2025-09-21,8,2,18,2499.0,False
2025-09-22,8,2,25,2499.0,False
2025-09-23,8,2,22,2499.0,False
2025-09-24,8,2,24,2499.0,False
2025-09-25,8,2,24,2499.0,False
2025-09-26,8,2,23,2499.0,False
2025-09-27,8,2,18,2499.0,False
2025-09-28,8,2,16,2499.0,False
2025-09-29,8,2,22,2499.0,False
2025-09-30,8,2,20,2499.0,False
2025-10-01,8,2,21,2499.0,False
2025-10-02,8,2,22,2499.0,False
2025-10-03,8,2,17,2499.0,False
2025-10-04,8,2,18,2499.0,False
2025-10-05,8,2,28,2499.0,False
2025-10-06,8,2,25,2499.0,False
2025-10-07,8,2,19,2499.0,False
2025-10-08,8,2,36,2499.0,False
2025-10-09,8,2,21,2499.0,False
2025-10-10,8,2,21,2499.0,False
2025-10-11,8,2,16,2499.0,False
2025-10-12,8,2,17,2499.0,False
2025-10-13,8,2,20,2499.0,False
2025-10-14,8,2,22,2499.0,False
2025-10-15,8,2,24,2499.0,False
2025-10-16,8,2,25,2499.0,False
2025-10-17,8,2,21,2499.0,False
2025-10-18,8,2,19,2499.0,False
2025-10-19,8,2,20,2499.0,False
2025-10-20,8,2,21,2499.0,False
2025-10-21,8,2,23,2499.0,False
2025-10-22,8,2,20,2499.0,False
2025-10-23,8,2,20,2499.0,False
2025-10-24,8,2,25,2499.0,False
2025-10-25,8,2,20,2499.0,False
2025-10-26,8,2,15,2499.0,False
2025-10-27,8,2,26,2499.0,False
2025-10-28,8,2,18,2499.0,False
2025-10-29,8,2,21,2499.0,False
2025-10-30,8,2,21,2499.0,False
2025-10-31,8,2,25,2499.0,False
2025-11-01,8,2,16,2499.0,False
2025-11-02,8,2,19,2499.0,False
2025-11-03,8,2,21,2499.0,False
2025-11-04,8,2,23,2499.0,False
2025-11-05,8,2,26,2499.0,False
2025-11-06,8,2,25,2499.0,False
2025-11-07,8,2,24,2499.0,False
2025-11-08,8,2,17,2499.0,False
2025-11-09,8,2,18,2499.0,False
2025-11-10,8,2,23,2499.0,False
2025-11-11,8,2,21,2499.0,False
2025-11-12,8,2,22,2499.0,False
2025-11-13,8,2,22,2499.0,False
2025-11-14,8,2,20,2499.0,False
2025-11-15,8,2,16,2499.0,False
2025-11-16,8,2,19,2499.0,False
2025-11-17,8,2,21,2499.0,False
2025-11-18,8,2,23,2499.0,False
2025-11-19,8,2,23,2499.0,False
2025-11-20,8,2,21,2499.0,False
2025-11-21,8,2,22,2499.0,False
2025-11-22,8,2,19,2499.0,False
2025-11-23,8,2,19,2499.0,False
2025-11-24,8,2,21,2499.0,False
2025-11-25,8,2,22,2499.0,False
2025-11-26,8,2,22,2499.0,False
2025-11-27,8,2,20,2499.0,False
2025-11-28,8,2,21,2499.0,False
2025-11-29,8,2,15,2499.0,False
2025-11-30,8,2,17,2499.0,False
2025-12-01,8,2,25,2499.0,False
2025-12-02,8,2,24,2499.0,False
2025-12-03,8,2,26,2499.0,False
2025-12-04,8,2,21,2499.0,False
2025-12-05,8,2,20,2499.0,False
2025-12-06,8,2,18,2499.0,False
2025-12-07,8,2,19,2499.0,False
2025-12-08,8,2,24,2499.0,False
2025-12-09,8,2,20,2499.0,False
2025-12-10,8,2,23,2499.0,False
2025-12-11,8,2,24,2499.0,False
2025-12-12,8,2,24,2499.0,False
2025-12-13,8,2,19,2499.0,False
2025-12-14,8,2,20,2499.0,False
2025-12-15,8,2,23,2499.0,False
2025-12-16,8,2,24,2499.0,False
2025-12-17,8,2,29,2499.0,False
2025-12-18,8,2,25,2499.0,False
2025-12-19,8,2,25,2499.0,True
2025-12-20,8,2,20,2499.0,False
2025-12-21,8,2,18,2499.0,False
2025-12-22,8,2,31,2499.0,False
2025-12-23,8,2,33,2499.0,True
2025-12-24,8,2,23,2499.0,False
2025-12-25,8,2,22,2499.0,False
2025-12-26,8,2,22,2499.0,False
2025-12-27,8,2,22,2499.0,False
2025-12-28,8,2,20,2499.0,False
2025-12-29,8,2,23,2499.0,False
2025-12-30,8,2,21,2499.0,False
2025-12-31,8,2,23,2499.0,False
2024-01-01,8,3,27,2499.0,False
2024-01-02,8,3,25,2499.0,False
2024-01-03,8,3,28,2499.0,False
2024-01-04,8,3,49,2499.0,False
2024-01-05,8,3,26,2499.0,False
2024-01-06,8,3,21,2499.0,False
2024-01-07,8,3,19,2499.0,False
2024-01-08,8,3,24,2499.0,False
2024-01-09,8,3,30,2499.0,False
2024-01-10,8,3,27,2499.0,False
2024-01-11,8,3,31,2499.0,False
2024-01-12,8,3,25,2499.0,False
2024-01-13,8,3,20,2499.0,False
2024-01-14,8,3,25,2499.0,False
2024-01-15,8,3,26,2499.0,False
2024-01-16,8,3,21,2499.0,False
2024-01-17,8,3,24,2499.0,False
2024-01-18,8,3,24,2499.0,False
2024-01-19,8,3,26,2499.0,False
2024-01-20,8,3,20,2499.0,False
2024-01-21,8,3,21,2499.0,False
2024-01-22,8,3,29,2499.0,False
2024-01-23,8,3,31,2499.0,False
2024-01-24,8,3,24,2499.0,False
2024-01-25,8,3,25,2499.0,False
2024-01-26,8,3,26,2499.0,False
2024-01-27,8,3,21,2499.0,False
2024-01-28,8,3,21,2499.0,False
2024-01-29,8,3,28,2499.0,False
2024-01-30,8,3,27,2499.0,False
2024-01-31,8,3,26,2499.0,False
2024-02-01,8,3,31,2499.0,False
2024-02-02,8,3,27,2499.0,False
2024-02-03,8,3,22,2499.0,False
2024-02-04,8,3,25,2499.0,False
2024-02-05,8,3,42,2499.0,True
2024-02-06,8,3,32,2499.0,False
2024-02-07,8,3,29,2499.0,False
2024-02-08,8,3,32,2499.0,False
2024-02-09,8,3,27,2499.0,False
2024-02-10,8,3,21,2499.0,False
2024-02-11,8,3,32,2499.0,True
2024-02-12,8,3,24,2499.0,False
2024-02-13,8,3,27,2499.0,False
2024-02-14,8,3,30,2499.0,False
2024-02-15,8,3,25,2499.0,False
2024-02-16,8,3,28,2499.0,False
2024-02-17,8,3,24,2499.0,False
2024-02-18,8,3,26,2499.0,False
2024-02-19,8,3,28,2499.0,False
2024-02-20,8,3,30,2499.0,False
2024-02-21,8,3,32,2499.0,False
2024-02-22,8,3,25,2499.0,False
2024-02-23,8,3,26,2499.0,False
2024-02-24,8,3,20,2499.0,False
2024-02-25,8,3,22,2499.0,False
2024-02-26,8,3,32,2499.0,False
2024-02-27,8,3,28,2499.0,False
2024-02-28,8,3,26,2499.0,False
2024-02-29,8,3,29,2499.0,False
2024-03-01,8,3,27,2499.0,False
2024-03-02,8,3,22,2499.0,False
2024-03-03,8,3,19,2499.0,False
2024-03-04,8,3,30,2499.0,False
2024-03-05,8,3,27,2499.0,False
2024-03-06,8,3,28,2499.0,False
2024-03-07,8,3,34,2499.0,False
2024-03-08,8,3,21,2499.0,False
2024-03-09,8,3,24,2499.0,False
2024-03-10,8,3,20,2499.0,False
2024-03-11,8,3,27,2499.0,False
2024-03-12,8,3,29,2499.0,False
2024-03-13,8,3,23,2499.0,False
2024-03-14,8,3,31,2499.0,False
2024-03-15,8,3,30,2499.0,False
2024-03-16,8,3,36,2499.0,True
2024-03-17,8,3,25,2499.0,False
2024-03-18,8,3,29,2499.0,False
2024-03-19,8,3,28,2499.0,False
2024-03-20,8,3,23,2499.0,False
2024-03-21,8,3,33,2499.0,False
2024-03-22,8,3,47,2499.0,True
2024-03-23,8,3,29,2499.0,False
2024-03-24,8,3,22,2499.0,False
2024-03-25,8,3,31,2499.0,False
2024-03-26,8,3,29,2499.0,False
2024-03-27,8,3,28,2499.0,False
2024-03-28,8,3,32,2499.0,False
2024-03-29,8,3,35,2499.0,False
2024-03-30,8,3,25,2499.0,False
2024-03-31,8,3,21,2499.0,False
2024-04-01,8,3,34,2499.0,False
2024-04-02,8,3,29,2499.0,False
2024-04-03,8,3,31,2499.0,False
2024-04-04,8,3,30,2499.0,False
2024-04-05,8,3,35,2499.0,False
2024-04-06,8,3,23,2499.0,False
2024-04-07,8,3,21,2499.0,False
2024-04-08,8,3,31,2499.0,False
2024-04-09,8,3,56,2499.0,False
2024-04-10,8,3,27,2499.0,False
2024-04-11,8,3,29,2499.0,False
2024-04-12,8,3,27,2499.0,False
2024-04-13,8,3,26,2499.0,False
2024-04-14,8,3,25,2499.0,False
2024-04-15,8,3,36,2499.0,True
2024-04-16,8,3,28,2499.0,False
2024-04-17,8,3,30,2499.0,False
2024-04-18,8,3,32,2499.0,False
2024-04-19,8,3,25,2499.0,False
2024-04-20,8,3,20,2499.0,False
2024-04-21,8,3,38,2499.0,True
2024-04-22,8,3,27,2499.0,False
2024-04-23,8,3,31,2499.0,False
2024-04-24,8,3,32,2499.0,False
2024-04-25,8,3,25,2499.0,False
2024-04-26,8,3,27,2499.0,False
2024-04-27,8,3,27,2499.0,False
2024-04-28,8,3,22,2499.0,False
2024-04-29,8,3,29,2499.0,False
2024-04-30,8,3,31,2499.0,False
2024-05-01,8,3,25,2499.0,False
2024-05-02,8,3,26,2499.0,False
2024-05-03,8,3,24,2499.0,False
2024-05-04,8,3,25,2499.0,False
2024-05-05,8,3,16,2499.0,False
2024-05-06,8,3,30,2499.0,False
2024-05-07,8,3,51,2499.0,True
2024-05-08,8,3,36,2499.0,False
2024-05-09,8,3,32,2499.0,False
2024-05-10,8,3,32,2499.0,False
2024-05-11,8,3,21,2499.0,False
2024-05-12,8,3,25,2499.0,False
2024-05-13,8,3,28,2499.0,False
2024-05-14,8,3,29,2499.0,False
2024-05-15,8,3,26,2499.0,False
2024-05-16,8,3,30,2499.0,False
2024-05-17,8,3,26,2499.0,False
2024-05-18,8,3,23,2499.0,False
2024-05-19,8,3,22,2499.0,False
2024-05-20,8,3,40,2499.0,True
2024-05-21,8,3,30,2499.0,False
2024-05-22,8,3,26,2499.0,False
2024-05-23,8,3,40,2499.0,True
2024-05-24,8,3,28,2499.0,False
2024-05-25,8,3,23,2499.0,False
2024-05-26,8,3,23,2499.0,False
2024-05-27,8,3,31,2499.0,False
2024-05-28,8,3,29,2499.0,False
2024-05-29,8,3,40,2499.0,False
2024-05-30,8,3,36,2499.0,False
2024-05-31,8,3,30,2499.0,False
2024-06-01,8,3,22,2499.0,False
2024-06-02,8,3,22,2499.0,False
2024-06-03,8,3,28,2499.0,False
2024-06-04,8,3,24,2499.0,False
2024-06-05,8,3,29,2499.0,False
2024-06-06,8,3,26,2499.0,False
2024-06-07,8,3,27,2499.0,False
2024-06-08,8,3,20,2499.0,False
2024-06-09,8,3,19,2499.0,False
2024-06-10,8,3,31,2499.0,False
2024-06-11,8,3,30,2499.0,False
2024-06-12,8,3,25,2499.0,False
2024-06-13,8,3,27,2499.0,False
2024-06-14,8,3,24,2499.0,False
2024-06-15,8,3,22,2499.0,False
2024-06-16,8,3,22,2499.0,False
2024-06-17,8,3,29,2499.0,False
2024-06-18,8,3,27,2499.0,False
2024-06-19,8,3,30,2499.0,False
2024-06-20,8,3,29,2499.0,False
2024-06-21,8,3,31,2499.0,False
2024-06-22,8,3,21,2499.0,False
2024-06-23,8,3,19,2499.0,False
2024-06-24,8,3,26,2499.0,False
2024-06-25,8,3,29,2499.0,False
2024-06-26,8,3,37,2499.0,False
2024-06-27,8,3,29,2499.0,False
2024-06-28,8,3,30,2499.0,True
2024-06-29,8,3,23,2499.0,False
2024-06-30,8,3,23,2499.0,False
2024-07-01,8,3,29,2499.0,False
2024-07-02,8,3,32,2499.0,False
2024-07-03,8,3,25,2499.0,False
2024-07-04,8,3,31,2499.0,False
2024-07-05,8,3,26,2499.0,False
2024-07-06,8,3,23,2499.0,False
2024-07-07,8,3,20,2499.0,False
2024-07-08,8,3,30,2499.0,False
2024-07-09,8,3,27,2499.0,False
2024-07-10,8,3,31,2499.0,False
2024-07-11,8,3,29,2499.0,False
2024-07-12,8,3,25,2499.0,False
2024-07-13,8,3,21,2499.0,False
2024-07-14,8,3,19,2499.0,False
2024-07-15,8,3,27,2499.0,False
2024-07-16,8,3,36,2499.0,True
2024-07-17,8,3,28,2499.0,False
2024-07-18,8,3,27,2499.0,False
2024-07-19,8,3,28,2499.0,False
2024-07-20,8,3,24,2499.0,False
2024-07-21,8,3,21,2499.0,False
2024-07-22,8,3,28,2499.0,False
2024-07-23,8,3,46,2499.0,False
2024-07-24,8,3,25,2499.0,False
2024-07-25,8,3,25,2499.0,False
2024-07-26,8,3,23,2499.0,False
2024-07-27,8,3,18,2499.0,False
2024-07-28,8,3,20,2499.0,False
2024-07-29,8,3,28,2499.0,False
2024-07-30,8,3,27,2499.0,False
2024-07-31,8,3,30,2499.0,False
2024-08-01,8,3,25,2499.0,False
2024-08-02,8,3,26,2499.0,False
2024-08-03,8,3,23,2499.0,False
2024-08-04,8,3,20,2499.0,False
2024-08-05,8,3,24,2499.0,False
2024-08-06,8,3,31,2499.0,True
2024-08-07,8,3,27,2499.0,False
2024-08-08,8,3,26,2499.0,False
2024-08-09,8,3,28,2499.0,False
2024-08-10,8,3,19,2499.0,False
2024-08-11,8,3,20,2499.0,False
2024-08-12,8,3,28,2499.0,False
2024-08-13,8,3,26,2499.0,False
2024-08-14,8,3,27,2499.0,False
2024-08-15,8,3,26,2499.0,False
2024-08-16,8,3,21,2499.0,False
2024-08-17,8,3,21,2499.0,False
2024-08-18,8,3,32,2499.0,True
2024-08-19,8,3,25,2499.0,False
2024-08-20,8,3,25,2499.0,False
2024-08-21,8,3,30,2499.0,False
2024-08-22,8,3,31,2499.0,False
2024-08-23,8,3,21,2499.0,False
2024-08-24,8,3,22,2499.0,False
2024-08-25,8,3,22,2499.0,False
2024-08-26,8,3,26,2499.0,False
2024-08-27,8,3,26,2499.0,False
2024-08-28,8,3,22,2499.0,False
2024-08-29,8,3,25,2499.0,False
2024-08-30,8,3,38,2499.0,True
2024-08-31,8,3,34,2499.0,False
2024-09-01,8,3,18,2499.0,False
2024-09-02,8,3,28,2499.0,False
2024-09-03,8,3,24,2499.0,False
2024-09-04,8,3,29,2499.0,False
2024-09-05,8,3,24,2499.0,False
2024-09-06,8,3,24,2499.0,False
2024-09-07,8,3,23,2499.0,False
2024-09-08,8,3,19,2499.0,False
2024-09-09,8,3,26,2499.0,False
2024-09-10,8,3,20,2499.0,False
2024-09-11,8,3,25,2499.0,False
2024-09-12,8,3,24,2499.0,False
2024-09-13,8,3,25,2499.0,False
2024-09-14,8,3,32,2499.0,False
2024-09-15,8,3,23,2499.0,True
2024-09-16,8,3,23,2499.0,False
2024-09-17,8,3,38,2499.0,True
2024-09-18,8,3,22,2499.0,False
2024-09-19,8,3,25,2499.0,False
2024-09-20,8,3,23,2499.0,False
2024-09-21,8,3,19,2499.0,False
2024-09-22,8,3,19,2499.0,False
2024-09-23,8,3,21,2499.0,False
2024-09-24,8,3,25,2499.0,False
2024-09-25,8,3,25,2499.0,False
2024-09-26,8,3,26,2499.0,False
2024-09-27,8,3,29,2499.0,False
2024-09-28,8,3,18,2499.0,False
2024-09-29,8,3,19,2499.0,False
2024-09-30,8,3,25,2499.0,False
2024-10-01,8,3,35,2499.0,True
2024-10-02,8,3,26,2499.0,False
2024-10-03,8,3,19,2499.0,False
2024-10-04,8,3,26,2499.0,False
2024-10-05,8,3,19,2499.0,False
2024-10-06,8,3,18,2499.0,False
2024-10-07,8,3,26,2499.0,False
2024-10-08,8,3,29,2499.0,False
2024-10-09,8,3,24,2499.0,False
2024-10-10,8,3,23,2499.0,False
2024-10-11,8,3,25,2499.0,False
2024-10-12,8,3,18,2499.0,False
2024-10-13,8,3,19,2499.0,False
2024-10-14,8,3,20,2499.0,False
2024-10-15,8,3,26,2499.0,False
2024-10-16,8,3,24,2499.0,False
2024-10-17,8,3,24,2499.0,False
2024-10-18,8,3,24,2499.0,False
2024-10-19,8,3,21,2499.0,False
2024-10-20,8,3,21,2499.0,False
2024-10-21,8,3,25,2499.0,False
2024-10-22,8,3,27,2499.0,False
2024-10-23,8,3,24,2499.0,False
2024-10-24,8,3,30,2499.0,False
2024-10-25,8,3,23,2499.0,False
2024-10-26,8,3,19,2499.0,False
2024-10-27,8,3,20,2499.0,False
2024-10-28,8,3,25,2499.0,False
2024-10-29,8,3,23,2499.0,False
2024-10-30,8,3,20,2499.0,False
2024-10-31,8,3,22,2499.0,False
2024-11-01,8,3,19,2499.0,False
2024-11-02,8,3,21,2499.0,False
2024-11-03,8,3,22,2499.0,False
2024-11-04,8,3,26,2499.0,False
2024-11-05,8,3,28,2499.0,False
2024-11-06,8,3,26,2499.0,False
2024-11-07,8,3,29,2499.0,False
2024-11-08,8,3,21,2499.0,False
2024-11-09,8,3,18,2499.0,False
2024-11-10,8,3,21,2499.0,False
2024-11-11,8,3,29,2499.0,False
2024-11-12,8,3,24,2499.0,False
2024-11-13,8,3,25,2499.0,False
2024-11-14,8,3,24,2499.0,False
2024-11-15,8,3,25,2499.0,False
2024-11-16,8,3,19,2499.0,False
2024-11-17,8,3,23,2499.0,False
2024-11-18,8,3,23,2499.0,False
2024-11-19,8,3,22,2499.0,False
2024-11-20,8,3,27,2499.0,False
2024-11-21,8,3,29,2499.0,False
2024-11-22,8,3,29,2499.0,False
2024-11-23,8,3,31,2499.0,True
2024-11-24,8,3,19,2499.0,False
2024-11-25,8,3,26,2499.0,False
2024-11-26,8,3,26,2499.0,False
2024-11-27,8,3,21,2499.0,False
2024-11-28,8,3,26,2499.0,False
2024-11-29,8,3,40,2499.0,False
2024-11-30,8,3,17,2499.0,False
2024-12-01,8,3,20,2499.0,False
2024-12-02,8,3,21,2499.0,False
2024-12-03,8,3,24,2499.0,False
2024-12-04,8,3,24,2499.0,False
2024-12-05,8,3,32,2499.0,True
2024-12-06,8,3,24,2499.0,False
2024-12-07,8,3,20,2499.0,False
2024-12-08,8,3,19,2499.0,False
2024-12-09,8,3,32,2499.0,False
2024-12-10,8,3,24,2499.0,False
2024-12-11,8,3,20,2499.0,False
2024-12-12,8,3,23,2499.0,False
2024-12-13,8,3,25,2499.0,False
2024-12-14,8,3,21,2499.0,False
2024-12-15,8,3,21,2499.0,False
2024-12-16,8,3,22,2499.0,False
2024-12-17,8,3,25,2499.0,False
2024-12-18,8,3,30,2499.0,False
2024-12-19,8,3,21,2499.0,False
2024-12-20,8,3,27,2499.0,False
2024-12-21,8,3,22,2499.0,False
2024-12-22,8,3,21,2499.0,False
2024-12-23,8,3,29,2499.0,False
2024-12-24,8,3,24,2499.0,False
2024-12-25,8,3,29,2499.0,False
2024-12-26,8,3,27,2499.0,False
2024-12-27,8,3,30,2499.0,False
2024-12-28,8,3,19,2499.0,False
2024-12-29,8,3,25,2499.0,False
2024-12-30,8,3,24,2499.0,False
2024-12-31,8,3,27,2499.0,False
2025-01-01,8,3,28,2499.0,False
2025-01-02,8,3,27,2499.0,False
2025-01-03,8,3,30,2499.0,False
2025-01-04,8,3,20,2499.0,False
2025-01-05,8,3,21,2499.0,False
2025-01-06,8,3,26,2499.0,False
2025-01-07,8,3,26,2499.0,False
2025-01-08,8,3,32,2499.0,False
2025-01-09,8,3,26,2499.0,False
2025-01-10,8,3,30,2499.0,False
2025-01-11,8,3,21,2499.0,False
2025-01-12,8,3,23,2499.0,False
2025-01-13,8,3,26,2499.0,False
2025-01-14,8,3,29,2499.0,False
2025-01-15,8,3,30,2499.0,False
2025-01-16,8,3,36,2499.0,True
2025-01-17,8,3,23,2499.0,False
2025-01-18,8,3,23,2499.0,False
2025-01-19,8,3,21,2499.0,False
2025-01-20,8,3,30,2499.0,False
2025-01-21,8,3,27,2499.0,False
2025-01-22,8,3,26,2499.0,False
2025-01-23,8,3,29,2499.0,False
2025-01-24,8,3,30,2499.0,False
2025-01-25,8,3,21,2499.0,False
2025-01-26,8,3,19,2499.0,False
2025-01-27,8,3,26,2499.0,False
2025-01-28,8,3,30,2499.0,False
2025-01-29,8,3,40,2499.0,True
2025-01-30,8,3,28,2499.0,False
2025-01-31,8,3,26,2499.0,False
2025-02-01,8,3,26,2499.0,True
2025-02-02,8,3,20,2499.0,False
2025-02-03,8,3,54,2499.0,True
2025-02-04,8,3,29,2499.0,False
2025-02-05,8,3,28,2499.0,False
2025-02-06,8,3,38,2499.0,False
2025-02-07,8,3,32,2499.0,False
2025-02-08,8,3,24,2499.0,False
2025-02-09,8,3,24,2499.0,False
2025-02-10,8,3,29,2499.0,False
2025-02-11,8,3,28,2499.0,False
2025-02-12,8,3,28,2499.0,False
2025-02-13,8,3,30,2499.0,False
2025-02-14,8,3,25,2499.0,False
2025-02-15,8,3,18,2499.0,False
2025-02-16,8,3,22,2499.0,False
2025-02-17,8,3,32,2499.0,False
2025-02-18,8,3,33,2499.0,False
2025-02-19,8,3,28,2499.0,False
2025-02-20,8,3,28,2499.0,False
2025-02-21,8,3,30,2499.0,False
2025-02-22,8,3,25,2499.0,False
2025-02-23,8,3,25,2499.0,True
2025-02-24,8,3,35,2499.0,False
2025-02-25,8,3,35,2499.0,True
2025-02-26,8,3,31,2499.0,False
2025-02-27,8,3,31,2499.0,False
2025-02-28,8,3,28,2499.0,False
2025-03-01,8,3,26,2499.0,False
2025-03-02,8,3,26,2499.0,False
2025-03-03,8,3,34,2499.0,False
2025-03-04,8,3,29,2499.0,False
2025-03-05,8,3,27,2499.0,False
2025-03-06,8,3,36,2499.0,False
2025-03-07,8,3,24,2499.0,False
2025-03-08,8,3,43,2499.0,False
2025-03-09,8,3,22,2499.0,False
2025-03-10,8,3,33,2499.0,False
2025-03-11,8,3,32,2499.0,False
2025-03-12,8,3,33,2499.0,False
2025-03-13,8,3,32,2499.0,False
2025-03-14,8,3,33,2499.0,False
2025-03-15,8,3,21,2499.0,False
2025-03-16,8,3,23,2499.0,False
2025-03-17,8,3,22,2499.0,False
2025-03-18,8,3,44,2499.0,True
2025-03-19,8,3,32,2499.0,False
2025-03-20,8,3,29,2499.0,False
2025-03-21,8,3,29,2499.0,False
2025-03-22,8,3,21,2499.0,False
2025-03-23,8,3,24,2499.0,False
2025-03-24,8,3,35,2499.0,False
2025-03-25,8,3,29,2499.0,False
2025-03-26,8,3,36,2499.0,False
2025-03-27,8,3,21,2499.0,False
2025-03-28,8,3,30,2499.0,False
2025-03-29,8,3,25,2499.0,False
2025-03-30,8,3,27,2499.0,False
2025-03-31,8,3,27,2499.0,False
2025-04-01,8,3,27,2499.0,False
2025-04-02,8,3,29,2499.0,False
2025-04-03,8,3,23,2499.0,False
2025-04-04,8,3,38,2499.0,True
2025-04-05,8,3,23,2499.0,False
2025-04-06,8,3,22,2499.0,False
2025-04-07,8,3,40,2499.0,True
2025-04-08,8,3,32,2499.0,False
2025-04-09,8,3,33,2499.0,False
2025-04-10,8,3,30,2499.0,False
2025-04-11,8,3,29,2499.0,False
2025-04-12,8,3,27,2499.0,False
2025-04-13,8,3,28,2499.0,False
2025-04-14,8,3,31,2499.0,False
2025-04-15,8,3,38,2499.0,False
2025-04-16,8,3,34,2499.0,False
2025-04-17,8,3,32,2499.0,False
2025-04-18,8,3,29,2499.0,False
2025-04-19,8,3,27,2499.0,False
2025-04-20,8,3,23,2499.0,False
2025-04-21,8,3,31,2499.0,False
2025-04-22,8,3,32,2499.0,False
2025-04-23,8,3,36,2499.0,False
2025-04-24,8,3,27,2499.0,False
2025-04-25,8,3,31,2499.0,False
2025-04-26,8,3,25,2499.0,False
2025-04-27,8,3,32,2499.0,False
2025-04-28,8,3,27,2499.0,False
2025-04-29,8,3,31,2499.0,False
2025-04-30,8,3,29,2499.0,False
2025-05-01,8,3,54,2499.0,False
2025-05-02,8,3,30,2499.0,False
2025-05-03,8,3,26,2499.0,False
2025-05-04,8,3,24,2499.0,False
2025-05-05,8,3,29,2499.0,False
2025-05-06,8,3,30,2499.0,False
2025-05-07,8,3,33,2499.0,False
2025-05-08,8,3,29,2499.0,False
2025-05-09,8,3,33,2499.0,False
2025-05-10,8,3,24,2499.0,False
2025-05-11,8,3,26,2499.0,False
2025-05-12,8,3,36,2499.0,True
2025-05-13,8,3,28,2499.0,False
2025-05-14,8,3,30,2499.0,False
2025-05-15,8,3,31,2499.0,False
2025-05-16,8,3,31,2499.0,False
2025-05-17,8,3,25,2499.0,False
2025-05-18,8,3,19,2499.0,False
2025-05-19,8,3,33,2499.0,False
2025-05-20,8,3,28,2499.0,False
2025-05-21,8,3,34,2499.0,False
2025-05-22,8,3,31,2499.0,False
2025-05-23,8,3,35,2499.0,False
2025-05-24,8,3,56,2499.0,True
2025-05-25,8,3,25,2499.0,False
2025-05-26,8,3,29,2499.0,False
2025-05-27,8,3,29,2499.0,False
2025-05-28,8,3,32,2499.0,False
2025-05-29,8,3,29,2499.0,False
2025-05-30,8,3,33,2499.0,False
2025-05-31,8,3,20,2499.0,False
2025-06-01,8,3,34,2499.0,False
2025-06-02,8,3,28,2499.0,False
2025-06-03,8,3,30,2499.0,False
2025-06-04,8,3,30,2499.0,False
2025-06-05,8,3,34,2499.0,False
2025-06-06,8,3,76,2499.0,True
2025-06-07,8,3,23,2499.0,False
2025-06-08,8,3,24,2499.0,False
2025-06-09,8,3,29,2499.0,False
2025-06-10,8,3,61,2499.0,True
2025-06-11,8,3,30,2499.0,False
2025-06-12,8,3,29,2499.0,False
2025-06-13,8,3,33,2499.0,False
2025-06-14,8,3,22,2499.0,False
2025-06-15,8,3,22,2499.0,False
2025-06-16,8,3,26,2499.0,False
2025-06-17,8,3,30,2499.0,False
2025-06-18,8,3,29,2499.0,False
2025-06-19,8,3,30,2499.0,False
2025-06-20,8,3,27,2499.0,False
2025-06-21,8,3,22,2499.0,False
2025-06-22,8,3,26,2499.0,False
2025-06-23,8,3,30,2499.0,False
2025-06-24,8,3,29,2499.0,False
2025-06-25,8,3,36,2499.0,False
2025-06-26,8,3,27,2499.0,False
2025-06-27,8,3,27,2499.0,False
2025-06-28,8,3,22,2499.0,False
2025-06-29,8,3,41,2499.0,False
2025-06-30,8,3,23,2499.0,False
2025-07-01,8,3,26,2499.0,False
2025-07-02,8,3,25,2499.0,False
2025-07-03,8,3,26,2499.0,False
2025-07-04,8,3,26,2499.0,False
2025-07-05,8,3,21,2499.0,False
2025-07-06,8,3,25,2499.0,True
2025-07-07,8,3,27,2499.0,False
2025-07-08,8,3,30,2499.0,False
2025-07-09,8,3,29,2499.0,False
2025-07-10,8,3,28,2499.0,False
2025-07-11,8,3,28,2499.0,False
2025-07-12,8,3,24,2499.0,False
2025-07-13,8,3,18,2499.0,False
2025-07-14,8,3,32,2499.0,False
2025-07-15,8,3,26,2499.0,False
2025-07-16,8,3,37,2499.0,False
2025-07-17,8,3,21,2499.0,False
2025-07-18,8,3,22,2499.0,False
2025-07-19,8,3,24,2499.0,False
2025-07-20,8,3,22,2499.0,False
2025-07-21,8,3,25,2499.0,False
2025-07-22,8,3,30,2499.0,False
2025-07-23,8,3,25,2499.0,False
2025-07-24,8,3,30,2499.0,False
2025-07-25,8,3,34,2499.0,True
2025-07-26,8,3,20,2499.0,False
2025-07-27,8,3,22,2499.0,False
2025-07-28,8,3,24,2499.0,False
2025-07-29,8,3,28,2499.0,False
2025-07-30,8,3,30,2499.0,False
2025-07-31,8,3,28,2499.0,False
2025-08-01,8,3,26,2499.0,False
2025-08-02,8,3,29,2499.0,True
2025-08-03,8,3,17,2499.0,False
2025-08-04,8,3,27,2499.0,False
2025-08-05,8,3,31,2499.0,False
2025-08-06,8,3,27,2499.0,False
2025-08-07,8,3,46,2499.0,False
2025-08-08,8,3,26,2499.0,False
2025-08-09,8,3,20,2499.0,False
2025-08-10,8,3,24,2499.0,False
2025-08-11,8,3,32,2499.0,False
2025-08-12,8,3,23,2499.0,False
2025-08-13,8,3,27,2499.0,False
2025-08-14,8,3,28,2499.0,False
2025-08-15,8,3,28,2499.0,False
2025-08-16,8,3,21,2499.0,False
2025-08-17,8,3,23,2499.0,False
2025-08-18,8,3,26,2499.0,False
2025-08-19,8,3,30,2499.0,False
2025-08-20,8,3,23,2499.0,False
2025-08-21,8,3,25,2499.0,False
2025-08-22,8,3,27,2499.0,False
2025-08-23,8,3,21,2499.0,False
2025-08-24,8,3,21,2499.0,False
2025-08-25,8,3,27,2499.0,False
2025-08-26,8,3,28,2499.0,False
2025-08-27,8,3,28,2499.0,False
2025-08-28,8,3,27,2499.0,False
2025-08-29,8,3,32,2499.0,False
2025-08-30,8,3,24,2499.0,False
2025-08-31,8,3,30,2499.0,True
2025-09-01,8,3,33,2499.0,True
2025-09-02,8,3,29,2499.0,False
2025-09-03,8,3,63,2499.0,True
2025-09-04,8,3,20,2499.0,False
2025-09-05,8,3,27,2499.0,False
2025-09-06,8,3,19,2499.0,False
2025-09-07,8,3,19,2499.0,False
2025-09-08,8,3,28,2499.0,False
2025-09-09,8,3,32,2499.0,True
2025-09-10,8,3,26,2499.0,False
2025-09-11,8,3,38,2499.0,True
2025-09-12,8,3,24,2499.0,False
2025-09-13,8,3,17,2499.0,False
2025-09-14,8,3,18,2499.0,False
2025-09-15,8,3,30,2499.0,False
2025-09-16,8,3,38,2499.0,True
2025-09-17,8,3,26,2499.0,False
2025-09-18,8,3,35,2499.0,True
2025-09-19,8,3,20,2499.0,False
2025-09-20,8,3,20,2499.0,False
2025-09-21,8,3,20,2499.0,False
2025-09-22,8,3,30,2499.0,False
2025-09-23,8,3,36,2499.0,True
2025-09-24,8,3,23,2499.0,False
2025-09-25,8,3,39,2499.0,True
2025-09-26,8,3,27,2499.0,False
2025-09-27,8,3,24,2499.0,False
2025-09-28,8,3,23,2499.0,False
2025-09-29,8,3,27,2499.0,True
2025-09-30,8,3,26,2499.0,False
2025-10-01,8,3,23,2499.0,False
2025-10-02,8,3,23,2499.0,False
2025-10-03,8,3,20,2499.0,False
2025-10-04,8,3,23,2499.0,False
2025-10-05,8,3,19,2499.0,False
2025-10-06,8,3,25,2499.0,False
2025-10-07,8,3,27,2499.0,False
2025-10-08,8,3,25,2499.0,False
2025-10-09,8,3,39,2499.0,False
2025-10-10,8,3,21,2499.0,False
2025-10-11,8,3,20,2499.0,False
2025-10-12,8,3,19,2499.0,False
2025-10-13,8,3,40,2499.0,False
2025-10-14,8,3,25,2499.0,False
2025-10-15,8,3,22,2499.0,False
2025-10-16,8,3,27,2499.0,False
2025-10-17,8,3,28,2499.0,False
2025-10-18,8,3,21,2499.0,False
2025-10-19,8,3,18,2499.0,False
2025-10-20,8,3,23,2499.0,False
2025-10-21,8,3,21,2499.0,False
2025-10-22,8,3,23,2499.0,False
2025-10-23,8,3,24,2499.0,False
2025-10-24,8,3,25,2499.0,False
2025-10-25,8,3,19,2499.0,False
2025-10-26,8,3,30,2499.0,False
2025-10-27,8,3,26,2499.0,False
2025-10-28,8,3,27,2499.0,False
2025-10-29,8,3,29,2499.0,False
2025-10-30,8,3,23,2499.0,False
2025-10-31,8,3,29,2499.0,True
2025-11-01,8,3,20,2499.0,False
2025-11-02,8,3,24,2499.0,False
2025-11-03,8,3,25,2499.0,False
2025-11-04,8,3,40,2499.0,False
2025-11-05,8,3,25,2499.0,False
2025-11-06,8,3,28,2499.0,False
2025-11-07,8,3,27,2499.0,False
2025-11-08,8,3,17,2499.0,False
2025-11-09,8,3,20,2499.0,False
2025-11-10,8,3,23,2499.0,False
2025-11-11,8,3,25,2499.0,False
2025-11-12,8,3,30,2499.0,False
2025-11-13,8,3,27,2499.0,False
2025-11-14,8,3,25,2499.0,False
2025-11-15,8,3,32,2499.0,False
2025-11-16,8,3,22,2499.0,False
2025-11-17,8,3,29,2499.0,False
2025-11-18,8,3,26,2499.0,False
2025-11-19,8,3,27,2499.0,False
2025-11-20,8,3,26,2499.0,False
2025-11-21,8,3,24,2499.0,False
2025-11-22,8,3,21,2499.0,False
2025-11-23,8,3,21,2499.0,False
2025-11-24,8,3,26,2499.0,False
2025-11-25,8,3,30,2499.0,False
2025-11-26,8,3,25,2499.0,False
2025-11-27,8,3,24,2499.0,False
2025-11-28,8,3,26,2499.0,False
2025-11-29,8,3,20,2499.0,False
2025-11-30,8,3,25,2499.0,False
2025-12-01,8,3,27,2499.0,False
2025-12-02,8,3,26,2499.0,False
2025-12-03,8,3,26,2499.0,False
2025-12-04,8,3,23,2499.0,False
2025-12-05,8,3,25,2499.0,False
2025-12-06,8,3,20,2499.0,False
2025-12-07,8,3,19,2499.0,False
2025-12-08,8,3,23,2499.0,False
2025-12-09,8,3,27,2499.0,False
2025-12-10,8,3,29,2499.0,False
2025-12-11,8,3,23,2499.0,False
2025-12-12,8,3,31,2499.0,False
2025-12-13,8,3,23,2499.0,False
2025-12-14,8,3,24,2499.0,False
2025-12-15,8,3,29,2499.0,False
2025-12-16,8,3,29,2499.0,False
2025-12-17,8,3,25,2499.0,False
2025-12-18,8,3,25,2499.0,False
2025-12-19,8,3,27,2499.0,False
2025-12-20,8,3,21,2499.0,False
2025-12-21,8,3,21,2499.0,False
2025-12-22,8,3,23,2499.0,False
2025-12-23,8,3,35,2499.0,False
2025-12-24,8,3,23,2499.0,False
2025-12-25,8,3,32,2499.0,False
2025-12-26,8,3,36,2499.0,True
2025-12-27,8,3,31,2499.0,False
2025-12-28,8,3,21,2499.0,False
2025-12-29,8,3,26,2499.0,False
2025-12-30,8,3,30,2499.0,True
2025-12-31,8,3,29,2499.0,False
2024-01-01,9,1,50,2999.0,False
2024-01-02,9,1,46,2999.0,False
2024-01-03,9,1,46,2999.0,False
2024-01-04,9,1,44,2999.0,False
2024-01-05,9,1,47,2999.0,False
2024-01-06,9,1,32,2999.0,False
2024-01-07,9,1,35,2999.0,False
2024-01-08,9,1,45,2999.0,False
2024-01-09,9,1,43,2999.0,False
2024-01-10,9,1,78,2999.0,True
2024-01-11,9,1,68,2999.0,False
2024-01-12,9,1,45,2999.0,False
2024-01-13,9,1,44,2999.0,False
2024-01-14,9,1,41,2999.0,False
2024-01-15,9,1,47,2999.0,False
2024-01-16,9,1,43,2999.0,False
2024-01-17,9,1,45,2999.0,False
2024-01-18,9,1,50,2999.0,False
2024-01-19,9,1,50,2999.0,False
2024-01-20,9,1,38,2999.0,False
2024-01-21,9,1,37,2999.0,False
2024-01-22,9,1,44,2999.0,False
2024-01-23,9,1,68,2999.0,True
2024-01-24,9,1,42,2999.0,False
2024-01-25,9,1,48,2999.0,False
2024-01-26,9,1,52,2999.0,False
2024-01-27,9,1,40,2999.0,False
2024-01-28,9,1,24,2999.0,False
2024-01-29,9,1,55,2999.0,False
2024-01-30,9,1,50,2999.0,False
2024-01-31,9,1,46,2999.0,False
2024-02-01,9,1,60,2999.0,False
2024-02-02,9,1,49,2999.0,False
2024-02-03,9,1,33,2999.0,False
2024-02-04,9,1,39,2999.0,False
2024-02-05,9,1,42,2999.0,False
2024-02-06,9,1,52,2999.0,False
2024-02-07,9,1,49,2999.0,False
2024-02-08,9,1,50,2999.0,False
2024-02-09,9,1,54,2999.0,False
2024-02-10,9,1,38,2999.0,False
2024-02-11,9,1,36,2999.0,False
2024-02-12,9,1,50,2999.0,False
2024-02-13,9,1,46,2999.0,False
2024-02-14,9,1,55,2999.0,False
2024-02-15,9,1,47,2999.0,False
2024-02-16,9,1,39,2999.0,False
2024-02-17,9,1,43,2999.0,False
2024-02-18,9,1,42,2999.0,False
2024-02-19,9,1,53,2999.0,False
2024-02-20,9,1,58,2999.0,False
2024-02-21,9,1,49,2999.0,False
2024-02-22,9,1,54,2999.0,False
2024-02-23,9,1,47,2999.0,False
2024-02-24,9,1,46,2999.0,False
2024-02-25,9,1,33,2999.0,False
2024-02-26,9,1,39,2999.0,False
2024-02-27,9,1,51,2999.0,False
2024-02-28,9,1,43,2999.0,False
2024-02-29,9,1,50,2999.0,False
2024-03-01,9,1,79,2999.0,True
2024-03-02,9,1,39,2999.0,False
2024-03-03,9,1,40,2999.0,False
2024-03-04,9,1,51,2999.0,False
2024-03-05,9,1,54,2999.0,False
2024-03-06,9,1,60,2999.0,False
2024-03-07,9,1,52,2999.0,False
2024-03-08,9,1,60,2999.0,False
2024-03-09,9,1,37,2999.0,False
2024-03-10,9,1,34,2999.0,False
2024-03-11,9,1,63,2999.0,False
2024-03-12,9,1,55,2999.0,False
2024-03-13,9,1,48,2999.0,False
2024-03-14,9,1,55,2999.0,False
2024-03-15,9,1,46,2999.0,False
2024-03-16,9,1,45,2999.0,False
2024-03-17,9,1,48,2999.0,False
2024-03-18,9,1,51,2999.0,False
2024-03-19,9,1,60,2999.0,False
2024-03-20,9,1,61,2999.0,False
2024-03-21,9,1,64,2999.0,False
2024-03-22,9,1,54,2999.0,False
2024-03-23,9,1,33,2999.0,False
2024-03-24,9,1,41,2999.0,False
2024-03-25,9,1,52,2999.0,False
2024-03-26,9,1,59,2999.0,False
2024-03-27,9,1,54,2999.0,False
2024-03-28,9,1,54,2999.0,False
2024-03-29,9,1,54,2999.0,False
2024-03-30,9,1,45,2999.0,False
2024-03-31,9,1,36,2999.0,False
2024-04-01,9,1,81,2999.0,True
2024-04-02,9,1,61,2999.0,False
2024-04-03,9,1,60,2999.0,False
2024-04-04,9,1,58,2999.0,False
2024-04-05,9,1,61,2999.0,False
2024-04-06,9,1,39,2999.0,False
2024-04-07,9,1,46,2999.0,False
2024-04-08,9,1,67,2999.0,True
2024-04-09,9,1,95,2999.0,False
2024-04-10,9,1,51,2999.0,False
2024-04-11,9,1,60,2999.0,False
2024-04-12,9,1,50,2999.0,False
2024-04-13,9,1,49,2999.0,False
2024-04-14,9,1,37,2999.0,False
2024-04-15,9,1,54,2999.0,False
2024-04-16,9,1,46,2999.0,False
2024-04-17,9,1,69,2999.0,False
2024-04-18,9,1,60,2999.0,False
2024-04-19,9,1,57,2999.0,False
2024-04-20,9,1,45,2999.0,False
2024-04-21,9,1,37,2999.0,False
2024-04-22,9,1,48,2999.0,False
2024-04-23,9,1,59,2999.0,False
2024-04-24,9,1,63,2999.0,False
2024-04-25,9,1,51,2999.0,False
2024-04-26,9,1,50,2999.0,False
2024-04-27,9,1,41,2999.0,False
2024-04-28,9,1,37,2999.0,False
2024-04-29,9,1,63,2999.0,False
2024-04-30,9,1,54,2999.0,False
2024-05-01,9,1,54,2999.0,False
2024-05-02,9,1,58,2999.0,False
2024-05-03,9,1,62,2999.0,False
2024-05-04,9,1,46,2999.0,False
2024-05-05,9,1,41,2999.0,False
2024-05-06,9,1,57,2999.0,False
2024-05-07,9,1,54,2999.0,False
2024-05-08,9,1,58,2999.0,False
2024-05-09,9,1,80,2999.0,True
2024-05-10,9,1,55,2999.0,False
2024-05-11,9,1,42,2999.0,False
2024-05-12,9,1,43,2999.0,False
2024-05-13,9,1,62,2999.0,False
2024-05-14,9,1,52,2999.0,False
2024-05-15,9,1,59,2999.0,False
2024-05-16,9,1,61,2999.0,False
2024-05-17,9,1,56,2999.0,False
2024-05-18,9,1,40,2999.0,False
2024-05-19,9,1,37,2999.0,False
2024-05-20,9,1,69,2999.0,True
2024-05-21,9,1,52,2999.0,False
2024-05-22,9,1,56,2999.0,False
2024-05-23,9,1,47,2999.0,False
2024-05-24,9,1,50,2999.0,False
2024-05-25,9,1,46,2999.0,False
2024-05-26,9,1,36,2999.0,False
2024-05-27,9,1,54,2999.0,False
2024-05-28,9,1,53,2999.0,False
2024-05-29,9,1,62,2999.0,False
2024-05-30,9,1,56,2999.0,False
2024-05-31,9,1,54,2999.0,False
2024-06-01,9,1,46,2999.0,False
2024-06-02,9,1,43,2999.0,False
2024-06-03,9,1,47,2999.0,False
2024-06-04,9,1,50,2999.0,False
2024-06-05,9,1,59,2999.0,False
2024-06-06,9,1,45,2999.0,False
2024-06-07,9,1,48,2999.0,False
2024-06-08,9,1,43,2999.0,False
2024-06-09,9,1,41,2999.0,False
2024-06-10,9,1,59,2999.0,False
2024-06-11,9,1,101,2999.0,False
2024-06-12,9,1,61,2999.0,False
2024-06-13,9,1,60,2999.0,False
2024-06-14,9,1,55,2999.0,False
2024-06-15,9,1,36,2999.0,False
2024-06-16,9,1,40,2999.0,False
2024-06-17,9,1,53,2999.0,False
2024-06-18,9,1,43,2999.0,False
2024-06-19,9,1,52,2999.0,False
2024-06-20,9,1,52,2999.0,False
2024-06-21,9,1,50,2999.0,False
2024-06-22,9,1,37,2999.0,False
2024-06-23,9,1,41,2999.0,False
2024-06-24,9,1,54,2999.0,False
2024-06-25,9,1,59,2999.0,False
2024-06-26,9,1,50,2999.0,False
2024-06-27,9,1,59,2999.0,False
2024-06-28,9,1,85,2999.0,False
2024-06-29,9,1,53,2999.0,True
2024-06-30,9,1,64,2999.0,True
2024-07-01,9,1,56,2999.0,False
2024-07-02,9,1,40,2999.0,False
2024-07-03,9,1,74,2999.0,True
2024-07-04,9,1,51,2999.0,False
2024-07-05,9,1,68,2999.0,True
2024-07-06,9,1,33,2999.0,False
2024-07-07,9,1,32,2999.0,False
2024-07-08,9,1,45,2999.0,False
2024-07-09,9,1,44,2999.0,False
2024-07-10,9,1,73,2999.0,True
2024-07-11,9,1,46,2999.0,False
2024-07-12,9,1,45,2999.0,False
2024-07-13,9,1,58,2999.0,False
2024-07-14,9,1,40,2999.0,False
2024-07-15,9,1,57,2999.0,False
2024-07-16,9,1,46,2999.0,False
2024-07-17,9,1,52,2999.0,False
2024-07-18,9,1,47,2999.0,False
2024-07-19,9,1,48,2999.0,False
2024-07-20,9,1,46,2999.0,True
2024-07-21,9,1,38,2999.0,False
2024-07-22,9,1,50,2999.0,False
2024-07-23,9,1,47,2999.0,False
2024-07-24,9,1,46,2999.0,False
2024-07-25,9,1,58,2999.0,False
2024-07-26,9,1,52,2999.0,False
2024-07-27,9,1,33,2999.0,False
2024-07-28,9,1,34,2999.0,False
2024-07-29,9,1,46,2999.0,False
2024-07-30,9,1,46,2999.0,False
2024-07-31,9,1,45,2999.0,False
2024-08-01,9,1,41,2999.0,False
2024-08-02,9,1,37,2999.0,False
2024-08-03,9,1,35,2999.0,False
2024-08-04,9,1,33,2999.0,False
2024-08-05,9,1,42,2999.0,False
2024-08-06,9,1,42,2999.0,False
2024-08-07,9,1,63,2999.0,True
2024-08-08,9,1,44,2999.0,False
2024-08-09,9,1,48,2999.0,False
2024-08-10,9,1,35,2999.0,False
2024-08-11,9,1,32,2999.0,False
2024-08-12,9,1,42,2999.0,False
2024-08-13,9,1,48,2999.0,False
2024-08-14,9,1,46,2999.0,False
2024-08-15,9,1,52,2999.0,True
2024-08-16,9,1,63,2999.0,True
2024-08-17,9,1,33,2999.0,False
2024-08-18,9,1,39,2999.0,False
2024-08-19,9,1,44,2999.0,False
2024-08-20,9,1,41,2999.0,False
2024-08-21,9,1,36,2999.0,False
2024-08-22,9,1,47,2999.0,False
2024-08-23,9,1,46,2999.0,False
2024-08-24,9,1,34,2999.0,False
2024-08-25,9,1,40,2999.0,False
2024-08-26,9,1,64,2999.0,False
2024-08-27,9,1,43,2999.0,False
2024-08-28,9,1,51,2999.0,False
2024-08-29,9,1,43,2999.0,False
2024-08-30,9,1,51,2999.0,False
2024-08-31,9,1,32,2999.0,False
2024-09-01,9,1,36,2999.0,False
2024-09-02,9,1,38,2999.0,False
2024-09-03,9,1,62,2999.0,True
2024-09-04,9,1,37,2999.0,False
2024-09-05,9,1,69,2999.0,False
2024-09-06,9,1,41,2999.0,False
2024-09-07,9,1,33,2999.0,False
2024-09-08,9,1,33,2999.0,False
2024-09-09,9,1,41,2999.0,False
2024-09-10,9,1,44,2999.0,False
2024-09-11,9,1,48,2999.0,False
2024-09-12,9,1,35,2999.0,False
2024-09-13,9,1,47,2999.0,False
2024-09-14,9,1,32,2999.0,False
2024-09-15,9,1,31,2999.0,False
2024-09-16,9,1,45,2999.0,False
2024-09-17,9,1,35,2999.0,False
2024-09-18,9,1,49,2999.0,False
2024-09-19,9,1,37,2999.0,False
2024-09-20,9,1,45,2999.0,False
2024-09-21,9,1,30,2999.0,False
2024-09-22,9,1,34,2999.0,False
2024-09-23,9,1,37,2999.0,False
2024-09-24,9,1,42,2999.0,False
2024-09-25,9,1,39,2999.0,False
2024-09-26,9,1,44,2999.0,False
2024-09-27,9,1,47,2999.0,False
2024-09-28,9,1,43,2999.0,True
2024-09-29,9,1,30,2999.0,False
2024-09-30,9,1,41,2999.0,False
2024-10-01,9,1,48,2999.0,False
2024-10-02,9,1,36,2999.0,False
2024-10-03,9,1,42,2999.0,False
2024-10-04,9,1,33,2999.0,False
2024-10-05,9,1,23,2999.0,False
2024-10-06,9,1,35,2999.0,False
2024-10-07,9,1,42,2999.0,False
2024-10-08,9,1,46,2999.0,False
2024-10-09,9,1,46,2999.0,False
2024-10-10,9,1,40,2999.0,False
2024-10-11,9,1,46,2999.0,False
2024-10-12,9,1,32,2999.0,False
2024-10-13,9,1,27,2999.0,False
2024-10-14,9,1,61,2999.0,False
2024-10-15,9,1,38,2999.0,False
2024-10-16,9,1,35,2999.0,False
2024-10-17,9,1,43,2999.0,False
2024-10-18,9,1,41,2999.0,False
2024-10-19,9,1,35,2999.0,False
2024-10-20,9,1,48,2999.0,False
2024-10-21,9,1,43,2999.0,False
2024-10-22,9,1,39,2999.0,False
2024-10-23,9,1,38,2999.0,False
2024-10-24,9,1,42,2999.0,False
2024-10-25,9,1,68,2999.0,False
2024-10-26,9,1,30,2999.0,False
2024-10-27,9,1,34,2999.0,False
2024-10-28,9,1,64,2999.0,True
2024-10-29,9,1,40,2999.0,False
2024-10-30,9,1,43,2999.0,False
2024-10-31,9,1,48,2999.0,False
2024-11-01,9,1,41,2999.0,False
2024-11-02,9,1,29,2999.0,False
2024-11-03,9,1,29,2999.0,False
2024-11-04,9,1,39,2999.0,False
2024-11-05,9,1,43,2999.0,False
2024-11-06,9,1,43,2999.0,False
2024-11-07,9,1,36,2999.0,False
2024-11-08,9,1,43,2999.0,False
2024-11-09,9,1,30,2999.0,False
2024-11-10,9,1,32,2999.0,False
2024-11-11,9,1,33,2999.0,False
2024-11-12,9,1,43,2999.0,False
2024-11-13,9,1,41,2999.0,False
2024-11-14,9,1,43,2999.0,False
2024-11-15,9,1,41,2999.0,False
2024-11-16,9,1,37,2999.0,False
2024-11-17,9,1,35,2999.0,False
2024-11-18,9,1,43,2999.0,False
2024-11-19,9,1,42,2999.0,False
2024-11-20,9,1,36,2999.0,False
2024-11-21,9,1,45,2999.0,False
2024-11-22,9,1,39,2999.0,False
2024-11-23,9,1,51,2999.0,False
2024-11-24,9,1,34,2999.0,False
2024-11-25,9,1,45,2999.0,False
2024-11-26,9,1,41,2999.0,False
2024-11-27,9,1,39,2999.0,False
2024-11-28,9,1,41,2999.0,False
2024-11-29,9,1,63,2999.0,True
2024-11-30,9,1,25,2999.0,False
2024-12-01,9,1,37,2999.0,False
2024-12-02,9,1,40,2999.0,False
2024-12-03,9,1,40,2999.0,False
2024-12-04,9,1,40,2999.0,False
2024-12-05,9,1,46,2999.0,False
2024-12-06,9,1,36,2999.0,False
2024-12-07,9,1,40,2999.0,False
2024-12-08,9,1,35,2999.0,False
2024-12-09,9,1,45,2999.0,False
2024-12-10,9,1,50,2999.0,False
2024-12-11,9,1,42,2999.0,False
2024-12-12,9,1,46,2999.0,False
2024-12-13,9,1,45,2999.0,False
2024-12-14,9,1,35,2999.0,False
2024-12-15,9,1,30,2999.0,False
2024-12-16,9,1,51,2999.0,False
2024-12-17,9,1,45,2999.0,False
2024-12-18,9,1,75,2999.0,True
2024-12-19,9,1,38,2999.0,False
2024-12-20,9,1,47,2999.0,False
2024-12-21,9,1,37,2999.0,False
2024-12-22,9,1,33,2999.0,False
2024-12-23,9,1,34,2999.0,False
2024-12-24,9,1,37,2999.0,False
2024-12-25,9,1,47,2999.0,False
2024-12-26,9,1,42,2999.0,False
2024-12-27,9,1,46,2999.0,False
2024-12-28,9,1,37,2999.0,False
2024-12-29,9,1,35,2999.0,False
2024-12-30,9,1,43,2999.0,False
2024-12-31,9,1,52,2999.0,False
2025-01-01,9,1,47,2999.0,False
2025-01-02,9,1,54,2999.0,False
2025-01-03,9,1,53,2999.0,False
2025-01-04,9,1,26,2999.0,False
2025-01-05,9,1,40,2999.0,False
2025-01-06,9,1,47,2999.0,False
2025-01-07,9,1,100,2999.0,False
2025-01-08,9,1,50,2999.0,False
2025-01-09,9,1,66,2999.0,True
2025-01-10,9,1,59,2999.0,False
2025-01-11,9,1,42,2999.0,False
2025-01-12,9,1,35,2999.0,False
2025-01-13,9,1,51,2999.0,False
2025-01-14,9,1,51,2999.0,False
2025-01-15,9,1,62,2999.0,True
2025-01-16,9,1,54,2999.0,False
2025-01-17,9,1,47,2999.0,False
2025-01-18,9,1,37,2999.0,False
2025-01-19,9,1,41,2999.0,False
2025-01-20,9,1,45,2999.0,False
2025-01-21,9,1,44,2999.0,False
2025-01-22,9,1,52,2999.0,False
2025-01-23,9,1,50,2999.0,False
2025-01-24,9,1,47,2999.0,False
2025-01-25,9,1,41,2999.0,False
2025-01-26,9,1,35,2999.0,False
2025-01-27,9,1,52,2999.0,False
2025-01-28,9,1,48,2999.0,False
2025-01-29,9,1,46,2999.0,False
2025-01-30,9,1,50,2999.0,False
2025-01-31,9,1,54,2999.0,False
2025-02-01,9,1,45,2999.0,False
2025-02-02,9,1,42,2999.0,False
2025-02-03,9,1,46,2999.0,False
2025-02-04,9,1,57,2999.0,False
2025-02-05,9,1,48,2999.0,False
2025-02-06,9,1,49,2999.0,False
2025-02-07,9,1,45,2999.0,False
2025-02-08,9,1,50,2999.0,False
2025-02-09,9,1,45,2999.0,False
2025-02-10,9,1,50,2999.0,False
2025-02-11,9,1,56,2999.0,False
2025-02-12,9,1,48,2999.0,False
2025-02-13,9,1,53,2999.0,False
2025-02-14,9,1,47,2999.0,False
2025-02-15,9,1,38,2999.0,False
2025-02-16,9,1,41,2999.0,False
2025-02-17,9,1,52,2999.0,False
2025-02-18,9,1,62,2999.0,False
2025-02-19,9,1,80,2999.0,False
2025-02-20,9,1,46,2999.0,False
2025-02-21,9,1,52,2999.0,False
2025-02-22,9,1,38,2999.0,False
2025-02-23,9,1,38,2999.0,False
2025-02-24,9,1,48,2999.0,False
2025-02-25,9,1,49,2999.0,False
2025-02-26,9,1,53,2999.0,False
2025-02-27,9,1,78,2999.0,True
2025-02-28,9,1,58,2999.0,False
2025-03-01,9,1,49,2999.0,False
2025-03-02,9,1,44,2999.0,False
2025-03-03,9,1,146,2999.0,True
2025-03-04,9,1,70,2999.0,False
2025-03-05,9,1,83,2999.0,True
2025-03-06,9,1,54,2999.0,False
2025-03-07,9,1,55,2999.0,False
2025-03-08,9,1,42,2999.0,False
2025-03-09,9,1,42,2999.0,False
2025-03-10,9,1,53,2999.0,False
2025-03-11,9,1,59,2999.0,False
2025-03-12,9,1,55,2999.0,False
2025-03-13,9,1,49,2999.0,False
2025-03-14,9,1,57,2999.0,False
2025-03-15,9,1,46,2999.0,False
2025-03-16,9,1,37,2999.0,False
2025-03-17,9,1,54,2999.0,False
2025-03-18,9,1,58,2999.0,False
2025-03-19,9,1,62,2999.0,False
2025-03-20,9,1,62,2999.0,False
2025-03-21,9,1,58,2999.0,False
2025-03-22,9,1,49,2999.0,False
2025-03-23,9,1,38,2999.0,False
2025-03-24,9,1,52,2999.0,False
2025-03-25,9,1,51,2999.0,False
2025-03-26,9,1,71,2999.0,False
2025-03-27,9,1,52,2999.0,False
2025-03-28,9,1,52,2999.0,False
2025-03-29,9,1,39,2999.0,False
2025-03-30,9,1,40,2999.0,False
2025-03-31,9,1,56,2999.0,False
2025-04-01,9,1,66,2999.0,False
2025-04-02,9,1,68,2999.0,False
2025-04-03,9,1,61,2999.0,False
2025-04-04,9,1,62,2999.0,False
2025-04-05,9,1,36,2999.0,False
2025-04-06,9,1,43,2999.0,False
2025-04-07,9,1,65,2999.0,False
2025-04-08,9,1,48,2999.0,False
2025-04-09,9,1,57,2999.0,False
2025-04-10,9,1,53,2999.0,False
2025-04-11,9,1,47,2999.0,False
2025-04-12,9,1,38,2999.0,False
2025-04-13,9,1,45,2999.0,False
2025-04-14,9,1,56,2999.0,False
2025-04-15,9,1,48,2999.0,False
2025-04-16,9,1,74,2999.0,False
2025-04-17,9,1,72,2999.0,True
2025-04-18,9,1,56,2999.0,False
2025-04-19,9,1,39,2999.0,False
2025-04-20,9,1,46,2999.0,False
2025-04-21,9,1,74,2999.0,False
2025-04-22,9,1,61,2999.0,False
2025-04-23,9,1,63,2999.0,False
2025-04-24,9,1,48,2999.0,False
2025-04-25,9,1,52,2999.0,False
2025-04-26,9,1,40,2999.0,False
2025-04-27,9,1,46,2999.0,False
2025-04-28,9,1,51,2999.0,False
2025-04-29,9,1,52,2999.0,False
2025-04-30,9,1,59,2999.0,False
2025-05-01,9,1,51,2999.0,False
2025-05-02,9,1,50,2999.0,False
2025-05-03,9,1,48,2999.0,False
2025-05-04,9,1,51,2999.0,False
2025-05-05,9,1,58,2999.0,False
2025-05-06,9,1,51,2999.0,False
2025-05-07,9,1,48,2999.0,False
2025-05-08,9,1,55,2999.0,False
2025-05-09,9,1,68,2999.0,False
2025-05-10,9,1,45,2999.0,False
2025-05-11,9,1,43,2999.0,False
2025-05-12,9,1,62,2999.0,False
2025-05-13,9,1,59,2999.0,False
2025-05-14,9,1,62,2999.0,False
2025-05-15,9,1,53,2999.0,False
2025-05-16,9,1,75,2999.0,True
2025-05-17,9,1,43,2999.0,False
2025-05-18,9,1,40,2999.0,False
2025-05-19,9,1,61,2999.0,False
2025-05-20,9,1,63,2999.0,False
2025-05-21,9,1,69,2999.0,False
2025-05-22,9,1,84,2999.0,True
2025-05-23,9,1,53,2999.0,False
2025-05-24,9,1,54,2999.0,False
2025-05-25,9,1,39,2999.0,False
2025-05-26,9,1,52,2999.0,False
2025-05-27,9,1,57,2999.0,False
2025-05-28,9,1,57,2999.0,False
2025-05-29,9,1,49,2999.0,False
2025-05-30,9,1,56,2999.0,False
2025-05-31,9,1,66,2999.0,True
2025-06-01,9,1,39,2999.0,False
2025-06-02,9,1,61,2999.0,False
2025-06-03,9,1,67,2999.0,True
2025-06-04,9,1,58,2999.0,False
2025-06-05,9,1,64,2999.0,False
2025-06-06,9,1,54,2999.0,False
2025-06-07,9,1,43,2999.0,False
2025-06-08,9,1,40,2999.0,False
2025-06-09,9,1,37,2999.0,False
2025-06-10,9,1,40,2999.0,False
2025-06-11,9,1,47,2999.0,False
2025-06-12,9,1,60,2999.0,False
2025-06-13,9,1,50,2999.0,False
2025-06-14,9,1,49,2999.0,False
2025-06-15,9,1,35,2999.0,False
2025-06-16,9,1,49,2999.0,False
2025-06-17,9,1,55,2999.0,False
2025-06-18,9,1,43,2999.0,False
2025-06-19,9,1,45,2999.0,False
2025-06-20,9,1,63,2999.0,False
2025-06-21,9,1,32,2999.0,False
2025-06-22,9,1,43,2999.0,False
2025-06-23,9,1,56,2999.0,False
2025-06-24,9,1,62,2999.0,False
2025-06-25,9,1,102,2999.0,False
2025-06-26,9,1,59,2999.0,False
2025-06-27,9,1,66,2999.0,True
2025-06-28,9,1,32,2999.0,False
2025-06-29,9,1,49,2999.0,False
2025-06-30,9,1,60,2999.0,False
2025-07-01,9,1,49,2999.0,False
2025-07-02,9,1,101,2999.0,False
2025-07-03,9,1,54,2999.0,True
2025-07-04,9,1,42,2999.0,False
2025-07-05,9,1,44,2999.0,False
2025-07-06,9,1,43,2999.0,False
2025-07-07,9,1,43,2999.0,False
2025-07-08,9,1,53,2999.0,False
2025-07-09,9,1,54,2999.0,False
2025-07-10,9,1,48,2999.0,False
2025-07-11,9,1,53,2999.0,False
2025-07-12,9,1,35,2999.0,False
2025-07-13,9,1,41,2999.0,False
2025-07-14,9,1,63,2999.0,True
2025-07-15,9,1,52,2999.0,False
2025-07-16,9,1,49,2999.0,False
2025-07-17,9,1,49,2999.0,False
2025-07-18,9,1,46,2999.0,False
2025-07-19,9,1,42,2999.0,False
2025-07-20,9,1,36,2999.0,False
2025-07-21,9,1,50,2999.0,False
2025-07-22,9,1,50,2999.0,False
2025-07-23,9,1,46,2999.0,False
2025-07-24,9,1,46,2999.0,False
2025-07-25,9,1,54,2999.0,False
2025-07-26,9,1,38,2999.0,False
2025-07-27,9,1,40,2999.0,False
2025-07-28,9,1,51,2999.0,False
2025-07-29,9,1,44,2999.0,False
2025-07-30,9,1,51,2999.0,False
2025-07-31,9,1,52,2999.0,False
2025-08-01,9,1,42,2999.0,False
2025-08-02,9,1,43,2999.0,False
2025-08-03,9,1,39,2999.0,False
2025-08-04,9,1,48,2999.0,False
2025-08-05,9,1,45,2999.0,False
2025-08-06,9,1,45,2999.0,False
2025-08-07,9,1,36,2999.0,False
2025-08-08,9,1,44,2999.0,False
2025-08-09,9,1,47,2999.0,False
2025-08-10,9,1,34,2999.0,False
2025-08-11,9,1,40,2999.0,False
2025-08-12,9,1,42,2999.0,False
2025-08-13,9,1,43,2999.0,False
2025-08-14,9,1,46,2999.0,False
2025-08-15,9,1,71,2999.0,True
2025-08-16,9,1,43,2999.0,False
2025-08-17,9,1,34,2999.0,False
2025-08-18,9,1,49,2999.0,False
2025-08-19,9,1,45,2999.0,False
2025-08-20,9,1,40,2999.0,False
2025-08-21,9,1,49,2999.0,False
2025-08-22,9,1,51,2999.0,False
2025-08-23,9,1,37,2999.0,False
2025-08-24,9,1,37,2999.0,True
2025-08-25,9,1,53,2999.0,False
2025-08-26,9,1,41,2999.0,False
2025-08-27,9,1,50,2999.0,False
2025-08-28,9,1,49,2999.0,False
2025-08-29,9,1,54,2999.0,False
2025-08-30,9,1,28,2999.0,False
2025-08-31,9,1,41,2999.0,False
2025-09-01,9,1,49,2999.0,True
2025-09-02,9,1,50,2999.0,False
2025-09-03,9,1,42,2999.0,False
2025-09-04,9,1,42,2999.0,True
2025-09-05,9,1,43,2999.0,False
2025-09-06,9,1,37,2999.0,False
2025-09-07,9,1,31,2999.0,False
2025-09-08,9,1,47,2999.0,False
2025-09-09,9,1,44,2999.0,False
2025-09-10,9,1,40,2999.0,False
2025-09-11,9,1,47,2999.0,False
2025-09-12,9,1,39,2999.0,False
2025-09-13,9,1,38,2999.0,False
2025-09-14,9,1,42,2999.0,False
2025-09-15,9,1,34,2999.0,False
2025-09-16,9,1,56,2999.0,False
2025-09-17,9,1,59,2999.0,False
2025-09-18,9,1,51,2999.0,False
2025-09-19,9,1,40,2999.0,False
2025-09-20,9,1,34,2999.0,False
2025-09-21,9,1,37,2999.0,False
2025-09-22,9,1,40,2999.0,False
2025-09-23,9,1,72,2999.0,False
2025-09-24,9,1,41,2999.0,False
2025-09-25,9,1,43,2999.0,False
2025-09-26,9,1,45,2999.0,False
2025-09-27,9,1,28,2999.0,False
2025-09-28,9,1,34,2999.0,False
2025-09-29,9,1,52,2999.0,False
2025-09-30,9,1,46,2999.0,False
2025-10-01,9,1,46,2999.0,False
2025-10-02,9,1,44,2999.0,True
2025-10-03,9,1,44,2999.0,False
2025-10-04,9,1,32,2999.0,False
2025-10-05,9,1,36,2999.0,False
2025-10-06,9,1,88,2999.0,False
2025-10-07,9,1,47,2999.0,False
2025-10-08,9,1,45,2999.0,False
2025-10-09,9,1,43,2999.0,False
2025-10-10,9,1,54,2999.0,False
2025-10-11,9,1,34,2999.0,False
2025-10-12,9,1,34,2999.0,False
2025-10-13,9,1,41,2999.0,False
2025-10-14,9,1,40,2999.0,False
2025-10-15,9,1,49,2999.0,False
2025-10-16,9,1,39,2999.0,False
2025-10-17,9,1,44,2999.0,False
2025-10-18,9,1,34,2999.0,False
2025-10-19,9,1,28,2999.0,False
2025-10-20,9,1,44,2999.0,False
2025-10-21,9,1,41,2999.0,False
2025-10-22,9,1,39,2999.0,False
2025-10-23,9,1,47,2999.0,False
2025-10-24,9,1,43,2999.0,False
2025-10-25,9,1,31,2999.0,False
2025-10-26,9,1,72,2999.0,True
2025-10-27,9,1,45,2999.0,False
2025-10-28,9,1,51,2999.0,False
2025-10-29,9,1,44,2999.0,False
2025-10-30,9,1,47,2999.0,False
2025-10-31,9,1,41,2999.0,False
2025-11-01,9,1,33,2999.0,False
2025-11-02,9,1,38,2999.0,False
2025-11-03,9,1,38,2999.0,False
2025-11-04,9,1,39,2999.0,False
2025-11-05,9,1,59,2999.0,True
2025-11-06,9,1,45,2999.0,False
2025-11-07,9,1,58,2999.0,True
2025-11-08,9,1,49,2999.0,False
2025-11-09,9,1,35,2999.0,False
2025-11-10,9,1,38,2999.0,False
2025-11-11,9,1,37,2999.0,False
2025-11-12,9,1,58,2999.0,False
2025-11-13,9,1,43,2999.0,False
2025-11-14,9,1,42,2999.0,False
2025-11-15,9,1,32,2999.0,False
2025-11-16,9,1,32,2999.0,False
2025-11-17,9,1,48,2999.0,False
2025-11-18,9,1,44,2999.0,False
2025-11-19,9,1,38,2999.0,False
2025-11-20,9,1,48,2999.0,False
2025-11-21,9,1,43,2999.0,False
2025-11-22,9,1,35,2999.0,False
2025-11-23,9,1,38,2999.0,False
2025-11-24,9,1,47,2999.0,False
2025-11-25,9,1,46,2999.0,False
2025-11-26,9,1,36,2999.0,False
2025-11-27,9,1,49,2999.0,False
2025-11-28,9,1,38,2999.0,False
2025-11-29,9,1,35,2999.0,False
2025-11-30,9,1,34,2999.0,False
2025-12-01,9,1,43,2999.0,False
2025-12-02,9,1,54,2999.0,False
2025-12-03,9,1,55,2999.0,False
2025-12-04,9,1,53,2999.0,False
2025-12-05,9,1,50,2999.0,False
2025-12-06,9,1,39,2999.0,False
2025-12-07,9,1,37,2999.0,False
2025-12-08,9,1,45,2999.0,False
2025-12-09,9,1,41,2999.0,False
2025-12-10,9,1,52,2999.0,False
2025-12-11,9,1,50,2999.0,False
2025-12-12,9,1,63,2999.0,True
2025-12-13,9,1,38,2999.0,False
2025-12-14,9,1,38,2999.0,False
2025-12-15,9,1,51,2999.0,False
2025-12-16,9,1,52,2999.0,False
2025-12-17,9,1,42,2999.0,False
2025-12-18,9,1,43,2999.0,False
2025-12-19,9,1,137,2999.0,True
2025-12-20,9,1,37,2999.0,False
2025-12-21,9,1,42,2999.0,False
2025-12-22,9,1,44,2999.0,False
2025-12-23,9,1,45,2999.0,False
2025-12-24,9,1,57,2999.0,False
2025-12-25,9,1,42,2999.0,False
2025-12-26,9,1,68,2999.0,True
2025-12-27,9,1,43,2999.0,False
2025-12-28,9,1,40,2999.0,False
2025-12-29,9,1,49,2999.0,False
2025-12-30,9,1,50,2999.0,False
2025-12-31,9,1,47,2999.0,False
2024-01-01,9,2,39,2999.0,False
2024-01-02,9,2,39,2999.0,False
2024-01-03,9,2,39,2999.0,False
2024-01-04,9,2,32,2999.0,False
2024-01-05,9,2,41,2999.0,True
2024-01-06,9,2,26,2999.0,False
2024-01-07,9,2,31,2999.0,False
2024-01-08,9,2,42,2999.0,False
2024-01-09,9,2,38,2999.0,False
2024-01-10,9,2,34,2999.0,False
2024-01-11,9,2,41,2999.0,False
2024-01-12,9,2,39,2999.0,False
2024-01-13,9,2,27,2999.0,False
2024-01-14,9,2,32,2999.0,False
2024-01-15,9,2,36,2999.0,False
2024-01-16,9,2,35,2999.0,False
2024-01-17,9,2,40,2999.0,False
2024-01-18,9,2,39,2999.0,False
2024-01-19,9,2,41,2999.0,False
2024-01-20,9,2,25,2999.0,False
2024-01-21,9,2,33,2999.0,False
2024-01-22,9,2,37,2999.0,False
2024-01-23,9,2,42,2999.0,False
2024-01-24,9,2,33,2999.0,False
2024-01-25,9,2,38,2999.0,False
2024-01-26,9,2,39,2999.0,False
2024-01-27,9,2,27,2999.0,False
2024-01-28,9,2,31,2999.0,False
2024-01-29,9,2,36,2999.0,False
2024-01-30,9,2,42,2999.0,False
2024-01-31,9,2,29,2999.0,False
2024-02-01,9,2,40,2999.0,False
2024-02-02,9,2,36,2999.0,False
2024-02-03,9,2,32,2999.0,False
2024-02-04,9,2,32,2999.0,False
2024-02-05,9,2,39,2999.0,False
2024-02-06,9,2,41,2999.0,False
2024-02-07,9,2,43,2999.0,False
2024-02-08,9,2,42,2999.0,False
2024-02-09,9,2,36,2999.0,False
2024-02-10,9,2,28,2999.0,False
2024-02-11,9,2,47,2999.0,True
2024-02-12,9,2,35,2999.0,False
2024-02-13,9,2,42,2999.0,False
2024-02-14,9,2,43,2999.0,False
2024-02-15,9,2,34,2999.0,False
2024-02-16,9,2,37,2999.0,False
2024-02-17,9,2,25,2999.0,False
2024-02-18,9,2,33,2999.0,False
2024-02-19,9,2,39,2999.0,False
2024-02-20,9,2,36,2999.0,False
2024-02-21,9,2,43,2999.0,False
2024-02-22,9,2,41,2999.0,False
2024-02-23,9,2,36,2999.0,False
2024-02-24,9,2,30,2999.0,False
2024-02-25,9,2,25,2999.0,False
2024-02-26,9,2,35,2999.0,False
2024-02-27,9,2,38,2999.0,False
2024-02-28,9,2,55,2999.0,True
2024-02-29,9,2,38,2999.0,False
2024-03-01,9,2,43,2999.0,False
2024-03-02,9,2,26,2999.0,False
2024-03-03,9,2,35,2999.0,False
2024-03-04,9,2,38,2999.0,False
2024-03-05,9,2,45,2999.0,False
2024-03-06,9,2,36,2999.0,False
2024-03-07,9,2,39,2999.0,False
2024-03-08,9,2,39,2999.0,False
2024-03-09,9,2,34,2999.0,False
2024-03-10,9,2,28,2999.0,False
2024-03-11,9,2,41,2999.0,False
2024-03-12,9,2,44,2999.0,False
2024-03-13,9,2,43,2999.0,False
2024-03-14,9,2,46,2999.0,False
2024-03-15,9,2,45,2999.0,False
2024-03-16,9,2,31,2999.0,False
2024-03-17,9,2,37,2999.0,False
2024-03-18,9,2,47,2999.0,False
2024-03-19,9,2,42,2999.0,False
2024-03-20,9,2,36,2999.0,False
2024-03-21,9,2,40,2999.0,False
2024-03-22,9,2,34,2999.0,False
2024-03-23,9,2,33,2999.0,False
2024-03-24,9,2,35,2999.0,False
2024-03-25,9,2,38,2999.0,False
2024-03-26,9,2,42,2999.0,False
2024-03-27,9,2,40,2999.0,False
2024-03-28,9,2,35,2999.0,False
2024-03-29,9,2,54,2999.0,False
2024-03-30,9,2,36,2999.0,False
2024-03-31,9,2,35,2999.0,False
2024-04-01,9,2,44,2999.0,False
2024-04-02,9,2,41,2999.0,False
2024-04-03,9,2,43,2999.0,False
2024-04-04,9,2,46,2999.0,False
2024-04-05,9,2,43,2999.0,False
2024-04-06,9,2,34,2999.0,False
2024-04-07,9,2,28,2999.0,False
2024-04-08,9,2,39,2999.0,False
2024-04-09,9,2,43,2999.0,False
2024-04-10,9,2,45,2999.0,False
2024-04-11,9,2,46,2999.0,False
2024-04-12,9,2,49,2999.0,False
2024-04-13,9,2,31,2999.0,False
2024-04-14,9,2,32,2999.0,False
2024-04-15,9,2,44,2999.0,False
2024-04-16,9,2,39,2999.0,False
2024-04-17,9,2,64,2999.0,True
2024-04-18,9,2,62,2999.0,True
2024-04-19,9,2,37,2999.0,False
2024-04-20,9,2,36,2999.0,False
2024-04-21,9,2,33,2999.0,False
2024-04-22,9,2,35,2999.0,False
2024-04-23,9,2,42,2999.0,False
2024-04-24,9,2,40,2999.0,False
2024-04-25,9,2,36,2999.0,False
2024-04-26,9,2,34,2999.0,False
2024-04-27,9,2,37,2999.0,False
2024-04-28,9,2,32,2999.0,False
2024-04-29,9,2,40,2999.0,False
2024-04-30,9,2,42,2999.0,False
2024-05-01,9,2,47,2999.0,False
2024-05-02,9,2,78,2999.0,False
2024-05-03,9,2,35,2999.0,False
2024-05-04,9,2,29,2999.0,False
2024-05-05,9,2,31,2999.0,False
2024-05-06,9,2,44,2999.0,False
2024-05-07,9,2,38,2999.0,False
2024-05-08,9,2,43,2999.0,False
2024-05-09,9,2,44,2999.0,False
2024-05-10,9,2,47,2999.0,False
2024-05-11,9,2,43,2999.0,True
2024-05-12,9,2,36,2999.0,False
2024-05-13,9,2,44,2999.0,False
2024-05-14,9,2,41,2999.0,False
2024-05-15,9,2,38,2999.0,False
2024-05-16,9,2,43,2999.0,False
2024-05-17,9,2,49,2999.0,False
2024-05-18,9,2,29,2999.0,False
2024-05-19,9,2,30,2999.0,False
2024-05-20,9,2,37,2999.0,False
2024-05-21,9,2,43,2999.0,False
2024-05-22,9,2,46,2999.0,False
2024-05-23,9,2,49,2999.0,False
2024-05-24,9,2,39,2999.0,False
2024-05-25,9,2,33,2999.0,False
2024-05-26,9,2,31,2999.0,False
2024-05-27,9,2,54,2999.0,True
2024-05-28,9,2,42,2999.0,False
2024-05-29,9,2,40,2999.0,False
2024-05-30,9,2,45,2999.0,False
2024-05-31,9,2,49,2999.0,False
2024-06-01,9,2,33,2999.0,False
2024-06-02,9,2,25,2999.0,False
2024-06-03,9,2,43,2999.0,False
2024-06-04,9,2,35,2999.0,False
2024-06-05,9,2,37,2999.0,False
2024-06-06,9,2,43,2999.0,False
2024-06-07,9,2,36,2999.0,False
2024-06-08,9,2,30,2999.0,False
2024-06-09,9,2,30,2999.0,False
2024-06-10,9,2,37,2999.0,False
2024-06-11,9,2,38,2999.0,False
2024-06-12,9,2,35,2999.0,False
2024-06-13,9,2,39,2999.0,False
2024-06-14,9,2,40,2999.0,False
2024-06-15,9,2,37,2999.0,False
2024-06-16,9,2,36,2999.0,False
2024-06-17,9,2,36,2999.0,False
2024-06-18,9,2,41,2999.0,False
2024-06-19,9,2,65,2999.0,False
2024-06-20,9,2,39,2999.0,False
2024-06-21,9,2,39,2999.0,False
2024-06-22,9,2,29,2999.0,False
2024-06-23,9,2,27,2999.0,False
2024-06-24,9,2,41,2999.0,False
2024-06-25,9,2,39,2999.0,False
2024-06-26,9,2,34,2999.0,False
2024-06-27,9,2,40,2999.0,False
2024-06-28,9,2,42,2999.0,False
2024-06-29,9,2,31,2999.0,False
2024-06-30,9,2,26,2999.0,False
2024-07-01,9,2,31,2999.0,False
2024-07-02,9,2,37,2999.0,False
2024-07-03,9,2,59,2999.0,True
2024-07-04,9,2,34,2999.0,False
2024-07-05,9,2,39,2999.0,False
2024-07-06,9,2,26,2999.0,False
2024-07-07,9,2,22,2999.0,False
2024-07-08,9,2,64,2999.0,True
2024-07-09,9,2,41,2999.0,True
2024-07-10,9,2,40,2999.0,False
2024-07-11,9,2,35,2999.0,False
2024-07-12,9,2,32,2999.0,False
2024-07-13,9,2,31,2999.0,False
2024-07-14,9,2,58,2999.0,False
2024-07-15,9,2,43,2999.0,False
2024-07-16,9,2,30,2999.0,False
2024-07-17,9,2,32,2999.0,False
2024-07-18,9,2,38,2999.0,False
2024-07-19,9,2,41,2999.0,False
2024-07-20,9,2,56,2999.0,False
2024-07-21,9,2,31,2999.0,False
2024-07-22,9,2,38,2999.0,False
2024-07-23,9,2,38,2999.0,False
2024-07-24,9,2,27,2999.0,False
2024-07-25,9,2,33,2999.0,False
2024-07-26,9,2,36,2999.0,False
2024-07-27,9,2,32,2999.0,False
2024-07-28,9,2,28,2999.0,False
2024-07-29,9,2,31,2999.0,False
2024-07-30,9,2,39,2999.0,False
2024-07-31,9,2,38,2999.0,False
2024-08-01,9,2,33,2999.0,False
2024-08-02,9,2,34,2999.0,False
2024-08-03,9,2,26,2999.0,False
2024-08-04,9,2,24,2999.0,False
2024-08-05,9,2,28,2999.0,False
2024-08-06,9,2,34,2999.0,False
2024-08-07,9,2,37,2999.0,False
2024-08-08,9,2,32,2999.0,False
2024-08-09,9,2,36,2999.0,False
2024-08-10,9,2,26,2999.0,False
2024-08-11,9,2,28,2999.0,False
2024-08-12,9,2,31,2999.0,False
2024-08-13,9,2,32,2999.0,False
2024-08-14,9,2,36,2999.0,False
2024-08-15,9,2,31,2999.0,False
2024-08-16,9,2,52,2999.0,True
2024-08-17,9,2,25,2999.0,False
2024-08-18,9,2,25,2999.0,False
2024-08-19,9,2,34,2999.0,False
2024-08-20,9,2,33,2999.0,False
2024-08-21,9,2,35,2999.0,False
2024-08-22,9,2,35,2999.0,False
2024-08-23,9,2,35,2999.0,False
2024-08-24,9,2,28,2999.0,False
2024-08-25,9,2,25,2999.0,False
2024-08-26,9,2,31,2999.0,False
2024-08-27,9,2,36,2999.0,False
2024-08-28,9,2,35,2999.0,False
2024-08-29,9,2,34,2999.0,False
2024-08-30,9,2,37,2999.0,False
2024-08-31,9,2,30,2999.0,False
2024-09-01,9,2,25,2999.0,False
2024-09-02,9,2,34,2999.0,False
2024-09-03,9,2,28,2999.0,False
2024-09-04,9,2,32,2999.0,False
2024-09-05,9,2,27,2999.0,False
2024-09-06,9,2,33,2999.0,False
2024-09-07,9,2,26,2999.0,False
2024-09-08,9,2,22,2999.0,False
2024-09-09,9,2,37,2999.0,False
2024-09-10,9,2,30,2999.0,False
2024-09-11,9,2,29,2999.0,False
2024-09-12,9,2,31,2999.0,False
2024-09-13,9,2,43,2999.0,True
2024-09-14,9,2,32,2999.0,False
2024-09-15,9,2,26,2999.0,False
2024-09-16,9,2,37,2999.0,False
2024-09-17,9,2,30,2999.0,False
2024-09-18,9,2,29,2999.0,False
2024-09-19,9,2,28,2999.0,False
2024-09-20,9,2,32,2999.0,False
2024-09-21,9,2,28,2999.0,False
2024-09-22,9,2,29,2999.0,False
2024-09-23,9,2,32,2999.0,False
2024-09-24,9,2,28,2999.0,False
2024-09-25,9,2,32,2999.0,False
2024-09-26,9,2,35,2999.0,False
2024-09-27,9,2,27,2999.0,False
2024-09-28,9,2,27,2999.0,False
2024-09-29,9,2,25,2999.0,False
2024-09-30,9,2,31,2999.0,False
2024-10-01,9,2,32,2999.0,False
2024-10-02,9,2,32,2999.0,False
2024-10-03,9,2,34,2999.0,False
2024-10-04,9,2,33,2999.0,False
2024-10-05,9,2,23,2999.0,False
2024-10-06,9,2,24,2999.0,False
2024-10-07,9,2,32,2999.0,False
2024-10-08,9,2,77,2999.0,True
2024-10-09,9,2,23,2999.0,False
2024-10-10,9,2,28,2999.0,False
2024-10-11,9,2,34,2999.0,False
2024-10-12,9,2,26,2999.0,False
2024-10-13,9,2,27,2999.0,False
2024-10-14,9,2,30,2999.0,False
2024-10-15,9,2,37,2999.0,False
2024-10-16,9,2,32,2999.0,False
2024-10-17,9,2,28,2999.0,False
2024-10-18,9,2,32,2999.0,False
2024-10-19,9,2,22,2999.0,False
2024-10-20,9,2,29,2999.0,False
2024-10-21,9,2,34,2999.0,False
2024-10-22,9,2,38,2999.0,False
2024-10-23,9,2,41,2999.0,True
2024-10-24,9,2,36,2999.0,False
2024-10-25,9,2,34,2999.0,False
2024-10-26,9,2,20,2999.0,False
2024-10-27,9,2,21,2999.0,False
2024-10-28,9,2,28,2999.0,False
2024-10-29,9,2,32,2999.0,False
2024-10-30,9,2,32,2999.0,False
2024-10-31,9,2,27,2999.0,False
2024-11-01,9,2,32,2999.0,False
2024-11-02,9,2,27,2999.0,False
2024-11-03,9,2,30,2999.0,False
2024-11-04,9,2,34,2999.0,False
2024-11-05,9,2,32,2999.0,False
2024-11-06,9,2,30,2999.0,False
2024-11-07,9,2,34,2999.0,False
2024-11-08,9,2,32,2999.0,False
2024-11-09,9,2,22,2999.0,False
2024-11-10,9,2,22,2999.0,False
2024-11-11,9,2,28,2999.0,False
2024-11-12,9,2,38,2999.0,True
2024-11-13,9,2,39,2999.0,False
2024-11-14,9,2,31,2999.0,False
2024-11-15,9,2,32,2999.0,False
2024-11-16,9,2,31,2999.0,False
2024-11-17,9,2,34,2999.0,False
2024-11-18,9,2,35,2999.0,True
2024-11-19,9,2,33,2999.0,False
2024-11-20,9,2,38,2999.0,False
2024-11-21,9,2,24,2999.0,False
2024-11-22,9,2,33,2999.0,False
2024-11-23,9,2,29,2999.0,False
2024-11-24,9,2,27,2999.0,False
2024-11-25,9,2,31,2999.0,False
2024-11-26,9,2,28,2999.0,False
2024-11-27,9,2,32,2999.0,False
2024-11-28,9,2,37,2999.0,False
2024-11-29,9,2,32,2999.0,False
2024-11-30,9,2,25,2999.0,False
2024-12-01,9,2,29,2999.0,False
2024-12-02,9,2,33,2999.0,False
2024-12-03,9,2,36,2999.0,False
2024-12-04,9,2,37,2999.0,False
2024-12-05,9,2,34,2999.0,False
2024-12-06,9,2,37,2999.0,False
2024-12-07,9,2,28,2999.0,False
2024-12-08,9,2,29,2999.0,False
2024-12-09,9,2,35,2999.0,False
2024-12-10,9,2,32,2999.0,False
2024-12-11,9,2,34,2999.0,False
2024-12-12,9,2,31,2999.0,False
2024-12-13,9,2,35,2999.0,False
2024-12-14,9,2,27,2999.0,False
2024-12-15,9,2,30,2999.0,False
2024-12-16,9,2,33,2999.0,False
2024-12-17,9,2,33,2999.0,False
2024-12-18,9,2,35,2999.0,False
2024-12-19,9,2,57,2999.0,False
2024-12-20,9,2,33,2999.0,False
2024-12-21,9,2,26,2999.0,False
2024-12-22,9,2,29,2999.0,False
2024-12-23,9,2,36,2999.0,False
2024-12-24,9,2,47,2999.0,False
2024-12-25,9,2,34,2999.0,False
2024-12-26,9,2,48,2999.0,True
2024-12-27,9,2,34,2999.0,False
2024-12-28,9,2,29,2999.0,False
2024-12-29,9,2,27,2999.0,False
2024-12-30,9,2,72,2999.0,False
2024-12-31,9,2,33,2999.0,False
2025-01-01,9,2,41,2999.0,False
2025-01-02,9,2,43,2999.0,True
2025-01-03,9,2,31,2999.0,False
2025-01-04,9,2,28,2999.0,False
2025-01-05,9,2,28,2999.0,False
2025-01-06,9,2,42,2999.0,False
2025-01-07,9,2,39,2999.0,False
2025-01-08,9,2,41,2999.0,False
2025-01-09,9,2,34,2999.0,False
2025-01-10,9,2,38,2999.0,False
2025-01-11,9,2,33,2999.0,False
2025-01-12,9,2,36,2999.0,False
2025-01-13,9,2,37,2999.0,False
2025-01-14,9,2,33,2999.0,False
2025-01-15,9,2,35,2999.0,False
2025-01-16,9,2,37,2999.0,False
2025-01-17,9,2,34,2999.0,False
2025-01-18,9,2,29,2999.0,False
2025-01-19,9,2,37,2999.0,True
2025-01-20,9,2,44,2999.0,False
2025-01-21,9,2,39,2999.0,False
2025-01-22,9,2,38,2999.0,False
2025-01-23,9,2,33,2999.0,False
2025-01-24,9,2,45,2999.0,False
2025-01-25,9,2,33,2999.0,False
2025-01-26,9,2,24,2999.0,False
2025-01-27,9,2,43,2999.0,False
2025-01-28,9,2,37,2999.0,False
2025-01-29,9,2,91,2999.0,True
2025-01-30,9,2,43,2999.0,False
2025-01-31,9,2,37,2999.0,False
2025-02-01,9,2,27,2999.0,False
2025-02-02,9,2,31,2999.0,False
2025-02-03,9,2,44,2999.0,False
2025-02-04,9,2,37,2999.0,False
2025-02-05,9,2,47,2999.0,False
2025-02-06,9,2,41,2999.0,False
2025-02-07,9,2,40,2999.0,True
2025-02-08,9,2,30,2999.0,False
2025-02-09,9,2,35,2999.0,False
2025-02-10,9,2,51,2999.0,False
2025-02-11,9,2,41,2999.0,False
2025-02-12,9,2,40,2999.0,False
2025-02-13,9,2,66,2999.0,True
2025-02-14,9,2,41,2999.0,False
2025-02-15,9,2,24,2999.0,False
2025-02-16,9,2,34,2999.0,False
2025-02-17,9,2,47,2999.0,False
2025-02-18,9,2,44,2999.0,False
2025-02-19,9,2,48,2999.0,False
2025-02-20,9,2,47,2999.0,False
2025-02-21,9,2,46,2999.0,False
2025-02-22,9,2,32,2999.0,False
2025-02-23,9,2,32,2999.0,False
2025-02-24,9,2,37,2999.0,False
2025-02-25,9,2,47,2999.0,False
2025-02-26,9,2,43,2999.0,False
2025-02-27,9,2,38,2999.0,False
2025-02-28,9,2,42,2999.0,False
2025-03-01,9,2,32,2999.0,False
2025-03-02,9,2,36,2999.0,False
2025-03-03,9,2,42,2999.0,False
2025-03-04,9,2,61,2999.0,False
2025-03-05,9,2,39,2999.0,False
2025-03-06,9,2,51,2999.0,False
2025-03-07,9,2,38,2999.0,False
2025-03-08,9,2,39,2999.0,False
2025-03-09,9,2,32,2999.0,False
2025-03-10,9,2,36,2999.0,False
2025-03-11,9,2,37,2999.0,False
2025-03-12,9,2,45,2999.0,False
2025-03-13,9,2,45,2999.0,False
2025-03-14,9,2,36,2999.0,False
2025-03-15,9,2,34,2999.0,False
2025-03-16,9,2,30,2999.0,False
2025-03-17,9,2,49,2999.0,False
2025-03-18,9,2,45,2999.0,False
2025-03-19,9,2,46,2999.0,False
2025-03-20,9,2,48,2999.0,False
2025-03-21,9,2,41,2999.0,False
2025-03-22,9,2,33,2999.0,False
2025-03-23,9,2,30,2999.0,False
2025-03-24,9,2,40,2999.0,False
2025-03-25,9,2,49,2999.0,False
2025-03-26,9,2,43,2999.0,False
2025-03-27,9,2,41,2999.0,False
2025-03-28,9,2,38,2999.0,False
2025-03-29,9,2,33,2999.0,False
2025-03-30,9,2,34,2999.0,False
2025-03-31,9,2,43,2999.0,False
2025-04-01,9,2,47,2999.0,False
2025-04-02,9,2,46,2999.0,False
2025-04-03,9,2,44,2999.0,False
2025-04-04,9,2,39,2999.0,False
2025-04-05,9,2,31,2999.0,False
2025-04-06,9,2,33,2999.0,False
2025-04-07,9,2,44,2999.0,False
2025-04-08,9,2,58,2999.0,False
2025-04-09,9,2,49,2999.0,False
2025-04-10,9,2,41,2999.0,False
2025-04-11,9,2,37,2999.0,False
2025-04-12,9,2,34,2999.0,False
2025-04-13,9,2,27,2999.0,False
2025-04-14,9,2,43,2999.0,False
2025-04-15,9,2,34,2999.0,False
2025-04-16,9,2,49,2999.0,False
2025-04-17,9,2,41,2999.0,False
2025-04-18,9,2,43,2999.0,False
2025-04-19,9,2,39,2999.0,False
2025-04-20,9,2,32,2999.0,False
2025-04-21,9,2,50,2999.0,False
2025-04-22,9,2,42,2999.0,False
2025-04-23,9,2,43,2999.0,False
2025-04-24,9,2,44,2999.0,False
2025-04-25,9,2,42,2999.0,False
2025-04-26,9,2,33,2999.0,False
2025-04-27,9,2,27,2999.0,False
2025-04-28,9,2,43,2999.0,False
2025-04-29,9,2,75,2999.0,False
2025-04-30,9,2,50,2999.0,False
2025-05-01,9,2,46,2999.0,False
2025-05-02,9,2,41,2999.0,False
2025-05-03,9,2,41,2999.0,True
2025-05-04,9,2,39,2999.0,False
2025-05-05,9,2,44,2999.0,False
2025-05-06,9,2,43,2999.0,False
2025-05-07,9,2,47,2999.0,False
2025-05-08,9,2,67,2999.0,True
2025-05-09,9,2,54,2999.0,False
2025-05-10,9,2,34,2999.0,False
2025-05-11,9,2,46,2999.0,False
2025-05-12,9,2,42,2999.0,False
2025-05-13,9,2,43,2999.0,False
2025-05-14,9,2,49,2999.0,False
2025-05-15,9,2,46,2999.0,False
2025-05-16,9,2,62,2999.0,False
2025-05-17,9,2,29,2999.0,False
2025-05-18,9,2,40,2999.0,False
2025-05-19,9,2,34,2999.0,False
2025-05-20,9,2,46,2999.0,False
2025-05-21,9,2,46,2999.0,False
2025-05-22,9,2,45,2999.0,False
2025-05-23,9,2,47,2999.0,False
2025-05-24,9,2,28,2999.0,False
2025-05-25,9,2,34,2999.0,False
2025-05-26,9,2,48,2999.0,False
2025-05-27,9,2,53,2999.0,False
2025-05-28,9,2,47,2999.0,False
2025-05-29,9,2,44,2999.0,False
2025-05-30,9,2,40,2999.0,False
2025-05-31,9,2,35,2999.0,False
2025-06-01,9,2,32,2999.0,False
2025-06-02,9,2,40,2999.0,False
2025-06-03,9,2,44,2999.0,False
2025-06-04,9,2,44,2999.0,False
2025-06-05,9,2,41,2999.0,False
2025-06-06,9,2,45,2999.0,False
2025-06-07,9,2,29,2999.0,False
2025-06-08,9,2,34,2999.0,False
2025-06-09,9,2,41,2999.0,False
2025-06-10,9,2,47,2999.0,False
2025-06-11,9,2,68,2999.0,False
2025-06-12,9,2,45,2999.0,False
2025-06-13,9,2,39,2999.0,False
2025-06-14,9,2,28,2999.0,False
2025-06-15,9,2,31,2999.0,False
2025-06-16,9,2,53,2999.0,True
2025-06-17,9,2,40,2999.0,False
2025-06-18,9,2,41,2999.0,False
2025-06-19,9,2,43,2999.0,False
2025-06-20,9,2,56,2999.0,False
2025-06-21,9,2,33,2999.0,False
2025-06-22,9,2,30,2999.0,False
2025-06-23,9,2,38,2999.0,False
2025-06-24,9,2,38,2999.0,False
2025-06-25,9,2,59,2999.0,True
2025-06-26,9,2,63,2999.0,True
2025-06-27,9,2,51,2999.0,False
2025-06-28,9,2,36,2999.0,False
2025-06-29,9,2,35,2999.0,False
2025-06-30,9,2,41,2999.0,False
2025-07-01,9,2,39,2999.0,False
2025-07-02,9,2,44,2999.0,True
2025-07-03,9,2,43,2999.0,False
2025-07-04,9,2,39,2999.0,False
2025-07-05,9,2,53,2999.0,True
2025-07-06,9,2,32,2999.0,False
2025-07-07,9,2,38,2999.0,False
2025-07-08,9,2,42,2999.0,False
2025-07-09,9,2,35,2999.0,False
2025-07-10,9,2,41,2999.0,False
2025-07-11,9,2,39,2999.0,False
2025-07-12,9,2,32,2999.0,False
2025-07-13,9,2,34,2999.0,False
2025-07-14,9,2,40,2999.0,False
2025-07-15,9,2,44,2999.0,False
2025-07-16,9,2,42,2999.0,False
2025-07-17,9,2,39,2999.0,False
2025-07-18,9,2,41,2999.0,False
2025-07-19,9,2,30,2999.0,False
2025-07-20,9,2,34,2999.0,False
2025-07-21,9,2,37,2999.0,False
2025-07-22,9,2,57,2999.0,True
2025-07-23,9,2,33,2999.0,False
2025-07-24,9,2,39,2999.0,False
2025-07-25,9,2,45,2999.0,False
2025-07-26,9,2,27,2999.0,False
2025-07-27,9,2,29,2999.0,False
2025-07-28,9,2,43,2999.0,False
2025-07-29,9,2,43,2999.0,False
2025-07-30,9,2,36,2999.0,False
2025-07-31,9,2,34,2999.0,False
2025-08-01,9,2,31,2999.0,False
2025-08-02,9,2,23,2999.0,False
2025-08-03,9,2,23,2999.0,False
2025-08-04,9,2,36,2999.0,False
2025-08-05,9,2,36,2999.0,False
2025-08-06,9,2,42,2999.0,False
2025-08-07,9,2,36,2999.0,False
2025-08-08,9,2,37,2999.0,False
2025-08-09,9,2,31,2999.0,False
2025-08-10,9,2,28,2999.0,False
2025-08-11,9,2,32,2999.0,False
2025-08-12,9,2,35,2999.0,False
2025-08-13,9,2,57,2999.0,True
2025-08-14,9,2,33,2999.0,False
2025-08-15,9,2,40,2999.0,False
2025-08-16,9,2,30,2999.0,False
2025-08-17,9,2,24,2999.0,False
2025-08-18,9,2,37,2999.0,False
2025-08-19,9,2,40,2999.0,False
2025-08-20,9,2,39,2999.0,False
2025-08-21,9,2,39,2999.0,False
2025-08-22,9,2,38,2999.0,False
2025-08-23,9,2,34,2999.0,False
2025-08-24,9,2,29,2999.0,False
2025-08-25,9,2,33,2999.0,False
2025-08-26,9,2,36,2999.0,False
2025-08-27,9,2,34,2999.0,False
2025-08-28,9,2,34,2999.0,False
2025-08-29,9,2,36,2999.0,False
2025-08-30,9,2,27,2999.0,False
2025-08-31,9,2,29,2999.0,False
2025-09-01,9,2,35,2999.0,False
2025-09-02,9,2,30,2999.0,False
2025-09-03,9,2,30,2999.0,False
2025-09-04,9,2,33,2999.0,False
2025-09-05,9,2,29,2999.0,False
2025-09-06,9,2,27,2999.0,False
2025-09-07,9,2,24,2999.0,False
2025-09-08,9,2,31,2999.0,False
2025-09-09,9,2,37,2999.0,False
2025-09-10,9,2,35,2999.0,False
2025-09-11,9,2,35,2999.0,False
2025-09-12,9,2,34,2999.0,False
2025-09-13,9,2,34,2999.0,True
2025-09-14,9,2,37,2999.0,True
2025-09-15,9,2,48,2999.0,True
2025-09-16,9,2,38,2999.0,False
2025-09-17,9,2,34,2999.0,False
2025-09-18,9,2,35,2999.0,False
2025-09-19,9,2,29,2999.0,False
2025-09-20,9,2,29,2999.0,False
2025-09-21,9,2,27,2999.0,False
2025-09-22,9,2,35,2999.0,False
2025-09-23,9,2,39,2999.0,False
2025-09-24,9,2,41,2999.0,False
2025-09-25,9,2,33,2999.0,False
2025-09-26,9,2,39,2999.0,False
2025-09-27,9,2,29,2999.0,False
2025-09-28,9,2,27,2999.0,False
2025-09-29,9,2,33,2999.0,False
2025-09-30,9,2,40,2999.0,False
2025-10-01,9,2,30,2999.0,False
2025-10-02,9,2,34,2999.0,False
2025-10-03,9,2,30,2999.0,False
2025-10-04,9,2,26,2999.0,False
2025-10-05,9,2,32,2999.0,False
2025-10-06,9,2,34,2999.0,False
2025-10-07,9,2,38,2999.0,False
2025-10-08,9,2,35,2999.0,False
2025-10-09,9,2,33,2999.0,False
2025-10-10,9,2,32,2999.0,False
2025-10-11,9,2,28,2999.0,False
2025-10-12,9,2,27,2999.0,False
2025-10-13,9,2,35,2999.0,False
2025-10-14,9,2,31,2999.0,False
2025-10-15,9,2,34,2999.0,False
2025-10-16,9,2,35,2999.0,False
2025-10-17,9,2,36,2999.0,False
2025-10-18,9,2,27,2999.0,False
2025-10-19,9,2,29,2999.0,False
2025-10-20,9,2,31,2999.0,False
2025-10-21,9,2,35,2999.0,False
2025-10-22,9,2,34,2999.0,False
2025-10-23,9,2,28,2999.0,False
2025-10-24,9,2,37,2999.0,False
2025-10-25,9,2,28,2999.0,False
2025-10-26,9,2,24,2999.0,False
2025-10-27,9,2,31,2999.0,False
2025-10-28,9,2,39,2999.0,False
2025-10-29,9,2,38,2999.0,True
2025-10-30,9,2,37,2999.0,False
2025-10-31,9,2,39,2999.0,False
2025-11-01,9,2,30,2999.0,False
2025-11-02,9,2,26,2999.0,False
2025-11-03,9,2,32,2999.0,False
2025-11-04,9,2,36,2999.0,False
2025-11-05,9,2,37,2999.0,False
2025-11-06,9,2,39,2999.0,False
2025-11-07,9,2,35,2999.0,False
2025-11-08,9,2,22,2999.0,False
2025-11-09,9,2,26,2999.0,False
2025-11-10,9,2,36,2999.0,False
2025-11-11,9,2,37,2999.0,False
2025-11-12,9,2,37,2999.0,False
2025-11-13,9,2,28,2999.0,False
2025-11-14,9,2,34,2999.0,False
2025-11-15,9,2,26,2999.0,False
2025-11-16,9,2,27,2999.0,False
2025-11-17,9,2,36,2999.0,False
2025-11-18,9,2,36,2999.0,False
2025-11-19,9,2,35,2999.0,False
2025-11-20,9,2,37,2999.0,False
2025-11-21,9,2,32,2999.0,False
2025-11-22,9,2,27,2999.0,False
2025-11-23,9,2,28,2999.0,False
2025-11-24,9,2,36,2999.0,False
2025-11-25,9,2,26,2999.0,False
2025-11-26,9,2,35,2999.0,False
2025-11-27,9,2,30,2999.0,False
2025-11-28,9,2,35,2999.0,False
2025-11-29,9,2,31,2999.0,True
2025-11-30,9,2,27,2999.0,False
2025-12-01,9,2,44,2999.0,False
2025-12-02,9,2,37,2999.0,False
2025-12-03,9,2,31,2999.0,False
2025-12-04,9,2,42,2999.0,True
2025-12-05,9,2,38,2999.0,False
2025-12-06,9,2,33,2999.0,False
2025-12-07,9,2,30,2999.0,False
2025-12-08,9,2,43,2999.0,False
2025-12-09,9,2,34,2999.0,False
2025-12-10,9,2,42,2999.0,False
2025-12-11,9,2,34,2999.0,False
2025-12-12,9,2,40,2999.0,False
2025-12-13,9,2,34,2999.0,False
2025-12-14,9,2,28,2999.0,False
2025-12-15,9,2,41,2999.0,False
2025-12-16,9,2,34,2999.0,False
2025-12-17,9,2,35,2999.0,False
2025-12-18,9,2,33,2999.0,False
2025-12-19,9,2,34,2999.0,False
2025-12-20,9,2,27,2999.0,False
2025-12-21,9,2,34,2999.0,False
2025-12-22,9,2,37,2999.0,False
2025-12-23,9,2,29,2999.0,False
2025-12-24,9,2,43,2999.0,False
2025-12-25,9,2,38,2999.0,False
2025-12-26,9,2,33,2999.0,False
2025-12-27,9,2,31,2999.0,False
2025-12-28,9,2,32,2999.0,False
2025-12-29,9,2,35,2999.0,False
2025-12-30,9,2,36,2999.0,False
2025-12-31,9,2,37,2999.0,False
2024-01-01,9,3,44,2999.0,False
2024-01-02,9,3,43,2999.0,False
2024-01-03,9,3,46,2999.0,False
2024-01-04,9,3,39,2999.0,False
2024-01-05,9,3,40,2999.0,False
2024-01-06,9,3,26,2999.0,False
2024-01-07,9,3,29,2999.0,False
2024-01-08,9,3,40,2999.0,False
2024-01-09,9,3,34,2999.0,False
2024-01-10,9,3,45,2999.0,False
2024-01-11,9,3,38,2999.0,False
2024-01-12,9,3,43,2999.0,False
2024-01-13,9,3,29,2999.0,False
2024-01-14,9,3,36,2999.0,False
2024-01-15,9,3,65,2999.0,True
2024-01-16,9,3,43,2999.0,False
2024-01-17,9,3,39,2999.0,False
2024-01-18,9,3,35,2999.0,False
2024-01-19,9,3,41,2999.0,False
2024-01-20,9,3,31,2999.0,False
2024-01-21,9,3,31,2999.0,False
2024-01-22,9,3,49,2999.0,True
2024-01-23,9,3,41,2999.0,False
2024-01-24,9,3,40,2999.0,False
2024-01-25,9,3,39,2999.0,False
2024-01-26,9,3,47,2999.0,False
2024-01-27,9,3,26,2999.0,False
2024-01-28,9,3,32,2999.0,False
2024-01-29,9,3,78,2999.0,False
2024-01-30,9,3,38,2999.0,False
2024-01-31,9,3,39,2999.0,False
2024-02-01,9,3,46,2999.0,False
2024-02-02,9,3,51,2999.0,False
2024-02-03,9,3,33,2999.0,False
2024-02-04,9,3,32,2999.0,False
2024-02-05,9,3,44,2999.0,False
2024-02-06,9,3,48,2999.0,False
2024-02-07,9,3,42,2999.0,False
2024-02-08,9,3,45,2999.0,False
2024-02-09,9,3,40,2999.0,False
2024-02-10,9,3,35,2999.0,False
2024-02-11,9,3,42,2999.0,False
2024-02-12,9,3,42,2999.0,False
2024-02-13,9,3,47,2999.0,False
2024-02-14,9,3,52,2999.0,False
2024-02-15,9,3,46,2999.0,False
2024-02-16,9,3,45,2999.0,False
2024-02-17,9,3,35,2999.0,False
2024-02-18,9,3,35,2999.0,False
2024-02-19,9,3,39,2999.0,False
2024-02-20,9,3,40,2999.0,False
2024-02-21,9,3,41,2999.0,False
2024-02-22,9,3,49,2999.0,False
2024-02-23,9,3,45,2999.0,False
2024-02-24,9,3,32,2999.0,False
2024-02-25,9,3,31,2999.0,False
2024-02-26,9,3,43,2999.0,False
2024-02-27,9,3,48,2999.0,False
2024-02-28,9,3,35,2999.0,False
2024-02-29,9,3,49,2999.0,False
2024-03-01,9,3,47,2999.0,False
2024-03-02,9,3,33,2999.0,False
2024-03-03,9,3,37,2999.0,False
2024-03-04,9,3,48,2999.0,False
2024-03-05,9,3,42,2999.0,False
2024-03-06,9,3,43,2999.0,False
2024-03-07,9,3,44,2999.0,False
2024-03-08,9,3,45,2999.0,False
2024-03-09,9,3,36,2999.0,False
2024-03-10,9,3,40,2999.0,False
2024-03-11,9,3,41,2999.0,False
2024-03-12,9,3,49,2999.0,False
2024-03-13,9,3,41,2999.0,False
2024-03-14,9,3,40,2999.0,False
2024-03-15,9,3,60,2999.0,False
2024-03-16,9,3,55,2999.0,True
2024-03-17,9,3,34,2999.0,False
2024-03-18,9,3,47,2999.0,False
2024-03-19,9,3,34,2999.0,False
2024-03-20,9,3,42,2999.0,False
2024-03-21,9,3,56,2999.0,False
2024-03-22,9,3,38,2999.0,False
2024-03-23,9,3,30,2999.0,False
2024-03-24,9,3,38,2999.0,False
2024-03-25,9,3,45,2999.0,False
2024-03-26,9,3,62,2999.0,False
2024-03-27,9,3,44,2999.0,False
2024-03-28,9,3,40,2999.0,False
2024-03-29,9,3,45,2999.0,False
2024-03-30,9,3,33,2999.0,False
2024-03-31,9,3,34,2999.0,False
2024-04-01,9,3,46,2999.0,False
2024-04-02,9,3,47,2999.0,False
2024-04-03,9,3,45,2999.0,False
2024-04-04,9,3,44,2999.0,False
2024-04-05,9,3,57,2999.0,False
2024-04-06,9,3,43,2999.0,False
2024-04-07,9,3,37,2999.0,False
2024-04-08,9,3,46,2999.0,False
2024-04-09,9,3,48,2999.0,False
2024-04-10,9,3,42,2999.0,False
2024-04-11,9,3,46,2999.0,False
2024-04-12,9,3,54,2999.0,False
2024-04-13,9,3,37,2999.0,False
2024-04-14,9,3,28,2999.0,False
2024-04-15,9,3,35,2999.0,False
2024-04-16,9,3,60,2999.0,False
2024-04-17,9,3,40,2999.0,False
2024-04-18,9,3,54,2999.0,False
2024-04-19,9,3,55,2999.0,False
2024-04-20,9,3,27,2999.0,False
2024-04-21,9,3,40,2999.0,False
2024-04-22,9,3,44,2999.0,False
2024-04-23,9,3,54,2999.0,False
2024-04-24,9,3,43,2999.0,False
2024-04-25,9,3,53,2999.0,False
2024-04-26,9,3,53,2999.0,True
2024-04-27,9,3,37,2999.0,False
2024-04-28,9,3,54,2999.0,True
2024-04-29,9,3,52,2999.0,False
2024-04-30,9,3,42,2999.0,False
2024-05-01,9,3,50,2999.0,False
2024-05-02,9,3,47,2999.0,False
2024-05-03,9,3,46,2999.0,False
2024-05-04,9,3,38,2999.0,False
2024-05-05,9,3,32,2999.0,False
2024-05-06,9,3,39,2999.0,False
2024-05-07,9,3,37,2999.0,False
2024-05-08,9,3,46,2999.0,False
2024-05-09,9,3,48,2999.0,False
2024-05-10,9,3,34,2999.0,False
2024-05-11,9,3,37,2999.0,False
2024-05-12,9,3,53,2999.0,True
2024-05-13,9,3,50,2999.0,False
2024-05-14,9,3,39,2999.0,False
2024-05-15,9,3,41,2999.0,False
2024-05-16,9,3,52,2999.0,False
2024-05-17,9,3,55,2999.0,False
2024-05-18,9,3,25,2999.0,False
2024-05-19,9,3,37,2999.0,False
2024-05-20,9,3,45,2999.0,False
2024-05-21,9,3,47,2999.0,False
2024-05-22,9,3,46,2999.0,False
2024-05-23,9,3,40,2999.0,False
2024-05-24,9,3,46,2999.0,False
2024-05-25,9,3,40,2999.0,False
2024-05-26,9,3,36,2999.0,False
2024-05-27,9,3,46,2999.0,False
2024-05-28,9,3,45,2999.0,False
2024-05-29,9,3,51,2999.0,False
2024-05-30,9,3,47,2999.0,False
2024-05-31,9,3,49,2999.0,False
2024-06-01,9,3,35,2999.0,False
2024-06-02,9,3,34,2999.0,False
2024-06-03,9,3,42,2999.0,False
2024-06-04,9,3,48,2999.0,False
2024-06-05,9,3,46,2999.0,False
2024-06-06,9,3,43,2999.0,False
2024-06-07,9,3,34,2999.0,False
2024-06-08,9,3,35,2999.0,False
2024-06-09,9,3,33,2999.0,False
2024-06-10,9,3,34,2999.0,False
2024-06-11,9,3,47,2999.0,False
2024-06-12,9,3,45,2999.0,False
2024-06-13,9,3,36,2999.0,False
2024-06-14,9,3,51,2999.0,False
2024-06-15,9,3,36,2999.0,False
2024-06-16,9,3,40,2999.0,False
2024-06-17,9,3,47,2999.0,False
2024-06-18,9,3,49,2999.0,False
2024-06-19,9,3,47,2999.0,False
2024-06-20,9,3,45,2999.0,False
2024-06-21,9,3,47,2999.0,False
2024-06-22,9,3,33,2999.0,False
2024-06-23,9,3,30,2999.0,False
2024-06-24,9,3,42,2999.0,False
2024-06-25,9,3,48,2999.0,False
2024-06-26,9,3,41,2999.0,False
2024-06-27,9,3,66,2999.0,True
2024-06-28,9,3,48,2999.0,False
2024-06-29,9,3,32,2999.0,False
2024-06-30,9,3,36,2999.0,False
2024-07-01,9,3,38,2999.0,False
2024-07-02,9,3,41,2999.0,False
2024-07-03,9,3,39,2999.0,False
2024-07-04,9,3,45,2999.0,False
2024-07-05,9,3,33,2999.0,False
2024-07-06,9,3,28,2999.0,False
2024-07-07,9,3,33,2999.0,False
2024-07-08,9,3,64,2999.0,True
2024-07-09,9,3,40,2999.0,False
2024-07-10,9,3,42,2999.0,False
2024-07-11,9,3,41,2999.0,False
2024-07-12,9,3,43,2999.0,False
2024-07-13,9,3,44,2999.0,False
2024-07-14,9,3,31,2999.0,False
2024-07-15,9,3,36,2999.0,False
2024-07-16,9,3,40,2999.0,False
2024-07-17,9,3,36,2999.0,False
2024-07-18,9,3,37,2999.0,False
2024-07-19,9,3,46,2999.0,False
2024-07-20,9,3,29,2999.0,False
2024-07-21,9,3,41,2999.0,False
2024-07-22,9,3,35,2999.0,False
2024-07-23,9,3,43,2999.0,False
2024-07-24,9,3,39,2999.0,False
2024-07-25,9,3,97,2999.0,True
2024-07-26,9,3,42,2999.0,False
2024-07-27,9,3,24,2999.0,False
2024-07-28,9,3,30,2999.0,False
2024-07-29,9,3,48,2999.0,False
2024-07-30,9,3,43,2999.0,False
2024-07-31,9,3,73,2999.0,False
2024-08-01,9,3,37,2999.0,False
2024-08-02,9,3,35,2999.0,False
2024-08-03,9,3,32,2999.0,False
2024-08-04,9,3,29,2999.0,False
2024-08-05,9,3,61,2999.0,True
2024-08-06,9,3,30,2999.0,False
2024-08-07,9,3,32,2999.0,False
2024-08-08,9,3,40,2999.0,False
2024-08-09,9,3,38,2999.0,False
2024-08-10,9,3,34,2999.0,False
2024-08-11,9,3,36,2999.0,False
2024-08-12,9,3,34,2999.0,False
2024-08-13,9,3,64,2999.0,False
2024-08-14,9,3,55,2999.0,True
2024-08-15,9,3,35,2999.0,False
2024-08-16,9,3,41,2999.0,False
2024-08-17,9,3,32,2999.0,False
2024-08-18,9,3,29,2999.0,False
2024-08-19,9,3,29,2999.0,False
2024-08-20,9,3,35,2999.0,False
2024-08-21,9,3,40,2999.0,False
2024-08-22,9,3,37,2999.0,False
2024-08-23,9,3,40,2999.0,False
2024-08-24,9,3,29,2999.0,False
2024-08-25,9,3,27,2999.0,False
2024-08-26,9,3,61,2999.0,False
2024-08-27,9,3,39,2999.0,False
2024-08-28,9,3,35,2999.0,False
2024-08-29,9,3,37,2999.0,False
2024-08-30,9,3,38,2999.0,False
2024-08-31,9,3,33,2999.0,False
2024-09-01,9,3,29,2999.0,False
2024-09-02,9,3,35,2999.0,False
2024-09-03,9,3,35,2999.0,False
2024-09-04,9,3,36,2999.0,False
2024-09-05,9,3,36,2999.0,False
2024-09-06,9,3,35,2999.0,False
2024-09-07,9,3,28,2999.0,False
2024-09-08,9,3,20,2999.0,False
2024-09-09,9,3,41,2999.0,False
2024-09-10,9,3,38,2999.0,False
2024-09-11,9,3,36,2999.0,False
2024-09-12,9,3,40,2999.0,False
2024-09-13,9,3,30,2999.0,False
2024-09-14,9,3,28,2999.0,False
2024-09-15,9,3,28,2999.0,False
2024-09-16,9,3,47,2999.0,True
2024-09-17,9,3,36,2999.0,False
2024-09-18,9,3,31,2999.0,False
2024-09-19,9,3,63,2999.0,False
2024-09-20,9,3,36,2999.0,False
2024-09-21,9,3,30,2999.0,False
2024-09-22,9,3,27,2999.0,False
2024-09-23,9,3,38,2999.0,False
2024-09-24,9,3,32,2999.0,False
2024-09-25,9,3,28,2999.0,False
2024-09-26,9,3,40,2999.0,False
2024-09-27,9,3,32,2999.0,False
2024-09-28,9,3,25,2999.0,False
2024-09-29,9,3,29,2999.0,False
2024-09-30,9,3,47,2999.0,True
2024-10-01,9,3,28,2999.0,False
2024-10-02,9,3,32,2999.0,False
2024-10-03,9,3,40,2999.0,False
2024-10-04,9,3,38,2999.0,False
2024-10-05,9,3,24,2999.0,False
2024-10-06,9,3,22,2999.0,False
2024-10-07,9,3,37,2999.0,False
2024-10-08,9,3,37,2999.0,False
2024-10-09,9,3,37,2999.0,False
2024-10-10,9,3,59,2999.0,False
2024-10-11,9,3,39,2999.0,False
2024-10-12,9,3,31,2999.0,False
2024-10-13,9,3,23,2999.0,False
2024-10-14,9,3,36,2999.0,False
2024-10-15,9,3,40,2999.0,False
2024-10-16,9,3,35,2999.0,False
2024-10-17,9,3,36,2999.0,False
2024-10-18,9,3,79,2999.0,False
2024-10-19,9,3,27,2999.0,False
2024-10-20,9,3,26,2999.0,False
2024-10-21,9,3,43,2999.0,False
2024-10-22,9,3,42,2999.0,False
2024-10-23,9,3,34,2999.0,False
2024-10-24,9,3,34,2999.0,False
2024-10-25,9,3,35,2999.0,False
2024-10-26,9,3,31,2999.0,False
2024-10-27,9,3,27,2999.0,False
2024-10-28,9,3,36,2999.0,False
2024-10-29,9,3,35,2999.0,False
2024-10-30,9,3,35,2999.0,False
2024-10-31,9,3,44,2999.0,False
2024-11-01,9,3,38,2999.0,False
2024-11-02,9,3,30,2999.0,False
2024-11-03,9,3,31,2999.0,False
2024-11-04,9,3,36,2999.0,False
2024-11-05,9,3,57,2999.0,True
2024-11-06,9,3,34,2999.0,False
2024-11-07,9,3,36,2999.0,False
2024-11-08,9,3,38,2999.0,False
2024-11-09,9,3,47,2999.0,False
2024-11-10,9,3,29,2999.0,False
2024-11-11,9,3,38,2999.0,False
2024-11-12,9,3,41,2999.0,False
2024-11-13,9,3,28,2999.0,False
2024-11-14,9,3,36,2999.0,False
2024-11-15,9,3,41,2999.0,False
2024-11-16,9,3,31,2999.0,False
2024-11-17,9,3,24,2999.0,False
2024-11-18,9,3,45,2999.0,False
2024-11-19,9,3,41,2999.0,False
2024-11-20,9,3,35,2999.0,False
2024-11-21,9,3,32,2999.0,False
2024-11-22,9,3,38,2999.0,False
2024-11-23,9,3,27,2999.0,False
2024-11-24,9,3,26,2999.0,False
2024-11-25,9,3,40,2999.0,False
2024-11-26,9,3,29,2999.0,False
2024-11-27,9,3,37,2999.0,False
2024-11-28,9,3,37,2999.0,False
2024-11-29,9,3,41,2999.0,False
2024-11-30,9,3,31,2999.0,False
2024-12-01,9,3,29,2999.0,False
2024-12-02,9,3,38,2999.0,False
2024-12-03,9,3,40,2999.0,False
2024-12-04,9,3,41,2999.0,False
2024-12-05,9,3,35,2999.0,False
2024-12-06,9,3,64,2999.0,False
2024-12-07,9,3,26,2999.0,False
2024-12-08,9,3,27,2999.0,False
2024-12-09,9,3,40,2999.0,False
2024-12-10,9,3,39,2999.0,False
2024-12-11,9,3,36,2999.0,False
2024-12-12,9,3,41,2999.0,False
2024-12-13,9,3,42,2999.0,False
2024-12-14,9,3,31,2999.0,False
2024-12-15,9,3,30,2999.0,False
2024-12-16,9,3,46,2999.0,False
2024-12-17,9,3,61,2999.0,True
2024-12-18,9,3,33,2999.0,False
2024-12-19,9,3,40,2999.0,False
2024-12-20,9,3,44,2999.0,False
2024-12-21,9,3,25,2999.0,False
2024-12-22,9,3,29,2999.0,False
2024-12-23,9,3,33,2999.0,False
2024-12-24,9,3,41,2999.0,False
2024-12-25,9,3,45,2999.0,False
2024-12-26,9,3,39,2999.0,False
2024-12-27,9,3,43,2999.0,False
2024-12-28,9,3,31,2999.0,False
2024-12-29,9,3,32,2999.0,False
2024-12-30,9,3,38,2999.0,False
2024-12-31,9,3,62,2999.0,False
2025-01-01,9,3,46,2999.0,False
2025-01-02,9,3,39,2999.0,False
2025-01-03,9,3,39,2999.0,False
2025-01-04,9,3,35,2999.0,False
2025-01-05,9,3,35,2999.0,False
2025-01-06,9,3,44,2999.0,False
2025-01-07,9,3,40,2999.0,False
2025-01-08,9,3,42,2999.0,False
2025-01-09,9,3,44,2999.0,False
2025-01-10,9,3,50,2999.0,False
2025-01-11,9,3,30,2999.0,False
2025-01-12,9,3,29,2999.0,False
2025-01-13,9,3,41,2999.0,False
2025-01-14,9,3,41,2999.0,False
2025-01-15,9,3,96,2999.0,False
2025-01-16,9,3,34,2999.0,False
2025-01-17,9,3,46,2999.0,False
2025-01-18,9,3,35,2999.0,False
2025-01-19,9,3,30,2999.0,False
2025-01-20,9,3,46,2999.0,False
2025-01-21,9,3,42,2999.0,False
2025-01-22,9,3,38,2999.0,False
2025-01-23,9,3,38,2999.0,False
2025-01-24,9,3,34,2999.0,False
2025-01-25,9,3,33,2999.0,False
2025-01-26,9,3,36,2999.0,False
2025-01-27,9,3,41,2999.0,False
2025-01-28,9,3,41,2999.0,False
2025-01-29,9,3,43,2999.0,False
2025-01-30,9,3,42,2999.0,False
2025-01-31,9,3,38,2999.0,False
2025-02-01,9,3,35,2999.0,False
2025-02-02,9,3,33,2999.0,False
2025-02-03,9,3,46,2999.0,False
2025-02-04,9,3,45,2999.0,False
2025-02-05,9,3,49,2999.0,False
2025-02-06,9,3,46,2999.0,False
2025-02-07,9,3,46,2999.0,False
2025-02-08,9,3,37,2999.0,False
2025-02-09,9,3,33,2999.0,False
2025-02-10,9,3,39,2999.0,False
2025-02-11,9,3,42,2999.0,False
2025-02-12,9,3,46,2999.0,False
2025-02-13,9,3,43,2999.0,False
2025-02-14,9,3,50,2999.0,False
2025-02-15,9,3,38,2999.0,False
2025-02-16,9,3,34,2999.0,False
2025-02-17,9,3,44,2999.0,False
2025-02-18,9,3,45,2999.0,False
2025-02-19,9,3,43,2999.0,False
2025-02-20,9,3,39,2999.0,False
2025-02-21,9,3,47,2999.0,False
2025-02-22,9,3,31,2999.0,False
2025-02-23,9,3,42,2999.0,False
2025-02-24,9,3,41,2999.0,False
2025-02-25,9,3,47,2999.0,False
2025-02-26,9,3,42,2999.0,False
2025-02-27,9,3,41,2999.0,False
2025-02-28,9,3,40,2999.0,False
2025-03-01,9,3,37,2999.0,False
2025-03-02,9,3,42,2999.0,False
2025-03-03,9,3,49,2999.0,False
2025-03-04,9,3,41,2999.0,False
2025-03-05,9,3,49,2999.0,False
2025-03-06,9,3,48,2999.0,False
2025-03-07,9,3,42,2999.0,False
2025-03-08,9,3,34,2999.0,False
2025-03-09,9,3,33,2999.0,False
2025-03-10,9,3,44,2999.0,False
2025-03-11,9,3,49,2999.0,False
2025-03-12,9,3,50,2999.0,False
2025-03-13,9,3,50,2999.0,False
2025-03-14,9,3,36,2999.0,False
2025-03-15,9,3,33,2999.0,False
2025-03-16,9,3,39,2999.0,False
2025-03-17,9,3,52,2999.0,False
2025-03-18,9,3,47,2999.0,False
2025-03-19,9,3,52,2999.0,False
2025-03-20,9,3,53,2999.0,False
2025-03-21,9,3,72,2999.0,True
2025-03-22,9,3,39,2999.0,False
2025-03-23,9,3,37,2999.0,False
2025-03-24,9,3,45,2999.0,False
2025-03-25,9,3,49,2999.0,False
2025-03-26,9,3,83,2999.0,False
2025-03-27,9,3,51,2999.0,False
2025-03-28,9,3,49,2999.0,False
2025-03-29,9,3,34,2999.0,False
2025-03-30,9,3,39,2999.0,False
2025-03-31,9,3,54,2999.0,False
2025-04-01,9,3,54,2999.0,False
2025-04-02,9,3,53,2999.0,False
2025-04-03,9,3,48,2999.0,False
2025-04-04,9,3,52,2999.0,False
2025-04-05,9,3,36,2999.0,False
2025-04-06,9,3,39,2999.0,False
2025-04-07,9,3,45,2999.0,False
2025-04-08,9,3,42,2999.0,False
2025-04-09,9,3,57,2999.0,False
2025-04-10,9,3,43,2999.0,False
2025-04-11,9,3,49,2999.0,False
2025-04-12,9,3,36,2999.0,False
2025-04-13,9,3,39,2999.0,False
2025-04-14,9,3,48,2999.0,False
2025-04-15,9,3,44,2999.0,False
2025-04-16,9,3,39,2999.0,False
2025-04-17,9,3,44,2999.0,False
2025-04-18,9,3,48,2999.0,False
2025-04-19,9,3,39,2999.0,False
2025-04-20,9,3,39,2999.0,False
2025-04-21,9,3,47,2999.0,False
2025-04-22,9,3,54,2999.0,False
2025-04-23,9,3,49,2999.0,False
2025-04-24,9,3,47,2999.0,False
2025-04-25,9,3,48,2999.0,False
2025-04-26,9,3,42,2999.0,False
2025-04-27,9,3,48,2999.0,False
2025-04-28,9,3,53,2999.0,False
2025-04-29,9,3,44,2999.0,False
2025-04-30,9,3,52,2999.0,False
2025-05-01,9,3,50,2999.0,False
2025-05-02,9,3,50,2999.0,False
2025-05-03,9,3,35,2999.0,False
2025-05-04,9,3,33,2999.0,False
2025-05-05,9,3,52,2999.0,False
2025-05-06,9,3,49,2999.0,False
2025-05-07,9,3,51,2999.0,False
2025-05-08,9,3,74,2999.0,False
2025-05-09,9,3,51,2999.0,False
2025-05-10,9,3,36,2999.0,False
2025-05-11,9,3,41,2999.0,False
2025-05-12,9,3,48,2999.0,False
2025-05-13,9,3,45,2999.0,False
2025-05-14,9,3,44,2999.0,False
2025-05-15,9,3,52,2999.0,False
2025-05-16,9,3,55,2999.0,False
2025-05-17,9,3,39,2999.0,False
2025-05-18,9,3,37,2999.0,False
2025-05-19,9,3,52,2999.0,False
2025-05-20,9,3,44,2999.0,False
2025-05-21,9,3,57,2999.0,True
2025-05-22,9,3,41,2999.0,False
2025-05-23,9,3,54,2999.0,False
2025-05-24,9,3,44,2999.0,False
2025-05-25,9,3,39,2999.0,False
2025-05-26,9,3,50,2999.0,False
2025-05-27,9,3,52,2999.0,False
2025-05-28,9,3,48,2999.0,False
2025-05-29,9,3,50,2999.0,False
2025-05-30,9,3,48,2999.0,False
2025-05-31,9,3,35,2999.0,False
2025-06-01,9,3,36,2999.0,False
2025-06-02,9,3,36,2999.0,False
2025-06-03,9,3,40,2999.0,False
2025-06-04,9,3,51,2999.0,False
2025-06-05,9,3,47,2999.0,False
2025-06-06,9,3,44,2999.0,False
2025-06-07,9,3,40,2999.0,True
2025-06-08,9,3,35,2999.0,False
2025-06-09,9,3,50,2999.0,False
2025-06-10,9,3,40,2999.0,False
2025-06-11,9,3,41,2999.0,False
2025-06-12,9,3,40,2999.0,False
2025-06-13,9,3,45,2999.0,False
2025-06-14,9,3,55,2999.0,True
2025-06-15,9,3,39,2999.0,False
2025-06-16,9,3,51,2999.0,False
2025-06-17,9,3,46,2999.0,False
2025-06-18,9,3,45,2999.0,False
2025-06-19,9,3,49,2999.0,False
2025-06-20,9,3,40,2999.0,False
2025-06-21,9,3,41,2999.0,True
2025-06-22,9,3,34,2999.0,False
2025-06-23,9,3,50,2999.0,False
2025-06-24,9,3,43,2999.0,False
2025-06-25,9,3,41,2999.0,False
2025-06-26,9,3,47,2999.0,False
2025-06-27,9,3,45,2999.0,False
2025-06-28,9,3,29,2999.0,False
2025-06-29,9,3,40,2999.0,False
2025-06-30,9,3,53,2999.0,False
2025-07-01,9,3,47,2999.0,False
2025-07-02,9,3,69,2999.0,True
2025-07-03,9,3,43,2999.0,False
2025-07-04,9,3,40,2999.0,False
2025-07-05,9,3,32,2999.0,False
2025-07-06,9,3,34,2999.0,False
2025-07-07,9,3,44,2999.0,False
2025-07-08,9,3,40,2999.0,False
2025-07-09,9,3,49,2999.0,False
2025-07-10,9,3,44,2999.0,False
2025-07-11,9,3,43,2999.0,False
2025-07-12,9,3,37,2999.0,False
2025-07-13,9,3,49,2999.0,True
2025-07-14,9,3,50,2999.0,False
2025-07-15,9,3,49,2999.0,False
2025-07-16,9,3,62,2999.0,True
2025-07-17,9,3,36,2999.0,False
2025-07-18,9,3,41,2999.0,False
2025-07-19,9,3,27,2999.0,False
2025-07-20,9,3,39,2999.0,False
2025-07-21,9,3,44,2999.0,False
2025-07-22,9,3,77,2999.0,False
2025-07-23,9,3,37,2999.0,False
2025-07-24,9,3,35,2999.0,False
2025-07-25,9,3,35,2999.0,False
2025-07-26,9,3,31,2999.0,False
2025-07-27,9,3,36,2999.0,False
2025-07-28,9,3,39,2999.0,False
2025-07-29,9,3,30,2999.0,False
2025-07-30,9,3,44,2999.0,False
2025-07-31,9,3,44,2999.0,False
2025-08-01,9,3,42,2999.0,False
2025-08-02,9,3,27,2999.0,False
2025-08-03,9,3,29,2999.0,False
2025-08-04,9,3,39,2999.0,False
2025-08-05,9,3,39,2999.0,False
2025-08-06,9,3,44,2999.0,False
2025-08-07,9,3,32,2999.0,False
2025-08-08,9,3,35,2999.0,False
2025-08-09,9,3,40,2999.0,False
2025-08-10,9,3,29,2999.0,False
2025-08-11,9,3,33,2999.0,False
2025-08-12,9,3,43,2999.0,False
2025-08-13,9,3,60,2999.0,True
2025-08-14,9,3,47,2999.0,False
2025-08-15,9,3,41,2999.0,False
2025-08-16,9,3,30,2999.0,False
2025-08-17,9,3,29,2999.0,False
2025-08-18,9,3,39,2999.0,False
2025-08-19,9,3,44,2999.0,False
2025-08-20,9,3,37,2999.0,False
2025-08-21,9,3,37,2999.0,False
2025-08-22,9,3,40,2999.0,False
2025-08-23,9,3,28,2999.0,False
2025-08-24,9,3,32,2999.0,False
2025-08-25,9,3,42,2999.0,False
2025-08-26,9,3,40,2999.0,False
2025-08-27,9,3,61,2999.0,False
2025-08-28,9,3,59,2999.0,True
2025-08-29,9,3,33,2999.0,False
2025-08-30,9,3,42,2999.0,True
2025-08-31,9,3,26,2999.0,False
2025-09-01,9,3,36,2999.0,False
2025-09-02,9,3,35,2999.0,False
2025-09-03,9,3,37,2999.0,False
2025-09-04,9,3,72,2999.0,True
2025-09-05,9,3,43,2999.0,False
2025-09-06,9,3,34,2999.0,False
2025-09-07,9,3,27,2999.0,False
2025-09-08,9,3,37,2999.0,False
2025-09-09,9,3,36,2999.0,False
2025-09-10,9,3,44,2999.0,True
2025-09-11,9,3,36,2999.0,False
2025-09-12,9,3,45,2999.0,False
2025-09-13,9,3,28,2999.0,False
2025-09-14,9,3,27,2999.0,False
2025-09-15,9,3,36,2999.0,False
2025-09-16,9,3,38,2999.0,False
2025-09-17,9,3,34,2999.0,False
2025-09-18,9,3,29,2999.0,False
2025-09-19,9,3,35,2999.0,False
2025-09-20,9,3,27,2999.0,False
2025-09-21,9,3,38,2999.0,True
2025-09-22,9,3,35,2999.0,False
2025-09-23,9,3,34,2999.0,False
2025-09-24,9,3,30,2999.0,False
2025-09-25,9,3,37,2999.0,False
2025-09-26,9,3,48,2999.0,True
2025-09-27,9,3,28,2999.0,False
2025-09-28,9,3,30,2999.0,False
2025-09-29,9,3,42,2999.0,False
2025-09-30,9,3,36,2999.0,False
2025-10-01,9,3,36,2999.0,False
2025-10-02,9,3,38,2999.0,False
2025-10-03,9,3,39,2999.0,False
2025-10-04,9,3,28,2999.0,False
2025-10-05,9,3,29,2999.0,False
2025-10-06,9,3,37,2999.0,False
2025-10-07,9,3,34,2999.0,False
2025-10-08,9,3,33,2999.0,False
2025-10-09,9,3,43,2999.0,False
2025-10-10,9,3,44,2999.0,False
2025-10-11,9,3,28,2999.0,False
2025-10-12,9,3,30,2999.0,False
2025-10-13,9,3,33,2999.0,False
2025-10-14,9,3,39,2999.0,False
2025-10-15,9,3,42,2999.0,False
2025-10-16,9,3,53,2999.0,False
2025-10-17,9,3,37,2999.0,False
2025-10-18,9,3,26,2999.0,False
2025-10-19,9,3,29,2999.0,False
2025-10-20,9,3,32,2999.0,False
2025-10-21,9,3,42,2999.0,False
2025-10-22,9,3,36,2999.0,False
2025-10-23,9,3,32,2999.0,False
2025-10-24,9,3,36,2999.0,False
2025-10-25,9,3,30,2999.0,False
2025-10-26,9,3,30,2999.0,False
2025-10-27,9,3,42,2999.0,False
2025-10-28,9,3,42,2999.0,False
2025-10-29,9,3,40,2999.0,False
2025-10-30,9,3,39,2999.0,False
2025-10-31,9,3,36,2999.0,False
2025-11-01,9,3,26,2999.0,False
2025-11-02,9,3,30,2999.0,False
2025-11-03,9,3,36,2999.0,False
2025-11-04,9,3,36,2999.0,False
2025-11-05,9,3,40,2999.0,False
2025-11-06,9,3,60,2999.0,True
2025-11-07,9,3,35,2999.0,False
2025-11-08,9,3,29,2999.0,False
2025-11-09,9,3,30,2999.0,False
2025-11-10,9,3,33,2999.0,False
2025-11-11,9,3,38,2999.0,False
2025-11-12,9,3,41,2999.0,False
2025-11-13,9,3,37,2999.0,False
2025-11-14,9,3,40,2999.0,False
2025-11-15,9,3,31,2999.0,False
2025-11-16,9,3,27,2999.0,False
2025-11-17,9,3,35,2999.0,False
2025-11-18,9,3,39,2999.0,False
2025-11-19,9,3,45,2999.0,False
2025-11-20,9,3,39,2999.0,False
2025-11-21,9,3,57,2999.0,True
2025-11-22,9,3,31,2999.0,False
2025-11-23,9,3,30,2999.0,False
2025-11-24,9,3,39,2999.0,False
2025-11-25,9,3,42,2999.0,False
2025-11-26,9,3,34,2999.0,False
2025-11-27,9,3,39,2999.0,False
2025-11-28,9,3,35,2999.0,False
2025-11-29,9,3,28,2999.0,False
2025-11-30,9,3,34,2999.0,False
2025-12-01,9,3,39,2999.0,False
2025-12-02,9,3,47,2999.0,False
2025-12-03,9,3,37,2999.0,False
2025-12-04,9,3,45,2999.0,False
2025-12-05,9,3,40,2999.0,False
2025-12-06,9,3,37,2999.0,False
2025-12-07,9,3,33,2999.0,False
2025-12-08,9,3,42,2999.0,False
2025-12-09,9,3,41,2999.0,False
2025-12-10,9,3,44,2999.0,False
2025-12-11,9,3,55,2999.0,True
2025-12-12,9,3,39,2999.0,False
2025-12-13,9,3,33,2999.0,False
2025-12-14,9,3,30,2999.0,False
2025-12-15,9,3,42,2999.0,False
2025-12-16,9,3,36,2999.0,False
2025-12-17,9,3,42,2999.0,False
2025-12-18,9,3,35,2999.0,False
2025-12-19,9,3,42,2999.0,False
2025-12-20,9,3,28,2999.0,False
2025-12-21,9,3,35,2999.0,False
2025-12-22,9,3,36,2999.0,False
2025-12-23,9,3,43,2999.0,False
2025-12-24,9,3,53,2999.0,False
2025-12-25,9,3,41,2999.0,False
2025-12-26,9,3,43,2999.0,False
2025-12-27,9,3,32,2999.0,False
2025-12-28,9,3,30,2999.0,False
2025-12-29,9,3,36,2999.0,False
2025-12-30,9,3,31,2999.0,False
2025-12-31,9,3,52,2999.0,False
2024-01-01,10,1,65,1499.0,False
2024-01-02,10,1,71,1499.0,False
2024-01-03,10,1,60,1499.0,False
2024-01-04,10,1,72,1499.0,False
2024-01-05,10,1,68,1499.0,False
2024-01-06,10,1,54,1499.0,False
2024-01-07,10,1,39,1499.0,False
2024-01-08,10,1,66,1499.0,False
2024-01-09,10,1,68,1499.0,False
2024-01-10,10,1,56,1499.0,False
2024-01-11,10,1,65,1499.0,False
2024-01-12,10,1,66,1499.0,False
2024-01-13,10,1,44,1499.0,False
2024-01-14,10,1,45,1499.0,False
2024-01-15,10,1,56,1499.0,False
2024-01-16,10,1,63,1499.0,False
2024-01-17,10,1,90,1499.0,True
2024-01-18,10,1,73,1499.0,False
2024-01-19,10,1,58,1499.0,False
2024-01-20,10,1,52,1499.0,False
2024-01-21,10,1,44,1499.0,False
2024-01-22,10,1,67,1499.0,False
2024-01-23,10,1,69,1499.0,False
2024-01-24,10,1,72,1499.0,False
2024-01-25,10,1,58,1499.0,False
2024-01-26,10,1,53,1499.0,False
2024-01-27,10,1,50,1499.0,False
2024-01-28,10,1,43,1499.0,False
2024-01-29,10,1,71,1499.0,False
2024-01-30,10,1,61,1499.0,False
2024-01-31,10,1,74,1499.0,False
2024-02-01,10,1,65,1499.0,False
2024-02-02,10,1,78,1499.0,False
2024-02-03,10,1,51,1499.0,False
2024-02-04,10,1,77,1499.0,True
2024-02-05,10,1,98,1499.0,True
2024-02-06,10,1,76,1499.0,False
2024-02-07,10,1,54,1499.0,False
2024-02-08,10,1,81,1499.0,False
2024-02-09,10,1,57,1499.0,False
2024-02-10,10,1,54,1499.0,False
2024-02-11,10,1,54,1499.0,False
2024-02-12,10,1,101,1499.0,True
2024-02-13,10,1,65,1499.0,False
2024-02-14,10,1,72,1499.0,False
2024-02-15,10,1,75,1499.0,False
2024-02-16,10,1,81,1499.0,True
2024-02-17,10,1,62,1499.0,False
2024-02-18,10,1,54,1499.0,False
2024-02-19,10,1,75,1499.0,False
2024-02-20,10,1,71,1499.0,False
2024-02-21,10,1,76,1499.0,False
2024-02-22,10,1,52,1499.0,False
2024-02-23,10,1,65,1499.0,False
2024-02-24,10,1,51,1499.0,False
2024-02-25,10,1,46,1499.0,False
2024-02-26,10,1,62,1499.0,False
2024-02-27,10,1,67,1499.0,False
2024-02-28,10,1,63,1499.0,False
2024-02-29,10,1,74,1499.0,False
2024-03-01,10,1,70,1499.0,False
2024-03-02,10,1,56,1499.0,False
2024-03-03,10,1,61,1499.0,False
2024-03-04,10,1,87,1499.0,False
2024-03-05,10,1,76,1499.0,False
2024-03-06,10,1,61,1499.0,False
2024-03-07,10,1,69,1499.0,False
2024-03-08,10,1,73,1499.0,False
2024-03-09,10,1,54,1499.0,False
2024-03-10,10,1,56,1499.0,False
2024-03-11,10,1,68,1499.0,False
2024-03-12,10,1,59,1499.0,False
2024-03-13,10,1,75,1499.0,False
2024-03-14,10,1,74,1499.0,False
2024-03-15,10,1,72,1499.0,False
2024-03-16,10,1,66,1499.0,False
2024-03-17,10,1,57,1499.0,False
2024-03-18,10,1,67,1499.0,False
2024-03-19,10,1,66,1499.0,False
2024-03-20,10,1,67,1499.0,False
2024-03-21,10,1,63,1499.0,False
2024-03-22,10,1,77,1499.0,False
2024-03-23,10,1,51,1499.0,False
2024-03-24,10,1,63,1499.0,False
2024-03-25,10,1,86,1499.0,False
2024-03-26,10,1,65,1499.0,False
2024-03-27,10,1,60,1499.0,False
2024-03-28,10,1,81,1499.0,False
2024-03-29,10,1,62,1499.0,False
2024-03-30,10,1,61,1499.0,False
2024-03-31,10,1,55,1499.0,False
2024-04-01,10,1,65,1499.0,False
2024-04-02,10,1,73,1499.0,False
2024-04-03,10,1,82,1499.0,True
2024-04-04,10,1,67,1499.0,False
2024-04-05,10,1,100,1499.0,True
2024-04-06,10,1,59,1499.0,False
2024-04-07,10,1,53,1499.0,False
2024-04-08,10,1,68,1499.0,False
2024-04-09,10,1,88,1499.0,False
2024-04-10,10,1,70,1499.0,False
2024-04-11,10,1,72,1499.0,False
2024-04-12,10,1,66,1499.0,False
2024-04-13,10,1,51,1499.0,False
2024-04-14,10,1,57,1499.0,False
2024-04-15,10,1,60,1499.0,False
2024-04-16,10,1,71,1499.0,False
2024-04-17,10,1,69,1499.0,False
2024-04-18,10,1,65,1499.0,False
2024-04-19,10,1,63,1499.0,False
2024-04-20,10,1,56,1499.0,False
2024-04-21,10,1,55,1499.0,False
2024-04-22,10,1,72,1499.0,False
2024-04-23,10,1,53,1499.0,False
2024-04-24,10,1,67,1499.0,False
2024-04-25,10,1,69,1499.0,False
2024-04-26,10,1,68,1499.0,False
2024-04-27,10,1,62,1499.0,False
2024-04-28,10,1,52,1499.0,False
2024-04-29,10,1,61,1499.0,False
2024-04-30,10,1,78,1499.0,False
2024-05-01,10,1,70,1499.0,False
2024-05-02,10,1,59,1499.0,False
2024-05-03,10,1,52,1499.0,False
2024-05-04,10,1,49,1499.0,False
2024-05-05,10,1,60,1499.0,False
2024-05-06,10,1,56,1499.0,False
2024-05-07,10,1,66,1499.0,False
2024-05-08,10,1,64,1499.0,False
2024-05-09,10,1,73,1499.0,False
2024-05-10,10,1,59,1499.0,False
2024-05-11,10,1,49,1499.0,False
2024-05-12,10,1,58,1499.0,False
2024-05-13,10,1,63,1499.0,False
2024-05-14,10,1,69,1499.0,False
2024-05-15,10,1,157,1499.0,False
2024-05-16,10,1,86,1499.0,False
2024-05-17,10,1,64,1499.0,False
2024-05-18,10,1,60,1499.0,False
2024-05-19,10,1,50,1499.0,False
2024-05-20,10,1,89,1499.0,False
2024-05-21,10,1,113,1499.0,True
2024-05-22,10,1,73,1499.0,False
2024-05-23,10,1,61,1499.0,False
2024-05-24,10,1,68,1499.0,False
2024-05-25,10,1,51,1499.0,False
2024-05-26,10,1,56,1499.0,False
2024-05-27,10,1,71,1499.0,False
2024-05-28,10,1,74,1499.0,False
2024-05-29,10,1,69,1499.0,False
2024-05-30,10,1,67,1499.0,False
2024-05-31,10,1,66,1499.0,False
2024-06-01,10,1,51,1499.0,False
2024-06-02,10,1,58,1499.0,False
2024-06-03,10,1,61,1499.0,False
2024-06-04,10,1,68,1499.0,False
2024-06-05,10,1,73,1499.0,False
2024-06-06,10,1,80,1499.0,False
2024-06-07,10,1,60,1499.0,False
2024-06-08,10,1,55,1499.0,False
2024-06-09,10,1,56,1499.0,False
2024-06-10,10,1,69,1499.0,False
2024-06-11,10,1,67,1499.0,False
2024-06-12,10,1,66,1499.0,False
2024-06-13,10,1,78,1499.0,False
2024-06-14,10,1,66,1499.0,False
2024-06-15,10,1,46,1499.0,False
2024-06-16,10,1,55,1499.0,False
2024-06-17,10,1,73,1499.0,False
2024-06-18,10,1,74,1499.0,False
2024-06-19,10,1,61,1499.0,False
2024-06-20,10,1,86,1499.0,False
2024-06-21,10,1,69,1499.0,True
2024-06-22,10,1,52,1499.0,False
2024-06-23,10,1,44,1499.0,False
2024-06-24,10,1,75,1499.0,False
2024-06-25,10,1,75,1499.0,False
2024-06-26,10,1,74,1499.0,False
2024-06-27,10,1,73,1499.0,False
2024-06-28,10,1,71,1499.0,False
2024-06-29,10,1,55,1499.0,False
2024-06-30,10,1,80,1499.0,True
2024-07-01,10,1,63,1499.0,False
2024-07-02,10,1,73,1499.0,False
2024-07-03,10,1,62,1499.0,False
2024-07-04,10,1,69,1499.0,False
2024-07-05,10,1,84,1499.0,True
2024-07-06,10,1,53,1499.0,False
2024-07-07,10,1,55,1499.0,False
2024-07-08,10,1,69,1499.0,False
2024-07-09,10,1,73,1499.0,False
2024-07-10,10,1,69,1499.0,False
2024-07-11,10,1,60,1499.0,False
2024-07-12,10,1,116,1499.0,False
2024-07-13,10,1,47,1499.0,False
2024-07-14,10,1,41,1499.0,False
2024-07-15,10,1,63,1499.0,False
2024-07-16,10,1,77,1499.0,False
2024-07-17,10,1,57,1499.0,False
2024-07-18,10,1,59,1499.0,False
2024-07-19,10,1,67,1499.0,False
2024-07-20,10,1,43,1499.0,False
2024-07-21,10,1,53,1499.0,False
2024-07-22,10,1,72,1499.0,False
2024-07-23,10,1,63,1499.0,False
2024-07-24,10,1,61,1499.0,False
2024-07-25,10,1,64,1499.0,False
2024-07-26,10,1,108,1499.0,True
2024-07-27,10,1,55,1499.0,False
2024-07-28,10,1,50,1499.0,False
2024-07-29,10,1,64,1499.0,False
2024-07-30,10,1,68,1499.0,False
2024-07-31,10,1,53,1499.0,False
2024-08-01,10,1,68,1499.0,False
2024-08-02,10,1,53,1499.0,False
2024-08-03,10,1,41,1499.0,False
2024-08-04,10,1,57,1499.0,False
2024-08-05,10,1,60,1499.0,False
2024-08-06,10,1,59,1499.0,False
2024-08-07,10,1,58,1499.0,False
2024-08-08,10,1,64,1499.0,False
2024-08-09,10,1,64,1499.0,False
2024-08-10,10,1,44,1499.0,False
2024-08-11,10,1,49,1499.0,False
2024-08-12,10,1,65,1499.0,False
2024-08-13,10,1,70,1499.0,False
2024-08-14,10,1,68,1499.0,False
2024-08-15,10,1,57,1499.0,False
2024-08-16,10,1,54,1499.0,False
2024-08-17,10,1,52,1499.0,False
2024-08-18,10,1,45,1499.0,False
2024-08-19,10,1,56,1499.0,False
2024-08-20,10,1,62,1499.0,False
2024-08-21,10,1,72,1499.0,False
2024-08-22,10,1,57,1499.0,False
2024-08-23,10,1,82,1499.0,True
2024-08-24,10,1,44,1499.0,False
2024-08-25,10,1,51,1499.0,False
2024-08-26,10,1,57,1499.0,False
2024-08-27,10,1,64,1499.0,False
2024-08-28,10,1,67,1499.0,False
2024-08-29,10,1,55,1499.0,False
2024-08-30,10,1,58,1499.0,False
2024-08-31,10,1,43,1499.0,False
2024-09-01,10,1,51,1499.0,False
2024-09-02,10,1,56,1499.0,False
2024-09-03,10,1,69,1499.0,False
2024-09-04,10,1,58,1499.0,False
2024-09-05,10,1,67,1499.0,False
2024-09-06,10,1,60,1499.0,False
2024-09-07,10,1,45,1499.0,False
2024-09-08,10,1,54,1499.0,False
2024-09-09,10,1,61,1499.0,False
2024-09-10,10,1,57,1499.0,False
2024-09-11,10,1,57,1499.0,False
2024-09-12,10,1,63,1499.0,False
2024-09-13,10,1,56,1499.0,False
2024-09-14,10,1,38,1499.0,False
2024-09-15,10,1,42,1499.0,False
2024-09-16,10,1,48,1499.0,False
2024-09-17,10,1,66,1499.0,False
2024-09-18,10,1,70,1499.0,False
2024-09-19,10,1,65,1499.0,False
2024-09-20,10,1,63,1499.0,False
2024-09-21,10,1,50,1499.0,False
2024-09-22,10,1,43,1499.0,False
2024-09-23,10,1,60,1499.0,False
2024-09-24,10,1,58,1499.0,False
2024-09-25,10,1,60,1499.0,False
2024-09-26,10,1,63,1499.0,False
2024-09-27,10,1,52,1499.0,False
2024-09-28,10,1,37,1499.0,False
2024-09-29,10,1,61,1499.0,True
2024-09-30,10,1,56,1499.0,False
2024-10-01,10,1,52,1499.0,False
2024-10-02,10,1,58,1499.0,False
2024-10-03,10,1,49,1499.0,False
2024-10-04,10,1,57,1499.0,False
2024-10-05,10,1,42,1499.0,False
2024-10-06,10,1,43,1499.0,False
2024-10-07,10,1,57,1499.0,False
2024-10-08,10,1,57,1499.0,False
2024-10-09,10,1,52,1499.0,False
2024-10-10,10,1,61,1499.0,False
2024-10-11,10,1,46,1499.0,False
2024-10-12,10,1,55,1499.0,False
2024-10-13,10,1,46,1499.0,False
2024-10-14,10,1,68,1499.0,True
2024-10-15,10,1,57,1499.0,False
2024-10-16,10,1,55,1499.0,False
2024-10-17,10,1,64,1499.0,False
2024-10-18,10,1,60,1499.0,False
2024-10-19,10,1,35,1499.0,False
2024-10-20,10,1,40,1499.0,False
2024-10-21,10,1,51,1499.0,False
2024-10-22,10,1,50,1499.0,False
2024-10-23,10,1,57,1499.0,False
2024-10-24,10,1,71,1499.0,True
2024-10-25,10,1,57,1499.0,False
2024-10-26,10,1,42,1499.0,False
2024-10-27,10,1,43,1499.0,False
2024-10-28,10,1,48,1499.0,False
2024-10-29,10,1,53,1499.0,False
2024-10-30,10,1,56,1499.0,False
2024-10-31,10,1,65,1499.0,False
2024-11-01,10,1,60,1499.0,False
2024-11-02,10,1,52,1499.0,False
2024-11-03,10,1,45,1499.0,False
2024-11-04,10,1,60,1499.0,False
2024-11-05,10,1,80,1499.0,True
2024-11-06,10,1,54,1499.0,False
2024-11-07,10,1,64,1499.0,False
2024-11-08,10,1,55,1499.0,False
2024-11-09,10,1,44,1499.0,False
2024-11-10,10,1,48,1499.0,False
2024-11-11,10,1,62,1499.0,False
2024-11-12,10,1,48,1499.0,False
2024-11-13,10,1,81,1499.0,True
2024-11-14,10,1,61,1499.0,False
2024-11-15,10,1,52,1499.0,False
2024-11-16,10,1,35,1499.0,False
2024-11-17,10,1,43,1499.0,False
2024-11-18,10,1,103,1499.0,False
2024-11-19,10,1,63,1499.0,False
2024-11-20,10,1,64,1499.0,False
2024-11-21,10,1,55,1499.0,False
2024-11-22,10,1,59,1499.0,False
2024-11-23,10,1,42,1499.0,False
2024-11-24,10,1,41,1499.0,False
2024-11-25,10,1,108,1499.0,False
2024-11-26,10,1,55,1499.0,False
2024-11-27,10,1,49,1499.0,False
2024-11-28,10,1,57,1499.0,False
2024-11-29,10,1,61,1499.0,False
2024-11-30,10,1,47,1499.0,False
2024-12-01,10,1,56,1499.0,False
2024-12-02,10,1,57,1499.0,False
2024-12-03,10,1,64,1499.0,False
2024-12-04,10,1,57,1499.0,False
2024-12-05,10,1,60,1499.0,False
2024-12-06,10,1,56,1499.0,False
2024-12-07,10,1,56,1499.0,False
2024-12-08,10,1,42,1499.0,False
2024-12-09,10,1,64,1499.0,False
2024-12-10,10,1,65,1499.0,False
2024-12-11,10,1,55,1499.0,False
2024-12-12,10,1,68,1499.0,False
2024-12-13,10,1,50,1499.0,False
2024-12-14,10,1,49,1499.0,False
2024-12-15,10,1,53,1499.0,False
2024-12-16,10,1,75,1499.0,False
2024-12-17,10,1,58,1499.0,False
2024-12-18,10,1,67,1499.0,False
2024-12-19,10,1,68,1499.0,False
2024-12-20,10,1,61,1499.0,False
2024-12-21,10,1,52,1499.0,False
2024-12-22,10,1,40,1499.0,False
2024-12-23,10,1,64,1499.0,False
2024-12-24,10,1,59,1499.0,False
2024-12-25,10,1,55,1499.0,False
2024-12-26,10,1,87,1499.0,True
2024-12-27,10,1,65,1499.0,False
2024-12-28,10,1,52,1499.0,False
2024-12-29,10,1,49,1499.0,False
2024-12-30,10,1,61,1499.0,False
2024-12-31,10,1,74,1499.0,False
2025-01-01,10,1,75,1499.0,False
2025-01-02,10,1,67,1499.0,False
2025-01-03,10,1,67,1499.0,False
2025-01-04,10,1,52,1499.0,False
2025-01-05,10,1,48,1499.0,False
2025-01-06,10,1,65,1499.0,False
2025-01-07,10,1,63,1499.0,False
2025-01-08,10,1,64,1499.0,False
2025-01-09,10,1,75,1499.0,False
2025-01-10,10,1,63,1499.0,False
2025-01-11,10,1,43,1499.0,False
2025-01-12,10,1,49,1499.0,False
2025-01-13,10,1,50,1499.0,False
2025-01-14,10,1,50,1499.0,False
2025-01-15,10,1,80,1499.0,False
2025-01-16,10,1,53,1499.0,False
2025-01-17,10,1,65,1499.0,False
2025-01-18,10,1,60,1499.0,False
2025-01-19,10,1,59,1499.0,False
2025-01-20,10,1,68,1499.0,False
2025-01-21,10,1,72,1499.0,False
2025-01-22,10,1,72,1499.0,False
2025-01-23,10,1,60,1499.0,False
2025-01-24,10,1,65,1499.0,False
2025-01-25,10,1,53,1499.0,False
2025-01-26,10,1,53,1499.0,False
2025-01-27,10,1,55,1499.0,False
2025-01-28,10,1,59,1499.0,False
2025-01-29,10,1,52,1499.0,False
2025-01-30,10,1,67,1499.0,False
2025-01-31,10,1,68,1499.0,False
2025-02-01,10,1,46,1499.0,False
2025-02-02,10,1,59,1499.0,False
2025-02-03,10,1,60,1499.0,False
2025-02-04,10,1,72,1499.0,False
2025-02-05,10,1,95,1499.0,False
2025-02-06,10,1,68,1499.0,False
2025-02-07,10,1,90,1499.0,False
2025-02-08,10,1,55,1499.0,False
2025-02-09,10,1,69,1499.0,True
2025-02-10,10,1,68,1499.0,False
2025-02-11,10,1,72,1499.0,False
2025-02-12,10,1,75,1499.0,False
2025-02-13,10,1,72,1499.0,False
2025-02-14,10,1,74,1499.0,False
2025-02-15,10,1,66,1499.0,False
2025-02-16,10,1,54,1499.0,False
2025-02-17,10,1,76,1499.0,False
2025-02-18,10,1,59,1499.0,False
2025-02-19,10,1,77,1499.0,False
2025-02-20,10,1,79,1499.0,False
2025-02-21,10,1,63,1499.0,False
2025-02-22,10,1,50,1499.0,False
2025-02-23,10,1,55,1499.0,False
2025-02-24,10,1,104,1499.0,True
2025-02-25,10,1,69,1499.0,False
2025-02-26,10,1,67,1499.0,False
2025-02-27,10,1,60,1499.0,False
2025-02-28,10,1,113,1499.0,True
2025-03-01,10,1,69,1499.0,False
2025-03-02,10,1,65,1499.0,False
2025-03-03,10,1,70,1499.0,False
2025-03-04,10,1,77,1499.0,False
2025-03-05,10,1,77,1499.0,False
2025-03-06,10,1,70,1499.0,False
2025-03-07,10,1,71,1499.0,False
2025-03-08,10,1,53,1499.0,False
2025-03-09,10,1,50,1499.0,False
2025-03-10,10,1,69,1499.0,False
2025-03-11,10,1,71,1499.0,False
2025-03-12,10,1,61,1499.0,False
2025-03-13,10,1,71,1499.0,False
2025-03-14,10,1,95,1499.0,True
2025-03-15,10,1,57,1499.0,False
2025-03-16,10,1,77,1499.0,False
2025-03-17,10,1,62,1499.0,False
2025-03-18,10,1,93,1499.0,False
2025-03-19,10,1,91,1499.0,False
2025-03-20,10,1,71,1499.0,False
2025-03-21,10,1,63,1499.0,False
2025-03-22,10,1,44,1499.0,False
2025-03-23,10,1,49,1499.0,False
2025-03-24,10,1,81,1499.0,False
2025-03-25,10,1,87,1499.0,False
2025-03-26,10,1,76,1499.0,False
2025-03-27,10,1,92,1499.0,False
2025-03-28,10,1,75,1499.0,False
2025-03-29,10,1,93,1499.0,True
2025-03-30,10,1,58,1499.0,False
2025-03-31,10,1,77,1499.0,False
2025-04-01,10,1,74,1499.0,False
2025-04-02,10,1,75,1499.0,False
2025-04-03,10,1,75,1499.0,False
2025-04-04,10,1,72,1499.0,False
2025-04-05,10,1,55,1499.0,False
2025-04-06,10,1,59,1499.0,False
2025-04-07,10,1,76,1499.0,False
2025-04-08,10,1,79,1499.0,False
2025-04-09,10,1,74,1499.0,False
2025-04-10,10,1,68,1499.0,False
2025-04-11,10,1,70,1499.0,False
2025-04-12,10,1,62,1499.0,False
2025-04-13,10,1,60,1499.0,False
2025-04-14,10,1,64,1499.0,False
2025-04-15,10,1,75,1499.0,False
2025-04-16,10,1,76,1499.0,False
2025-04-17,10,1,71,1499.0,False
2025-04-18,10,1,90,1499.0,False
2025-04-19,10,1,61,1499.0,False
2025-04-20,10,1,67,1499.0,False
2025-04-21,10,1,67,1499.0,False
2025-04-22,10,1,91,1499.0,False
2025-04-23,10,1,85,1499.0,False
2025-04-24,10,1,69,1499.0,False
2025-04-25,10,1,68,1499.0,False
2025-04-26,10,1,88,1499.0,True
2025-04-27,10,1,62,1499.0,False
2025-04-28,10,1,87,1499.0,False
2025-04-29,10,1,72,1499.0,False
2025-04-30,10,1,85,1499.0,False
2025-05-01,10,1,74,1499.0,False
2025-05-02,10,1,71,1499.0,False
2025-05-03,10,1,57,1499.0,False
2025-05-04,10,1,64,1499.0,False
2025-05-05,10,1,73,1499.0,False
2025-05-06,10,1,75,1499.0,False
2025-05-07,10,1,82,1499.0,False
2025-05-08,10,1,81,1499.0,False
2025-05-09,10,1,80,1499.0,False
2025-05-10,10,1,52,1499.0,False
2025-05-11,10,1,86,1499.0,True
2025-05-12,10,1,82,1499.0,False
2025-05-13,10,1,76,1499.0,False
2025-05-14,10,1,84,1499.0,False
2025-05-15,10,1,80,1499.0,False
2025-05-16,10,1,65,1499.0,False
2025-05-17,10,1,56,1499.0,False
2025-05-18,10,1,71,1499.0,False
2025-05-19,10,1,86,1499.0,False
2025-05-20,10,1,79,1499.0,False
2025-05-21,10,1,65,1499.0,False
2025-05-22,10,1,73,1499.0,False
2025-05-23,10,1,69,1499.0,False
2025-05-24,10,1,67,1499.0,False
2025-05-25,10,1,65,1499.0,False
2025-05-26,10,1,83,1499.0,False
2025-05-27,10,1,66,1499.0,False
2025-05-28,10,1,77,1499.0,False
2025-05-29,10,1,70,1499.0,False
2025-05-30,10,1,65,1499.0,False
2025-05-31,10,1,58,1499.0,False
2025-06-01,10,1,54,1499.0,False
2025-06-02,10,1,93,1499.0,True
2025-06-03,10,1,73,1499.0,False
2025-06-04,10,1,70,1499.0,False
2025-06-05,10,1,64,1499.0,False
2025-06-06,10,1,76,1499.0,False
2025-06-07,10,1,61,1499.0,False
2025-06-08,10,1,49,1499.0,False
2025-06-09,10,1,68,1499.0,False
2025-06-10,10,1,85,1499.0,False
2025-06-11,10,1,66,1499.0,False
2025-06-12,10,1,67,1499.0,False
2025-06-13,10,1,68,1499.0,False
2025-06-14,10,1,56,1499.0,False
2025-06-15,10,1,57,1499.0,False
2025-06-16,10,1,71,1499.0,False
2025-06-17,10,1,68,1499.0,False
2025-06-18,10,1,83,1499.0,False
2025-06-19,10,1,75,1499.0,False
2025-06-20,10,1,70,1499.0,False
2025-06-21,10,1,67,1499.0,False
2025-06-22,10,1,41,1499.0,False
2025-06-23,10,1,90,1499.0,True
2025-06-24,10,1,71,1499.0,False
2025-06-25,10,1,71,1499.0,False
2025-06-26,10,1,69,1499.0,False
2025-06-27,10,1,83,1499.0,False
2025-06-28,10,1,51,1499.0,False
2025-06-29,10,1,54,1499.0,False
2025-06-30,10,1,62,1499.0,False
2025-07-01,10,1,80,1499.0,False
2025-07-02,10,1,64,1499.0,False
2025-07-03,10,1,61,1499.0,False
2025-07-04,10,1,72,1499.0,False
2025-07-05,10,1,85,1499.0,False
2025-07-06,10,1,56,1499.0,False
2025-07-07,10,1,70,1499.0,False
2025-07-08,10,1,77,1499.0,False
2025-07-09,10,1,76,1499.0,False
2025-07-10,10,1,74,1499.0,False
2025-07-11,10,1,64,1499.0,False
2025-07-12,10,1,57,1499.0,False
2025-07-13,10,1,53,1499.0,False
2025-07-14,10,1,61,1499.0,False
2025-07-15,10,1,68,1499.0,False
2025-07-16,10,1,67,1499.0,False
2025-07-17,10,1,75,1499.0,False
2025-07-18,10,1,64,1499.0,False
2025-07-19,10,1,53,1499.0,False
2025-07-20,10,1,53,1499.0,False
2025-07-21,10,1,64,1499.0,False
2025-07-22,10,1,79,1499.0,False
2025-07-23,10,1,80,1499.0,False
2025-07-24,10,1,74,1499.0,False
2025-07-25,10,1,71,1499.0,False
2025-07-26,10,1,44,1499.0,False
2025-07-27,10,1,45,1499.0,False
2025-07-28,10,1,76,1499.0,False
2025-07-29,10,1,73,1499.0,False
2025-07-30,10,1,71,1499.0,False
2025-07-31,10,1,78,1499.0,False
2025-08-01,10,1,64,1499.0,False
2025-08-02,10,1,78,1499.0,True
2025-08-03,10,1,46,1499.0,False
2025-08-04,10,1,59,1499.0,False
2025-08-05,10,1,65,1499.0,False
2025-08-06,10,1,68,1499.0,False
2025-08-07,10,1,82,1499.0,False
2025-08-08,10,1,65,1499.0,False
2025-08-09,10,1,50,1499.0,False
2025-08-10,10,1,50,1499.0,False
2025-08-11,10,1,70,1499.0,False
2025-08-12,10,1,62,1499.0,False
2025-08-13,10,1,78,1499.0,False
2025-08-14,10,1,68,1499.0,False
2025-08-15,10,1,69,1499.0,False
2025-08-16,10,1,48,1499.0,False
2025-08-17,10,1,52,1499.0,False
2025-08-18,10,1,54,1499.0,False
2025-08-19,10,1,61,1499.0,False
2025-08-20,10,1,63,1499.0,False
2025-08-21,10,1,72,1499.0,False
2025-08-22,10,1,77,1499.0,False
2025-08-23,10,1,48,1499.0,False
2025-08-24,10,1,54,1499.0,False
2025-08-25,10,1,72,1499.0,False
2025-08-26,10,1,72,1499.0,False
2025-08-27,10,1,67,1499.0,False
2025-08-28,10,1,74,1499.0,False
2025-08-29,10,1,107,1499.0,False
2025-08-30,10,1,48,1499.0,False
2025-08-31,10,1,46,1499.0,False
2025-09-01,10,1,65,1499.0,False
2025-09-02,10,1,76,1499.0,True
2025-09-03,10,1,60,1499.0,False
2025-09-04,10,1,61,1499.0,False
2025-09-05,10,1,75,1499.0,False
2025-09-06,10,1,50,1499.0,False
2025-09-07,10,1,54,1499.0,False
2025-09-08,10,1,58,1499.0,False
2025-09-09,10,1,56,1499.0,False
2025-09-10,10,1,60,1499.0,False
2025-09-11,10,1,63,1499.0,False
2025-09-12,10,1,68,1499.0,False
2025-09-13,10,1,48,1499.0,False
2025-09-14,10,1,46,1499.0,False
2025-09-15,10,1,87,1499.0,True
2025-09-16,10,1,61,1499.0,False
2025-09-17,10,1,57,1499.0,False
2025-09-18,10,1,67,1499.0,False
2025-09-19,10,1,71,1499.0,False
2025-09-20,10,1,52,1499.0,False
2025-09-21,10,1,39,1499.0,False
2025-09-22,10,1,56,1499.0,False
2025-09-23,10,1,58,1499.0,False
2025-09-24,10,1,57,1499.0,False
2025-09-25,10,1,64,1499.0,False
2025-09-26,10,1,60,1499.0,False
2025-09-27,10,1,54,1499.0,False
2025-09-28,10,1,50,1499.0,False
2025-09-29,10,1,97,1499.0,False
2025-09-30,10,1,59,1499.0,False
2025-10-01,10,1,65,1499.0,False
2025-10-02,10,1,68,1499.0,False
2025-10-03,10,1,67,1499.0,False
2025-10-04,10,1,50,1499.0,False
2025-10-05,10,1,57,1499.0,False
2025-10-06,10,1,56,1499.0,False
2025-10-07,10,1,64,1499.0,False
2025-10-08,10,1,61,1499.0,False
2025-10-09,10,1,69,1499.0,False
2025-10-10,10,1,56,1499.0,False
2025-10-11,10,1,43,1499.0,False
2025-10-12,10,1,51,1499.0,False
2025-10-13,10,1,60,1499.0,False
2025-10-14,10,1,66,1499.0,False
2025-10-15,10,1,61,1499.0,False
2025-10-16,10,1,63,1499.0,False
2025-10-17,10,1,64,1499.0,False
2025-10-18,10,1,67,1499.0,True
2025-10-19,10,1,55,1499.0,False
2025-10-20,10,1,49,1499.0,False
2025-10-21,10,1,59,1499.0,False
2025-10-22,10,1,66,1499.0,False
2025-10-23,10,1,62,1499.0,False
2025-10-24,10,1,57,1499.0,False
2025-10-25,10,1,47,1499.0,False
2025-10-26,10,1,44,1499.0,False
2025-10-27,10,1,57,1499.0,False
2025-10-28,10,1,60,1499.0,False
2025-10-29,10,1,62,1499.0,False
2025-10-30,10,1,73,1499.0,False
2025-10-31,10,1,58,1499.0,False
2025-11-01,10,1,53,1499.0,False
2025-11-02,10,1,44,1499.0,False
2025-11-03,10,1,62,1499.0,False
2025-11-04,10,1,74,1499.0,False
2025-11-05,10,1,58,1499.0,False
2025-11-06,10,1,79,1499.0,True
2025-11-07,10,1,67,1499.0,False
2025-11-08,10,1,47,1499.0,False
2025-11-09,10,1,52,1499.0,False
2025-11-10,10,1,70,1499.0,False
2025-11-11,10,1,58,1499.0,False
2025-11-12,10,1,68,1499.0,False
2025-11-13,10,1,96,1499.0,True
2025-11-14,10,1,63,1499.0,False
2025-11-15,10,1,41,1499.0,False
2025-11-16,10,1,46,1499.0,False
2025-11-17,10,1,66,1499.0,False
2025-11-18,10,1,65,1499.0,False
2025-11-19,10,1,61,1499.0,False
2025-11-20,10,1,70,1499.0,False
2025-11-21,10,1,54,1499.0,False
2025-11-22,10,1,81,1499.0,False
2025-11-23,10,1,48,1499.0,False
2025-11-24,10,1,62,1499.0,False
2025-11-25,10,1,55,1499.0,False
2025-11-26,10,1,68,1499.0,False
2025-11-27,10,1,54,1499.0,False
2025-11-28,10,1,60,1499.0,False
2025-11-29,10,1,44,1499.0,False
2025-11-30,10,1,52,1499.0,False
2025-12-01,10,1,66,1499.0,False
2025-12-02,10,1,68,1499.0,False
2025-12-03,10,1,63,1499.0,False
2025-12-04,10,1,73,1499.0,False
2025-12-05,10,1,61,1499.0,False
2025-12-06,10,1,50,1499.0,False
2025-12-07,10,1,42,1499.0,False
2025-12-08,10,1,78,1499.0,False
2025-12-09,10,1,58,1499.0,False
2025-12-10,10,1,69,1499.0,False
2025-12-11,10,1,75,1499.0,False
2025-12-12,10,1,71,1499.0,False
2025-12-13,10,1,60,1499.0,False
2025-12-14,10,1,54,1499.0,False
2025-12-15,10,1,69,1499.0,False
2025-12-16,10,1,54,1499.0,False
2025-12-17,10,1,44,1499.0,False
2025-12-18,10,1,69,1499.0,False
2025-12-19,10,1,62,1499.0,False
2025-12-20,10,1,43,1499.0,False
2025-12-21,10,1,54,1499.0,False
2025-12-22,10,1,61,1499.0,False
2025-12-23,10,1,64,1499.0,False
2025-12-24,10,1,63,1499.0,False
2025-12-25,10,1,70,1499.0,False
2025-12-26,10,1,53,1499.0,False
2025-12-27,10,1,51,1499.0,False
2025-12-28,10,1,50,1499.0,False
2025-12-29,10,1,73,1499.0,False
2025-12-30,10,1,75,1499.0,False
2025-12-31,10,1,68,1499.0,False
2024-01-01,10,2,48,1499.0,False
2024-01-02,10,2,66,1499.0,False
2024-01-03,10,2,47,1499.0,False
2024-01-04,10,2,43,1499.0,False
2024-01-05,10,2,38,1499.0,False
2024-01-06,10,2,38,1499.0,False
2024-01-07,10,2,33,1499.0,False
2024-01-08,10,2,47,1499.0,False
2024-01-09,10,2,43,1499.0,False
2024-01-10,10,2,44,1499.0,False
2024-01-11,10,2,45,1499.0,False
2024-01-12,10,2,49,1499.0,False
2024-01-13,10,2,34,1499.0,False
2024-01-14,10,2,39,1499.0,False
2024-01-15,10,2,36,1499.0,False
2024-01-16,10,2,53,1499.0,False
2024-01-17,10,2,48,1499.0,False
2024-01-18,10,2,39,1499.0,False
2024-01-19,10,2,48,1499.0,False
2024-01-20,10,2,33,1499.0,False
2024-01-21,10,2,40,1499.0,True
2024-01-22,10,2,47,1499.0,False
2024-01-23,10,2,47,1499.0,False
2024-01-24,10,2,44,1499.0,False
2024-01-25,10,2,36,1499.0,False
2024-01-26,10,2,51,1499.0,False
2024-01-27,10,2,37,1499.0,False
2024-01-28,10,2,39,1499.0,False
2024-01-29,10,2,52,1499.0,False
2024-01-30,10,2,50,1499.0,False
2024-01-31,10,2,50,1499.0,False
2024-02-01,10,2,44,1499.0,False
2024-02-02,10,2,47,1499.0,False
2024-02-03,10,2,42,1499.0,False
2024-02-04,10,2,34,1499.0,False
2024-02-05,10,2,71,1499.0,False
2024-02-06,10,2,49,1499.0,False
2024-02-07,10,2,45,1499.0,False
2024-02-08,10,2,56,1499.0,False
2024-02-09,10,2,51,1499.0,False
2024-02-10,10,2,38,1499.0,False
2024-02-11,10,2,33,1499.0,False
2024-02-12,10,2,49,1499.0,False
2024-02-13,10,2,46,1499.0,False
2024-02-14,10,2,42,1499.0,False
2024-02-15,10,2,60,1499.0,False
2024-02-16,10,2,38,1499.0,False
2024-02-17,10,2,34,1499.0,False
2024-02-18,10,2,34,1499.0,False
2024-02-19,10,2,53,1499.0,False
2024-02-20,10,2,45,1499.0,False
2024-02-21,10,2,49,1499.0,False
2024-02-22,10,2,42,1499.0,False
2024-02-23,10,2,49,1499.0,False
2024-02-24,10,2,38,1499.0,False
2024-02-25,10,2,32,1499.0,False
2024-02-26,10,2,48,1499.0,False
2024-02-27,10,2,48,1499.0,False
2024-02-28,10,2,46,1499.0,False
2024-02-29,10,2,55,1499.0,False
2024-03-01,10,2,83,1499.0,True
2024-03-02,10,2,44,1499.0,False
2024-03-03,10,2,41,1499.0,False
2024-03-04,10,2,55,1499.0,False
2024-03-05,10,2,49,1499.0,False
2024-03-06,10,2,50,1499.0,False
2024-03-07,10,2,45,1499.0,False
2024-03-08,10,2,57,1499.0,False
2024-03-09,10,2,39,1499.0,False
2024-03-10,10,2,33,1499.0,False
2024-03-11,10,2,47,1499.0,False
2024-03-12,10,2,55,1499.0,False
2024-03-13,10,2,45,1499.0,False
2024-03-14,10,2,76,1499.0,True
2024-03-15,10,2,50,1499.0,False
2024-03-16,10,2,42,1499.0,False
2024-03-17,10,2,33,1499.0,False
2024-03-18,10,2,51,1499.0,False
2024-03-19,10,2,56,1499.0,False
2024-03-20,10,2,51,1499.0,False
2024-03-21,10,2,48,1499.0,False
2024-03-22,10,2,55,1499.0,False
2024-03-23,10,2,43,1499.0,False
2024-03-24,10,2,42,1499.0,False
2024-03-25,10,2,58,1499.0,False
2024-03-26,10,2,45,1499.0,False
2024-03-27,10,2,54,1499.0,False
2024-03-28,10,2,51,1499.0,False
2024-03-29,10,2,61,1499.0,True
2024-03-30,10,2,44,1499.0,False
2024-03-31,10,2,38,1499.0,False
2024-04-01,10,2,55,1499.0,False
2024-04-02,10,2,57,1499.0,False
2024-04-03,10,2,56,1499.0,False
2024-04-04,10,2,54,1499.0,False
2024-04-05,10,2,57,1499.0,False
2024-04-06,10,2,43,1499.0,False
2024-04-07,10,2,39,1499.0,False
2024-04-08,10,2,48,1499.0,False
2024-04-09,10,2,84,1499.0,True
2024-04-10,10,2,50,1499.0,False
2024-04-11,10,2,56,1499.0,False
2024-04-12,10,2,40,1499.0,False
2024-04-13,10,2,53,1499.0,True
2024-04-14,10,2,43,1499.0,False
2024-04-15,10,2,56,1499.0,False
2024-04-16,10,2,44,1499.0,False
2024-04-17,10,2,53,1499.0,False
2024-04-18,10,2,47,1499.0,False
2024-04-19,10,2,56,1499.0,False
2024-04-20,10,2,42,1499.0,False
2024-04-21,10,2,40,1499.0,False
2024-04-22,10,2,57,1499.0,False
2024-04-23,10,2,54,1499.0,False
2024-04-24,10,2,47,1499.0,False
2024-04-25,10,2,53,1499.0,False
2024-04-26,10,2,100,1499.0,False
2024-04-27,10,2,61,1499.0,False
2024-04-28,10,2,31,1499.0,False
2024-04-29,10,2,57,1499.0,False
2024-04-30,10,2,45,1499.0,False
2024-05-01,10,2,46,1499.0,False
2024-05-02,10,2,57,1499.0,False
2024-05-03,10,2,56,1499.0,False
2024-05-04,10,2,38,1499.0,False
2024-05-05,10,2,45,1499.0,False
2024-05-06,10,2,54,1499.0,False
2024-05-07,10,2,58,1499.0,False
2024-05-08,10,2,49,1499.0,False
2024-05-09,10,2,53,1499.0,False
2024-05-10,10,2,48,1499.0,False
2024-05-11,10,2,42,1499.0,False
2024-05-12,10,2,41,1499.0,False
2024-05-13,10,2,59,1499.0,False
2024-05-14,10,2,59,1499.0,False
2024-05-15,10,2,90,1499.0,False
2024-05-16,10,2,62,1499.0,False
2024-05-17,10,2,49,1499.0,False
2024-05-18,10,2,40,1499.0,False
2024-05-19,10,2,37,1499.0,False
2024-05-20,10,2,55,1499.0,False
2024-05-21,10,2,45,1499.0,False
2024-05-22,10,2,51,1499.0,False
2024-05-23,10,2,46,1499.0,False
2024-05-24,10,2,59,1499.0,False
2024-05-25,10,2,39,1499.0,False
2024-05-26,10,2,33,1499.0,False
2024-05-27,10,2,53,1499.0,False
2024-05-28,10,2,60,1499.0,False
2024-05-29,10,2,53,1499.0,False
2024-05-30,10,2,48,1499.0,False
2024-05-31,10,2,53,1499.0,False
2024-06-01,10,2,40,1499.0,False
2024-06-02,10,2,38,1499.0,False
2024-06-03,10,2,50,1499.0,False
2024-06-04,10,2,36,1499.0,False
2024-06-05,10,2,70,1499.0,False
2024-06-06,10,2,50,1499.0,False
2024-06-07,10,2,53,1499.0,False
2024-06-08,10,2,36,1499.0,False
2024-06-09,10,2,39,1499.0,False
2024-06-10,10,2,53,1499.0,False
2024-06-11,10,2,46,1499.0,False
2024-06-12,10,2,47,1499.0,False
2024-06-13,10,2,52,1499.0,False
2024-06-14,10,2,38,1499.0,False
2024-06-15,10,2,31,1499.0,False
2024-06-16,10,2,40,1499.0,False
2024-06-17,10,2,49,1499.0,False
2024-06-18,10,2,56,1499.0,False
2024-06-19,10,2,50,1499.0,False
2024-06-20,10,2,43,1499.0,False
2024-06-21,10,2,54,1499.0,False
2024-06-22,10,2,33,1499.0,False
2024-06-23,10,2,40,1499.0,False
2024-06-24,10,2,48,1499.0,False
2024-06-25,10,2,49,1499.0,False
2024-06-26,10,2,47,1499.0,False
2024-06-27,10,2,50,1499.0,False
2024-06-28,10,2,54,1499.0,False
2024-06-29,10,2,39,1499.0,False
2024-06-30,10,2,41,1499.0,False
2024-07-01,10,2,53,1499.0,False
2024-07-02,10,2,38,1499.0,False
2024-07-03,10,2,56,1499.0,False
2024-07-04,10,2,54,1499.0,False
2024-07-05,10,2,48,1499.0,False
2024-07-06,10,2,36,1499.0,False
2024-07-07,10,2,34,1499.0,False
2024-07-08,10,2,41,1499.0,False
2024-07-09,10,2,38,1499.0,False
2024-07-10,10,2,38,1499.0,False
2024-07-11,10,2,55,1499.0,False
2024-07-12,10,2,47,1499.0,False
2024-07-13,10,2,36,1499.0,False
2024-07-14,10,2,31,1499.0,False
2024-07-15,10,2,44,1499.0,False
2024-07-16,10,2,58,1499.0,False
2024-07-17,10,2,46,1499.0,False
2024-07-18,10,2,45,1499.0,False
2024-07-19,10,2,53,1499.0,False
2024-07-20,10,2,37,1499.0,False
2024-07-21,10,2,36,1499.0,False
2024-07-22,10,2,51,1499.0,False
2024-07-23,10,2,43,1499.0,False
2024-07-24,10,2,41,1499.0,False
2024-07-25,10,2,54,1499.0,False
2024-07-26,10,2,44,1499.0,False
2024-07-27,10,2,40,1499.0,False
2024-07-28,10,2,33,1499.0,False
2024-07-29,10,2,55,1499.0,False
2024-07-30,10,2,47,1499.0,False
2024-07-31,10,2,42,1499.0,False
2024-08-01,10,2,49,1499.0,False
2024-08-02,10,2,66,1499.0,False
2024-08-03,10,2,41,1499.0,False
2024-08-04,10,2,42,1499.0,False
2024-08-05,10,2,51,1499.0,False
2024-08-06,10,2,41,1499.0,False
2024-08-07,10,2,46,1499.0,False
2024-08-08,10,2,49,1499.0,False
2024-08-09,10,2,45,1499.0,False
2024-08-10,10,2,39,1499.0,False
2024-08-11,10,2,40,1499.0,False
2024-08-12,10,2,47,1499.0,False
2024-08-13,10,2,57,1499.0,True
2024-08-14,10,2,51,1499.0,False
2024-08-15,10,2,51,1499.0,False
2024-08-16,10,2,41,1499.0,False
2024-08-17,10,2,48,1499.0,True
2024-08-18,10,2,33,1499.0,False
2024-08-19,10,2,45,1499.0,False
2024-08-20,10,2,50,1499.0,False
2024-08-21,10,2,49,1499.0,False
2024-08-22,10,2,35,1499.0,False
2024-08-23,10,2,51,1499.0,False
2024-08-24,10,2,32,1499.0,False
2024-08-25,10,2,36,1499.0,False
2024-08-26,10,2,45,1499.0,False
2024-08-27,10,2,50,1499.0,False
2024-08-28,10,2,48,1499.0,False
2024-08-29,10,2,50,1499.0,False
2024-08-30,10,2,48,1499.0,False
2024-08-31,10,2,31,1499.0,False
2024-09-01,10,2,37,1499.0,False
2024-09-02,10,2,47,1499.0,False
2024-09-03,10,2,45,1499.0,False
2024-09-04,10,2,43,1499.0,False
2024-09-05,10,2,36,1499.0,False
2024-09-06,10,2,41,1499.0,False
2024-09-07,10,2,31,1499.0,False
2024-09-08,10,2,35,1499.0,False
2024-09-09,10,2,45,1499.0,False
2024-09-10,10,2,35,1499.0,False
2024-09-11,10,2,38,1499.0,False
2024-09-12,10,2,44,1499.0,False
2024-09-13,10,2,42,1499.0,False
2024-09-14,10,2,35,1499.0,False
2024-09-15,10,2,35,1499.0,False
2024-09-16,10,2,54,1499.0,False
2024-09-17,10,2,41,1499.0,False
2024-09-18,10,2,46,1499.0,False
2024-09-19,10,2,62,1499.0,True
2024-09-20,10,2,47,1499.0,False
2024-09-21,10,2,34,1499.0,False
2024-09-22,10,2,32,1499.0,False
2024-09-23,10,2,50,1499.0,False
2024-09-24,10,2,44,1499.0,False
2024-09-25,10,2,36,1499.0,False
2024-09-26,10,2,55,1499.0,False
2024-09-27,10,2,40,1499.0,False
2024-09-28,10,2,27,1499.0,False
2024-09-29,10,2,28,1499.0,False
2024-09-30,10,2,38,1499.0,False
2024-10-01,10,2,48,1499.0,False
2024-10-02,10,2,30,1499.0,False
2024-10-03,10,2,44,1499.0,False
2024-10-04,10,2,41,1499.0,False
2024-10-05,10,2,32,1499.0,False
2024-10-06,10,2,31,1499.0,False
2024-10-07,10,2,36,1499.0,False
2024-10-08,10,2,43,1499.0,False
2024-10-09,10,2,52,1499.0,False
2024-10-10,10,2,41,1499.0,False
2024-10-11,10,2,43,1499.0,False
2024-10-12,10,2,36,1499.0,False
2024-10-13,10,2,27,1499.0,False
2024-10-14,10,2,36,1499.0,False
2024-10-15,10,2,37,1499.0,False
2024-10-16,10,2,45,1499.0,False
2024-10-17,10,2,41,1499.0,False
2024-10-18,10,2,48,1499.0,False
2024-10-19,10,2,34,1499.0,False
2024-10-20,10,2,31,1499.0,False
2024-10-21,10,2,41,1499.0,False
2024-10-22,10,2,40,1499.0,False
2024-10-23,10,2,41,1499.0,False
2024-10-24,10,2,38,1499.0,False
2024-10-25,10,2,40,1499.0,False
2024-10-26,10,2,38,1499.0,False
2024-10-27,10,2,32,1499.0,False
2024-10-28,10,2,44,1499.0,False
2024-10-29,10,2,42,1499.0,False
2024-10-30,10,2,43,1499.0,False
2024-10-31,10,2,41,1499.0,False
2024-11-01,10,2,37,1499.0,False
2024-11-02,10,2,30,1499.0,False
2024-11-03,10,2,36,1499.0,False
2024-11-04,10,2,84,1499.0,False
2024-11-05,10,2,43,1499.0,False
2024-11-06,10,2,47,1499.0,False
2024-11-07,10,2,41,1499.0,False
2024-11-08,10,2,40,1499.0,False
2024-11-09,10,2,42,1499.0,False
2024-11-10,10,2,33,1499.0,False
2024-11-11,10,2,44,1499.0,False
2024-11-12,10,2,42,1499.0,False
2024-11-13,10,2,39,1499.0,False
2024-11-14,10,2,42,1499.0,False
2024-11-15,10,2,44,1499.0,False
2024-11-16,10,2,35,1499.0,False
2024-11-17,10,2,23,1499.0,False
2024-11-18,10,2,48,1499.0,False
2024-11-19,10,2,41,1499.0,False
2024-11-20,10,2,41,1499.0,False
2024-11-21,10,2,38,1499.0,False
2024-11-22,10,2,47,1499.0,False
2024-11-23,10,2,34,1499.0,False
2024-11-24,10,2,35,1499.0,False
2024-11-25,10,2,37,1499.0,False
2024-11-26,10,2,54,1499.0,False
2024-11-27,10,2,42,1499.0,False
2024-11-28,10,2,53,1499.0,True
2024-11-29,10,2,40,1499.0,False
2024-11-30,10,2,26,1499.0,False
2024-12-01,10,2,40,1499.0,False
2024-12-02,10,2,43,1499.0,False
2024-12-03,10,2,39,1499.0,False
2024-12-04,10,2,51,1499.0,False
2024-12-05,10,2,44,1499.0,False
2024-12-06,10,2,52,1499.0,False
2024-12-07,10,2,33,1499.0,False
2024-12-08,10,2,36,1499.0,False
2024-12-09,10,2,40,1499.0,False
2024-12-10,10,2,44,1499.0,False
2024-12-11,10,2,41,1499.0,False
2024-12-12,10,2,46,1499.0,False
2024-12-13,10,2,37,1499.0,False
2024-12-14,10,2,43,1499.0,False
2024-12-15,10,2,39,1499.0,False
2024-12-16,10,2,46,1499.0,False
2024-12-17,10,2,50,1499.0,False
2024-12-18,10,2,49,1499.0,False
2024-12-19,10,2,49,1499.0,False
2024-12-20,10,2,41,1499.0,False
2024-12-21,10,2,41,1499.0,False
2024-12-22,10,2,39,1499.0,False
2024-12-23,10,2,42,1499.0,False
2024-12-24,10,2,41,1499.0,False
2024-12-25,10,2,44,1499.0,False
2024-12-26,10,2,49,1499.0,False
2024-12-27,10,2,58,1499.0,True
2024-12-28,10,2,32,1499.0,False
2024-12-29,10,2,35,1499.0,False
2024-12-30,10,2,74,1499.0,True
2024-12-31,10,2,50,1499.0,False
2025-01-01,10,2,42,1499.0,False
2025-01-02,10,2,46,1499.0,False
2025-01-03,10,2,52,1499.0,False
2025-01-04,10,2,31,1499.0,False
2025-01-05,10,2,40,1499.0,False
2025-01-06,10,2,57,1499.0,False
2025-01-07,10,2,55,1499.0,False
2025-01-08,10,2,47,1499.0,False
2025-01-09,10,2,49,1499.0,False
2025-01-10,10,2,47,1499.0,False
2025-01-11,10,2,43,1499.0,False
2025-01-12,10,2,39,1499.0,False
2025-01-13,10,2,51,1499.0,False
2025-01-14,10,2,44,1499.0,False
2025-01-15,10,2,46,1499.0,False
2025-01-16,10,2,53,1499.0,False
2025-01-17,10,2,41,1499.0,False
2025-01-18,10,2,36,1499.0,False
2025-01-19,10,2,35,1499.0,False
2025-01-20,10,2,61,1499.0,False
2025-01-21,10,2,41,1499.0,False
2025-01-22,10,2,67,1499.0,True
2025-01-23,10,2,42,1499.0,False
2025-01-24,10,2,40,1499.0,False
2025-01-25,10,2,40,1499.0,False
2025-01-26,10,2,40,1499.0,False
2025-01-27,10,2,51,1499.0,False
2025-01-28,10,2,55,1499.0,False
2025-01-29,10,2,48,1499.0,False
2025-01-30,10,2,44,1499.0,False
2025-01-31,10,2,45,1499.0,False
2025-02-01,10,2,57,1499.0,False
2025-02-02,10,2,43,1499.0,False
2025-02-03,10,2,47,1499.0,False
2025-02-04,10,2,60,1499.0,False
2025-02-05,10,2,48,1499.0,False
2025-02-06,10,2,55,1499.0,False
2025-02-07,10,2,53,1499.0,False
2025-02-08,10,2,38,1499.0,False
2025-02-09,10,2,41,1499.0,False
2025-02-10,10,2,45,1499.0,False
2025-02-11,10,2,49,1499.0,False
2025-02-12,10,2,63,1499.0,False
2025-02-13,10,2,55,1499.0,False
2025-02-14,10,2,55,1499.0,False
2025-02-15,10,2,44,1499.0,False
2025-02-16,10,2,41,1499.0,False
2025-02-17,10,2,74,1499.0,False
2025-02-18,10,2,58,1499.0,False
2025-02-19,10,2,48,1499.0,False
2025-02-20,10,2,39,1499.0,False
2025-02-21,10,2,54,1499.0,False
2025-02-22,10,2,34,1499.0,False
2025-02-23,10,2,44,1499.0,False
2025-02-24,10,2,50,1499.0,False
2025-02-25,10,2,52,1499.0,False
2025-02-26,10,2,60,1499.0,False
2025-02-27,10,2,57,1499.0,False
2025-02-28,10,2,50,1499.0,False
2025-03-01,10,2,43,1499.0,False
2025-03-02,10,2,37,1499.0,False
2025-03-03,10,2,61,1499.0,False
2025-03-04,10,2,43,1499.0,False
2025-03-05,10,2,53,1499.0,False
2025-03-06,10,2,46,1499.0,False
2025-03-07,10,2,54,1499.0,False
2025-03-08,10,2,36,1499.0,False
2025-03-09,10,2,47,1499.0,False
2025-03-10,10,2,52,1499.0,False
2025-03-11,10,2,51,1499.0,False
2025-03-12,10,2,58,1499.0,False
2025-03-13,10,2,82,1499.0,True
2025-03-14,10,2,51,1499.0,False
2025-03-15,10,2,33,1499.0,False
2025-03-16,10,2,45,1499.0,False
2025-03-17,10,2,54,1499.0,False
2025-03-18,10,2,46,1499.0,False
2025-03-19,10,2,53,1499.0,False
2025-03-20,10,2,53,1499.0,False
2025-03-21,10,2,58,1499.0,False
2025-03-22,10,2,68,1499.0,True
2025-03-23,10,2,45,1499.0,False
2025-03-24,10,2,50,1499.0,False
2025-03-25,10,2,55,1499.0,False
2025-03-26,10,2,76,1499.0,True
2025-03-27,10,2,61,1499.0,False
2025-03-28,10,2,52,1499.0,False
2025-03-29,10,2,40,1499.0,False
2025-03-30,10,2,63,1499.0,True
2025-03-31,10,2,49,1499.0,False
2025-04-01,10,2,55,1499.0,False
2025-04-02,10,2,50,1499.0,False
2025-04-03,10,2,74,1499.0,True
2025-04-04,10,2,59,1499.0,False
2025-04-05,10,2,40,1499.0,False
2025-04-06,10,2,49,1499.0,False
2025-04-07,10,2,51,1499.0,False
2025-04-08,10,2,58,1499.0,False
2025-04-09,10,2,51,1499.0,False
2025-04-10,10,2,61,1499.0,False
2025-04-11,10,2,54,1499.0,False
2025-04-12,10,2,51,1499.0,False
2025-04-13,10,2,41,1499.0,False
2025-04-14,10,2,52,1499.0,False
2025-04-15,10,2,61,1499.0,False
2025-04-16,10,2,51,1499.0,False
2025-04-17,10,2,68,1499.0,False
2025-04-18,10,2,60,1499.0,False
2025-04-19,10,2,39,1499.0,False
2025-04-20,10,2,51,1499.0,False
2025-04-21,10,2,52,1499.0,False
2025-04-22,10,2,68,1499.0,False
2025-04-23,10,2,58,1499.0,False
2025-04-24,10,2,48,1499.0,False
2025-04-25,10,2,71,1499.0,True
2025-04-26,10,2,45,1499.0,False
2025-04-27,10,2,45,1499.0,False
2025-04-28,10,2,66,1499.0,False
2025-04-29,10,2,58,1499.0,False
2025-04-30,10,2,60,1499.0,False
2025-05-01,10,2,57,1499.0,False
2025-05-02,10,2,46,1499.0,False
2025-05-03,10,2,33,1499.0,False
2025-05-04,10,2,47,1499.0,False
2025-05-05,10,2,55,1499.0,False
2025-05-06,10,2,56,1499.0,False
2025-05-07,10,2,64,1499.0,False
2025-05-08,10,2,74,1499.0,False
2025-05-09,10,2,87,1499.0,False
2025-05-10,10,2,42,1499.0,False
2025-05-11,10,2,61,1499.0,True
2025-05-12,10,2,56,1499.0,False
2025-05-13,10,2,56,1499.0,False
2025-05-14,10,2,58,1499.0,False
2025-05-15,10,2,57,1499.0,False
2025-05-16,10,2,56,1499.0,False
2025-05-17,10,2,46,1499.0,False
2025-05-18,10,2,40,1499.0,False
2025-05-19,10,2,50,1499.0,False
2025-05-20,10,2,42,1499.0,False
2025-05-21,10,2,71,1499.0,True
2025-05-22,10,2,63,1499.0,False
2025-05-23,10,2,56,1499.0,False
2025-05-24,10,2,35,1499.0,False
2025-05-25,10,2,45,1499.0,False
2025-05-26,10,2,62,1499.0,False
2025-05-27,10,2,56,1499.0,False
2025-05-28,10,2,57,1499.0,False
2025-05-29,10,2,50,1499.0,False
2025-05-30,10,2,55,1499.0,False
2025-05-31,10,2,38,1499.0,False
2025-06-01,10,2,44,1499.0,False
2025-06-02,10,2,53,1499.0,False
2025-06-03,10,2,52,1499.0,False
2025-06-04,10,2,56,1499.0,False
2025-06-05,10,2,55,1499.0,False
2025-06-06,10,2,58,1499.0,False
2025-06-07,10,2,37,1499.0,False
2025-06-08,10,2,40,1499.0,False
2025-06-09,10,2,54,1499.0,False
2025-06-10,10,2,48,1499.0,False
2025-06-11,10,2,55,1499.0,False
2025-06-12,10,2,49,1499.0,False
2025-06-13,10,2,59,1499.0,False
2025-06-14,10,2,40,1499.0,False
2025-06-15,10,2,40,1499.0,False
2025-06-16,10,2,58,1499.0,False
2025-06-17,10,2,53,1499.0,False
2025-06-18,10,2,59,1499.0,False
2025-06-19,10,2,51,1499.0,False
2025-06-20,10,2,54,1499.0,False
2025-06-21,10,2,62,1499.0,True
2025-06-22,10,2,46,1499.0,False
2025-06-23,10,2,54,1499.0,False
2025-06-24,10,2,61,1499.0,False
2025-06-25,10,2,61,1499.0,False
2025-06-26,10,2,51,1499.0,False
2025-06-27,10,2,47,1499.0,False
2025-06-28,10,2,42,1499.0,False
2025-06-29,10,2,44,1499.0,False
2025-06-30,10,2,53,1499.0,False
2025-07-01,10,2,57,1499.0,False
2025-07-02,10,2,59,1499.0,False
2025-07-03,10,2,63,1499.0,False
2025-07-04,10,2,52,1499.0,False
2025-07-05,10,2,37,1499.0,False
2025-07-06,10,2,36,1499.0,False
2025-07-07,10,2,51,1499.0,False
2025-07-08,10,2,57,1499.0,False
2025-07-09,10,2,56,1499.0,False
2025-07-10,10,2,44,1499.0,False
2025-07-11,10,2,49,1499.0,False
2025-07-12,10,2,35,1499.0,False
2025-07-13,10,2,43,1499.0,False
2025-07-14,10,2,44,1499.0,False
2025-07-15,10,2,51,1499.0,False
2025-07-16,10,2,53,1499.0,False
2025-07-17,10,2,53,1499.0,False
2025-07-18,10,2,54,1499.0,False
2025-07-19,10,2,40,1499.0,False
2025-07-20,10,2,45,1499.0,False
2025-07-21,10,2,75,1499.0,True
2025-07-22,10,2,92,1499.0,False
2025-07-23,10,2,48,1499.0,False
2025-07-24,10,2,57,1499.0,False
2025-07-25,10,2,44,1499.0,False
2025-07-26,10,2,46,1499.0,False
2025-07-27,10,2,39,1499.0,False
2025-07-28,10,2,55,1499.0,False
2025-07-29,10,2,42,1499.0,False
2025-07-30,10,2,49,1499.0,False
2025-07-31,10,2,57,1499.0,False
2025-08-01,10,2,46,1499.0,False
2025-08-02,10,2,31,1499.0,False
2025-08-03,10,2,37,1499.0,False
2025-08-04,10,2,32,1499.0,False
2025-08-05,10,2,44,1499.0,False
2025-08-06,10,2,53,1499.0,False
2025-08-07,10,2,50,1499.0,False
2025-08-08,10,2,40,1499.0,False
2025-08-09,10,2,36,1499.0,False
2025-08-10,10,2,45,1499.0,True
2025-08-11,10,2,46,1499.0,False
2025-08-12,10,2,50,1499.0,False
2025-08-13,10,2,43,1499.0,False
2025-08-14,10,2,49,1499.0,False
2025-08-15,10,2,53,1499.0,False
2025-08-16,10,2,68,1499.0,False
2025-08-17,10,2,37,1499.0,False
2025-08-18,10,2,45,1499.0,False
2025-08-19,10,2,54,1499.0,False
2025-08-20,10,2,47,1499.0,False
2025-08-21,10,2,51,1499.0,False
2025-08-22,10,2,49,1499.0,False
2025-08-23,10,2,31,1499.0,False
2025-08-24,10,2,38,1499.0,False
2025-08-25,10,2,44,1499.0,False
2025-08-26,10,2,48,1499.0,False
2025-08-27,10,2,40,1499.0,False
2025-08-28,10,2,44,1499.0,False
2025-08-29,10,2,56,1499.0,False
2025-08-30,10,2,29,1499.0,False
2025-08-31,10,2,44,1499.0,False
2025-09-01,10,2,44,1499.0,False
2025-09-02,10,2,80,1499.0,False
2025-09-03,10,2,46,1499.0,False
2025-09-04,10,2,38,1499.0,False
2025-09-05,10,2,47,1499.0,False
2025-09-06,10,2,34,1499.0,False
2025-09-07,10,2,38,1499.0,False
2025-09-08,10,2,36,1499.0,False
2025-09-09,10,2,41,1499.0,False
2025-09-10,10,2,46,1499.0,False
2025-09-11,10,2,46,1499.0,False
2025-09-12,10,2,36,1499.0,False
2025-09-13,10,2,32,1499.0,False
2025-09-14,10,2,31,1499.0,False
2025-09-15,10,2,36,1499.0,False
2025-09-16,10,2,51,1499.0,False
2025-09-17,10,2,44,1499.0,False
2025-09-18,10,2,56,1499.0,False
2025-09-19,10,2,46,1499.0,False
2025-09-20,10,2,35,1499.0,False
2025-09-21,10,2,37,1499.0,False
2025-09-22,10,2,43,1499.0,False
2025-09-23,10,2,38,1499.0,False
2025-09-24,10,2,39,1499.0,False
2025-09-25,10,2,43,1499.0,False
2025-09-26,10,2,50,1499.0,False
2025-09-27,10,2,38,1499.0,False
2025-09-28,10,2,31,1499.0,False
2025-09-29,10,2,42,1499.0,False
2025-09-30,10,2,64,1499.0,True
2025-10-01,10,2,47,1499.0,False
2025-10-02,10,2,54,1499.0,False
2025-10-03,10,2,41,1499.0,False
2025-10-04,10,2,38,1499.0,False
2025-10-05,10,2,40,1499.0,False
2025-10-06,10,2,46,1499.0,False
2025-10-07,10,2,39,1499.0,False
2025-10-08,10,2,42,1499.0,False
2025-10-09,10,2,46,1499.0,False
2025-10-10,10,2,58,1499.0,True
2025-10-11,10,2,37,1499.0,False
2025-10-12,10,2,36,1499.0,False
2025-10-13,10,2,43,1499.0,False
2025-10-14,10,2,43,1499.0,False
2025-10-15,10,2,35,1499.0,False
2025-10-16,10,2,48,1499.0,False
2025-10-17,10,2,44,1499.0,False
2025-10-18,10,2,31,1499.0,False
2025-10-19,10,2,39,1499.0,False
2025-10-20,10,2,44,1499.0,False
2025-10-21,10,2,40,1499.0,False
2025-10-22,10,2,44,1499.0,False
2025-10-23,10,2,47,1499.0,False
2025-10-24,10,2,40,1499.0,False
2025-10-25,10,2,32,1499.0,False
2025-10-26,10,2,36,1499.0,False
2025-10-27,10,2,43,1499.0,False
2025-10-28,10,2,42,1499.0,False
2025-10-29,10,2,46,1499.0,False
2025-10-30,10,2,45,1499.0,False
2025-10-31,10,2,44,1499.0,False
2025-11-01,10,2,37,1499.0,False
2025-11-02,10,2,36,1499.0,False
2025-11-03,10,2,40,1499.0,False
2025-11-04,10,2,47,1499.0,False
2025-11-05,10,2,45,1499.0,False
2025-11-06,10,2,40,1499.0,False
2025-11-07,10,2,43,1499.0,False
2025-11-08,10,2,29,1499.0,False
2025-11-09,10,2,38,1499.0,False
2025-11-10,10,2,41,1499.0,False
2025-11-11,10,2,44,1499.0,False
2025-11-12,10,2,48,1499.0,False
2025-11-13,10,2,44,1499.0,False
2025-11-14,10,2,44,1499.0,False
2025-11-15,10,2,38,1499.0,False
2025-11-16,10,2,33,1499.0,False
2025-11-17,10,2,48,1499.0,False
2025-11-18,10,2,50,1499.0,False
2025-11-19,10,2,52,1499.0,False
2025-11-20,10,2,33,1499.0,False
2025-11-21,10,2,36,1499.0,False
2025-11-22,10,2,34,1499.0,False
2025-11-23,10,2,32,1499.0,False
2025-11-24,10,2,46,1499.0,False
2025-11-25,10,2,37,1499.0,False
2025-11-26,10,2,51,1499.0,False
2025-11-27,10,2,51,1499.0,False
2025-11-28,10,2,38,1499.0,False
2025-11-29,10,2,31,1499.0,False
2025-11-30,10,2,37,1499.0,False
2025-12-01,10,2,50,1499.0,False
2025-12-02,10,2,46,1499.0,False
2025-12-03,10,2,55,1499.0,False
2025-12-04,10,2,54,1499.0,False
2025-12-05,10,2,42,1499.0,False
2025-12-06,10,2,40,1499.0,False
2025-12-07,10,2,33,1499.0,False
2025-12-08,10,2,54,1499.0,False
2025-12-09,10,2,50,1499.0,False
2025-12-10,10,2,54,1499.0,False
2025-12-11,10,2,48,1499.0,False
2025-12-12,10,2,49,1499.0,False
2025-12-13,10,2,42,1499.0,False
2025-12-14,10,2,41,1499.0,False
2025-12-15,10,2,49,1499.0,False
2025-12-16,10,2,45,1499.0,False
2025-12-17,10,2,56,1499.0,False
2025-12-18,10,2,47,1499.0,False
2025-12-19,10,2,32,1499.0,False
2025-12-20,10,2,44,1499.0,False
2025-12-21,10,2,48,1499.0,False
2025-12-22,10,2,74,1499.0,True
2025-12-23,10,2,49,1499.0,False
2025-12-24,10,2,47,1499.0,False
2025-12-25,10,2,46,1499.0,False
2025-12-26,10,2,49,1499.0,False
2025-12-27,10,2,37,1499.0,False
2025-12-28,10,2,45,1499.0,False
2025-12-29,10,2,47,1499.0,False
2025-12-30,10,2,54,1499.0,False
2025-12-31,10,2,49,1499.0,False
2024-01-01,10,3,59,1499.0,False
2024-01-02,10,3,51,1499.0,False
2024-01-03,10,3,46,1499.0,False
2024-01-04,10,3,45,1499.0,False
2024-01-05,10,3,60,1499.0,False
2024-01-06,10,3,38,1499.0,False
2024-01-07,10,3,44,1499.0,False
2024-01-08,10,3,51,1499.0,False
2024-01-09,10,3,56,1499.0,False
2024-01-10,10,3,42,1499.0,False
2024-01-11,10,3,56,1499.0,False
2024-01-12,10,3,52,1499.0,False
2024-01-13,10,3,45,1499.0,False
2024-01-14,10,3,35,1499.0,False
2024-01-15,10,3,52,1499.0,False
2024-01-16,10,3,53,1499.0,False
2024-01-17,10,3,52,1499.0,False
2024-01-18,10,3,53,1499.0,False
2024-01-19,10,3,49,1499.0,False
2024-01-20,10,3,48,1499.0,False
2024-01-21,10,3,35,1499.0,False
2024-01-22,10,3,48,1499.0,False
2024-01-23,10,3,52,1499.0,False
2024-01-24,10,3,92,1499.0,False
2024-01-25,10,3,49,1499.0,False
2024-01-26,10,3,53,1499.0,False
2024-01-27,10,3,40,1499.0,False
2024-01-28,10,3,39,1499.0,False
2024-01-29,10,3,54,1499.0,False
2024-01-30,10,3,60,1499.0,False
2024-01-31,10,3,53,1499.0,False
2024-02-01,10,3,68,1499.0,False
2024-02-02,10,3,60,1499.0,False
2024-02-03,10,3,54,1499.0,False
2024-02-04,10,3,42,1499.0,False
2024-02-05,10,3,60,1499.0,False
2024-02-06,10,3,51,1499.0,False
2024-02-07,10,3,58,1499.0,False
2024-02-08,10,3,48,1499.0,False
2024-02-09,10,3,60,1499.0,False
2024-02-10,10,3,49,1499.0,False
2024-02-11,10,3,42,1499.0,False
2024-02-12,10,3,54,1499.0,False
2024-02-13,10,3,52,1499.0,False
2024-02-14,10,3,57,1499.0,False
2024-02-15,10,3,50,1499.0,False
2024-02-16,10,3,49,1499.0,False
2024-02-17,10,3,43,1499.0,False
2024-02-18,10,3,48,1499.0,False
2024-02-19,10,3,57,1499.0,False
2024-02-20,10,3,51,1499.0,False
2024-02-21,10,3,52,1499.0,False
2024-02-22,10,3,54,1499.0,False
2024-02-23,10,3,53,1499.0,False
2024-02-24,10,3,38,1499.0,False
2024-02-25,10,3,35,1499.0,False
2024-02-26,10,3,57,1499.0,False
2024-02-27,10,3,67,1499.0,False
2024-02-28,10,3,60,1499.0,False
2024-02-29,10,3,51,1499.0,False
2024-03-01,10,3,67,1499.0,False
2024-03-02,10,3,46,1499.0,False
2024-03-03,10,3,54,1499.0,False
2024-03-04,10,3,73,1499.0,True
2024-03-05,10,3,64,1499.0,False
2024-03-06,10,3,54,1499.0,False
2024-03-07,10,3,84,1499.0,True
2024-03-08,10,3,55,1499.0,False
2024-03-09,10,3,38,1499.0,False
2024-03-10,10,3,38,1499.0,False
2024-03-11,10,3,59,1499.0,False
2024-03-12,10,3,62,1499.0,False
2024-03-13,10,3,59,1499.0,False
2024-03-14,10,3,63,1499.0,False
2024-03-15,10,3,82,1499.0,True
2024-03-16,10,3,42,1499.0,False
2024-03-17,10,3,47,1499.0,False
2024-03-18,10,3,60,1499.0,False
2024-03-19,10,3,59,1499.0,False
2024-03-20,10,3,58,1499.0,False
2024-03-21,10,3,54,1499.0,False
2024-03-22,10,3,56,1499.0,False
2024-03-23,10,3,44,1499.0,False
2024-03-24,10,3,48,1499.0,False
2024-03-25,10,3,61,1499.0,False
2024-03-26,10,3,60,1499.0,False
2024-03-27,10,3,62,1499.0,False
2024-03-28,10,3,62,1499.0,False
2024-03-29,10,3,64,1499.0,False
2024-03-30,10,3,47,1499.0,False
2024-03-31,10,3,46,1499.0,False
2024-04-01,10,3,52,1499.0,False
2024-04-02,10,3,51,1499.0,False
2024-04-03,10,3,67,1499.0,False
2024-04-04,10,3,63,1499.0,False
2024-04-05,10,3,62,1499.0,False
2024-04-06,10,3,48,1499.0,False
2024-04-07,10,3,48,1499.0,False
2024-04-08,10,3,68,1499.0,False
2024-04-09,10,3,65,1499.0,False
2024-04-10,10,3,56,1499.0,False
2024-04-11,10,3,64,1499.0,False
2024-04-12,10,3,57,1499.0,False
2024-04-13,10,3,38,1499.0,False
2024-04-14,10,3,53,1499.0,False
2024-04-15,10,3,60,1499.0,False
2024-04-16,10,3,63,1499.0,False
2024-04-17,10,3,59,1499.0,False
2024-04-18,10,3,61,1499.0,False
2024-04-19,10,3,55,1499.0,False
2024-04-20,10,3,50,1499.0,False
2024-04-21,10,3,61,1499.0,False
2024-04-22,10,3,57,1499.0,False
2024-04-23,10,3,62,1499.0,False
2024-04-24,10,3,55,1499.0,False
2024-04-25,10,3,61,1499.0,False
2024-04-26,10,3,59,1499.0,False
2024-04-27,10,3,54,1499.0,False
2024-04-28,10,3,50,1499.0,False
2024-04-29,10,3,62,1499.0,False
2024-04-30,10,3,72,1499.0,False
2024-05-01,10,3,54,1499.0,False
2024-05-02,10,3,65,1499.0,False
2024-05-03,10,3,55,1499.0,False
2024-05-04,10,3,49,1499.0,False
2024-05-05,10,3,47,1499.0,False
2024-05-06,10,3,55,1499.0,False
2024-05-07,10,3,64,1499.0,False
2024-05-08,10,3,52,1499.0,False
2024-05-09,10,3,90,1499.0,False
2024-05-10,10,3,58,1499.0,False
2024-05-11,10,3,48,1499.0,False
2024-05-12,10,3,42,1499.0,False
2024-05-13,10,3,54,1499.0,False
2024-05-14,10,3,84,1499.0,True
2024-05-15,10,3,65,1499.0,False
2024-05-16,10,3,61,1499.0,False
2024-05-17,10,3,63,1499.0,False
2024-05-18,10,3,114,1499.0,True
2024-05-19,10,3,52,1499.0,False
2024-05-20,10,3,60,1499.0,False
2024-05-21,10,3,68,1499.0,False
2024-05-22,10,3,51,1499.0,False
2024-05-23,10,3,56,1499.0,False
2024-05-24,10,3,49,1499.0,False
2024-05-25,10,3,48,1499.0,False
2024-05-26,10,3,37,1499.0,False
2024-05-27,10,3,57,1499.0,False
2024-05-28,10,3,53,1499.0,False
2024-05-29,10,3,61,1499.0,False
2024-05-30,10,3,49,1499.0,False
2024-05-31,10,3,63,1499.0,False
2024-06-01,10,3,51,1499.0,False
2024-06-02,10,3,43,1499.0,False
2024-06-03,10,3,64,1499.0,False
2024-06-04,10,3,61,1499.0,False
2024-06-05,10,3,58,1499.0,False
2024-06-06,10,3,54,1499.0,False
2024-06-07,10,3,37,1499.0,False
2024-06-08,10,3,44,1499.0,False
2024-06-09,10,3,45,1499.0,False
2024-06-10,10,3,66,1499.0,True
2024-06-11,10,3,66,1499.0,False
2024-06-12,10,3,56,1499.0,False
2024-06-13,10,3,56,1499.0,False
2024-06-14,10,3,56,1499.0,False
2024-06-15,10,3,44,1499.0,False
2024-06-16,10,3,47,1499.0,False
2024-06-17,10,3,55,1499.0,False
2024-06-18,10,3,81,1499.0,True
2024-06-19,10,3,58,1499.0,False
2024-06-20,10,3,43,1499.0,False
2024-06-21,10,3,54,1499.0,False
2024-06-22,10,3,39,1499.0,False
2024-06-23,10,3,45,1499.0,False
2024-06-24,10,3,52,1499.0,False
2024-06-25,10,3,46,1499.0,False
2024-06-26,10,3,54,1499.0,False
2024-06-27,10,3,57,1499.0,False
2024-06-28,10,3,52,1499.0,False
2024-06-29,10,3,38,1499.0,False
2024-06-30,10,3,47,1499.0,False
2024-07-01,10,3,44,1499.0,False
2024-07-02,10,3,52,1499.0,False
2024-07-03,10,3,59,1499.0,False
2024-07-04,10,3,61,1499.0,False
2024-07-05,10,3,54,1499.0,False
2024-07-06,10,3,40,1499.0,False
2024-07-07,10,3,38,1499.0,False
2024-07-08,10,3,60,1499.0,False
2024-07-09,10,3,49,1499.0,False
2024-07-10,10,3,61,1499.0,False
2024-07-11,10,3,50,1499.0,False
2024-07-12,10,3,55,1499.0,False
2024-07-13,10,3,44,1499.0,False
2024-07-14,10,3,39,1499.0,False
2024-07-15,10,3,61,1499.0,False
2024-07-16,10,3,51,1499.0,False
2024-07-17,10,3,53,1499.0,False
2024-07-18,10,3,85,1499.0,True
2024-07-19,10,3,53,1499.0,False
2024-07-20,10,3,41,1499.0,False
2024-07-21,10,3,42,1499.0,False
2024-07-22,10,3,60,1499.0,False
2024-07-23,10,3,58,1499.0,False
2024-07-24,10,3,48,1499.0,False
2024-07-25,10,3,58,1499.0,False
2024-07-26,10,3,59,1499.0,False
2024-07-27,10,3,41,1499.0,False
2024-07-28,10,3,45,1499.0,False
2024-07-29,10,3,51,1499.0,False
2024-07-30,10,3,95,1499.0,False
2024-07-31,10,3,50,1499.0,False
2024-08-01,10,3,42,1499.0,False
2024-08-02,10,3,61,1499.0,False
2024-08-03,10,3,37,1499.0,False
2024-08-04,10,3,38,1499.0,False
2024-08-05,10,3,47,1499.0,False
2024-08-06,10,3,50,1499.0,False
2024-08-07,10,3,54,1499.0,False
2024-08-08,10,3,50,1499.0,False
2024-08-09,10,3,46,1499.0,False
2024-08-10,10,3,37,1499.0,False
2024-08-11,10,3,36,1499.0,False
2024-08-12,10,3,51,1499.0,False
2024-08-13,10,3,48,1499.0,False
2024-08-14,10,3,56,1499.0,False
2024-08-15,10,3,79,1499.0,True
2024-08-16,10,3,54,1499.0,False
2024-08-17,10,3,45,1499.0,False
2024-08-18,10,3,42,1499.0,False
2024-08-19,10,3,56,1499.0,False
2024-08-20,10,3,46,1499.0,False
2024-08-21,10,3,42,1499.0,False
2024-08-22,10,3,49,1499.0,False
2024-08-23,10,3,56,1499.0,False
2024-08-24,10,3,37,1499.0,False
2024-08-25,10,3,34,1499.0,False
2024-08-26,10,3,50,1499.0,False
2024-08-27,10,3,52,1499.0,False
2024-08-28,10,3,48,1499.0,False
2024-08-29,10,3,54,1499.0,False
2024-08-30,10,3,55,1499.0,False
2024-08-31,10,3,37,1499.0,False
2024-09-01,10,3,45,1499.0,False
2024-09-02,10,3,44,1499.0,False
2024-09-03,10,3,49,1499.0,False
2024-09-04,10,3,51,1499.0,False
2024-09-05,10,3,51,1499.0,False
2024-09-06,10,3,49,1499.0,False
2024-09-07,10,3,39,1499.0,False
2024-09-08,10,3,39,1499.0,False
2024-09-09,10,3,51,1499.0,False
2024-09-10,10,3,51,1499.0,False
2024-09-11,10,3,40,1499.0,False
2024-09-12,10,3,45,1499.0,False
2024-09-13,10,3,47,1499.0,False
2024-09-14,10,3,33,1499.0,False
2024-09-15,10,3,34,1499.0,False
2024-09-16,10,3,49,1499.0,False
2024-09-17,10,3,41,1499.0,False
2024-09-18,10,3,52,1499.0,False
2024-09-19,10,3,40,1499.0,False
2024-09-20,10,3,40,1499.0,False
2024-09-21,10,3,38,1499.0,False
2024-09-22,10,3,36,1499.0,False
2024-09-23,10,3,55,1499.0,False
2024-09-24,10,3,50,1499.0,False
2024-09-25,10,3,44,1499.0,False
2024-09-26,10,3,47,1499.0,False
2024-09-27,10,3,49,1499.0,False
2024-09-28,10,3,33,1499.0,False
2024-09-29,10,3,38,1499.0,False
2024-09-30,10,3,48,1499.0,False
2024-10-01,10,3,44,1499.0,False
2024-10-02,10,3,41,1499.0,False
2024-10-03,10,3,96,1499.0,False
2024-10-04,10,3,52,1499.0,False
2024-10-05,10,3,29,1499.0,False
2024-10-06,10,3,33,1499.0,False
2024-10-07,10,3,44,1499.0,False
2024-10-08,10,3,51,1499.0,False
2024-10-09,10,3,49,1499.0,False
2024-10-10,10,3,46,1499.0,False
2024-10-11,10,3,45,1499.0,False
2024-10-12,10,3,34,1499.0,False
2024-10-13,10,3,39,1499.0,False
2024-10-14,10,3,50,1499.0,False
2024-10-15,10,3,43,1499.0,False
2024-10-16,10,3,49,1499.0,False
2024-10-17,10,3,63,1499.0,True
2024-10-18,10,3,58,1499.0,True
2024-10-19,10,3,39,1499.0,False
2024-10-20,10,3,50,1499.0,False
2024-10-21,10,3,51,1499.0,False
2024-10-22,10,3,45,1499.0,False
2024-10-23,10,3,51,1499.0,False
2024-10-24,10,3,52,1499.0,False
2024-10-25,10,3,61,1499.0,False
2024-10-26,10,3,39,1499.0,False
2024-10-27,10,3,34,1499.0,False
2024-10-28,10,3,46,1499.0,False
2024-10-29,10,3,42,1499.0,False
2024-10-30,10,3,49,1499.0,False
2024-10-31,10,3,57,1499.0,False
2024-11-01,10,3,59,1499.0,True
2024-11-02,10,3,53,1499.0,True
2024-11-03,10,3,40,1499.0,False
2024-11-04,10,3,39,1499.0,False
2024-11-05,10,3,43,1499.0,False
2024-11-06,10,3,56,1499.0,False
2024-11-07,10,3,55,1499.0,False
2024-11-08,10,3,48,1499.0,False
2024-11-09,10,3,32,1499.0,False
2024-11-10,10,3,40,1499.0,False
2024-11-11,10,3,44,1499.0,False
2024-11-12,10,3,46,1499.0,False
2024-11-13,10,3,45,1499.0,False
2024-11-14,10,3,42,1499.0,False
2024-11-15,10,3,55,1499.0,False
2024-11-16,10,3,34,1499.0,False
2024-11-17,10,3,70,1499.0,False
2024-11-18,10,3,46,1499.0,False
2024-11-19,10,3,57,1499.0,False
2024-11-20,10,3,52,1499.0,False
2024-11-21,10,3,57,1499.0,False
2024-11-22,10,3,46,1499.0,False
2024-11-23,10,3,36,1499.0,False
2024-11-24,10,3,31,1499.0,False
2024-11-25,10,3,40,1499.0,False
2024-11-26,10,3,47,1499.0,False
2024-11-27,10,3,76,1499.0,True
2024-11-28,10,3,45,1499.0,False
2024-11-29,10,3,52,1499.0,False
2024-11-30,10,3,33,1499.0,False
2024-12-01,10,3,41,1499.0,False
2024-12-02,10,3,54,1499.0,False
2024-12-03,10,3,45,1499.0,False
2024-12-04,10,3,47,1499.0,False
2024-12-05,10,3,60,1499.0,False
2024-12-06,10,3,44,1499.0,False
2024-12-07,10,3,44,1499.0,False
2024-12-08,10,3,46,1499.0,False
2024-12-09,10,3,50,1499.0,False
2024-12-10,10,3,48,1499.0,False
2024-12-11,10,3,58,1499.0,False
2024-12-12,10,3,51,1499.0,False
2024-12-13,10,3,51,1499.0,False
2024-12-14,10,3,41,1499.0,False
2024-12-15,10,3,39,1499.0,False
2024-12-16,10,3,50,1499.0,False
2024-12-17,10,3,46,1499.0,False
2024-12-18,10,3,56,1499.0,False
2024-12-19,10,3,56,1499.0,False
2024-12-20,10,3,52,1499.0,False
2024-12-21,10,3,47,1499.0,False
2024-12-22,10,3,39,1499.0,False
2024-12-23,10,3,61,1499.0,False
2024-12-24,10,3,56,1499.0,False
2024-12-25,10,3,49,1499.0,False
2024-12-26,10,3,53,1499.0,False
2024-12-27,10,3,49,1499.0,False
2024-12-28,10,3,39,1499.0,False
2024-12-29,10,3,40,1499.0,False
2024-12-30,10,3,92,1499.0,False
2024-12-31,10,3,51,1499.0,False
2025-01-01,10,3,52,1499.0,False
2025-01-02,10,3,49,1499.0,False
2025-01-03,10,3,59,1499.0,False
2025-01-04,10,3,36,1499.0,False
2025-01-05,10,3,39,1499.0,False
2025-01-06,10,3,53,1499.0,False
2025-01-07,10,3,55,1499.0,False
2025-01-08,10,3,54,1499.0,False
2025-01-09,10,3,46,1499.0,False
2025-01-10,10,3,52,1499.0,False
2025-01-11,10,3,44,1499.0,False
2025-01-12,10,3,46,1499.0,False
2025-01-13,10,3,53,1499.0,False
2025-01-14,10,3,56,1499.0,False
2025-01-15,10,3,56,1499.0,False
2025-01-16,10,3,55,1499.0,False
2025-01-17,10,3,66,1499.0,False
2025-01-18,10,3,44,1499.0,False
2025-01-19,10,3,42,1499.0,False
2025-01-20,10,3,57,1499.0,False
2025-01-21,10,3,54,1499.0,False
2025-01-22,10,3,60,1499.0,False
2025-01-23,10,3,61,1499.0,False
2025-01-24,10,3,62,1499.0,False
2025-01-25,10,3,67,1499.0,True
2025-01-26,10,3,71,1499.0,True
2025-01-27,10,3,59,1499.0,False
2025-01-28,10,3,55,1499.0,False
2025-01-29,10,3,59,1499.0,False
2025-01-30,10,3,61,1499.0,False
2025-01-31,10,3,46,1499.0,False
2025-02-01,10,3,49,1499.0,False
2025-02-02,10,3,44,1499.0,False
2025-02-03,10,3,73,1499.0,False
2025-02-04,10,3,60,1499.0,False
2025-02-05,10,3,57,1499.0,False
2025-02-06,10,3,52,1499.0,False
2025-02-07,10,3,62,1499.0,False
2025-02-08,10,3,59,1499.0,False
2025-02-09,10,3,54,1499.0,True
2025-02-10,10,3,58,1499.0,False
2025-02-11,10,3,62,1499.0,False
2025-02-12,10,3,55,1499.0,False
2025-02-13,10,3,62,1499.0,False
2025-02-14,10,3,92,1499.0,True
2025-02-15,10,3,35,1499.0,False
2025-02-16,10,3,51,1499.0,False
2025-02-17,10,3,62,1499.0,False
2025-02-18,10,3,66,1499.0,False
2025-02-19,10,3,65,1499.0,False
2025-02-20,10,3,62,1499.0,False
2025-02-21,10,3,58,1499.0,False
2025-02-22,10,3,40,1499.0,False
2025-02-23,10,3,47,1499.0,False
2025-02-24,10,3,54,1499.0,False
2025-02-25,10,3,63,1499.0,False
2025-02-26,10,3,53,1499.0,False
2025-02-27,10,3,58,1499.0,False
2025-02-28,10,3,65,1499.0,False
2025-03-01,10,3,41,1499.0,False
2025-03-02,10,3,55,1499.0,False
2025-03-03,10,3,65,1499.0,False
2025-03-04,10,3,67,1499.0,False
2025-03-05,10,3,74,1499.0,False
2025-03-06,10,3,54,1499.0,False
2025-03-07,10,3,56,1499.0,False
2025-03-08,10,3,48,1499.0,False
2025-03-09,10,3,38,1499.0,False
2025-03-10,10,3,64,1499.0,False
2025-03-11,10,3,63,1499.0,False
2025-03-12,10,3,64,1499.0,False
2025-03-13,10,3,78,1499.0,False
2025-03-14,10,3,70,1499.0,False
2025-03-15,10,3,49,1499.0,False
2025-03-16,10,3,45,1499.0,False
2025-03-17,10,3,60,1499.0,False
2025-03-18,10,3,63,1499.0,False
2025-03-19,10,3,55,1499.0,False
2025-03-20,10,3,61,1499.0,False
2025-03-21,10,3,52,1499.0,False
2025-03-22,10,3,46,1499.0,False
2025-03-23,10,3,44,1499.0,False
2025-03-24,10,3,63,1499.0,False
2025-03-25,10,3,68,1499.0,False
2025-03-26,10,3,70,1499.0,False
2025-03-27,10,3,60,1499.0,False
2025-03-28,10,3,65,1499.0,False
2025-03-29,10,3,47,1499.0,False
2025-03-30,10,3,60,1499.0,False
2025-03-31,10,3,66,1499.0,False
2025-04-01,10,3,72,1499.0,False
2025-04-02,10,3,84,1499.0,False
2025-04-03,10,3,60,1499.0,False
2025-04-04,10,3,61,1499.0,False
2025-04-05,10,3,46,1499.0,False
2025-04-06,10,3,51,1499.0,False
2025-04-07,10,3,65,1499.0,False
2025-04-08,10,3,60,1499.0,False
2025-04-09,10,3,56,1499.0,False
2025-04-10,10,3,75,1499.0,False
2025-04-11,10,3,52,1499.0,False
2025-04-12,10,3,47,1499.0,False
2025-04-13,10,3,57,1499.0,False
2025-04-14,10,3,68,1499.0,False
2025-04-15,10,3,60,1499.0,False
2025-04-16,10,3,60,1499.0,False
2025-04-17,10,3,70,1499.0,False
2025-04-18,10,3,59,1499.0,False
2025-04-19,10,3,49,1499.0,False
2025-04-20,10,3,53,1499.0,False
2025-04-21,10,3,84,1499.0,False
2025-04-22,10,3,59,1499.0,False
2025-04-23,10,3,65,1499.0,False
2025-04-24,10,3,64,1499.0,False
2025-04-25,10,3,59,1499.0,False
2025-04-26,10,3,50,1499.0,False
2025-04-27,10,3,49,1499.0,False
2025-04-28,10,3,67,1499.0,False
2025-04-29,10,3,56,1499.0,False
2025-04-30,10,3,72,1499.0,False
2025-05-01,10,3,59,1499.0,False
2025-05-02,10,3,68,1499.0,False
2025-05-03,10,3,56,1499.0,False
2025-05-04,10,3,53,1499.0,False
2025-05-05,10,3,60,1499.0,False
2025-05-06,10,3,68,1499.0,False
2025-05-07,10,3,60,1499.0,False
2025-05-08,10,3,59,1499.0,False
2025-05-09,10,3,63,1499.0,False
2025-05-10,10,3,51,1499.0,False
2025-05-11,10,3,54,1499.0,False
2025-05-12,10,3,62,1499.0,False
2025-05-13,10,3,60,1499.0,False
2025-05-14,10,3,67,1499.0,False
2025-05-15,10,3,72,1499.0,False
2025-05-16,10,3,55,1499.0,False
2025-05-17,10,3,59,1499.0,False
2025-05-18,10,3,52,1499.0,False
2025-05-19,10,3,68,1499.0,False
2025-05-20,10,3,67,1499.0,False
2025-05-21,10,3,67,1499.0,False
2025-05-22,10,3,63,1499.0,False
2025-05-23,10,3,72,1499.0,False
2025-05-24,10,3,45,1499.0,False
2025-05-25,10,3,59,1499.0,False
2025-05-26,10,3,51,1499.0,False
2025-05-27,10,3,70,1499.0,False
2025-05-28,10,3,56,1499.0,False
2025-05-29,10,3,65,1499.0,False
2025-05-30,10,3,71,1499.0,False
2025-05-31,10,3,59,1499.0,False
2025-06-01,10,3,50,1499.0,False
2025-06-02,10,3,53,1499.0,False
2025-06-03,10,3,43,1499.0,False
2025-06-04,10,3,69,1499.0,False
2025-06-05,10,3,107,1499.0,False
2025-06-06,10,3,70,1499.0,False
2025-06-07,10,3,51,1499.0,False
2025-06-08,10,3,47,1499.0,False
2025-06-09,10,3,54,1499.0,False
2025-06-10,10,3,59,1499.0,False
2025-06-11,10,3,53,1499.0,False
2025-06-12,10,3,62,1499.0,False
2025-06-13,10,3,54,1499.0,False
2025-06-14,10,3,44,1499.0,False
2025-06-15,10,3,51,1499.0,False
2025-06-16,10,3,57,1499.0,False
2025-06-17,10,3,65,1499.0,False
2025-06-18,10,3,64,1499.0,False
2025-06-19,10,3,83,1499.0,True
2025-06-20,10,3,54,1499.0,False
2025-06-21,10,3,46,1499.0,False
2025-06-22,10,3,40,1499.0,False
2025-06-23,10,3,71,1499.0,False
2025-06-24,10,3,53,1499.0,False
2025-06-25,10,3,62,1499.0,False
2025-06-26,10,3,58,1499.0,False
2025-06-27,10,3,61,1499.0,False
2025-06-28,10,3,47,1499.0,False
2025-06-29,10,3,48,1499.0,False
2025-06-30,10,3,59,1499.0,False
2025-07-01,10,3,55,1499.0,False
2025-07-02,10,3,55,1499.0,False
2025-07-03,10,3,53,1499.0,False
2025-07-04,10,3,69,1499.0,False
2025-07-05,10,3,42,1499.0,False
2025-07-06,10,3,43,1499.0,False
2025-07-07,10,3,56,1499.0,False
2025-07-08,10,3,47,1499.0,False
2025-07-09,10,3,65,1499.0,False
2025-07-10,10,3,62,1499.0,False
2025-07-11,10,3,48,1499.0,False
2025-07-12,10,3,46,1499.0,False
2025-07-13,10,3,53,1499.0,True
2025-07-14,10,3,61,1499.0,False
2025-07-15,10,3,60,1499.0,False
2025-07-16,10,3,54,1499.0,False
2025-07-17,10,3,56,1499.0,False
2025-07-18,10,3,60,1499.0,False
2025-07-19,10,3,50,1499.0,False
2025-07-20,10,3,43,1499.0,False
2025-07-21,10,3,72,1499.0,False
2025-07-22,10,3,60,1499.0,False
2025-07-23,10,3,56,1499.0,False
2025-07-24,10,3,58,1499.0,False
2025-07-25,10,3,47,1499.0,False
2025-07-26,10,3,46,1499.0,False
2025-07-27,10,3,42,1499.0,False
2025-07-28,10,3,62,1499.0,False
2025-07-29,10,3,93,1499.0,True
2025-07-30,10,3,56,1499.0,False
2025-07-31,10,3,48,1499.0,False
2025-08-01,10,3,62,1499.0,False
2025-08-02,10,3,41,1499.0,False
2025-08-03,10,3,49,1499.0,False
2025-08-04,10,3,51,1499.0,False
2025-08-05,10,3,50,1499.0,False
2025-08-06,10,3,54,1499.0,False
2025-08-07,10,3,54,1499.0,False
2025-08-08,10,3,56,1499.0,False
2025-08-09,10,3,41,1499.0,False
2025-08-10,10,3,46,1499.0,False
2025-08-11,10,3,60,1499.0,False
2025-08-12,10,3,48,1499.0,False
2025-08-13,10,3,50,1499.0,False
2025-08-14,10,3,59,1499.0,False
2025-08-15,10,3,51,1499.0,False
2025-08-16,10,3,41,1499.0,False
2025-08-17,10,3,36,1499.0,False
2025-08-18,10,3,56,1499.0,False
2025-08-19,10,3,54,1499.0,False
2025-08-20,10,3,57,1499.0,False
2025-08-21,10,3,64,1499.0,False
2025-08-22,10,3,51,1499.0,False
2025-08-23,10,3,42,1499.0,False
2025-08-24,10,3,40,1499.0,False
2025-08-25,10,3,56,1499.0,False
2025-08-26,10,3,68,1499.0,True
2025-08-27,10,3,50,1499.0,False
2025-08-28,10,3,52,1499.0,False
2025-08-29,10,3,54,1499.0,False
2025-08-30,10,3,38,1499.0,False
2025-08-31,10,3,46,1499.0,False
2025-09-01,10,3,46,1499.0,False
2025-09-02,10,3,48,1499.0,False
2025-09-03,10,3,52,1499.0,False
2025-09-04,10,3,55,1499.0,False
2025-09-05,10,3,44,1499.0,False
2025-09-06,10,3,40,1499.0,False
2025-09-07,10,3,42,1499.0,False
2025-09-08,10,3,65,1499.0,True
2025-09-09,10,3,59,1499.0,False
2025-09-10,10,3,61,1499.0,False
2025-09-11,10,3,53,1499.0,False
2025-09-12,10,3,42,1499.0,False
2025-09-13,10,3,37,1499.0,False
2025-09-14,10,3,40,1499.0,False
2025-09-15,10,3,53,1499.0,False
2025-09-16,10,3,48,1499.0,False
2025-09-17,10,3,45,1499.0,False
2025-09-18,10,3,54,1499.0,False
2025-09-19,10,3,48,1499.0,False
2025-09-20,10,3,46,1499.0,True
2025-09-21,10,3,39,1499.0,False
2025-09-22,10,3,48,1499.0,False
2025-09-23,10,3,56,1499.0,False
2025-09-24,10,3,50,1499.0,False
2025-09-25,10,3,42,1499.0,False
2025-09-26,10,3,46,1499.0,False
2025-09-27,10,3,42,1499.0,False
2025-09-28,10,3,35,1499.0,False
2025-09-29,10,3,52,1499.0,False
2025-09-30,10,3,36,1499.0,False
2025-10-01,10,3,59,1499.0,False
2025-10-02,10,3,52,1499.0,False
2025-10-03,10,3,52,1499.0,False
2025-10-04,10,3,60,1499.0,True
2025-10-05,10,3,62,1499.0,True
2025-10-06,10,3,58,1499.0,False
2025-10-07,10,3,51,1499.0,False
2025-10-08,10,3,53,1499.0,False
2025-10-09,10,3,51,1499.0,False
2025-10-10,10,3,47,1499.0,False
2025-10-11,10,3,35,1499.0,False
2025-10-12,10,3,45,1499.0,False
2025-10-13,10,3,49,1499.0,False
2025-10-14,10,3,57,1499.0,False
2025-10-15,10,3,42,1499.0,False
2025-10-16,10,3,45,1499.0,False
2025-10-17,10,3,55,1499.0,False
2025-10-18,10,3,38,1499.0,False
2025-10-19,10,3,36,1499.0,False
2025-10-20,10,3,71,1499.0,True
2025-10-21,10,3,52,1499.0,False
2025-10-22,10,3,56,1499.0,False
2025-10-23,10,3,49,1499.0,False
2025-10-24,10,3,45,1499.0,False
2025-10-25,10,3,37,1499.0,False
2025-10-26,10,3,41,1499.0,False
2025-10-27,10,3,52,1499.0,False
2025-10-28,10,3,54,1499.0,False
2025-10-29,10,3,50,1499.0,False
2025-10-30,10,3,53,1499.0,False
2025-10-31,10,3,53,1499.0,False
2025-11-01,10,3,32,1499.0,False
2025-11-02,10,3,47,1499.0,False
2025-11-03,10,3,53,1499.0,False
2025-11-04,10,3,50,1499.0,False
2025-11-05,10,3,56,1499.0,False
2025-11-06,10,3,61,1499.0,True
2025-11-07,10,3,57,1499.0,False
2025-11-08,10,3,36,1499.0,False
2025-11-09,10,3,37,1499.0,False
2025-11-10,10,3,51,1499.0,False
2025-11-11,10,3,46,1499.0,False
2025-11-12,10,3,48,1499.0,False
2025-11-13,10,3,51,1499.0,False
2025-11-14,10,3,60,1499.0,False
2025-11-15,10,3,38,1499.0,False
2025-11-16,10,3,44,1499.0,False
2025-11-17,10,3,50,1499.0,False
2025-11-18,10,3,48,1499.0,False
2025-11-19,10,3,54,1499.0,False
2025-11-20,10,3,46,1499.0,False
2025-11-21,10,3,46,1499.0,False
2025-11-22,10,3,70,1499.0,True
2025-11-23,10,3,51,1499.0,False
2025-11-24,10,3,111,1499.0,True
2025-11-25,10,3,55,1499.0,False
2025-11-26,10,3,52,1499.0,False
2025-11-27,10,3,57,1499.0,True
2025-11-28,10,3,54,1499.0,False
2025-11-29,10,3,36,1499.0,False
2025-11-30,10,3,40,1499.0,False
2025-12-01,10,3,58,1499.0,False
2025-12-02,10,3,56,1499.0,False
2025-12-03,10,3,61,1499.0,False
2025-12-04,10,3,64,1499.0,False
2025-12-05,10,3,70,1499.0,False
2025-12-06,10,3,44,1499.0,False
2025-12-07,10,3,39,1499.0,False
2025-12-08,10,3,58,1499.0,False
2025-12-09,10,3,67,1499.0,False
2025-12-10,10,3,48,1499.0,False
2025-12-11,10,3,58,1499.0,False
2025-12-12,10,3,57,1499.0,False
2025-12-13,10,3,72,1499.0,True
2025-12-14,10,3,42,1499.0,False
2025-12-15,10,3,52,1499.0,False
2025-12-16,10,3,58,1499.0,False
2025-12-17,10,3,59,1499.0,False
2025-12-18,10,3,65,1499.0,False
2025-12-19,10,3,62,1499.0,False
2025-12-20,10,3,45,1499.0,False
2025-12-21,10,3,42,1499.0,False
2025-12-22,10,3,43,1499.0,False
2025-12-23,10,3,55,1499.0,False
2025-12-24,10,3,84,1499.0,False
2025-12-25,10,3,83,1499.0,True
2025-12-26,10,3,58,1499.0,False
2025-12-27,10,3,42,1499.0,False
2025-12-28,10,3,44,1499.0,False
2025-12-29,10,3,57,1499.0,False
2025-12-30,10,3,51,1499.0,False
2025-12-31,10,3,48,1499.0,False
